1.4004553027e+00 -1.6442206951e-01 3.4099006445e+00
-2.0147063003e-01 -2.1515554048e+00 -3.2167813797e+00
-9.0689717219e-01 -7.9157676869e-02 -7.4038143090e-01
2.5487115336e+00 -1.9674621916e-01 2.3872818973e-01
-2.4812600128e+00 1.0982118518e+00 -9.3817784658e-02
1.9404863504e+00 2.6139924773e+00 3.2182851833e-02
1.7154501377e+00 2.6248338267e+00 6.9405943240e-02
1.3097647789e+00 2.7902682603e-01 3.3144019384e+00
-6.6023636865e-01 -1.0784110773e-01 1.1232717126e+00
-1.6420176565e+00 5.4262796898e-01 -2.0698380045e+00
-2.0641359705e-01 1.7352244455e-01 1.1869036293e+00
1.6981030139e+00 1.4917023160e-02 2.5773564746e+00
-3.9724704182e-01 -2.1074629980e-01 2.5946998545e+00
1.9386953826e+00 1.0710019629e+00 6.1604740662e-01
-7.6318464046e-02 7.4512929051e-02 1.0943526622e+00
-2.6178333155e+00 9.2629535797e-01 -8.4246258643e-02
1.7691092629e+00 1.1096085102e+00 8.7725548939e-01
-1.9843651973e+00 2.9081045822e+00 8.2774400240e-03
-4.4252665810e-01 2.3178080546e+00 2.5529444263e+00
-3.0672155246e-01 -7.3556588118e-01 3.2589050892e+00
-2.0335089518e+00 2.3726909416e+00 3.8189118787e-02
2.0380592164e+00 2.7499648250e+00 1.3494177009e-02
-1.0384599726e+00 2.5409752814e+00 5.6035573895e-01
-4.4822953192e-01 -2.1879697258e-01 2.5543307983e+00
2.4311384598e+00 1.6781979830e+00 4.4116813533e-02
-1.5780519424e+00 -1.2056690230e-01 -2.4250869257e+00
3.0000000000e+00 7.9502981984e-01 1.7583376670e-02
2.3349787374e-01 2.2112729458e-01 4.8583335011e-03
1.0305495893e-01 -1.3019756237e+00 -4.6690168787e+00
3.9090686958e-01 -9.6087538160e-01 -1.9207312521e+00
-1.5817357095e+00 4.1644627609e-01 -2.4789392419e+00
-5.4479634025e-01 5.5641205505e-01 2.7640516777e-01
7.5839157346e-03 -1.0173827187e+00 -9.6611944510e-01
-3.0000000000e+00 6.8732389694e-01 -2.3658475480e-02
-3.6315938485e-01 1.9030699556e+00 5.8504865309e+00
-1.8063524654e+00 1.1971249478e+00 -3.1497204002e-01
-2.8906203857e-01 -6.8688376363e-01 3.3474624320e+00
1.3845344157e+00 -1.1209606835e+00 3.1814088223e-01
1.2606067483e+00 -1.7368917196e-01 3.4866755755e+00
-6.0388942229e-01 -7.9807517944e-01 3.4398733587e+00
-1.6969303933e+00 7.7448455091e-01 -1.3757715474e+00
-1.3541220180e+00 -2.1363565750e-02 -2.8082178981e+00
-1.3693397388e+00 2.2730652219e-01 -3.0428524334e+00
-2.4333706194e-01 7.4118127027e-01 1.5057870572e+00
-9.5506201896e-01 2.2523599671e+00 1.4391336503e+00
-6.8688772415e-01 -2.6259312085e+00 -4.1135731247e-01
2.0389445893e+00 -2.6241267807e+00 -1.4985651945e-02
-1.4372797745e+00 5.6091979978e-01 -2.4329678051e+00
-3.6624175001e-01 1.3996246390e+00 6.6365834983e+00
6.1387104367e-01 1.9009692920e-01 7.7060457892e-01
2.0079115630e+00 1.6589854060e+00 2.2934933287e-01
-1.1279861729e+00 1.8423482744e+00 1.8725097228e+00
1.7299264639e-01 -3.2844414382e-01 9.0324024517e-01
-1.6504402385e+00 1.3596944067e+00 2.0666478578e-02
1.7698201648e+00 2.1829344606e-01 2.1759393715e+00
-6.7792981907e-01 -2.6783946677e+00 -3.4934540465e-01
2.0036917439e+00 3.0000000000e+00 5.5822513594e-03
-4.6539036408e-01 3.8848572219e-01 5.4698949222e-01
4.5834596427e-01 -1.3139510294e+00 -5.0015731271e+00
1.9661913782e+00 1.1917488630e+00 4.8693128202e-01
-7.5612368654e-02 2.0785589462e+00 5.1289309483e+00
-1.1545337993e+00 2.3194784619e+00 7.9842934596e-01
-2.2463475328e+00 -6.5156145589e-01 -3.2903822523e-01
-2.8310414266e+00 -2.3787065573e+00 1.0009933772e-03
1.3683838693e+00 2.5463034216e+00 2.5686915971e-01
2.2878995763e+00 -4.7058803110e-01 5.1098272916e-01
-1.2204105731e+00 8.9774015831e-01 -1.0485116999e+00
-1.2633595430e+00 -9.2197449085e-01 8.5815364272e-01
1.0556861630e+00 1.0929457479e+00 2.5073327348e+00
-6.3694973658e-01 7.0771730428e-01 3.0087443011e-01
-1.3230911532e+00 1.5059496627e+00 9.9800297989e-01
-4.5734428075e-01 2.7863580067e+00 5.7874419469e-01
-2.7683303221e+00 5.9737534187e-01 -7.6325829836e-02
1.3737251364e+00 8.3237287709e-01 2.0606228829e+00
2.9340431298e+00 5.8734867405e-01 3.2148290470e-02
-3.0000000000e+00 1.4259247572e-01 -3.6301191661e-02
-2.3609184690e-01 -1.2291733554e+00 -1.7137951312e+00
-2.6095783354e+00 -2.0754119056e+00 4.9418049587e-03
-1.4955781107e+00 1.9599998048e+00 5.8785789353e-01
3.0000000000e+00 2.7501050098e-01 3.0500182710e-02
-3.1509367191e-01 2.2818014718e+00 3.0700144347e+00
-9.0268562176e-01 -1.0477159950e+00 2.0025493085e+00
-2.5442461606e+00 3.0000000000e+00 4.2891125606e-04
-8.9741529701e-01 1.6604344127e+00 3.4098029835e+00
5.4150451277e-01 1.3529938433e+00 5.4787102827e+00
-4.8724624815e-01 -7.3767177864e-01 3.6534648313e+00
-2.2674448810e+00 1.6531071096e+00 1.5752960460e-04
-1.8104153644e+00 1.3589584448e+00 -7.9588812201e-02
-1.5763101496e+00 1.1129952100e+00 -5.0746565387e-01
-1.9488912038e+00 9.7674821266e-01 -5.6904364518e-01
2.6490985426e-01 2.5942506551e+00 1.3078814406e+00
5.0671833308e-01 -1.3609609286e+00 -5.1412446833e+00
9.2693996928e-01 2.1794961814e-01 2.4634948607e+00
-1.2901888404e+00 4.6688021490e-01 -2.7422842376e+00
1.4241814979e+00 2.8711229887e+00 6.8406708373e-02
2.2842737991e+00 2.3550593358e+00 1.7740694297e-02
-7.0607186435e-01 1.5167706022e+00 4.7364750723e+00
-1.2686493691e+00 3.1516036091e-01 -2.9655278473e+00
-1.9552553905e+00 2.3128173946e+00 6.0767339294e-02
3.9104227449e-01 -4.8978876865e-01 3.8343000244e-01
7.9152047681e-01 1.3866992075e-01 1.7760182676e+00
-2.0694322001e+00 1.9459765281e+00 5.8554581398e-02
1.8610214750e+00 1.0436773093e+00 7.7161216512e-01
-2.7367796338e+00 9.3902196892e-01 -5.0675798751e-02
2.7742179878e-01 -1.8534854652e+00 -5.8366897972e+00
1.7065264850e+00 2.2357964335e+00 2.2182911583e-01
-4.3315478031e-01 -5.7089430696e-01 3.7434168208e+00
5.5844206410e-01 -7.2408523301e-01 -2.1246195314e-01
-7.5870825542e-01 6.7752295296e-01 -3.9126347101e-01
2.8477970881e+00 -2.1635773098e+00 1.0175708351e-04
-1.0598153992e-01 1.2498122345e+00 6.3566429008e+00
1.9795630412e+00 2.2456532042e+00 8.2677742358e-02
-1.7046904080e+00 -2.6150214895e+00 1.3803284060e-02
1.2242387513e+00 -1.5083648871e+00 -1.4019494392e+00
-4.5193392824e-01 1.1073751787e+00 3.9667023860e+00
-1.5619963363e+00 -1.2157321403e+00 3.5937306694e-01
1.0426547288e+00 1.9356717467e+00 2.2351783050e+00
-9.7513132816e-01 2.7112133379e+00 3.6146797858e-01
-1.4426059637e+00 1.6203629443e+00 7.4650506528e-01
-1.4648745681e+00 -9.1475944171e-01 2.3172733861e-01
2.3344690066e+00 -3.8787744283e-02 5.3497878388e-01
-1.4964847616e+00 1.9647521412e-01 -2.9022692862e+00
-1.9506861966e+00 -7.3128602468e-02 -1.4448504220e+00
2.5600251385e+00 6.1453539783e-01 1.6048170309e-01
1.1489296401e+00 5.3959695287e-01 2.6596814258e+00
1.5547215988e+00 1.4894740886e+00 1.0455235003e+00
1.3666228324e+00 -2.6633030642e-01 3.3130093105e+00
5.8107166720e-01 -4.8477637871e-01 5.6652611225e-01
-1.4126479742e-01 -1.3883906660e-01 1.9122029867e+00
-3.1082490467e-01 7.3091061837e-01 1.3935005190e+00
3.0000000000e+00 -2.8482587085e-01 3.0927272268e-02
2.9397344483e-01 -3.7478713234e-01 5.4848969253e-01
-7.8805666539e-01 -2.5106974940e+00 -4.5873783796e-01
-9.1087176506e-01 -1.0907012902e+00 1.8278885795e+00
1.6302859459e+00 2.2708654663e+00 2.6001189693e-01
1.7547548848e+00 -2.7488930750e-01 2.2004124176e+00
-7.8453095632e-01 6.1609139473e-02 -3.9909126705e-01
4.2224980574e-01 -1.1296628219e+00 -3.5060980626e+00
2.9854156632e-01 2.7290339762e+00 8.0679011810e-01
-1.5810548198e+00 1.8792703180e+00 4.6916090108e-01
2.1502164952e+00 8.7570137446e-01 4.5841537660e-01
-4.2676598016e-01 4.6409686705e-01 5.9919034215e-01
2.4384944166e+00 -1.3442139913e-01 3.6761522476e-01
1.2848834880e+00 1.3109290692e+00 1.9735270591e+00
1.3961567946e+00 1.0558308835e+00 1.7538705139e+00
1.2160287396e+00 -6.8958333479e-01 2.0094751954e+00
2.0283521026e+00 1.6722681654e-01 1.2746887777e+00
-2.4387198936e+00 1.0042931835e+00 -1.3750381914e-01
-7.6657823938e-01 1.0079507783e+00 1.4731652949e+00
-1.1993433048e+00 3.9407683232e-01 -2.7794607114e+00
-2.2466115719e+00 1.5323030629e+00 -2.1401927970e-02
2.1879193290e+00 1.7931981225e+00 9.5635942636e-02
2.6497479126e+00 -2.4295089405e-01 1.5621833718e-01
-1.5316454498e+00 1.8224331243e+00 5.7298689270e-01
1.3813641784e+00 -6.6660077837e-01 2.1766317037e+00
-1.2580430830e-01 2.9658665489e-01 7.8411189353e-01
-1.3060492919e+00 5.9315178795e-01 -2.4032902823e+00
1.3011178576e+00 -2.3645379839e+00 -4.8629956632e-01
-1.4544872423e+00 3.5553758107e-01 -2.8462540238e+00
1.0759409995e+00 -4.3795490649e-03 3.2351579400e+00
-5.1963356363e-01 -8.4495209587e-02 1.7487601450e+00
1.2226257116e+00 2.2389776275e+00 8.6292876894e-01
3.0000000000e+00 -3.0000000000e+00 -5.8641878726e-06
1.4135519315e+00 2.0072971213e+00 8.4726050963e-01
2.0439596492e+00 2.3619389914e+00 4.7282585569e-02
1.3878023747e+00 1.3267887519e+00 1.6309292667e+00
1.0194542200e+00 -7.8732948516e-01 1.0498252536e+00
-9.4549674142e-01 1.6870547700e+00 3.0741443056e+00
-2.6301463092e+00 2.3245769185e-01 -1.7931014951e-01
3.3422043881e-01 2.6731550197e+00 9.6190519148e-01
-8.5920250870e-01 -5.7995245781e-01 2.1182290276e+00
-6.3719325243e-01 2.1082734078e+00 3.2445979410e+00
1.7994676453e+00 6.9096668905e-01 1.3733754731e+00
9.7223429501e-01 4.3644425859e-01 2.3725151252e+00
2.1316193638e+00 -3.0000000000e+00 -2.3189974470e-03
-3.0000000000e+00 1.8789432993e+00 -2.8510887718e-04
2.8589117180e+00 6.1075154853e-01 4.4661712964e-02
2.7339233948e-01 -1.6293139205e+00 -6.5308517937e+00
-1.2792186202e+00 -1.5883792640e-01 -2.2936050462e+00
-1.6278241099e+00 -3.3179453529e-01 -1.7914014933e+00
-7.0285950615e-01 -3.0000000000e+00 -8.5955984701e-02
1.3265627913e+00 -5.9219462502e-01 2.4647248729e+00
1.1073757206e+00 -3.7040674128e-02 3.3297401821e+00
-2.1574792012e-01 -7.2660792692e-01 2.8675110456e+00
1.7994455809e+00 -6.8569156284e-01 1.3714694251e+00
-6.1067044360e-01 -8.5107206838e-01 3.2608808743e+00
1.9367064871e+00 -7.5598544870e-01 9.3795913960e-01
-5.3244349564e-01 -4.2601293794e-01 3.2258712584e+00
6.5867816809e-02 -1.5121778510e+00 -6.0178749595e+00
-7.7844892665e-01 1.3098024519e+00 3.4403308410e+00
-8.8692548075e-01 2.5048806190e-01 -1.5117781535e+00
2.7143562709e+00 -7.2398891333e-01 7.7132637663e-02
-4.0110092131e-01 -1.1532192996e+00 2.7827197607e-01
-1.5807739493e+00 6.7719677394e-01 -1.8657383450e+00
-6.1976240668e-01 -1.8724010807e+00 -2.2331143255e+00
2.3967695465e+00 -1.2969844848e+00 7.4397077209e-02
-2.0938253137e+00 -6.3207770397e-01 -4.9605629400e-01
-1.4728562133e+00 -2.8065071356e+00 3.3170408278e-03
-9.4361944187e-01 1.6786988387e-01 -1.7331548863e+00
-4.6887488520e-01 -7.1444251958e-01 3.6960075363e+00
-9.7249115184e-01 -5.7899472949e-02 -1.2730407247e+00
1.8627753585e+00 1.3601049477e+00 5.2609867278e-01
6.6565751655e-01 -8.0928487627e-02 1.1040156594e+00
-2.2862534554e+00 4.2467515116e-01 -5.4504836658e-01
-1.1511428561e+00 1.7328491235e+00 1.8767120799e+00
8.4412107399e-01 -1.6207114653e-01 2.0730303333e+00
9.6638619807e-01 1.6275180401e+00 3.3711706183e+00
-4.8953710683e-01 -5.4240839781e-01 3.6677626303e+00
5.2378672075e-01 -4.5141192670e-01 4.8127966147e-01
1.9036827088e+00 3.0000000000e+00 8.2141992871e-03
-1.2333153652e+00 4.8303386577e-01 -2.6609230812e+00
2.2843315166e+00 -6.2936457265e-01 4.3764830085e-01
2.2706657034e+00 -5.4011313132e-01 5.0523035854e-01
-2.0755452444e+00 1.7216555125e+00 4.0675030214e-02
-8.7210880816e-01 1.4601725142e+00 3.3808414237e+00
2.1424623908e+00 -3.0000000000e+00 -2.1983902926e-03
-1.6036193865e+00 2.0373680887e+00 3.7322467190e-01
-1.2915470322e+00 4.1206521100e-01 -2.8526026225e+00
2.3478109064e+00 -7.2323044173e-01 3.1407746221e-01
-1.0044778120e+00 3.0000000000e+00 1.0892978339e-01
-2.9725936044e-01 -8.4849406045e-01 2.6058955259e+00
-3.0000000000e+00 -2.6379125744e+00 2.1843616034e-04
-2.0128050758e+00 1.4676206065e+00 -3.1834804553e-02
-5.6037960721e-01 -2.5439163462e-02 1.3230172847e+00
-2.2416871091e+00 1.9742539067e+00 2.4146126571e-02
1.7901326376e+00 2.2679605152e+00 1.5483760122e-01
-4.4220396857e-02 -3.7983398759e-01 2.1140244963e+00
-4.3689600178e-01 -1.2355202610e+00 -3.7293145162e-01
8.2937592859e-02 -1.3090737010e+00 -4.6499149448e+00
-2.0436648047e-01 6.4679512614e-01 1.0793037136e+00
-2.7128967964e+00 1.3757595895e+00 -1.6474395117e-02
-8.0298524345e-01 -4.7226668384e-01 2.0189523862e+00
-1.4835183665e+00 7.3423483686e-01 -1.8316293124e+00
1.8244613845e+00 8.1694591875e-01 1.1191505343e+00
-3.0000000000e+00 1.1205228804e+00 -1.0334837707e-02
1.4972969307e+00 8.9466046657e-01 1.7345163187e+00
-2.6319754008e+00 -3.0000000000e+00 3.9241412033e-04
-1.4318212226e+00 1.0771007444e+00 -5.4004099625e-01
2.1954859548e+00 -3.5484283606e-01 7.4372950688e-01
-7.1734420017e-01 -9.0034706560e-01 2.9277651353e+00
1.0454083707e+00 3.0000000000e+00 1.0092229161e-01
1.3106595303e+00 2.5753587924e-01 3.3520017009e+00
-1.4673555595e+00 -7.2969433415e-01 -2.8106865380e-01
1.6609412932e+00 9.5639630690e-01 1.2838840927e+00
3.0000000000e+00 1.7584518709e-01 3.1959935420e-02
1.2965060138e+00 -1.1092113724e+00 1.7912110794e-01
7.3103881848e-01 3.7753974105e-01 1.2859199183e+00
1.9557324394e+00 1.0912211936e+00 5.7362766719e-01
3.4376452624e-01 3.5564907401e-01 -4.1250064602e-02
-4.2757446542e-01 -1.2187907895e+00 -2.5753857604e-01
1.3927484806e+00 1.4481846397e+00 1.5520016957e+00
-8.3159850131e-01 -7.6537236180e-01 2.7180674668e+00
-1.7885709222e-01 -2.1919350413e-01 2.3055595207e+00
3.7527766176e-01 -8.6865348406e-01 -1.1347879792e+00
3.1211456863e-02 1.9273175392e-01 5.1001618864e-01
-2.0251503080e+00 6.6600888741e-01 -8.7177254654e-01
1.3691672180e+00 1.2299928516e+00 1.7263325197e+00
2.9295895231e-01 2.7202357058e+00 8.3560580336e-01
-2.5183802737e+00 2.0792969918e+00 5.0236740946e-03
2.5594481614e+00 1.0544520594e+00 8.2686650829e-02
7.9579594449e-01 9.7219328410e-01 2.4991734980e+00
-2.1563331427e+00 -2.2915312777e+00 1.6967849923e-02
1.8592990572e+00 2.4233435763e+00 7.9555287542e-02
1.2549404158e+00 2.8850071593e+00 1.0133445143e-01
-3.8671255070e-01 -8.7321631438e-01 2.8205810383e+00
2.3362507943e+00 -9.3648919880e-01 2.2776297082e-01
2.9569971814e-01 2.2330144838e+00 3.4723955193e+00
-1.3986954849e+00 9.8055484399e-01 -8.9826376243e-01
8.1449548209e-01 3.1132136967e-01 1.7765410483e+00
8.5377925647e-01 -6.7624624181e-01 9.6823340149e-01
1.3800849021e+00 2.0460759233e+00 8.6473783311e-01
3.0000000000e+00 -7.9518877237e-01 1.8523213036e-02
-7.8063220135e-01 2.6644863846e+00 6.0107311738e-01
-2.9289521363e+00 3.0000000000e+00 4.9705312036e-05
-2.9582430056e+00 1.5192195956e+00 -3.4113594399e-03
1.7832299154e+00 -1.5031209983e+00 -4.3044119361e-02
1.5719202778e+00 1.2069179942e-01 2.9962057835e+00
-1.4873144918e+00 2.8638836738e-01 -2.8699559667e+00
2.7939332776e-01 -2.2749080663e-01 4.2715044545e-01
-1.0668120359e+00 -2.3453808811e-01 -1.0658126205e+00
-5.1942621417e-02 -2.2132852678e-01 1.7686246022e+00
1.2088490382e+00 8.4587355852e-02 3.5179847552e+00
1.3197083989e+00 -4.5564106363e-01 2.9075176662e+00
-2.4196472650e-01 -3.1437595298e-01 2.8236768931e+00
-1.6814112831e+00 1.1038276305e+00 -5.3292470264e-01
-7.7856052526e-01 -4.4569725848e-01 2.0539931694e+00
-2.8186398976e-02 -2.4181570123e-01 1.7063347191e+00
-1.0976267551e+00 5.5428218068e-01 -2.2056291344e+00
-2.2717331293e+00 1.7380138773e-01 -6.4504095741e-01
-2.7592715932e-01 -1.8697229452e-01 2.4501074282e+00
1.5487948067e+00 3.3084392082e-01 2.7891993321e+00
9.9486602562e-01 -3.4775669307e-01 2.5653107113e+00
2.3626890257e+00 3.0000000000e+00 1.1878116817e-03
1.7989973926e+00 1.4532710717e+00 5.6824007107e-01
2.7917483609e+00 -7.0540907998e-01 5.6340286333e-02
2.2254485972e+00 -1.9182947304e-01 7.3676971333e-01
1.8865776458e+00 -7.5288225435e-01 1.0473397579e+00
-2.1742310060e+00 4.7460276602e-01 -7.3039899461e-01
-1.0358749396e-01 -9.1808103204e-01 8.3206611961e-01
2.2403975818e+00 -3.0000000000e+00 -1.3350752837e-03
-2.9818769999e-01 1.2416965832e+00 5.8307799192e+00
-1.8486449788e+00 2.4214546532e+00 7.1578553873e-02
1.9134595473e+00 4.2676094291e-01 1.4300146932e+00
-6.4640919085e-02 7.0046998594e-02 1.0647344970e+00
1.5888757892e+00 -7.1769116731e-01 1.7530010036e+00
1.3894181607e+00 -7.5506941834e-01 1.8326065235e+00
2.2525864144e+00 1.3888839769e+00 1.4688071907e-01
-3.0000000000e+00 -3.8233498526e-01 -2.9388123451e-02
-2.1073649427e+00 2.3066451613e+00 3.2004636410e-02
-8.5083032989e-01 2.7972408093e-01 -1.3236245042e+00
-7.9736602353e-01 -2.9623634985e+00 -7.7809534487e-02
-2.7055359284e-01 -1.7413755879e+00 -4.5695846944e+00
3.0000000000e+00 5.7042015579e-01 2.3710692833e-02
-1.7445726784e+00 2.7302020805e+00 4.0395383513e-02
1.5644028283e+00 7.7652964447e-01 1.8013798979e+00
3.6594540247e-01 -8.6743352518e-01 -1.1115910083e+00
1.6178257482e+00 -1.0533143618e+00 7.1247454401e-01
-1.7078955179e+00 -4.4315797005e-01 -1.3634789925e+00
4.9222308358e-02 2.6537875833e-01 3.6405551832e-01
-8.6708865945e-01 -5.4754740956e-01 1.9318488580e+00
3.1217585732e-01 1.4808716276e+00 7.1724985100e+00
1.8398109729e+00 -3.1533764557e-01 1.8411847864e+00
2.6557235650e+00 1.0102687016e+00 6.0130018326e-02
1.3391087590e+00 6.8904310309e-01 2.3718065080e+00
-1.0190796985e-01 -1.0800295082e-01 1.6686694012e+00
1.0195574125e+00 -4.4824085971e-01 2.4191927198e+00
2.5194315847e-01 -3.8636236148e-01 6.7362767362e-01
1.2707940426e+00 -2.3449692421e-01 3.4063291726e+00
-8.6097373888e-01 1.6501823257e+00 3.6662337989e+00
1.8415676587e+00 7.0021535356e-01 1.2502580010e+00
1.3257172478e+00 2.1260806649e+00 8.5441582695e-01
-1.7003884586e+00 7.0712714065e-01 -1.5389356351e+00
-1.6455876345e+00 -3.0000000000e+00 5.2801567882e-03
-7.0866525274e-01 1.2195203146e-01 -7.3102973227e-02
2.7822836553e+00 -2.2261965464e-01 8.9035678338e-02
-4.1864062107e-01 -6.4310663121e-01 3.7507953006e+00
1.1533854420e-01 -2.4992793215e-01 1.0210374245e+00
1.0690731354e+00 -7.8168214605e-01 1.2415256731e+00
2.3803094155e-01 1.1320740889e+00 4.7852868337e+00
6.4115754239e-01 -3.0000000000e+00 -1.9400543407e-01
-4.0390499541e-01 -3.1404249142e-01 3.0169553810e+00
5.1220345930e-01 -9.3562507301e-01 -1.6631225402e+00
-4.6452703352e-01 -1.1889698970e-01 2.0806552885e+00
-1.8959503901e+00 7.7171848390e-01 -9.8559438643e-01
2.0465295998e+00 1.3076647115e+00 3.2915043963e-01
-2.6901785080e+00 1.3123881111e-02 -1.4478946553e-01
-6.0943720256e-01 -7.7763948164e-01 3.4801152568e+00
-2.4313801558e+00 1.6889702696e+00 -2.6329872762e-03
1.7326791292e-01 -1.3929187637e+00 -5.6587590839e+00
-1.0903930811e+00 9.3553572749e-01 -5.0264417696e-01
1.5689670456e+00 -7.4757361944e-01 1.6943626259e+00
-1.4533376001e+00 -1.8400304864e-01 -2.3902029913e+00
2.4744313119e+00 -8.9353822760e-01 1.5311163071e-01
-3.7405727451e-01 2.6955914211e+00 8.6461048105e-01
-1.1241158714e+00 -2.0823208370e-01 -1.5074175927e+00
-1.2823198350e+00 4.1884179200e-01 -2.8358159689e+00
2.3626624394e+00 1.1735439902e+00 1.4208826674e-01
-1.7614943919e+00 1.2372668981e+00 -2.4866334267e-01
-1.5579535394e+00 3.0000000000e+00 2.6066537118e-02
-1.3916630562e+00 2.4487212405e+00 3.0646672706e-01
-3.9226574151e-01 1.3033759956e+00 5.9095712148e+00
-5.9527452439e-01 -7.6703089260e-01 3.5243337999e+00
2.2108058603e+00 -6.8328982771e-01 5.1278878673e-01
6.3615298912e-01 -1.0748838169e+00 -2.4850636045e+00
-1.5943769246e+00 1.5638231466e+00 3.6523857590e-01
3.0000000000e+00 -1.9019377095e+00 7.0662418412e-04
-1.4679039957e-02 -7.3982695940e-01 1.5479843730e+00
-1.9291687844e+00 -1.0123153756e+00 -1.0998456656e-01
-1.5043169705e+00 -2.9051140115e+00 4.6525468553e-03
5.5874890931e-01 8.9823070601e-02 5.5638081795e-01
-1.3014705596e+00 6.2708306499e-01 -2.2899948128e+00
1.2739386764e+00 -1.7587692959e-01 3.4882929915e+00
1.2254974168e+00 2.4041361428e+00 5.6353894897e-01
4.3234282624e-01 -8.8508825886e-01 -1.3080629678e+00
2.2548283300e+00 2.0498525463e+00 4.3761574721e-02
1.2482136744e+00 8.9037094897e-01 2.1486947692e+00
-4.3190752887e-01 1.3605334578e+00 6.0652350025e+00
-1.5182480328e+00 -1.7177947091e+00 1.7330757288e-01
1.8012127721e+00 3.8663618531e-01 1.8550893286e+00
1.0770381378e+00 -5.8365140157e-01 2.1560727374e+00
1.7583266333e+00 2.2723004562e+00 1.7068875113e-01
-1.1359304948e+00 1.6175040545e+00 1.9573489339e+00
-1.1528257398e+00 1.0038666945e-01 -2.6368036196e+00
7.6990431717e-01 4.9504438619e-01 1.4349133201e+00
1.5728530055e-01 2.2006546918e-01 1.3447268768e-01
-3.0000000000e+00 1.8098033685e+00 -5.5440392247e-04
-9.4221258675e-01 -3.0000000000e+00 -3.8488401172e-02
-1.5052288492e+00 1.3022458670e+00 8.3378959138e-02
1.7714227846e+00 2.0376448701e+00 2.7521576901e-01
-1.5245997820e+00 1.3210008437e+00 9.8281120200e-02
1.3585364439e+00 1.1629882408e+00 1.7820300780e+00
2.2685677629e+00 2.3009765162e+00 2.2121072762e-02
2.2711750266e+00 2.0206034092e+00 4.3586243146e-02
9.8815822447e-01 2.6755932399e-01 2.6890758639e+00
7.9943745594e-01 9.2097730655e-01 2.2865953125e+00
-9.8888455273e-01 -1.0577492427e+00 1.7676575043e+00
1.0666973539e+00 -2.3261935387e-01 3.0333659634e+00
-4.4739385497e-01 -7.4717289257e-01 3.5945697351e+00
-1.1739804150e+00 -4.2592139583e-01 -6.3682157720e-01
2.3215736441e+00 1.6790770984e+00 6.9139224873e-02
-1.5173650661e+00 1.1197665307e+00 -4.5960667639e-01
4.7888033965e-01 -1.2816030762e+00 -4.7064112891e+00
-1.7496545764e+00 2.2312186268e+00 1.6087820596e-01
1.3426716649e+00 -7.8866174381e-01 1.6892800720e+00
1.8955884240e-01 2.1748556845e+00 4.1399101999e+00
-1.9274065178e+00 -5.8001337274e-02 -1.5273491180e+00
-2.7359725889e+00 -5.6938660042e-01 -7.3442210978e-02
-2.6644678259e-01 1.7396680268e+00 7.2052187551e+00
1.2966153936e+00 1.3562056664e+00 1.9254573115e+00
1.2914180010e+00 1.9379815606e+00 1.2895614443e+00
-3.5903734528e-01 5.9445077722e-01 8.4389568149e-01
-1.5525841514e+00 1.3601449051e+00 1.4069802987e-01
2.1083187483e+00 -7.4443751594e-01 6.2860805781e-01
-6.2372558248e-01 1.5131504428e+00 5.3455119512e+00
-3.2355010403e-01 -1.2747414254e-01 2.2760238009e+00
9.4846485466e-01 8.9019366044e-01 2.2479639335e+00
-2.6038276003e+00 2.2589827414e-01 -1.9933768145e-01
1.8968894709e+00 1.8137276647e+00 2.6600995047e-01
6.7209395628e-01 -4.4051057542e-01 9.3332783368e-01
1.1861471062e+00 -6.8842523694e-01 1.9682122795e+00
-2.1418602829e-01 -3.2505639139e-01 2.7694793763e+00
1.3466403222e+00 2.3284965313e+00 5.0895327078e-01
-1.3673929277e+00 1.8663621952e+00 9.5561893155e-01
-1.6083871522e+00 2.0896536000e+00 3.4112388207e-01
-8.4066588208e-01 1.3890797279e+00 3.3687658468e+00
7.0799129206e-01 1.8057122368e+00 4.5105576299e+00
-2.9103512640e+00 1.4668932552e+00 -5.1975048051e-03
-2.2148996110e+00 -8.5642526142e-01 -1.9867828684e-01
7.3953374119e-01 -3.7569339368e-01 1.3174201365e+00
-9.3748591873e-01 2.1344365730e+00 1.9016635952e+00
-7.5829301689e-01 -3.7391599367e-01 1.8260136254e+00
1.6314362206e+00 2.6323471999e-01 2.6343125816e+00
2.9656870803e-01 -7.8031477282e-01 -3.4504536420e-01
2.3193916353e+00 -2.7932059127e-01 5.2647253858e-01
-1.2587710149e+00 2.3979700792e+00 5.0500134198e-01
3.3191185194e-02 5.7845895112e-01 5.6564463685e-01
-1.1178387556e+00 1.4568313751e+00 1.8195261901e+00
-7.7371830897e-01 1.8386793227e+00 3.8624194192e+00
2.0210168566e+00 -1.5078102582e-01 1.3172170628e+00
-1.7901548594e+00 5.0649126411e-01 -1.7182684957e+00
-1.9608861280e+00 -1.7756512891e-01 -1.3234182336e+00
-1.2410579584e+00 1.7257041988e+00 1.4739101284e+00
-1.3646449092e+00 2.7281535795e+00 1.3523568502e-01
-9.2910937551e-01 1.3516161848e+00 2.6087790309e+00
-6.9854497206e-01 1.5692258787e+00 4.8542116398e+00
-4.1378200981e-01 -6.2804721149e-01 3.7532134439e+00
-9.9037790391e-01 2.0202308536e+00 2.0766199973e+00
1.9620806516e-01 8.9833268845e-02 1.8720892616e-01
2.3129609302e+00 -7.1267858550e-01 3.5775838749e-01
-4.0942136576e-01 2.0801465515e+00 4.3486061431e+00
9.4715453057e-01 2.8689306067e+00 2.1178138575e-01
-1.6796134483e+00 4.9607805714e-01 -2.0628538086e+00
-2.0796938361e+00 1.4492586782e-01 -1.1117999342e+00
1.0426928001e+00 -5.2618610810e-01 2.2591361423e+00
3.8360646739e-01 -7.6923267093e-01 -4.7766945217e-01
-5.3004914066e-01 -3.0527567986e-01 2.7158178757e+00
-1.4935205647e+00 5.7293132551e-01 -2.3186815699e+00
1.4696841402e+00 -6.2022166293e-01 2.2547652571e+00
8.1723427320e-01 -1.0919295095e+00 -1.7736967468e+00
-5.7485227456e-01 8.6701751364e-01 1.4386484363e+00
-5.6217590482e-01 -1.0941874113e+00 1.6100673823e+00
-2.8533088927e+00 7.5380976365e-01 -4.2473061835e-02
9.5711954081e-01 8.7548949903e-03 2.7354259300e+00
-3.2786100652e-03 -8.2996038779e-01 8.9738241905e-01
-1.1885434818e+00 2.6177063601e+00 3.1229575234e-01
5.9078575817e-01 -3.5712594951e-01 7.2164134790e-01
1.4351678939e+00 1.0496523473e+00 1.6712371251e+00
-1.2875705375e+00 1.8738914635e+00 1.1992149009e+00
-1.7932473851e-01 1.8344683287e+00 6.9567969869e+00
-1.0866455365e+00 9.9369420607e-01 -1.5877056355e-01
-1.4959339837e+00 -1.8374615126e+00 1.0507676911e-01
2.1010545762e+00 1.5281631903e+00 2.0138781710e-01
-4.3162699088e-01 -1.0693977151e+00 1.3184331306e+00
-5.6078918472e-01 7.5029659043e-01 8.1458330583e-01
-1.3065568642e+00 -6.3965306965e-01 -1.6040160729e-01
5.7740600901e-01 -4.8733087872e-01 5.5320935390e-01
-2.2815657761e+00 2.2178389339e+00 1.6468588966e-02
1.5163262137e+00 2.1097665016e+00 5.2650219371e-01
3.0000000000e+00 1.5960275912e+00 3.5531578625e-03
-2.6943878749e+00 8.0555725708e-01 -7.7429721535e-02
1.0553344516e+00 -2.9540257175e+00 -1.1926421334e-01
7.0607825454e-01 -6.5083108870e-01 5.0138313360e-01
1.6549954837e+00 1.0082994592e+00 1.2277137780e+00
3.0000000000e+00 4.8936856556e-02 3.2995043308e-02
-1.2177129251e+00 7.7737647730e-01 -1.6170105644e+00
-2.1512897086e-01 2.0780726308e+00 4.9310677795e+00
-8.0879501560e-01 5.3975419297e-02 -5.4426736398e-01
1.9146381945e+00 7.4789891090e-01 1.0075283039e+00
-5.9521291838e-02 -3.3599733801e-01 2.1023622238e+00
2.9466873377e+00 2.2022938250e+00 1.0187490215e-03
-2.8319974145e+00 -9.8008887088e-01 -1.8970260187e-02
-9.1392361850e-01 -1.2086245025e+00 1.3065687068e+00
-1.5372881486e+00 2.1415426694e+00 3.9768928579e-01
-1.0866406283e+00 1.2328997260e+00 1.1522554124e+00
-1.6168783726e+00 9.8794568517e-01 -8.7425673159e-01
1.1552095778e+00 -1.9308966749e-01 3.3305055061e+00
-4.8699107284e-01 -1.9498589457e+00 -2.8503610351e+00
-2.3051893828e+00 6.8633814708e-01 -3.8612632929e-01
2.0205673969e+00 1.3283158510e+00 3.4625088271e-01
1.3614268157e+00 -8.4520058999e-01 1.4551112254e+00
-1.4471143705e+00 -3.2223339896e-01 -1.8953538979e+00
-1.5163228422e+00 1.3502363772e+00 1.7782998670e-01
2.4638283050e+00 -4.3322226059e-01 2.8743180627e-01
-1.2348359391e+00 -3.9329786501e-02 -2.5742922794e+00
-1.6638660298e+00 1.7469602332e+00 3.4648888698e-01
-9.8800435592e-01 1.9776370478e+00 2.2177663764e+00
1.8620811894e-02 -9.0882815128e-01 8.2834444668e-02
1.6730118551e+00 1.8598726689e+00 5.0942386141e-01
2.4968105050e+00 1.2619976176e+00 7.2952856650e-02
-2.3186927977e+00 1.1272885523e+00 -1.4691653378e-01
-3.0000000000e+00 -1.7399654791e+00 5.9890978821e-04
-3.0000000000e+00 -9.2355384504e-01 -1.0950200039e-02
-5.3408924413e-01 -1.0351110250e-02 1.3828315188e+00
2.0340660282e+00 4.7945873620e-01 1.0248952614e+00
5.8038814490e-01 -1.6982164259e+00 -5.3770855687e+00
1.3506963466e+00 1.5898125822e+00 1.5909835150e+00
-5.0935298997e-01 -2.9971290433e-01 2.7587991603e+00
-1.0534209047e+00 2.6547552769e+00 3.7489079025e-01
-4.9139001909e-01 7.1437895944e-01 9.0405787877e-01
-3.5530456162e-01 -9.3870101783e-02 2.1477435885e+00
-3.0000000000e+00 -2.1509058006e+00 6.4024513407e-04
-9.9029277095e-01 1.2478481855e+00 1.7385992348e+00
8.8361076494e-01 1.2868386972e-01 2.3079343456e+00
1.2226824191e+00 1.7985311418e+00 1.8012986308e+00
-2.6104003042e+00 1.3558364429e+00 -2.5955697260e-02
5.7861780856e-01 -7.7297679382e-01 -4.3243907490e-01
-1.2102011740e+00 8.2005734531e-01 -1.4076391899e+00
-1.7714485195e+00 -4.9686875825e-01 -1.1413886234e+00
-1.0392959910e-01 1.1457360280e+00 5.3040390382e+00
7.4114515060e-01 6.1559750329e-01 1.3701448728e+00
-1.4497599327e+00 2.6071029081e+00 1.6040914148e-01
-8.6890031862e-01 1.8437457281e-02 -8.4770648040e-01
-1.0718918372e+00 9.2678702059e-01 -4.8850054031e-01
-1.0142478259e+00 1.4764120418e+00 2.4674108936e+00
1.4651625794e+00 -3.0000000000e+00 -3.3246607817e-02
1.5013039337e+00 -1.1180878118e+00 4.7974565473e-01
-1.0205478523e+00 8.1104437235e-01 -9.3837210754e-01
8.5604635101e-01 -4.1782172182e-02 2.1893642140e+00
2.0976454874e+00 -1.4991531386e+00 5.0642104892e-02
-1.7652967944e+00 -2.2314160936e-01 -1.7916397086e+00
1.7959257030e+00 -1.9305388537e+00 -1.7273460855e-01
-8.2870336868e-01 -3.3771140738e-01 1.1363007210e+00
-4.1420809657e-01 9.0200136573e-01 2.3041791990e+00
-6.8177104489e-01 -6.3976356687e-01 3.2814953182e+00
-3.5390225881e-01 -6.6962730837e-02 2.0452889673e+00
-1.2260780857e+00 -7.2308211092e-01 5.0705929479e-01
3.7282874531e-01 -5.1170656850e-01 3.8279879039e-01
2.0196537094e+00 1.4062813466e+00 3.1248173927e-01
-2.5383243026e+00 -2.6027087406e+00 2.0843558374e-03
1.0614991517e+00 -2.7325639828e-01 2.9519590507e+00
1.9079233626e+00 -4.0341436979e-02 1.7457702835e+00
-4.1105410528e-01 -7.1029391510e-01 3.6393404631e+00
-4.3215878925e-01 1.1962165483e-01 1.2663784731e+00
-1.4463097436e+00 -1.3301082700e+00 4.8904600293e-01
2.3560202555e+00 9.1745960106e-01 2.2245217992e-01
-2.6378108186e+00 -1.2392761762e+00 -1.1734358266e-02
6.1451446341e-01 2.4471745669e+00 1.5100878331e+00
-1.9496706896e+00 1.3922222277e+00 -7.5160022926e-02
1.2559703425e+00 1.7744818090e+00 1.7119504689e+00
8.8474527558e-01 -4.7014774300e-01 1.8115092049e+00
-1.6055033387e+00 4.3682300576e-01 -2.3803335827e+00
-6.3363693492e-01 -1.0562594014e+00 2.0825929458e+00
-1.6673977429e+00 1.0381713213e+00 -7.0549928742e-01
1.4302515422e+00 1.3317234476e+00 1.4987953635e+00
2.5240704651e+00 1.1196277033e+00 8.4788163295e-02
1.2810089174e+00 1.6591938512e+00 1.7811654149e+00
-1.9148160783e+00 7.2830048310e-01 -1.0196607833e+00
1.8230830095e+00 2.0906240374e+00 2.0781074478e-01
-6.1586498642e-01 2.8261599189e+00 4.1889692537e-01
8.1585218080e-01 6.9959222186e-01 1.7200721451e+00
-7.2429188919e-01 -5.2671782959e-01 2.7490931590e+00
-1.3282760460e+00 -3.1113527628e-01 -1.7739254806e+00
-2.9011227950e+00 -7.5822445458e-01 -2.5510695158e-02
6.9268640996e-01 -7.7764543200e-01 -1.4963280967e-01
-8.7593191983e-01 -7.5346605865e-01 2.4798380444e+00
1.1621188033e+00 -6.1730244207e-01 2.2234777426e+00
1.0497983323e+00 2.5381610133e+00 5.6235714067e-01
9.6619084539e-01 9.5799523883e-01 2.3773101587e+00
-2.1590661916e+00 9.8015815064e-01 -3.4331791614e-01
-5.5091641767e-01 1.9496226187e+00 4.6324144581e+00
-2.2120923501e+00 1.0602786879e+00 -2.4183025857e-01
-1.0786649980e+00 1.8579714605e+00 2.0789672888e+00
-2.2824124301e+00 -1.7379800539e+00 2.6583116142e-02
-1.5428535853e+00 1.9827527499e+00 4.9048555116e-01
3.0000000000e+00 -1.5873985687e+00 2.6696084461e-03
-5.0744767448e-01 1.4637244215e+00 6.0502878264e+00
1.1621968698e-03 -8.2781917398e-01 8.8365009167e-01
1.3784601447e+00 1.5237188187e+00 1.5488327302e+00
-1.1089073571e+00 -1.3161901107e-01 -1.7697759736e+00
1.0765844593e+00 2.0195141153e+00 1.8397520351e+00
-1.8347433797e+00 9.4698624197e-01 -7.5961767839e-01
2.4484216206e+00 2.1821978193e+00 1.3563539529e-02
-1.3030042362e+00 -4.5965883395e-01 -9.9372020333e-01
1.4991202130e+00 1.8807837031e-01 3.1496437053e+00
-1.7592980224e+00 -3.0000000000e+00 5.0551432419e-03
-2.0361517670e+00 3.6049375380e-02 -1.2342584999e+00
-2.2257673330e+00 2.1316277908e+00 2.4298809693e-02
4.9235793590e-01 1.1441745851e-01 3.0164964842e-01
3.0000000000e+00 -9.1781576884e-01 1.5156460805e-02
2.3353973748e+00 -3.6503414214e-01 4.7457507364e-01
-8.8562718228e-01 8.2702888803e-01 -2.9393801759e-01
6.6294707054e-01 -3.3577473982e-01 1.0119488085e+00
-2.2187038721e+00 2.1593875764e+00 2.4359468885e-02
2.0584454140e-01 -3.7013466465e-03 2.8324165651e-01
2.6254672709e+00 -9.1144853052e-01 8.2899287957e-02
-1.6483823494e+00 -3.0000000000e+00 5.2835178789e-03
2.1013599582e+00 6.8209913909e-02 1.0797188046e+00
-7.2216762478e-01 8.6118951803e-01 7.0119141420e-01
1.0238207194e+00 1.7299128604e+00 2.8765035332e+00
-8.6309942903e-01 -2.5463456290e-01 4.3237300852e-01
2.7848597115e+00 -3.2991339806e-01 8.3441901251e-02
-2.6602839425e+00 5.0076736034e-01 -1.3289214721e-01
-1.9365403791e+00 -9.7118493104e-01 -1.5477132347e-01
-1.7748432969e+00 2.8751134910e-01 -2.0444963109e+00
-1.4556422564e+00 8.3848925479e-01 -1.4751812309e+00
-1.7466905402e+00 1.7018604628e+00 2.3310625290e-01
-8.1404596676e-01 6.8255537955e-01 -6.4123750323e-01
-5.2119704068e-01 1.9407504122e+00 4.8421994265e+00
2.6646487914e+00 2.2487822035e+00 3.9843577199e-03
1.3510722478e+00 1.4596047486e+00 1.6885239406e+00
2.0911728001e+00 1.5927991899e+00 1.8940826611e-01
-3.6318233864e-01 1.8662926163e-03 1.7852751039e+00
2.5986025364e-01 -1.9452220114e-01 4.2493062689e-01
1.6076333311e+00 -1.1271484410e+00 5.0858525709e-01
-2.0017698531e-01 3.8998150014e-01 7.8895323630e-01
2.0679398172e+00 1.3652755674e+00 2.8394547490e-01
9.4455931688e-01 -2.8175127718e+00 -2.5848210880e-01
-2.2436288521e+00 2.1094903186e+00 2.2710798225e-02
-2.6211743790e+00 3.0000000000e+00 2.8589029259e-04
-1.3304976823e+00 -1.4865930221e+00 4.1023852137e-01
2.3937814965e+00 1.7426970978e+00 4.5666226153e-02
1.7228628810e+00 2.6103423360e+00 7.1108060509e-02
-1.1930098338e+00 1.5195057079e+00 1.5641114048e+00
-3.2320597648e-01 5.9375485299e-01 8.8772331644e-01
-1.1815970965e+00 4.4380440338e-01 -2.6635671284e+00
8.1841593734e-01 -5.0777155322e-01 1.4174298398e+00
7.7557641338e-01 4.1379286383e-01 1.4931433669e+00
-1.4594031861e+00 1.5451446080e+00 6.3261784068e-01
-1.4131611116e+00 -1.9100045323e+00 4.0407394278e-02
1.8071827649e+00 1.1574207211e+00 7.6217660222e-01
-9.9388069164e-01 1.0975212103e+00 8.5841477109e-01
2.3328735843e+00 1.0115825835e+00 2.0718472964e-01
-9.3298980811e-01 -7.7126262217e-01 2.1961744880e+00
-5.2428501666e-01 8.4424086977e-01 1.4973583716e+00
-2.5732867201e+00 -2.6163455002e+00 1.7385340793e-03
6.8224056356e-02 1.7986041853e+00 7.3659682694e+00
-1.1196768635e+00 7.5128030172e-01 -1.5343701122e+00
-1.3442654368e-01 5.1631772452e-01 7.1974787826e-01
1.2235724237e+00 2.6418619876e-02 3.5583999898e+00
-1.8436023339e+00 -4.0626749184e-01 -1.2427404246e+00
2.3913491195e+00 3.4883809732e-01 3.8702180329e-01
1.3290372617e+00 1.8500377147e+00 1.3248898456e+00
-9.2467605806e-01 -7.1756220711e-01 2.1430249032e+00
1.2549477781e+00 5.3124888989e-01 2.7621321866e+00
-1.7288231341e+00 3.4925979056e-01 -2.1376512650e+00
1.0873818433e+00 -4.3968302176e-01 2.6590881805e+00
5.6976188048e-01 -2.1634254084e+00 -3.0690526203e+00
4.9597943939e-01 -8.2700652281e-01 -8.7602198332e-01
1.2474541060e+00 2.8122975989e+00 1.3765560842e-01
1.8605036888e+00 1.4347154740e+00 4.8681894843e-01
-1.5318270585e+00 1.4418083565e+00 3.2556719766e-01
-9.0268068924e-01 -2.2927868636e-01 7.4416454079e-03
-1.8533175679e+00 1.0733454069e+00 -5.0565148913e-01
-1.7682473724e+00 -9.3792357189e-02 -1.9895919246e+00
-8.1795241059e-01 2.8453543621e+00 2.9041179716e-01
7.1666836607e-01 -6.0121564161e-01 7.2015056530e-01
-1.1114964417e+00 1.5992090051e+00 2.0763572554e+00
-2.4668254097e+00 -9.4783707188e-01 -7.5598618425e-02
-5.6787074564e-01 4.3788190071e-01 1.2781816893e-01
7.8121109439e-01 -6.6495728915e-01 7.2579982446e-01
6.0065939545e-01 1.3830011286e-01 7.2693681896e-01
-2.0965533800e+00 -4.1972477727e-01 -7.4154568043e-01
2.2218081975e+00 9.2902068344e-01 3.4049475154e-01
-7.5242935550e-01 1.4147265021e+00 4.1094007958e+00
-1.2363992709e+00 2.4340675895e-01 -2.9591063377e+00
-6.6513448486e-01 -1.6543086898e+00 -1.7604136264e+00
-8.1265438141e-02 -1.0282146148e+00 -4.8046897373e-01
2.1434602113e+00 2.3481289010e+00 3.2925876408e-02
-7.4190301744e-01 -4.7882414719e-01 2.4454274616e+00
9.5986856874e-01 1.3370339262e+00 3.3057733959e+00
1.9032198714e+00 1.0269293401e+00 7.1364897588e-01
-1.9646876512e+00 2.0978066150e+00 8.4845926303e-02
-8.7689952777e-01 -1.2551891930e+00 1.0552752529e+00
1.9410764317e+00 2.2523923404e+00 9.3889127533e-02
1.9862334249e+00 -1.0544386752e-01 1.4487016166e+00
-1.1079316453e+00 1.1922627617e-01 -2.4973494263e+00
6.2453914960e-01 1.5128248118e-01 8.3872432739e-01
-1.2469585893e+00 2.5509632088e+00 3.3470424609e-01
-5.7936689934e-01 -7.3822699677e-01 3.5985616824e+00
1.7708986707e+00 1.0859198255e+00 8.9751347468e-01
-1.5455516257e+00 8.9628487216e-01 -1.2141679169e+00
1.7599921022e+00 6.1843162167e-01 1.6044964020e+00
1.7351395827e+00 1.6719495485e+00 5.3994398066e-01
-6.7987603336e-01 -5.7730172149e-01 3.1502886057e+00
-1.2665408316e+00 2.4326724332e+00 4.5050820552e-01
-8.9367896722e-01 -1.0158449091e-01 -5.4929251999e-01
1.2584889400e+00 2.3192113678e+00 6.5167830215e-01
-9.3503329796e-01 2.3693250419e+00 1.1253746388e+00
2.0250216369e+00 1.0045658819e+00 5.3954175634e-01
-3.0000000000e+00 -1.6831131596e+00 4.5748006619e-04
1.8998303627e+00 -1.4891212715e-01 1.7466540362e+00
-1.5723644602e+00 -3.0000000000e+00 4.9738728365e-03
-2.2103882713e-01 2.4698286475e+00 1.9632199578e+00
-2.4511323364e+00 6.3353710113e-01 -2.5371956585e-01
2.0285913241e+00 2.8543312732e+00 9.3297189836e-03
7.6580858275e-01 -5.6364198441e-01 1.0328794475e+00
1.8325551501e+00 1.5937608770e+00 4.4105778855e-01
-2.7671807217e+00 1.2954999679e+00 -1.7622818354e-02
1.9450560833e+00 -4.6759266833e-01 1.3158990637e+00
-3.8937641696e-01 -1.8259421351e-01 2.4840249971e+00
-2.2551052672e+00 3.0000000000e+00 1.7624363528e-03
-1.6721270346e+00 2.8685127379e+00 3.0892451264e-02
5.7074855864e-01 3.0000000000e+00 2.1657292292e-01
8.5511663849e-03 1.3042905333e+00 6.8764537438e+00
-1.3185659301e+00 -1.2250151095e+00 7.5115938385e-01
-2.2781436536e+00 2.8352733029e+00 3.0693688079e-03
1.5289310612e+00 1.7115646114e+00 9.2632800064e-01
1.5025750841e+00 -1.1428242101e+00 4.0117020987e-01
1.4429202527e+00 -4.4254430410e-01 2.8192490933e+00
2.8357656324e+00 -4.7188384637e-01 5.9675420780e-02
1.8584586151e+00 2.1647541716e+00 1.5627267793e-01
1.7234703291e+00 1.9460487862e+00 3.7987049934e-01
-1.0875950203e+00 -9.4647209046e-01 1.5720578968e+00
1.1310080397e+00 5.5986979130e-02 3.3869270467e+00
-7.2660242246e-01 -6.5751743986e-01 3.1078331424e+00
-1.1362774710e+00 9.4546213017e-02 -2.5668763623e+00
-1.2116295941e+00 5.0970511735e-01 -2.5683176365e+00
2.8649565436e-01 1.9369819190e+00 5.8873783036e+00
3.0000000000e+00 -1.5946642326e+00 2.6010058142e-03
-1.6130206865e+00 2.5642366530e+00 1.1028633888e-01
2.5861098497e+00 2.2580151950e-02 2.1222755483e-01
-8.0178714151e-01 -1.4314454365e+00 -1.0273979624e-01
2.7615182058e-01 -2.4997204983e-01 4.6244855949e-01
1.3165636973e+00 1.5146232755e+00 1.7801618612e+00
2.3895810886e+00 -3.6070800377e-01 3.9549259938e-01
6.0964221950e-01 5.6576653069e-01 8.2325703284e-01
1.8529215546e+00 5.4635645591e-01 1.4528465312e+00
-1.1056494679e+00 1.5437166395e+00 2.0506702101e+00
-5.5194190235e-01 -1.6567425992e+00 -2.4980377083e+00
1.0083485604e+00 7.9746363537e-01 2.1920007469e+00
-1.0503845650e+00 -7.9146378532e-01 1.5952818863e+00
2.7068057490e+00 6.8513315973e-02 1.2811203018e-01
-2.7048048107e-01 3.0000000000e+00 2.7874529553e-01
2.4690346209e+00 -4.6062006146e-01 2.7563246507e-01
2.9321996785e+00 1.5697492010e+00 5.3648677213e-03
2.3167642353e+00 1.1936637983e+00 1.6177407200e-01
-8.9279051806e-01 -1.2907261414e-01 -4.1825246687e-01
-1.4591139689e-01 3.9128478069e-01 7.1474029471e-01
-2.9175114301e-01 -1.9121355072e+00 -4.0601810119e+00
-4.1450135381e-01 -6.9844024751e-01 3.6712830734e+00
4.3398995348e-01 -9.4103473331e-02 2.6655716722e-01
-1.6831169748e+00 2.7877575694e+00 4.0578184496e-02
3.8742533918e-01 1.2339391330e+00 5.3302829537e+00
-1.6236530950e-01 2.1311499915e+00 4.5632454254e+00
2.5310284953e+00 2.4558705403e+00 4.1675642017e-03
-8.8445611495e-01 -1.9924872620e-01 -1.5005675589e-02
-1.3401022877e+00 -2.2395438227e+00 -5.9219007321e-02
-7.7270441869e-01 1.4974840540e+00 4.1988628389e+00
1.2802260377e+00 6.5675534136e-01 2.4797824466e+00
3.4240676380e-01 -3.0000000000e+00 -2.4561523577e-01
-3.9749422201e-01 1.9917693782e+00 5.0649758941e+00
-1.5841829250e+00 1.3884239939e+00 1.4843687400e-01
5.3271896963e-02 -8.5869601552e-01 2.9850109415e-01
-4.3925609764e-02 -1.6372637234e-01 1.5747273457e+00
-3.1846837847e-01 -1.9460973838e-02 1.8757456896e+00
-4.5978369399e-01 -1.7806660400e-01 2.3495303394e+00
-2.6738799079e+00 2.4479202633e+00 1.3091352526e-03
7.2417669299e-01 7.5709681540e-02 1.4082057592e+00
1.4483524617e+00 1.8137478047e-01 3.2820626603e+00
-1.1463491587e+00 2.7361593771e+00 2.2889984981e-01
1.9378107507e+00 1.3168313919e+00 4.4847440248e-01
-8.6809273765e-01 7.7854435260e-03 -8.0465584971e-01
-1.7382234118e+00 6.1780625923e-01 -1.6536319269e+00
-1.4318066799e+00 -1.4400905611e+00 4.1603795609e-01
-1.0097810193e+00 5.6340895786e-01 -1.8877475498e+00
1.4876972430e+00 -4.9161189355e-01 2.6069349190e+00
-1.8057460655e+00 7.3784388027e-01 -1.2382364220e+00
1.1743693130e+00 -8.9604034826e-03 3.4920922174e+00
-2.9583091058e+00 -2.8203527079e+00 1.5484566786e-04
1.8770976255e+00 9.9241168601e-01 7.9455666832e-01
3.0753589992e-01 -2.9681187774e-02 1.5549114473e-01
-3.0000000000e+00 -9.7687454662e-01 -9.3995423593e-03
2.7688194739e+00 2.2128122550e-01 9.3180470717e-02
-1.3555842865e+00 1.3301982195e+00 4.8921130359e-01
3.0000000000e+00 4.0922357069e-01 2.7771766834e-02
-8.5403121474e-01 8.7295105407e-01 1.2008981589e-01
-2.7200681159e+00 1.0719575691e+00 -4.0368577787e-02
9.0551870228e-01 1.7720533827e+00 3.4371942259e+00
-1.8474011162e+00 2.3849102238e+00 7.8930257057e-02
2.8230620846e-01 -6.1062351548e-01 4.2588960242e-01
-1.0159088281e+00 2.8225841057e+00 2.2014962578e-01
2.8946679031e+00 -6.8024259987e-01 3.6247016127e-02
-1.3588694187e+00 -3.0000000000e+00 4.5173340158e-04
-1.5146053757e+00 1.5147426495e+00 4.6599898099e-01
6.2934514214e-01 -7.8779636349e-01 -3.9880924644e-01
-1.5212208242e+00 7.1192484900e-01 -1.8586615680e+00
2.0388790845e+00 1.5793967278e+00 2.3128480360e-01
2.6719906790e+00 1.1304549727e+00 4.5124401949e-02
-2.1750741878e+00 1.7708668582e+00 2.5453406408e-02
1.4664269433e+00 1.9197344001e+00 8.4519333895e-01
-2.0309573955e+00 2.6564320070e+00 1.7218486127e-02
1.9482098858e+00 1.1117411711e-01 1.5723144177e+00
-1.2092395757e+00 4.4801012533e-01 -2.7036089913e+00
-7.4560460148e-01 2.5215540439e-01 -6.2293509725e-01
4.1574570888e-01 1.8552368722e+00 5.9131798642e+00
-1.9676054297e+00 1.3742847315e+00 -9.0966565672e-02
1.5794586900e+00 -1.8577080519e-01 2.9316895798e+00
1.2657611628e+00 -6.6783594181e-01 2.1546242526e+00
4.9532670566e-01 2.0311213683e-01 2.7764710275e-01
-1.4047134627e+00 3.9013852551e-01 -2.8567135822e+00
9.0310059495e-01 4.5282154584e-01 2.0662727543e+00
-1.6843521656e+00 8.0624521912e-01 -1.3149494158e+00
3.0000000000e+00 -2.3415548870e+00 1.9147693133e-05
-2.3699013443e-01 -7.6878867750e-01 2.7832308911e+00
1.4980348984e+00 2.3841153033e-01 3.0843394043e+00
2.2720399016e+00 6.1405408288e-01 4.4850850145e-01
-6.3425949870e-01 -4.3517986579e-01 2.8572779442e+00
1.4799636043e+00 1.4667009782e+00 1.2670356271e+00
1.7574654665e+00 2.9559081454e+00 1.6870042425e-02
2.0465556872e+00 -2.4204145494e+00 -2.5824935670e-02
-2.5429319801e+00 2.6058925711e-01 -2.4831326031e-01
1.3907993351e+00 -5.5493328560e-01 2.5596604122e+00
-3.0181401496e-01 1.7005679087e+00 7.2105525021e+00
-5.8687196500e-01 -7.2380800978e-01 3.6043605661e+00
1.5428345176e+00 1.0705815816e+00 1.4038071483e+00
-1.8077530731e+00 -2.4659259753e+00 2.0408477061e-02
1.1008285118e+00 -2.1964145723e+00 -1.1934358907e+00
2.3315414059e+00 1.3260939442e+00 1.2252118492e-01
1.4726686978e+00 1.1369444969e+00 1.5068264646e+00
-3.0000000000e+00 -3.7829722860e-01 -2.9510701471e-02
1.9733792571e+00 1.6566565646e+00 2.5875444677e-01
1.3956089858e+00 1.3204672553e+00 1.6095506660e+00
-1.9353790195e-01 2.5314978060e-01 9.8653438014e-01
-1.6849806439e+00 3.1942831924e-01 -2.3128429066e+00
1.2950432951e+00 2.5808294944e+00 2.7856141778e-01
-1.7961637859e+00 2.0767247101e-02 -2.0056329328e+00
1.0907362229e+00 2.6670371093e+00 3.3708885811e-01
-6.7708969651e-01 4.8787996687e-01 -3.8798814584e-01
-7.5496518565e-01 2.1185936270e-01 -6.0499682256e-01
1.7601330719e+00 2.5766518865e+00 7.0072133662e-02
-3.0000000000e+00 -8.2147395430e-02 -3.5874183557e-02
-2.1655021766e-01 4.2421478146e-01 7.8035409959e-01
-2.6925514448e+00 9.6628605332e-01 -5.7508137639e-02
1.4550373962e+00 2.0868199280e+00 6.5504304916e-01
1.3291504999e+00 8.0105166762e-01 2.1714982586e+00
1.2039669782e+00 3.2578182983e-01 3.1854720259e+00
2.9026524973e+00 3.0000000000e+00 7.2203591305e-05
7.5439526011e-01 -1.7247940928e+00 -4.2707237108e+00
-1.2098932033e+00 -1.2880239911e+00 8.2465394092e-01
7.5255130698e-01 -1.0285101093e+00 -1.6260505950e+00
-1.0839435254e+00 1.0821402420e+00 3.5911707508e-01
1.5414380836e+00 1.4018627330e+00 1.1418396384e+00
1.3835840413e+00 3.8476885542e-01 3.0352680941e+00
-8.0979759342e-01 -4.1848926593e-01 1.7031523053e+00
1.9226035972e+00 -5.2993468974e-01 1.3024829867e+00
-1.0484157130e+00 2.1501686616e+00 1.4697759364e+00
6.6068559803e-01 -2.5948959324e-01 1.0462372910e+00
-2.2295091280e+00 9.7091847821e-01 -2.8835457313e-01
-1.8316658100e+00 -7.0967880695e-01 -5.8613236998e-01
8.5157006473e-01 -1.0376829802e+00 -1.2188404399e+00
1.8242811222e+00 2.4194468723e+00 9.1183877590e-02
-4.1567303065e-01 1.3327806497e-03 1.7141645690e+00
5.3108734173e-01 -6.4954330263e-01 6.2702721161e-02
2.6247025927e+00 1.4354221676e+00 3.0720472398e-02
-8.1390317118e-02 3.0000000000e+00 2.9790782684e-01
-1.7366070186e+00 1.2793000266e+00 -1.7119074282e-01
-8.4676387774e-01 -7.6191933255e-01 2.6401430920e+00
4.9933234078e-03 -5.1506761809e-01 1.9688480969e+00
-3.0000000000e+00 -2.0618498066e+00 7.1197613639e-04
-3.0000000000e+00 -5.1251095862e-01 -2.5111828445e-02
-7.2541003105e-01 -1.1230064022e+00 1.7238576846e+00
-2.8720906108e+00 6.2847741493e-01 -4.6479556021e-02
1.6115532275e+00 -6.5421656328e-01 1.8913583896e+00
2.8744457732e+00 9.9160226219e-02 6.0025691610e-02
-9.1915416261e-01 1.1224466881e-01 -1.4637448645e+00
-6.7972682012e-01 -6.6352203944e-01 3.3239430580e+00
1.8563614763e+00 1.1295434002e+00 7.0050628955e-01
-1.3004833572e+00 5.5522910813e-01 -2.5176609628e+00
1.9098923269e+00 1.7354975101e+00 2.8620165364e-01
-2.1416144954e-02 -1.2750066328e+00 -3.7437976566e+00
2.1443196784e+00 2.7982029145e+00 7.2478096192e-03
1.5487345570e+00 -3.0753986955e-01 2.8622653251e+00
-2.6766457581e+00 -3.7697275341e-01 -1.2126925483e-01
-2.5943788267e+00 -3.7276922683e-01 -1.6768712393e-01
7.8422749138e-01 -1.2240426855e+00 -2.8583893379e+00
1.7786880267e+00 -5.7153764749e-03 2.2565555090e+00
1.2181806390e+00 1.6727067043e+00 2.0251842227e+00
7.4715099604e-01 1.4795867784e+00 4.7148385574e+00
7.3676375327e-01 -6.3245414405e-01 6.8428357327e-01
-1.2861876090e+00 -8.4743988210e-01 6.2786622903e-01
3.8334983122e-01 -1.8407181169e-01 2.8710911698e-01
-1.1617080947e+00 8.8879351107e-01 -9.6388506655e-01
1.3150082855e-01 -1.0030205885e+00 -1.5446926052e+00
7.9526265012e-01 1.6453684468e+00 4.3958386748e+00
-1.6603036403e+00 2.0463165963e+00 3.0194769970e-01
2.2396415197e+00 7.7976974686e-01 4.0107269071e-01
8.1159998210e-01 -1.1474247644e+00 -2.1921083462e+00
1.6180196683e+00 5.4252024262e-01 2.1593743613e+00
-2.7050102901e-01 -3.9667916388e-01 3.1547783881e+00
-1.0271774062e+00 -7.0780873357e-01 1.5114490637e+00
-9.5398230600e-01 -2.4977170149e-02 -1.2754627173e+00
2.6403458437e+00 8.0604612905e-01 8.9561008090e-02
-2.6590879877e+00 3.0000000000e+00 2.3300704296e-04
1.5818480801e+00 1.6323592731e+00 8.6864715885e-01
1.6975952654e+00 -1.7921063481e-01 2.5117091216e+00
-1.6974815267e+00 1.0311483402e-01 -2.3647892484e+00
1.5349123401e+00 -3.2735431082e-01 2.8664936189e+00
-7.8149137447e-01 3.2967448031e-01 -9.4711761737e-01
2.6100413950e+00 -1.0517411229e+00 6.6661787192e-02
2.6160511308e+00 -1.3288136384e+00 3.1637732059e-02
-1.1288480836e+00 7.2370006786e-01 -1.6791180061e+00
3.0000000000e+00 2.5336602530e+00 2.6307204076e-04
-1.2750468186e+00 -6.9571150909e-01 1.9246430795e-01
-2.0485790289e+00 1.3430731883e+00 -1.1112083296e-01
-1.8128039514e+00 -1.6622076479e+00 1.3014738950e-01
-8.6595360728e-01 -2.0717753097e+00 -9.3644259900e-01
-2.7294226389e+00 1.6342879895e+00 -4.4064119491e-03
-7.9236036777e-01 -7.3248670301e-01 2.8858853254e+00
-9.6305032417e-02 -1.3695871894e+00 -4.1946038141e+00
-1.2669555469e+00 -2.7537797637e-01 -1.7736642911e+00
7.6873299892e-01 -1.5354056955e+00 -4.2504690930e+00
-1.8562852328e+00 3.6310523466e-01 -1.7003893777e+00
-2.4530380812e+00 1.1813336709e+00 -8.1472539394e-02
-1.4503556695e+00 3.0000000000e+00 3.6144398575e-02
2.1276717456e+00 1.5887418612e+00 1.6752333482e-01
-2.0673612249e+00 2.3357848662e+00 3.5896052446e-02
1.4641689711e+00 1.6406687998e+00 1.1701932081e+00
-4.1580276605e-01 -7.6641183876e-01 3.4747955100e+00
-1.0431120766e+00 2.5229874381e+00 5.8637601559e-01
-2.4231765069e-01 2.7941268371e-01 9.8934879973e-01
1.8134253562e-02 -5.2226002153e-01 1.8879934183e+00
-2.0376890860e+00 -2.6762153432e+00 8.4097625018e-03
1.0469230366e+00 2.7709035032e-01 2.9041233007e+00
2.1221883249e+00 -4.9174364834e-01 8.2352769426e-01
-1.1995149670e+00 4.5624797349e-02 -2.6835453492e+00
1.1733883624e-01 -3.6593066521e-02 6.0048282818e-01
-1.3613987886e+00 2.4181911808e+00 3.6304355987e-01
1.1332386457e+00 3.0000000000e+00 8.3446891808e-02
-6.0115126732e-01 1.1777108263e+00 3.7503003010e+00
-3.0000000000e+00 -2.0124229146e-01 -3.4020677263e-02
1.1480703713e+00 9.5807714064e-01 2.2339289521e+00
1.0017592426e-01 -1.0084084065e+00 -1.4336435388e+00
2.7707740521e+00 9.1629329131e-01 4.2855273831e-02
3.8718597353e-01 -9.5877677444e-01 -1.8991941437e+00
6.3867299685e-01 6.0128073645e-01 9.8346004670e-01
-1.7070753243e+00 -9.2617213074e-01 -1.2231565440e-01
6.0353031000e-01 -2.0819872669e-01 8.0746715314e-01
-9.7134870057e-01 -9.1319176038e-01 2.0647198145e+00
2.1328194830e+00 8.3738986795e-01 5.0964992283e-01
-2.0730653069e+00 -2.2301806094e-01 -9.8895690930e-01
-1.8889234405e+00 -1.0602682167e+00 -5.1353524240e-02
1.1303257001e+00 6.6442359636e-01 2.4138182612e+00
-1.5847537753e+00 1.8170075548e+00 4.7428588738e-01
-8.9146425808e-01 2.4415090248e-01 -1.5317286068e+00
6.9355519463e-01 2.9947262905e+00 1.8980484805e-01
-5.8179621668e-01 -1.0603385337e+00 1.9497624342e+00
2.3509705573e+00 -8.0833149910e-01 2.7302515134e-01
1.0557939965e+00 -1.3227044482e-01 3.1093310126e+00
-2.5931795609e+00 7.3701780209e-01 -1.2954473480e-01
-1.7526209487e+00 3.3266391475e-01 -2.0774013218e+00
2.3663663205e-01 -7.2838634646e-01 1.6292107344e-01
2.6257664146e-01 4.1636439497e-01 -2.3961204279e-02
-6.8165615800e-01 9.2738978869e-01 1.3466354236e+00
1.6534715608e+00 -3.0000000000e+00 -1.7620800157e-02
-2.1178557213e+00 1.0857889505e+00 -2.8753585929e-01
1.0229940967e+00 6.1595340238e-02 3.0240941073e+00
2.1391696535e+00 4.5496574450e-01 7.9001559878e-01
2.4984175129e+00 3.0000000000e+00 6.1976349549e-04
-1.8301144623e+00 1.8099159344e+00 1.7518560159e-01
-1.4453002345e+00 1.2898270279e+00 1.5696584404e-01
-2.4885643778e+00 -6.5037522846e-01 -1.5901488250e-01
-1.7537416045e+00 -4.0818109964e-01 -1.3951505695e+00
-4.7243151438e-01 1.3897300266e+00 5.9789412448e+00
9.6861999586e-01 1.5358914871e+00 3.4250306470e+00
2.1372535896e+00 2.8491155215e+00 6.1019042810e-03
1.1253188883e+00 1.5806838160e+00 2.5641281201e+00
1.1293588131e+00 2.6882126273e+00 2.8754808154e-01
-1.6432948052e+00 2.2658358456e+00 2.1889285672e-01
-1.7344227070e-01 1.0985026275e+00 4.7280361997e+00
-1.0007707412e+00 -1.3818406330e-01 -1.1190266613e+00
-6.7354815998e-01 1.9049265957e+00 4.1951770736e+00
-1.7196949402e+00 -1.3601973394e+00 2.1377546097e-01
1.2661437576e+00 1.3886724255e-01 3.5171989340e+00
-2.4390535654e+00 1.7987032105e-01 -3.7179876966e-01
-1.2207226971e+00 1.1647257606e+00 2.7892423323e-01
9.2760014884e-01 6.2997080356e-01 2.0196417838e+00
7.7307446052e-01 2.2705410715e+00 1.9245922476e+00
6.1207861910e-01 -6.9356518884e-01 3.9480606275e-02
-7.9657282608e-01 1.0017171717e+00 1.2638330768e+00
-7.2422426133e-01 -9.3652285687e-02 6.3643061523e-01
-8.1399105158e-01 1.3633577627e+00 3.4512189066e+00
-6.7262066422e-01 2.7854391460e+00 4.5486066677e-01
1.9698284443e+00 1.7228291325e+00 2.3802872991e-01
-4.8834589475e-01 9.5146757622e-01 2.4370118692e+00
9.0716746003e-02 2.6926794323e+00 9.9633141547e-01
1.8813372880e+00 1.6667632513e+00 3.4552684185e-01
-2.0967662642e+00 2.3122831448e+00 3.3164844279e-02
-1.1991178444e+00 -5.7720821974e-01 1.6534045199e-02
1.2368116757e+00 7.3813221311e-01 2.3415530160e+00
1.7630977143e+00 1.8784313503e+00 3.7382827137e-01
-1.7729289233e+00 7.1696680724e-01 -1.3550047367e+00
5.4345738689e-01 1.1931714431e+00 4.4239696163e+00
-2.4335374498e+00 2.0097058109e-02 -3.8217867174e-01
1.5442005520e+00 1.5385060289e+00 1.0360808108e+00
-1.4876017277e+00 -1.6555973444e+00 2.1530262332e-01
1.3308337759e+00 -1.7315165267e-02 3.5762540759e+00
1.6617684421e+00 2.7711178691e+00 4.8996038876e-02
1.2863922980e+00 1.1274876390e+00 1.9800621557e+00
-5.0727526449e-01 1.5759882869e+00 6.2373105253e+00
2.2422478695e+00 -2.7546916578e+00 -3.5086758374e-03
-2.2207944401e+00 9.8823972763e-01 -2.8379973787e-01
1.5759062109e+00 9.5238234101e-01 1.4780443368e+00
-1.1393235780e+00 7.8904825989e-01 -1.4074953571e+00
-1.0586483649e+00 -5.3538710552e-01 5.9738042906e-01
8.7545760397e-01 -1.0178275644e+00 -9.6552622478e-01
-1.3864118018e+00 -3.0000000000e+00 1.4404136493e-03
-6.0524943272e-01 7.1343400637e-01 4.6376435577e-01
5.4522122739e-01 -1.5950637396e+00 -5.6714377479e+00
4.4140418677e-02 -1.2303594243e+00 -3.6423581553e+00
7.2954433493e-01 6.7777739383e-01 1.4269364919e+00
-6.1018925692e-01 -3.5046816818e-01 2.5888276716e+00
5.9516064129e-01 8.6115835858e-02 7.1942007588e-01
1.0889190617e+00 -9.8696788531e-01 1.6352442509e-01
-4.7815200488e-01 4.2475865014e-01 4.7392968775e-01
1.4595070351e+00 -2.4229888361e+00 -2.6049312920e-01
-6.3559657572e-01 -9.7682187522e-01 2.6227940638e+00
1.1428676842e+00 1.3034234578e+00 2.4892616275e+00
2.2519965517e+00 1.7179597290e+00 8.5053090098e-02
-1.2910544770e+00 6.7761075925e-01 -2.1043437456e+00
-7.9298646660e-01 -1.2690427440e+00 8.5094948721e-01
1.8832973200e+00 1.3212805558e+00 5.1975886975e-01
-9.5538792096e-01 -3.1935177330e-01 1.1627608994e-01
1.3571034348e+00 2.0127921535e+00 9.7276304707e-01
1.2453128436e+00 1.0920410255e-01 3.5343086810e+00
-1.3687507249e+00 -9.4356562105e-01 5.4184099893e-01
2.1787003157e-02 -7.0323321443e-02 1.0489714249e+00
4.1078742795e-02 -3.0100826101e-01 1.4897061769e+00
6.2675411764e-01 -7.7507094344e-01 -3.3289860715e-01
1.0691259827e+00 -1.4461988686e+00 -2.0909775114e+00
8.7759375722e-01 1.9550774777e+00 2.9432951620e+00
-5.4223931124e-01 -1.1330957654e+00 1.1891309352e+00
1.3152986484e+00 9.7519836043e-01 1.9829367702e+00
-1.5763785075e+00 1.1909871550e-01 -2.7206354641e+00
-7.3546778037e-01 -4.4799899381e-01 2.3443004557e+00
-8.3802135700e-02 -9.0748701129e-01 7.9445243441e-01
2.2880941263e+00 9.7712324192e-01 2.5491974535e-01
-1.3851482026e+00 1.3823138988e+00 5.4527505008e-01
1.9563725802e+00 1.5965373950e+00 2.9728296205e-01
-2.6818591623e+00 4.9599568570e-01 -1.2227102775e-01
5.9298663112e-01 1.0495468597e+00 3.1845618532e+00
9.0471983295e-01 -1.6802256699e-01 2.3963665252e+00
1.0215573420e+00 2.1522212545e+00 1.6126965718e+00
7.5913185289e-01 -2.5869312117e-01 1.5376276909e+00
-2.5258574554e+00 -3.1637849618e-01 -2.2923440960e-01
4.2631483742e-01 9.9051584441e-01 2.9554351789e+00
-4.5214748244e-01 -3.0000000000e+00 -1.5002621010e-01
-1.9317519738e+00 5.1300825695e-01 -1.2944042140e+00
9.7780716980e-01 8.0071878508e-01 2.1596611443e+00
-1.5934511104e+00 2.2183841047e+00 2.8607186277e-01
2.2139478770e+00 2.7863723559e-01 7.2260651161e-01
-1.7283439389e+00 -7.5891199201e-01 -4.8471439139e-01
1.2595190901e+00 6.3242470452e-01 2.5360033877e+00
2.3135402727e+00 2.3677595040e+00 1.5027763461e-02
7.2659041255e-01 -3.4583403305e-01 1.2922943876e+00
1.0593971241e+00 1.7003318962e+00 2.7446270676e+00
-2.7163586132e+00 -3.0000000000e+00 2.6944538848e-04
-2.7269370733e-01 5.5319181441e-01 8.4791002937e-01
-2.9983661111e-01 2.1156079756e+00 4.4101685785e+00
-2.2268486430e+00 1.6183938174e+00 -2.5756554972e-03
1.9797153349e+00 -8.2873014050e-01 7.5209391304e-01
2.0498545999e+00 -6.4171836373e-01 8.4607729596e-01
-8.7807711942e-01 4.1169916044e-01 -1.5215210484e+00
-3.6720646769e-01 -4.0632075470e-01 3.3506267369e+00
-7.9225690516e-01 -1.1263871635e+00 1.7427712013e+00
-1.6244420436e+00 3.7069623143e-01 -2.4339016051e+00
-2.1892864578e+00 2.3067949910e+00 2.1989150950e-02
-1.8867368134e+00 3.6090154424e-01 -1.6031215945e+00
-1.2686912291e+00 2.7328431863e+00 1.7178236062e-01
1.2178313829e+00 -4.6464633943e-01 2.8401569582e+00
2.0400361242e-01 -5.9687525909e-01 7.6915047260e-01
-8.3123606716e-01 1.1663943391e+00 2.2136880861e+00
-1.0796114569e+00 2.0708142986e+00 1.5809702405e+00
-3.0000000000e+00 2.3057091251e+00 2.0506895130e-04
-1.3861178718e+00 1.9667785688e+00 8.2173099490e-01
1.4978959799e+00 1.8211119934e+00 8.8861271651e-01
1.6370017894e+00 1.7964641170e-01 2.7160439537e+00
-3.0000000000e+00 -7.4184355633e-01 -1.6930293351e-02
-2.5691352815e-01 -5.9374717482e-01 3.3678311928e+00
6.0323095030e-01 -2.6929605074e-02 7.8841218938e-01
-2.6905730125e-01 -9.9837059236e-01 1.1346969687e+00
-1.4693047016e+00 3.0000000000e+00 3.4181083183e-02
-2.2921595778e+00 -2.4882868865e-01 -5.3151397423e-01
1.4720719186e+00 3.0000000000e+00 3.4752417936e-02
6.9021509773e-01 2.6505578243e+00 7.2326186550e-01
3.4566797367e-01 -1.1546210828e+00 -3.7675488118e+00
5.8181460679e-01 1.0861397680e-01 6.5024868782e-01
2.3079792138e+00 3.2611712128e-01 5.2146599583e-01
1.8012420458e+00 1.7365998114e+00 4.0660949118e-01
-8.9405458955e-01 -9.9527302350e-01 2.1911405880e+00
-8.2127270713e-01 3.8698578739e-01 -1.2084861760e+00
2.7809111854e-01 2.2452533852e-01 -3.4005974288e-02
2.0786466045e+00 5.4805445164e-02 1.1501475648e+00
-4.8878248572e-01 -2.4356755936e-01 2.5654154748e+00
1.9903496502e+00 1.0812582607e+00 5.3079412839e-01
1.3693731658e+00 9.0490958959e-01 1.9622212102e+00
1.5380687690e+00 1.4036267801e+00 1.1494701338e+00
-1.9859701983e+00 -4.1448976741e-01 -9.5333341655e-01
-1.7100615100e+00 4.1837161324e-01 -2.1050676231e+00
-1.4001689779e+00 -4.0488914365e-01 -1.4922354845e+00
1.9201789734e+00 2.4195272765e+00 6.4371044772e-02
-1.6451259435e+00 2.3320662071e+00 1.8726482518e-01
4.7108331033e-01 -3.0000000000e+00 -2.2788471297e-01
1.4131372113e+00 7.8268795142e-01 2.0865721068e+00
-4.5147189419e-01 1.2979036273e-01 1.1822163485e+00
-1.6884556970e+00 1.4014042575e+00 5.0167601991e-02
-4.4893896208e-01 7.4542832480e-01 1.1796673569e+00
-1.4992571802e+00 2.3446504863e-02 -2.8065221232e+00
-1.0304874917e+00 1.2556714980e+00 1.5535877775e+00
1.8719945869e+00 2.3500288991e+00 9.3528415648e-02
3.0000000000e+00 2.0183049309e+00 1.2579066016e-03
1.1632327537e+00 -7.1660884741e-01 1.7992485102e+00
-1.1015885851e+00 -1.6264671941e-01 -1.5996846110e+00
6.4146002077e-01 -4.3380273141e-01 8.2718550004e-01
-1.5182542985e+00 8.0883886970e-01 -1.5382680480e+00
8.8658483805e-01 2.0101138932e+00 2.6713871468e+00
-2.1130159902e+00 2.5528393428e+00 1.6766085445e-02
5.8809730995e-01 1.0747602295e+00 3.3843017714e+00
1.2284442004e+00 -3.6463649640e-01 3.1217079704e+00
-9.0306657830e-01 1.7924106766e+00 3.1837923466e+00
-3.1473624778e-02 4.1057878521e-01 4.7711056935e-01
-1.1664187922e+00 1.3056375934e+00 1.0971101810e+00
-1.4883955230e+00 2.0166357429e+00 5.6315578784e-01
5.8826596811e-01 5.7807974622e-02 6.9669615552e-01
1.4085651129e+00 1.1578220780e+00 1.6534931745e+00
1.9658872387e+00 1.8940086800e+00 1.8325316230e-01
-6.5658433023e-01 -7.3289382567e-02 9.9110859979e-01
-2.2652342807e-01 -1.6961769677e+00 -4.8609928605e+00
-2.5549770312e+00 -1.1227909610e+00 -2.8218515344e-02
1.4203915645e+00 1.6773102958e+00 1.2653491431e+00
1.7670132025e+00 7.8342118906e-01 1.3049487457e+00
-1.1573203253e+00 1.9920128989e+00 1.4829573047e+00
2.2936838120e+00 -8.0646580262e-01 3.3026515543e-01
-2.2404384827e+00 1.5645286178e+00 -1.4036947348e-02
2.4651491993e+00 7.5079922621e-01 1.9303608808e-01
1.4283338136e+00 -1.1304441280e+00 3.5346453491e-01
4.0408163209e-01 -2.8255276099e-01 3.6747275980e-01
1.2247433260e+00 2.9475212010e+00 8.4302544223e-02
2.1213225069e+00 1.0632846738e+00 3.7647898118e-01
4.1965692896e-02 1.1540417348e+00 5.3693201886e+00
3.0000000000e+00 -2.8753574580e+00 -9.9286043341e-06
-2.5928630416e-01 -1.5506677196e+00 -4.2739000222e+00
1.7369953719e+00 3.0000000000e+00 1.4972051907e-02
5.1091086984e-01 -3.0046241586e-02 4.2173602458e-01
7.7669009908e-01 -4.1603222955e-01 1.4299109894e+00
-8.6057996072e-02 2.1806140510e+00 4.2131410562e+00
-9.2386793877e-01 -8.0948206005e-01 2.2843707243e+00
2.4875878891e-01 2.3158485666e+00 2.9323718872e+00
2.2876307327e+00 1.3333420083e+00 1.4196070618e-01
-2.5342316119e+00 -4.9826646267e-01 -1.7764905491e-01
-4.6744355223e-01 -1.3333464542e+00 -1.1323989126e+00
1.2879408954e+00 8.4641706200e-01 2.1519145636e+00
5.0608846064e-01 2.3522027457e+00 2.2049368129e+00
-1.3834918284e+00 3.0000000000e+00 4.3760904457e-02
1.5544743755e+00 -9.1095104374e-01 1.1782493980e+00
-6.2212418670e-01 3.3869876229e-01 -4.2109611276e-02
-1.7696240381e+00 -2.3937616332e-01 -1.7495022805e+00
-1.1844949988e+00 -7.4703058401e-01 7.8467677330e-01
3.3444430095e-01 9.3988470668e-01 2.6065013633e+00
-1.7369892045e+00 1.9808016662e+00 2.4402597279e-01
1.2314691451e+00 9.0305349783e-01 2.1573032539e+00
2.5675399870e+00 1.4111730823e+00 4.1216390264e-02
-4.6128910116e-01 -1.0486018975e+00 1.6543304914e+00
3.0000000000e+00 -1.5541584686e+00 3.0001472457e-03
-1.6332833211e+00 1.6563105122e+00 3.6370200237e-01
6.5449663458e-01 6.9049118244e-02 1.0221847230e+00
2.5412750413e+00 2.6187577008e+00 2.2917686507e-03
-4.0011825186e-01 -1.6924312123e-01 2.4180244702e+00
1.1985693802e+00 -3.9086822207e-01 3.0228955700e+00
1.2874815501e+00 1.1867674684e-01 3.5385610460e+00
-1.1269562621e-01 1.0591644515e-01 1.1356515637e+00
-1.5884695864e+00 5.9401285381e-01 -2.0766790447e+00
-6.7903102018e-01 -2.6186541132e+00 -4.2988106798e-01
1.6581105851e+00 2.6469023171e+00 7.7779915635e-02
1.4836670155e+00 1.7434439986e+00 1.0102726100e+00
-9.1841049650e-01 2.9870778834e+00 1.3603306859e-01
-1.1052452724e+00 2.9827482338e+00 9.4722082658e-02
-5.4614871769e-02 -1.8773084588e+00 -5.3118386905e+00
1.1470433249e+00 5.4276876637e-01 2.6505788136e+00
1.0465658024e+00 -1.2764177352e+00 -1.6063614977e+00
1.1269999927e+00 1.9832270273e+00 1.7531437113e+00
1.0299691878e+00 -3.0303245303e-01 2.7875087574e+00
-1.7722524122e+00 7.2718492600e-01 -1.3341527730e+00
1.3853820740e+00 1.3697167848e+00 1.6188606142e+00
1.8571572892e+00 1.3256211501e+00 5.5547540542e-01
-1.0145197609e+00 1.5142996628e+00 2.5427022061e+00
2.3325403190e+00 1.9975186739e+00 3.5317555156e-02
1.0565498969e+00 -1.6521749644e+00 -2.4216431211e+00
-2.0598910924e+00 -1.6298783280e-01 -1.0701512406e+00
3.3787532533e-01 1.7099171693e+00 6.9903314730e+00
-1.1438713567e+00 -4.8797881126e-01 -1.4973347197e-01
-2.3723710348e+00 6.3141063882e-01 -3.3378939640e-01
6.3960666654e-01 -8.5594512048e-01 -7.9722928683e-01
-1.0500026383e+00 1.8901843743e+00 2.1526853798e+00
-1.8313040746e+00 -6.4862640526e-01 -7.1850239934e-01
-1.5492880700e+00 7.3947551279e-01 -1.7301747557e+00
1.7215756474e+00 -2.6344685265e-01 2.3375852876e+00
3.5878060744e-01 -3.0000000000e+00 -2.4383559856e-01
1.9483902640e+00 1.1939464827e+00 5.0967078666e-01
-1.0056922507e+00 1.3817915386e+00 2.2407344936e+00
-9.9899605849e-01 2.2328412245e+00 1.3762420661e+00
-6.7194765233e-01 1.3038843289e+00 4.1580594617e+00
1.7055075990e+00 -6.5088867200e-01 1.6798287550e+00
6.0964063460e-01 -4.7425395944e-01 6.6335041132e-01
-2.0618354527e+00 2.1926521318e-01 -1.1464148605e+00
-5.9885138042e-01 2.1520554386e+00 3.1326433820e+00
2.2289735535e+00 -1.1844264808e-01 7.4336698546e-01
-8.0637008791e-01 2.1361194010e-02 -4.1482908365e-01
-7.7072213440e-01 -8.6871119829e-01 2.8833180910e+00
-9.9424809256e-01 1.7136393783e+00 2.7474769933e+00
-3.6620422551e-01 -1.7908372672e-01 2.4827481988e+00
-8.4861465016e-01 -8.9761463503e-01 2.5651676128e+00
-1.4681144211e+00 -1.1896406337e+00 4.9926469434e-01
9.4032941039e-01 -1.2340542151e+00 -1.9959352237e+00
1.5979100351e+00 8.4029947495e-02 2.9312486467e+00
-2.7636033408e-01 -3.7736329250e-01 3.1145753648e+00
8.5177070003e-01 4.5580793220e-01 1.8327432658e+00
1.3681343770e+00 2.2621973999e+00 5.6711623840e-01
1.5797727917e+00 2.4737300774e+00 1.7457512380e-01
-5.7336829571e-01 -1.5727352198e+00 -2.0556228551e+00
9.6092078407e-01 -5.5596122783e-01 1.8681211004e+00
1.7386649710e+00 4.3065330336e-01 2.0000294795e+00
1.5280208867e+00 1.1394193594e+00 1.3706234659e+00
-9.1859275655e-01 -5.2534253290e-01 1.4793348503e+00
2.5023366123e+00 1.0701679697e+00 1.0077300775e-01
-1.6120057301e+00 2.2431942587e+00 2.5548969386e-01
-2.0830758962e+00 3.9768706090e-01 -9.9457911173e-01
2.3895018526e+00 8.5916269316e-01 2.1654357645e-01
-2.5348090446e+00 8.6040375516e-03 -2.6528319571e-01
-1.3120679682e+00 -3.0000000000e+00 -1.5788904551e-03
6.7325776323e-01 1.1834267038e+00 3.8998342903e+00
1.6029616495e+00 -1.7913135824e+00 -4.0850846350e-01
-1.8771820785e+00 1.5225690773e+00 4.2465949155e-02
4.4908852184e-01 -4.2659059701e-01 4.1052682354e-01
6.9803194632e-01 -3.5961325328e-01 1.1449941440e+00
-3.0000000000e+00 1.1982778146e+00 -8.4310365480e-03
-3.7342623385e-01 1.9994695976e+00 5.1022734644e+00
-2.1254857839e+00 6.6201028212e-01 -6.7764412956e-01
-7.4085284513e-01 1.1896254095e+00 2.9476363570e+00
-5.4839304283e-02 -2.4011709526e-01 1.8335425917e+00
-4.2295753629e-01 -5.9096525668e-01 3.7559532944e+00
-8.7991562577e-03 1.8310041491e-01 6.5133551440e-01
-9.0571916722e-01 -2.3601919980e-01 2.0814915749e-02
-5.7131068365e-01 -9.8708878104e-01 2.4901186948e+00
-1.0053181161e-01 -7.1855955225e-01 2.2156703675e+00
8.5398316498e-01 2.4220788746e+00 1.1449310033e+00
1.1106444491e+00 1.3546218174e+00 2.6535967522e+00
-6.4391084119e-01 -8.5076202540e-02 1.1209474319e+00
-1.4128195008e+00 2.9822732686e-01 -2.9686742417e+00
-1.8131840386e+00 3.0000000000e+00 1.0919206719e-02
-7.8377071494e-01 6.7443071130e-01 -5.2468585009e-01
-1.0376603040e+00 2.6047591122e+00 4.5811300750e-01
5.2618123603e-01 1.9357417064e-01 3.8894315562e-01
-8.2149543612e-01 9.3160752148e-01 6.5216475393e-01
1.2763164758e+00 1.1542493397e+00 2.0041361210e+00
-1.2805662958e+00 1.8705811943e+00 1.2263658468e+00
-9.6895648074e-01 1.0601690965e+00 7.4926257857e-01
-1.5834492490e-01 -2.2131372225e-01 2.2367684985e+00
-3.5838915686e-01 -1.3717781615e+00 -2.2665227000e+00
-7.8589515129e-01 3.0000000000e+00 1.6144738176e-01
3.9791870906e-01 -7.9854673298e-01 -6.7327196541e-01
1.8901733078e+00 1.1139977918e+00 6.5749721557e-01
-3.0161786497e-01 -1.8487861976e-01 2.4784019822e+00
1.8235621748e+00 1.0357366636e+00 8.4876609997e-01
-1.3760483072e+00 3.0000000000e+00 4.4677234560e-02
7.4206626564e-01 -1.4905441895e+00 -4.3479191299e+00
3.0000000000e+00 4.0321675777e-01 2.7909239982e-02
-1.2691527217e+00 -4.7526721672e-01 -7.9639084385e-01
8.8194467863e-01 9.1743717248e-01 2.2921940789e+00
6.0978858209e-01 -2.8849075136e-01 8.1895445267e-01
1.3224117499e+00 -5.3154882569e-01 2.6731295817e+00
-1.0656828429e+00 9.4475569949e-01 -3.6395371783e-01
1.6432394210e+00 -1.6526824367e+00 -3.0531208711e-01
-2.9889591221e-01 9.7579780406e-01 3.2536791817e+00
-1.1243615580e+00 1.8697233971e+00 1.8457145941e+00
-3.1895084597e-01 -1.3803623770e-01 2.3141236179e+00
-8.7117605134e-01 -5.3293416162e-01 1.8393776446e+00
9.0086569346e-01 -2.4336707480e-01 2.3016682621e+00
-1.7695329678e+00 8.0264240643e-01 -1.1706179851e+00
5.8929129485e-01 -2.7928071745e+00 -4.7741911600e-01
-7.6880699231e-01 9.7206744154e-01 1.2045593666e+00
3.0000000000e+00 3.8175625978e-01 2.8389878864e-02
1.1079417007e+00 7.0900097339e-02 3.3184473967e+00
1.4683878084e+00 1.5819722189e+00 1.2113595700e+00
2.6192297295e+00 4.2089496022e-01 1.5443114596e-01
2.7018031427e-02 -3.0000000000e+00 -2.4770800757e-01
-1.3811589035e+00 9.2949582483e-01 -1.1019732957e+00
-1.3845619821e+00 6.2559872659e-01 -2.2841411107e+00
-1.5386421995e-01 -1.9053874490e+00 -4.7790304623e+00
1.1818539108e+00 -3.0000000000e+00 -7.3308512151e-02
2.8030222694e-01 -3.3380663547e-01 5.4798447966e-01
2.9489422743e+00 -1.0400254701e+00 1.5416162899e-02
1.3223249869e+00 1.8697682775e+00 1.3137297609e+00
-4.3637921905e-02 -6.9192612569e-01 1.9560122692e+00
1.5428168744e+00 1.1691194862e+00 1.3091274890e+00
7.8369286578e-01 -1.1658578812e+00 -2.4721304088e+00
-1.3659828334e+00 4.8788014052e-01 -2.6877270400e+00
1.0404451522e+00 -3.7848138638e-01 2.6690943170e+00
-2.6184513872e-01 -1.6780472445e+00 -4.6119612825e+00
2.0904778482e+00 -2.5504436909e+00 -1.4698054940e-02
3.0000000000e+00 2.3978999458e+00 4.1513632852e-04
-1.2600347517e+00 3.0000000000e+00 6.0816821854e-02
1.5313173855e+00 2.2581051130e+00 3.6264731537e-01
-1.3137792365e+00 6.7381727078e-01 -2.1274882202e+00
5.9288491792e-01 7.3916903476e-01 1.2667504567e+00
-3.3153743116e-01 -8.2028543298e-01 2.9438833752e+00
1.2262841309e+00 7.9318087159e-01 2.2665738807e+00
-1.6247646604e+00 7.9656820250e-01 -1.4398336042e+00
8.1463129147e-01 -9.1432472529e-01 -5.3597616400e-01
-1.8311352395e+00 1.2641331398e+00 -2.0890882445e-01
-1.3219493163e+00 1.2730338970e+00 4.0373120534e-01
1.0549507905e+00 1.2527876848e+00 2.7684920610e+00
1.1715976304e+00 -1.7644519530e-01 3.3831931736e+00
1.4151648120e+00 1.7953561394e+00 1.1397218782e+00
1.6618734304e+00 1.4223390648e+00 8.4229047551e-01
-1.3753919406e+00 -2.1205522922e-01 -2.2600495718e+00
-6.4513884431e-01 -6.4144223245e-01 3.4300718889e+00
-1.7596272880e+00 2.2413917772e+00 1.5192731590e-01
-1.2153257467e+00 -4.2994755022e-01 -8.0893605064e-01
-1.6066221946e+00 -8.4182296808e-01 -1.9195898485e-01
-7.8003068554e-01 1.0622285420e+00 1.7911179712e+00
-1.2360433274e+00 1.2806140338e+00 7.1578976046e-01
-1.5496667655e+00 6.3762826361e-01 -2.0375630253e+00
1.6863596384e+00 2.0836802445e+00 3.3129538944e-01
2.0261286416e+00 1.8451742946e+00 1.6048446557e-01
9.4159664133e-02 -8.6357800129e-01 4.2779734332e-03
6.3154152887e-01 1.9078814575e-01 8.5802474194e-01
-1.0837619340e-01 2.9592588225e+00 3.5287037671e-01
6.0505881528e-01 -2.4038105017e+00 -1.6746562068e+00
2.0265335930e+00 1.3464623465e+00 3.3170455250e-01
1.5325250682e+00 -7.1784087268e-01 1.8443428921e+00
-1.3310991491e+00 6.3614618464e-01 -2.2639051417e+00
-1.6069520110e-01 1.2732397875e+00 6.4896946250e+00
-1.3507746063e+00 2.5841339882e-02 -2.8980034205e+00
7.6914026714e-01 -1.1927370313e+00 -2.7372301096e+00
1.1526236424e+00 1.8163730163e+00 2.0599990827e+00
-1.9513999492e+00 2.7220223716e+00 1.9055244218e-02
1.1389532881e+00 1.7311494771e-01 3.3155081388e+00
-1.1223987797e+00 -5.4338062433e-02 -2.1244909378e+00
-7.5324671827e-01 1.3189995854e-01 -3.9797756679e-01
-1.3612588473e+00 1.3057646946e+00 4.0016122117e-01
2.8438571334e+00 1.5017606873e+00 9.6954601932e-03
1.4443011982e+00 -7.8110928605e-01 1.7112030627e+00
-1.2694602580e+00 -5.8019142653e-01 -2.8367214256e-01
1.9528577368e-01 -4.4311803369e-01 9.2059674806e-01
-3.7422016930e-01 3.0000000000e+00 2.6069441003e-01
-9.3334667845e-01 2.0855475111e+00 2.0942883136e+00
-1.3723410527e+00 4.2259805253e-01 -2.8249157163e+00
-1.5401826726e+00 1.1353888581e+00 -4.2459687196e-01
-1.0955559741e+00 1.8395680444e+00 2.0292632484e+00
1.0715415209e+00 -6.2366925882e-01 1.9826544979e+00
1.3417979280e+00 1.2346571792e+00 1.8049961303e+00
-7.0246860711e-01 1.6097821978e+00 4.8329245266e+00
-7.4320956835e-01 1.0218435425e+00 1.7047688970e+00
4.4081257786e-01 -4.6888405585e-01 3.8265539081e-01
1.0174531393e+00 1.4370492634e+00 3.1419577220e+00
2.5865382925e+00 -1.5671334372e-01 2.0821879326e-01
-1.0503958068e+00 1.7658899913e-02 -1.9939147921e+00
1.0522145886e+00 2.5909405738e+00 4.7269288647e-01
-8.8155532893e-01 2.7410523756e+00 3.8675654406e-01
1.2985490468e-01 -8.7740415275e-01 -3.1896014325e-01
7.3892019942e-01 -3.1168820432e-01 1.3874647655e+00
-3.8359707736e-01 -2.4669881601e+00 -1.2177821001e+00
-1.1977748767e+00 9.6740832245e-01 -6.4382217866e-01
8.8678773209e-01 -3.0821084155e-01 2.1446181552e+00
1.8323830475e+00 -4.2135187780e-01 1.7346577887e+00
-2.5835900195e+00 3.0127306267e-01 -2.0864290766e-01
-1.2553595089e+00 -4.5640676785e-02 -2.6071544397e+00
-2.6451318341e+00 -4.8263427808e-01 -1.2021910206e-01
-7.8994911777e-01 -8.9996309949e-02 1.5327728094e-01
1.4068605303e-01 -1.0989221982e+00 -2.6471933499e+00
1.0929932387e+00 -1.3090686059e+00 -1.4981389821e+00
-1.0779782589e+00 1.2830269738e+00 1.4297094064e+00
-2.2506165291e+00 -8.3977333161e-01 -1.9390517431e-01
5.7980867204e-01 2.9934103786e-02 6.6720679053e-01
1.7186072358e-01 -3.0907191927e-01 8.7915637842e-01
1.4050512151e+00 2.3718605419e-01 3.2873429946e+00
-1.0129165411e-01 -5.6788472858e-01 2.5946705030e+00
-2.0476586587e+00 -3.6215773017e-01 -9.0121919328e-01
-3.0000000000e+00 -2.1946249627e+00 5.9980780085e-04
-7.7467064088e-03 2.7037839295e-01 5.1867805095e-01
-3.1942376005e-01 -6.4917331253e-01 3.5346015377e+00
2.6111645956e+00 -3.0000000000e+00 -1.4866266023e-04
-2.1139797079e+00 -7.2871491636e-01 -3.6889108664e-01
-1.2988930139e+00 -1.2382443743e+00 7.7212489982e-01
1.6169225210e+00 1.4546059420e+00 9.1924621950e-01
1.7515381516e+00 -5.1081530750e-01 1.8495422792e+00
-1.7776329035e+00 1.6690160282e-01 -2.0964584673e+00
1.5491465267e+00 2.3300851310e+00 2.8690020169e-01
1.5446833149e+00 1.2472341094e+00 1.2420715801e+00
-2.3853011182e+00 -6.4586604605e-01 -2.2390295127e-01
-1.1710349811e+00 1.4526588656e+00 1.5373725114e+00
2.1497027367e+00 1.8874581291e+00 9.3412930823e-02
-2.5182014690e+00 2.7095929549e+00 1.4691265857e-03
-2.4436620606e+00 2.0054013645e+00 7.6472132192e-03
-6.9485094598e-01 2.6820585722e+00 6.4242237702e-01
-9.1093745139e-01 -5.9385000072e-01 1.8339204083e+00
-2.9702537180e+00 4.2198984081e-01 -3.6401506057e-02
1.8405589641e-01 -5.9084858204e-01 8.7584448143e-01
-2.6205188452e+00 -2.8667468481e+00 6.5635492722e-04
-1.9059083494e+00 2.1873955053e+00 9.5027413800e-02
2.3634194841e+00 3.0000000000e+00 1.1837741285e-03
-1.6465699314e+00 -9.4441744603e-01 -2.8705869208e-02
-6.6849195668e-01 4.6057946715e-01 -3.5544800388e-01
-1.2738431547e+00 1.1947501089e+00 2.4516232474e-01
2.3115171850e+00 -7.5101627352e-02 5.7566539871e-01
2.4099879613e+00 2.1628989981e+00 1.6990038935e-02
-3.0839584111e-01 -6.3722456442e-01 3.5157148505e+00
-1.4426575142e+00 3.5902082823e-01 -2.8589132628e+00
1.3968399196e+00 1.3958067876e+00 1.5685329284e+00
-2.0338722977e+00 -6.3372225630e-01 -5.5784224995e-01
1.3959297861e+00 2.2221437143e+00 5.7837065941e-01
-2.0857817849e+00 3.0000000000e+00 3.7182540401e-03
-2.7870542084e+00 2.6914825430e+00 3.5349662447e-04
-1.1557361954e+00 4.2468776038e-01 -2.6417639614e+00
-1.3317020613e+00 6.1217248139e-01 -2.3442946503e+00
3.9602257927e-01 2.0089535167e-01 3.7906711139e-02
1.8166302472e+00 -5.1977280430e-01 1.6330109256e+00
1.4210282417e+00 1.1963057539e+00 1.5981619334e+00
5.4852753042e-01 1.7855017498e+00 5.5568870080e+00
-1.9766538923e+00 -3.3128104354e-01 -1.0938222217e+00
-3.5358912756e-01 4.7585231941e-02 1.6332060259e+00
9.8571678225e-01 2.3796904747e+00 1.0128502331e+00
1.4777383488e+00 1.6359287123e+00 1.1353884865e+00
-1.7813949426e+00 -1.1520576072e+00 8.7978650257e-02
-2.0430309198e+00 2.3541980642e+00 3.8272687121e-02
1.3058512007e-01 3.2670048724e-01 1.2184186614e-01
2.2021540936e+00 3.0000000000e+00 2.4478055062e-03
1.4678151281e+00 2.7344930128e+00 1.0217874147e-01
2.9299578470e-04 -7.1932314419e-01 1.5498055591e+00
3.0000000000e+00 -2.7622594397e-01 3.1061946037e-02
-1.3217593780e+00 2.7268975752e+00 1.5268049627e-01
-5.7369776737e-02 -2.1866894412e-01 1.7873874110e+00
-1.9398020094e+00 1.9856055541e+00 1.0528591188e-01
-6.4728755153e-01 -2.8401639563e-01 2.0639859216e+00
-1.5746461341e+00 2.2515094991e+00 2.8439401919e-01
-1.2101113175e+00 2.9633284728e+00 8.0551852087e-02
-1.6296985970e-01 -9.2605230775e-01 1.1629684315e+00
1.7686895525e+00 1.9029013645e+00 3.5304495234e-01
-1.6637986583e+00 2.3369144158e+00 1.7359220877e-01
2.8713596792e+00 7.2239250649e-01 3.6450903735e-02
-7.5768317121e-01 -2.5109362182e-01 1.1799867058e+00
-5.5092165862e-01 1.3072931290e+00 5.0035269954e+00
-3.3489677237e-01 -1.4995896414e-01 2.3671187364e+00
-1.3901621547e+00 -3.9663039978e-01 -1.5120310795e+00
1.5682538631e+00 -6.1761590984e-01 2.0872004774e+00
8.0465067724e-01 -1.3322551302e+00 -3.3523163687e+00
-6.3482215996e-01 1.3050353582e-02 7.6739767568e-01
1.8709342891e-01 -1.1751161001e+00 -3.6775278631e+00
-2.4837713301e+00 1.9151151974e+00 4.9189078287e-03
1.0535070969e+00 1.5439060152e+00 2.9570548012e+00
1.7979957668e+00 3.0000000000e+00 1.2095148218e-02
-1.9732433564e+00 2.4121431644e+00 4.4649374262e-02
-2.3228050785e+00 1.0916666233e+00 -1.6062908967e-01
5.1550451574e-01 1.1174569370e+00 3.9030955958e+00
-7.9456836830e-02 -4.1993664057e-01 2.3808627255e+00
1.5754621454e+00 -4.9023199487e-01 2.4077909390e+00
6.4872041483e-01 -1.0090953475e+00 -1.9064119201e+00
8.3087627304e-02 4.5803168265e-03 6.5058700184e-01
-2.8867923232e-01 -1.0938381461e+00 2.2185879341e-01
1.6886437227e+00 1.7346492471e+00 5.7520452014e-01
-7.9503011152e-01 2.5993821482e+00 7.3103278340e-01
-1.2470704482e+00 -2.9148593219e-01 -1.6337994977e+00
1.5770706967e+00 2.3707971081e+00 2.3643491935e-01
-8.6435986791e-01 -1.6617949366e-02 -6.8869432239e-01
-9.9296257231e-01 9.6324157865e-01 3.4365831011e-02
-1.1456177549e+00 1.5111581537e+00 1.7856935752e+00
1.2496789160e+00 -8.4773599471e-02 3.5590962362e+00
5.3446745100e-01 -1.7106660547e-01 5.4810355418e-01
-2.1929087808e+00 -3.4533547729e-01 -6.4088535210e-01
-3.0000000000e+00 -9.8625614387e-01 -9.1382393767e-03
4.6582978575e-01 1.2915717604e+00 5.4643726875e+00
-7.4724700943e-01 2.5051491831e+00 1.0585768177e+00
-5.2407222047e-01 -2.5167379610e-01 2.4887975865e+00
2.1800765555e+00 9.2456297692e-01 3.8993995570e-01
-2.6569858897e+00 1.3674200841e+00 -2.0978270773e-02
2.2472731948e+00 1.2770308034e+00 1.7950580341e-01
-4.2836331483e-02 -6.4507747243e-01 2.1036018073e+00
8.6669875812e-01 -6.1490510075e-01 1.2747295791e+00
1.2361100870e+00 -8.7231528695e-01 1.1867348911e+00
-6.3834898120e-01 3.4766140640e-01 -1.3874902616e-01
-5.8876579466e-01 1.9494732071e+00 4.4326659066e+00
2.0667730260e+00 -1.5161269935e-01 1.1712112711e+00
1.4604862760e+00 -9.6680260122e-01 9.9549986525e-01
9.1062181354e-01 -9.3667143863e-01 -2.6179911528e-01
1.0369954058e+00 -1.3623467326e+00 -2.0180143623e+00
5.1047035710e-01 -3.6754890599e-01 5.0465164101e-01
-1.2869467270e+00 1.3173537826e+00 6.6428544062e-01
-1.3776413146e+00 -6.3138130413e-01 -4.2923349867e-01
-1.8162008593e+00 1.6734954969e+00 1.5859614133e-01
1.6842667356e+00 3.9310458419e-01 2.2467201911e+00
-9.4543634771e-01 1.5323210891e+00 3.0218141042e+00
-1.6170102679e+00 1.9989783908e+00 3.7305509688e-01
1.3998577778e+00 -5.7703539868e-01 2.4791275080e+00
4.3130645405e-01 1.2176620508e+00 5.0304042032e+00
-1.2829223978e+00 2.7257000681e+00 1.6989358550e-01
9.7795597852e-02 -2.6557546166e-02 6.5351092460e-01
-1.9635562135e+00 7.4539475800e-01 -8.9260111928e-01
2.9052820095e+00 7.6770307094e-01 2.9094617067e-02
-1.0790913015e+00 -1.3229732813e+00 8.2706216417e-01
-4.2716643888e-01 -5.5072027180e-02 1.9075537590e+00
-1.0182526360e+00 2.2773687814e+00 1.1959674269e+00
2.1831934253e+00 -1.2280015618e+00 1.6914692962e-01
-1.7847437874e+00 -1.9714178258e-01 -1.7881455058e+00
1.0289501354e+00 -1.4482311296e+00 -2.3369800296e+00
2.1085579449e+00 1.1042932929e+00 3.6747134746e-01
-1.0949099977e+00 -3.5406213696e-01 -5.9967843515e-01
-1.0993872352e+00 9.0104982222e-01 -7.2291965662e-01
-9.8819948269e-01 1.7580030778e+00 2.7315350368e+00
2.2389121464e-02 -1.6679767205e+00 -6.1642072488e+00
-6.0688590736e-01 1.3268860792e+00 4.7463219600e+00
-7.8855372811e-01 3.0000000000e+00 1.6076987882e-01
-3.3410103921e-01 -4.5124453051e-01 3.4381856769e+00
-3.0000000000e+00 -1.8318257076e+00 7.2764562754e-04
2.2104556803e+00 9.0457733766e-01 3.6613139229e-01
-1.1044395283e+00 1.5506692456e+00 2.0666181209e+00
-1.5515057930e-01 -5.3477213479e-01 2.9041259140e+00
-1.3520312024e+00 -2.3761787556e-01 -2.1314393693e+00
-9.6162858864e-01 1.4569439988e+00 2.7572022976e+00
7.1115476390e-01 -2.1915387278e+00 -2.4547201911e+00
3.7572795816e-01 -1.8253896220e+00 -5.7810297615e+00
-1.6542313487e+00 1.0585483365e+00 -6.5687124191e-01
6.7066682361e-01 -2.4234478277e-01 1.1000567646e+00
1.5717303062e+00 1.9520421466e+00 5.9735053580e-01
-3.4862633617e-01 7.7601848741e-02 1.5369145046e+00
-1.4766740222e+00 1.2478346896e+00 -1.8690484503e-02
-1.0533194897e-01 -8.5436377868e-01 1.4018063851e+00
-4.1631585317e-01 -3.1308850478e-01 3.0036067650e+00
1.3406628215e+00 -7.0522212008e-01 2.0347047255e+00
1.6012216178e+00 -8.8793521537e-02 2.9278010815e+00
2.1888547507e+00 -2.8947569225e+00 -2.7103727362e-03
7.1832145253e-01 -1.3295708567e+00 -3.8781089951e+00
-1.8936586566e+00 2.3897755836e-01 -1.6696090766e+00
1.0945308948e+00 2.6871513027e+00 3.1160148378e-01
-1.8946531445e-01 -1.4063593807e+00 -3.8547274780e+00
-9.5591582407e-01 1.2225068066e+00 1.8011060184e+00
1.9768083285e-01 7.9269548759e-01 1.4748048757e+00
-6.3383663854e-01 -2.2750342907e-01 1.8573050375e+00
-6.9302836451e-01 1.5495874478e+00 4.8795444496e+00
1.8566895505e+00 -8.7182391022e-01 8.9140052706e-01
-1.3299798307e+00 -1.7099733504e+00 1.3124105755e-01
7.0819232817e-01 -1.7314627624e-01 1.3147259418e+00
-3.0000000000e+00 -2.6937853177e+00 1.8542270306e-04
1.4607576739e+00 5.2130775008e-01 2.5899724221e+00
-7.6966899541e-01 3.5984194916e-01 -8.9807739622e-01
2.2242258725e+00 -1.6354299996e+00 1.5743077588e-02
1.3060763993e+00 8.2737273182e-01 2.1575346275e+00
-6.5203392501e-01 6.4947226179e-01 2.4655051390e-02
-2.2351669267e+00 -2.1519258136e+00 1.8147936366e-02
1.1836485494e+00 2.5907269422e+00 3.5397997053e-01
1.1456248134e+00 3.0000000000e+00 8.1139632130e-02
-6.6879181577e-01 7.6639295169e-01 4.2168194016e-01
-2.9858392849e-01 5.9228950236e-01 9.0576397471e-01
7.2652431545e-01 -1.1927109883e+00 -2.9704664688e+00
2.8420408525e+00 -7.8775362165e-01 3.9893321169e-02
-1.8213557381e+00 -4.3703268295e-02 -1.8768090112e+00
-1.0932845581e+00 -1.6163549229e+00 6.2759441168e-03
9.9767463081e-01 -8.4702117938e-01 6.4182301760e-01
-2.1154470505e+00 3.4725056747e-01 -9.4362189218e-01
1.3099615635e+00 2.2776454246e+00 6.3540077169e-01
7.6347773099e-01 7.5743797075e-01 1.6996287695e+00
-3.0000000000e+00 1.5244235114e+00 -2.7823954687e-03
3.4252365182e-01 2.4386576581e+00 2.0038179477e+00
-3.0000000000e+00 1.9272783130e+00 -1.4193787011e-04
-1.6179002650e+00 3.4360905254e-01 -2.4889767588e+00
-1.4496857177e+00 1.6198967916e+00 7.2698219479e-01
6.8362374961e-01 5.9213252360e-01 1.1289669881e+00
-5.8756826341e-01 -1.2901373007e+00 -3.6668766566e-02
-7.2237784314e-01 2.4407946075e-01 -4.6224207963e-01
-4.4313684139e-02 -4.9710248879e-01 2.2630180611e+00
1.6003621493e+00 1.9737451042e+00 5.2952934659e-01
1.2291090097e+00 1.1626535742e+00 2.1337043008e+00
2.7249166489e+00 3.0000000000e+00 1.9323262541e-04
2.4305808568e+00 -3.3699639104e-01 3.4728131693e-01
-1.5835408395e+00 1.2613852162e+00 -1.1497795406e-01
-3.0000000000e+00 1.3682641885e+00 -5.0176341363e-03
-3.0000000000e+00 2.3134442604e+00 2.0430490297e-04
2.3138609168e+00 1.4367067994e+00 1.0839901393e-01
-2.5977469839e+00 5.6542991147e-01 -1.5935292349e-01
-2.0055897682e+00 -6.7869839320e-01 -5.2121857367e-01
-1.8009049384e+00 1.4481800673e+00 2.3354152756e-02
-7.1279581238e-01 5.4198094973e-02 1.1936537261e-01
9.7432786857e-01 1.4324614599e+00 3.3612106723e+00
2.4836340416e+00 2.7113919314e-01 2.9124636652e-01
-5.9434496378e-01 1.1442021852e+00 3.5246909906e+00
-1.1208526798e+00 2.1261325152e+00 1.3062520917e+00
-8.6387800525e-01 1.3173575831e+00 2.8875985224e+00
1.3484304573e+00 -4.2303731844e-01 2.9842475986e+00
-1.7962817170e-01 1.1963658037e+00 5.7331480363e+00
-1.3075959390e+00 1.4760123094e+00 1.0022853783e+00
1.3928953831e+00 1.2696973113e+00 1.6405389075e+00
-3.1663975403e-01 1.9039068316e+00 6.0346134323e+00
-1.6841762954e+00 1.1704946975e+00 -3.7582962002e-01
1.2581873138e+00 1.5468958438e+00 1.9881789193e+00
-1.0358883183e+00 6.6920205273e-01 -1.6335578774e+00
-9.2301470062e-01 1.7388011534e+00 3.1592021572e+00
1.7316975918e+00 1.3093486221e+00 7.8083935353e-01
-8.7306267602e-01 -2.6592476032e-01 4.1974352866e-01
1.0379747828e+00 -1.2206799249e-01 3.0503786502e+00
2.1913258777e+00 -9.8334396209e-01 3.2120167465e-01
7.2883314820e-01 -1.6500521233e+00 -4.5473187189e+00
2.3342776828e+00 1.6575313865e+00 6.8288592497e-02
1.5389276070e+00 1.9087569831e+00 7.0252113109e-01
-9.1817506992e-01 1.5760090200e-01 -1.5574977847e+00
1.8185367492e+00 2.6141099159e+00 5.0378272067e-02
1.1979905039e+00 -9.1851046208e-01 8.7248570247e-01
-8.9619427737e-01 -5.3113516598e-02 -7.7217653760e-01
-1.2443149092e+00 1.2475536313e+00 5.5707558986e-01
2.7030774939e+00 -2.2808506913e+00 -4.3841280137e-04
-1.7590680903e+00 -4.3582961861e-01 -1.3158303709e+00
-1.7278071585e+00 7.0064567215e-01 -1.4935844492e+00
1.5334244548e-01 -6.4091804059e-02 5.2376829279e-01
2.0597791572e+00 2.1888457026e+00 6.9885043625e-02
-1.4509378754e+00 8.1698644150e-01 -1.5587719032e+00
-9.4859250062e-01 -8.6167533296e-01 2.1819432898e+00
-1.3378775105e+00 -1.8472817671e-01 -2.3118296958e+00
-3.0000000000e+00 -2.1716753754e+00 6.2131575953e-04
-1.5095753465e+00 1.8384262386e-01 -2.8787449989e+00
-7.3554202052e-01 2.4764723855e+00 1.1730145812e+00
1.5321098320e+00 -8.2242399030e-02 3.1591614919e+00
-1.7785776222e+00 -1.0108711123e+00 -4.8962626581e-02
-1.6311608837e+00 -3.0000000000e+00 5.2539538115e-03
-2.4245070243e+00 8.9107484182e-01 -1.8416572144e-01
1.8724638501e+00 -2.9271100485e+00 -1.0235261479e-02
-1.3030959014e+00 1.3889223783e+00 8.2086746971e-01
1.0002705704e+00 6.6089683665e-01 2.1978911200e+00
1.5243358869e+00 2.1647658528e+00 4.5850031848e-01
-1.3182524158e+00 -3.8619732753e-01 -1.3985732050e+00
1.7990378067e+00 1.0809613570e+00 8.4857942648e-01
-1.7733585329e+00 1.8570513174e+00 2.2537832366e-01
-2.2574030705e+00 2.7352245735e+00 4.8611493199e-03
2.0520862415e+00 1.7250373104e+00 1.7785331745e-01
-5.1826776576e-01 -7.1481802178e-01 3.6960525778e+00
2.1397943899e+00 1.4878165562e+00 1.8706474889e-01
-4.5738110065e-01 -5.5890373014e-01 3.7247675127e+00
1.5083396975e-01 -3.9664346300e-01 1.0883142761e+00
1.8853957451e+00 1.8864216051e+00 2.4601439705e-01
1.3885724908e+00 -9.1841242647e-01 1.1574091199e+00
-1.3826981534e+00 2.3467447156e+00 4.1151627141e-01
1.4572468834e+00 7.2005313981e-01 2.1375175919e+00
1.7701902704e+00 2.8154969651e+00 2.8627466625e-02
3.6011433047e-01 7.5518738388e-01 1.1139242589e+00
-8.1020014641e-01 -1.1607407746e+00 1.5459238861e+00
1.1612268929e+00 1.4558358315e+00 2.4547692181e+00
1.8521714618e+00 9.9816193224e-01 8.3483196439e-01
-1.0248572980e+00 -1.1100681741e-01 -1.3881326713e+00
-3.3098246399e-01 2.8424724415e+00 5.1519705598e-01
-2.1426443043e+00 2.9067918077e-01 -9.0300598102e-01
1.7079637652e-01 1.3313743597e+00 6.8489242419e+00
1.1748880851e+00 2.4783426493e+00 5.1309319943e-01
2.4483883333e+00 1.8488551735e-01 3.4554742420e-01
1.4760752459e+00 2.5499821547e+00 1.8797164720e-01
2.5715082611e+00 2.0476372556e+00 1.0649572448e-02
-1.0604626120e+00 -4.5954707480e-01 1.8782837109e-01
1.6117882778e+00 -9.8704312506e-01 9.0607910394e-01
4.6908004477e-01 -6.1330097025e-01 1.3166622583e-01
-1.1983818254e+00 1.8223668504e+00 1.5889246347e+00
8.3900139879e-01 1.5307798583e+00 4.1916415736e+00
2.2164360869e+00 -1.1265330686e+00 2.1051872778e-01
-4.2774251114e-01 1.1126969927e-01 1.3040868568e+00
-1.6742755560e+00 2.1802163247e+00 2.3292170390e-01
-1.2391166246e+00 2.6058367183e+00 2.8664317146e-01
-1.9828047612e+00 3.0000000000e+00 5.6872499968e-03
-8.1582938043e-01 2.1830386765e+00 2.1512889897e+00
2.3363909236e+00 -3.0000000000e+00 -7.9469132268e-04
9.7661470493e-01 -1.0013425748e+00 -3.8431395430e-01
1.3401045951e+00 2.1473318642e+00 7.8864885284e-01
-7.1600794422e-01 2.9771577260e-01 -5.1359856833e-01
-4.4476890293e-01 2.1326287185e+00 3.8299656790e+00
-1.5927082087e+00 1.3797243801e+00 1.2130064228e-01
2.1905249828e+00 2.0433243270e+00 5.7901910233e-02
1.5908990383e+00 1.2182294459e+00 1.1536779074e+00
2.7685608300e-01 -4.8923470123e-01 6.1469021954e-01
-1.3633729983e+00 1.4189995101e+00 6.9511155920e-01
-1.8410161609e+00 2.8632875387e-01 -1.8193149573e+00
2.4031782167e+00 2.5616886251e+00 5.4238029820e-03
-9.8145590650e-01 -9.4936685961e-01 1.9924835131e+00
2.0021542846e-01 -2.1498561042e+00 -3.8512930698e+00
-8.7738029054e-01 3.4152548051e-01 -1.5236957596e+00
-4.4946959362e-01 -3.5429513363e-01 3.1302153151e+00
2.8796514923e-01 2.0985475275e+00 4.5768416574e+00
-9.3639158850e-01 2.9578489463e+00 1.4897827274e-01
-4.5776467650e-01 -2.1545395499e+00 -2.2681566978e+00
-2.0119500490e-01 -1.1189070528e+00 -6.7955406715e-01
2.5655972405e-01 -8.1037236665e-01 -4.0194307466e-01
1.6668430117e+00 2.6853313427e+00 6.6042865232e-02
2.6968505490e-01 1.0269603618e-01 5.9552218842e-02
-5.3837933867e-01 6.0790061754e-01 3.9347882711e-01
1.6451483968e+00 5.0785662511e-01 2.1531245805e+00
-9.2524056478e-01 -1.1584742936e-01 -7.0982004624e-01
-1.9387983474e+00 3.0308167761e-01 -1.4820151257e+00
-1.1618064652e+00 4.4132287661e-01 -2.6269396494e+00
-2.2345268015e-01 5.7670651737e-01 8.8871379427e-01
3.0000000000e+00 2.4876043513e+00 3.0832920011e-04
-1.6864500749e+00 1.4261399900e+00 8.5914507236e-02
9.9102814959e-01 1.1621257003e+00 2.8073372568e+00
-1.9079948319e+00 9.3887982911e-01 -6.7914405978e-01
-2.5806200090e+00 1.2022789549e-01 -2.2354231202e-01
-9.3941105887e-02 -4.9637994718e-01 2.5523998662e+00
2.1298377871e+00 -8.7214429548e-02 9.9979579694e-01
7.2643150226e-01 1.9888201447e+00 3.5420994409e+00
2.1920759181e+00 6.6360155258e-01 5.4105635125e-01
-7.7743271820e-01 -5.6343237442e-01 2.5726240826e+00
7.5166023609e-01 -1.2161060564e+00 -2.9929121327e+00
-1.7760331489e+00 4.5776991129e-01 -1.8387966771e+00
1.7782441565e+00 -4.9599149413e-02 2.2554866812e+00
3.0000000000e+00 9.2963772556e-01 1.4125372314e-02
-1.3900149036e+00 3.1853192816e-01 -2.9688889177e+00
-9.6114345358e-01 -1.5306381311e+00 -4.4495220277e-02
6.5310007595e-01 -5.4704933348e-01 6.5477961207e-01
-1.6784536292e+00 -1.9447970109e-02 -2.3431802924e+00
2.5924909613e-02 -3.9433487061e-02 9.6283310434e-01
-1.3216906685e+00 -2.2875721273e-01 -2.1134218072e+00
-9.4468443397e-01 -3.9779902256e-01 6.2804645842e-01
-1.5379716022e+00 1.6526690100e+00 5.3580253908e-01
1.4472398650e+00 1.7398184490e+00 1.1148558638e+00
1.3580979865e+00 3.0000000000e+00 4.7852198325e-02
2.4346729931e+00 -7.5838103107e-01 2.2083143320e-01
-2.0200636736e+00 2.3584379424e+00 4.1811672449e-02
1.0814715556e+00 -9.3897379908e-03 3.2534444532e+00
-4.5470040363e-01 -2.7739708940e-02 1.7337007621e+00
-2.0669960017e-01 3.2299968649e-01 8.7805054748e-01
9.3001069604e-01 -3.0000000000e+00 -1.2584381151e-01
1.2067086079e+00 1.6794927896e+00 2.0659511881e+00
1.9411419983e+00 -3.0000000000e+00 -5.6050526514e-03
9.9762071559e-01 2.4623730019e+00 7.8536419837e-01
-2.4368812014e+00 1.0493095241e+00 -1.2409326428e-01
2.2795937006e+00 -6.7768588758e-01 4.1783462732e-01
-7.7660220575e-01 -3.9846214062e-01 1.8289113710e+00
-1.9199832310e+00 4.3553745468e-01 -1.4211918680e+00
1.4544036401e+00 1.1486049561e+00 1.5430844296e+00
-5.3515553538e-01 9.3354653585e-01 2.0961768383e+00
-1.7537784348e+00 -7.4755044794e-01 -5.1564090244e-01
1.9988360006e+00 2.4838202249e-01 1.3241537441e+00
-1.7955091463e+00 -1.2922587765e-01 -1.8621250649e+00
2.4887668598e+00 1.8147928287e+00 2.6233040814e-02
-1.9996676114e+00 1.0636133860e+00 -4.0149786395e-01
-2.6436578765e+00 -1.6258366704e+00 4.0122340057e-03
3.0000000000e+00 2.8708522101e+00 7.1975098462e-05
1.0013412067e+00 -5.4608236895e-01 2.0518221344e+00
-2.4647541809e+00 -4.2097856511e-01 -2.5261095143e-01
1.7802112330e+00 1.6236531134e+00 4.9902553357e-01
1.1498808337e+00 1.1389035534e+00 2.3353563722e+00
8.9232534433e-01 -1.3566552087e+00 -2.8969216081e+00
-2.9193323669e+00 9.2328206406e-01 -2.3383628953e-02
3.0000000000e+00 3.5108840935e-01 2.9046330248e-02
-9.8874336602e-01 8.5789208268e-01 -5.6636843812e-01
3.9577331575e-01 1.3350695761e+00 6.0723472237e+00
1.0977517256e+00 9.6749297436e-01 2.2914927776e+00
2.6973551446e+00 1.9555094783e+00 7.2085754657e-03
2.3561136476e-02 6.0052093660e-01 6.5058775982e-01
1.5840703485e+00 1.1762011353e+00 1.2054960012e+00
8.7933706100e-01 1.0566275053e+00 2.7491650350e+00
1.5674447678e+00 -1.1134989033e-01 3.0314896955e+00
1.5167046559e+00 1.3933919683e+00 1.2135657052e+00
1.7418397571e+00 1.7383714620e+00 4.8783152613e-01
-2.3063339870e+00 2.2590183754e+00 1.3630484068e-02
1.9081548198e+00 -7.6530107981e-01 9.8168052220e-01
1.7460854448e-01 -2.1442259873e-01 7.1099913653e-01
1.3804824618e+00 1.0878378996e+00 1.7666583935e+00
5.6745171404e-02 -4.8256804160e-01 1.6543652488e+00
-2.3079908227e+00 -1.7252446314e-01 -5.3618277572e-01
-2.8074759061e+00 -3.1462662559e-01 -7.4999085131e-02
-1.6904672194e+00 9.6020719012e-01 -8.9491410539e-01
-1.6102926742e+00 -4.3763836851e-01 -1.4649936618e+00
1.2868047430e+00 3.6285070237e-01 3.1519190522e+00
-2.8495743132e-01 6.9235846289e-01 1.2382186371e+00
-6.7582093716e-02 8.2527774860e-01 2.0459769897e+00
1.9099526884e+00 1.4700443895e+00 4.0373127834e-01
2.3210498024e+00 2.4723475841e-02 5.5879653327e-01
1.0055166855e+00 3.3110178054e-01 2.6667237065e+00
1.8024554820e+00 -2.4710818662e+00 -6.6353074305e-02
-3.0000000000e+00 2.8560206265e+00 5.6156576641e-05
-2.5319884623e-01 -1.0049114804e+00 9.6560641385e-01
-1.6813865946e+00 8.0455254564e-01 -1.3245370639e+00
1.6893760335e+00 2.7928774421e+00 4.1165017894e-02
-3.1428492570e-01 -1.3238230339e+00 -2.1436644749e+00
-1.2698173250e+00 2.2554984553e-01 -3.0060658264e+00
1.5961547497e+00 -8.6631658908e-01 1.2860774157e+00
1.8540362863e+00 2.1665563359e+00 1.5807544754e-01
3.7753920381e-01 -6.2518776262e-01 1.5450571010e-01
-2.8509909920e+00 5.8258561395e-01 -5.4010937099e-02
-7.2853330567e-02 1.0061695703e+00 3.7885517187e+00
-4.9580287385e-01 2.0910360978e-01 8.0223019127e-01
-2.2880169756e+00 3.8227454331e-01 -5.5909519629e-01
-6.7219107208e-01 -7.2895644018e-01 3.3815539776e+00
2.6895684366e+00 -4.5949532035e-01 1.1505227900e-01
-6.0421805459e-01 2.3416324638e-01 2.4782093631e-01
8.7379465360e-01 1.6872723271e+00 3.8304175977e+00
3.0000000000e+00 -1.6977657122e+00 1.7597467567e-03
-3.0000000000e+00 -2.0648670945e+00 7.0988491726e-04
-6.9251078230e-01 9.9460546622e-01 1.7816768809e+00
9.0790499182e-01 2.0635136192e-02 2.4797978565e+00
-1.9894136340e+00 -2.5525726437e-01 -1.1615756619e+00
-3.4119099966e-01 8.3397111709e-01 1.9763687031e+00
2.2421735879e+00 7.2499777472e-02 7.1550519746e-01
1.8754001494e+00 3.2389656928e-01 1.6754499247e+00
-2.1209761554e+00 -7.4189519550e-01 -3.4995229931e-01
1.5187004557e+00 2.3049071068e+00 3.3512230366e-01
1.8128347693e+00 -1.1280430230e-01 2.0991152816e+00
7.2921180823e-01 -1.2763627483e+00 -3.5080188327e+00
9.8370568285e-01 7.7179696796e-01 2.1515377359e+00
2.3983515562e+00 1.6482676132e+00 5.3502606777e-02
-1.3246654907e+00 5.5192694041e-01 -2.5302712335e+00
-2.4055336816e+00 5.4655590394e-01 -3.2928870329e-01
-1.1229090733e+00 1.0505627355e+00 3.1356631198e-02
-1.7672830427e+00 2.2850443570e+00 1.3479427757e-01
3.5814294061e-01 -3.0000000000e+00 -2.4390768788e-01
1.0510758766e+00 -1.4625687190e+00 -2.2383750745e+00
2.1835818250e+00 1.8060437415e+00 9.5056419381e-02
3.0038042125e-01 -1.8911443913e-01 3.4305847080e-01
-1.0409191538e+00 -1.6280711388e-01 -1.2571803847e+00
1.5327925658e+00 -1.0800056513e+00 6.2308951686e-01
1.2399476210e+00 1.1406639688e+00 2.0998928673e+00
9.5861273324e-01 2.5640063063e-01 2.5723340261e+00
1.4056216156e+00 -9.7501218579e-01 9.3340754334e-01
1.9817411865e+00 2.0619893057e+00 1.2526306577e-01
3.5228098234e-01 -6.5501137926e-01 1.0488663658e-01
-1.5867001491e-01 1.1195540796e+00 4.9714801321e+00
1.0599387577e+00 1.2616095646e+00 2.7627174046e+00
5.2599815699e-01 1.5696960506e-01 4.0142829257e-01
-1.6727500730e+00 1.8047893817e-01 -2.4439842389e+00
-1.2257213982e+00 -7.5064579217e-01 6.0365067263e-01
-1.9846063743e+00 1.7900801005e+00 8.1714041088e-02
2.5696813829e+00 1.7678710988e+00 2.0087868589e-02
-2.6618224387e-01 -3.1422250632e-01 2.8876484351e+00
4.2071689762e-04 -1.6316970080e+00 -6.0682132630e+00
-1.1536521485e+00 9.6239363345e-01 -5.5215438429e-01
8.6273352430e-01 -7.1390478709e-01 8.2940251739e-01
-1.5594356283e+00 -5.4754077835e-01 -1.0716029674e+00
-1.2177284126e+00 2.2380374882e+00 8.2550109540e-01
8.3569053620e-01 1.1317898962e+00 3.1384483583e+00
-7.6180373064e-01 7.7800721886e-01 3.4534037351e-02
-8.9464619148e-01 -3.4562563955e-02 -8.3446070914e-01
2.9438984356e-01 -5.6946782405e-01 4.7451563520e-01
-1.6553614872e+00 1.3455103083e+00 -8.2698514051e-03
-9.6020468354e-01 -3.2856653313e-01 1.3336995951e-01
-9.1391402000e-01 1.2391890001e+00 2.1474629721e+00
7.2530355558e-01 1.1385020747e+00 3.4713099175e+00
-3.2390298395e-01 -1.5782160179e-01 2.3931686005e+00
-1.4616043887e+00 5.6665094783e-01 -2.3851274418e+00
-4.4339887598e-01 6.7993982123e-01 9.1111369134e-01
-1.1520503404e+00 -2.4309339770e+00 -1.4568229028e-01
1.5141585453e+00 3.0000000000e+00 3.0682086967e-02
-3.0000000000e+00 2.5435188140e+00 1.4369700924e-04
1.0916073056e+00 -6.3796490755e-02 3.2733876264e+00
5.0382310054e-01 2.4074320294e-01 2.9464128779e-01
-2.6131873495e+00 1.8184555338e+00 1.2604888985e-04
1.7201125252e+00 4.1934850913e-01 2.0812279860e+00
1.4683181222e+00 -4.2386358824e-01 2.8194487054e+00
-2.0229149024e+00 2.2512035567e+00 5.1793888459e-02
5.2083473594e-01 -9.7923754662e-01 -2.0106172557e+00
-1.4209257747e+00 4.5971045135e-01 -2.7049963149e+00
-4.4030721345e-01 6.2443623181e-01 7.4588276146e-01
-1.0053571992e+00 1.8082846472e+00 2.5509353347e+00
-1.7348914650e-01 1.6282299444e-01 1.1526645535e+00
8.4736299902e-01 -3.6366073019e-01 1.8615814872e+00
-3.0000000000e+00 -2.3623283748e-01 -3.3280924713e-02
8.1170773379e-01 -7.3556889892e-01 5.1733834479e-01
2.0877904313e+00 1.9903514192e+00 9.7209237979e-02
-2.4970198210e+00 2.1111577499e+00 5.6987969347e-03
-1.4095276116e-01 -3.0000000000e+00 -2.2385418976e-01
-1.1979071403e+00 6.5773918646e-01 -2.0823140651e+00
-1.2015878735e+00 1.7822816856e+00 1.6122339164e+00
-1.5710087443e+00 -7.9016958694e-01 -2.7784716776e-01
4.2171719782e-01 -1.2961867513e-01 2.7306224108e-01
-1.5395649812e+00 2.9080566221e-01 -2.7548597330e+00
1.0685793129e+00 1.4687087528e+00 2.8942920645e+00
5.3428538270e-01 -5.7926719904e-01 2.8198079297e-01
1.3747076511e+00 -2.4053061446e-01 3.3462132050e+00
2.0136951162e+00 1.7430799160e+00 1.9817037461e-01
-5.8795556204e-01 8.2305472616e-01 1.0998027211e+00
1.4969013436e+00 2.8848403061e+00 5.2448992454e-02
-4.9974232814e-01 8.1090754079e-01 1.3783084332e+00
2.9549307705e-01 4.5902011956e-01 1.6049783897e-02
-2.7037452697e+00 7.6369346142e-02 -1.3734273676e-01
2.1873781354e+00 1.9543980930e+00 7.0660784040e-02
-1.0217430321e+00 1.8122674981e+00 2.4538598487e+00
-4.0206520773e-02 -1.6582253257e+00 -5.9065005985e+00
3.0000000000e+00 -7.0442081272e-01 2.1062627713e-02
2.0914710699e+00 9.2689030717e-01 5.0339530059e-01
-1.0310411936e+00 3.2046566590e-01 -2.3159692006e+00
-1.3692644896e+00 7.1219460623e-01 -1.9862730826e+00
-2.5261146762e+00 -1.5535879411e+00 6.2069130437e-03
-6.1748448612e-01 3.0000000000e+00 2.0468726889e-01
-1.2177304548e+00 -6.6362138770e-01 3.1530979886e-01
-1.5353385219e+00 1.8725752155e+00 5.5289173416e-01
-6.3564115259e-01 -8.9519591894e-01 3.0580346520e+00
-1.5167925940e+00 6.7238066931e-01 -1.9899354452e+00
1.9725330883e+00 2.9577077441e+00 7.5772448461e-03
-1.5478950999e+00 -5.3047899706e-02 -2.6099820432e+00
-1.4033337361e+00 1.5490349497e+00 7.9307513958e-01
1.4182314325e+00 1.3189626260e-01 3.3966872859e+00
-1.5889603564e+00 -1.5757770386e+00 2.3969178341e-01
2.1023226269e+00 -9.4439204521e-01 4.4436743082e-01
-3.0000000000e+00 2.2277712774e+00 2.0317613300e-04
1.4699463407e+00 9.4700180613e-02 3.3140669172e+00
2.1036690791e+00 9.8942603670e-01 4.4318422378e-01
-2.1922255471e+00 1.9616216742e+00 3.1380388515e-02
2.5197601235e+00 1.9209115620e-03 2.7530516376e-01
5.2319181697e-01 7.2878881460e-01 1.0986558295e+00
-6.3729357856e-01 5.2936932222e-01 -1.5624610616e-01
-1.6855116181e+00 6.4164128725e-02 -2.3881208928e+00
1.5134098496e+00 2.2126407667e+00 4.2539693047e-01
6.0278769566e-01 9.6828747490e-01 2.5825122398e+00
8.3210912472e-01 1.3611042602e+00 3.9857025232e+00
1.0138558263e+00 1.6795447462e+00 3.0259446731e+00
1.2370977684e+00 2.0757253153e+00 1.1698700446e+00
1.3137217120e+00 -4.7338361579e-01 2.8568434054e+00
-2.2102352434e+00 -3.0000000000e+00 1.9071887254e-03
1.9699732951e-01 -6.1542518894e-01 7.5988360134e-01
-3.0000000000e+00 -1.0972139953e+00 -6.3275630080e-03
-1.6479253378e+00 1.4726577941e+00 1.8836976185e-01
8.4611777769e-02 -9.3024044007e-01 -5.3875891276e-01
-1.4282048172e+00 7.4079170295e-01 -1.8556538075e+00
1.5620349356e+00 7.7912704554e-01 1.8016354558e+00
3.0000000000e+00 -2.1086060794e+00 2.1216478001e-04
1.2503985575e+00 2.0515266358e+00 1.1842064788e+00
-6.8032760439e-01 1.5455764526e+00 4.9705600865e+00
2.3767547422e+00 1.5468295292e+00 7.0198436677e-02
7.1877734203e-01 -3.7970122490e-01 1.2158933547e+00
1.1494716536e-01 1.0025363913e-02 5.2811343755e-01
1.2431623727e+00 9.2173058629e-01 2.1314703336e+00
-4.1066198194e-02 -2.0466207259e+00 -4.3521338663e+00
-1.6468953437e-01 2.7844124531e+00 6.9960864900e-01
1.0860568490e+00 1.7018715072e+00 2.6041851787e+00
-4.9594611137e-01 -5.8891267114e-01 3.7330791208e+00
1.8326694783e+00 3.6826542109e-01 1.7711556305e+00
-5.7016358086e-01 1.2868698091e-01 7.1564100935e-01
-2.4907547631e+00 -1.0562007389e-01 -3.0146957269e-01
2.4096871544e+00 1.8507830142e+00 3.4476786454e-02
-3.0000000000e+00 -6.6605554391e-01 -1.9629767862e-02
-2.5984912103e+00 9.0498220446e-02 -2.0916125728e-01
5.1754805521e-01 9.1147648960e-01 2.2133405469e+00
-3.1222175438e-01 1.1261550309e-01 1.4406499836e+00
-1.7863851816e+00 2.6040401521e+00 5.3198421412e-02
3.7728534706e-01 -4.3145266776e-01 4.2450779879e-01
6.3380686581e-01 -8.6660737783e-01 -8.8618564773e-01
2.4044687875e+00 -2.2627726096e-01 4.0326133496e-01
6.6668370527e-01 8.9945065265e-01 2.1426633600e+00
2.8114083116e+00 3.6191813551e-01 7.0747906644e-02
-8.9384708656e-01 7.8913625205e-01 -5.3317914124e-01
2.8253900011e+00 2.3683006411e+00 1.2070517388e-03
4.9750291473e-01 -9.8274452307e-01 -2.0764092381e+00
-8.5628293601e-01 -8.4845003916e-01 2.5980626994e+00
1.2644663283e+00 1.1989157329e+00 2.0384846112e+00
-3.0000000000e+00 -2.1056105967e+00 6.7904339889e-04
-1.5047234094e+00 -6.7283876126e-01 -5.5062280467e-01
-1.2832515774e+00 1.5572288348e+00 1.2217852827e+00
2.8737985324e+00 -1.2914650870e+00 1.2065568378e-02
-8.5093514436e-02 -3.9538538981e-01 2.3668353637e+00
1.3460341967e+00 1.3979374634e+00 1.7376822964e+00
1.8030939383e+00 4.2797898055e-01 1.7883753875e+00
1.2052075120e+00 -2.6333569298e-01 3.3074117570e+00
-1.8459928210e-01 3.6474464125e-01 7.9548762188e-01
2.6990095054e+00 8.0837409887e-02 1.3216358870e-01
-1.9999357146e+00 2.8325700173e+00 1.0450825110e-02
8.9605101078e-01 5.3054596479e-01 1.9631998785e+00
8.8675923703e-01 -5.5189797472e-02 2.3589069089e+00
2.1237603997e-01 5.1416239727e-01 1.4311080571e-01
1.3544067751e+00 5.8436347540e-01 2.5939550874e+00
-1.9880997482e+00 -1.0101392109e+00 -1.2014827284e-01
1.6642458141e-02 3.3274008508e-01 3.9154796306e-01
6.3080164325e-01 -2.9867570349e-01 8.9905076977e-01
-2.5241154728e-01 -3.9069995772e-01 3.0860233588e+00
-2.2861554498e+00 3.0000000000e+00 1.5270301675e-03
-1.5443498716e+00 -1.2377420398e+00 3.8697201643e-01
-1.4509438913e+00 -9.9819169299e-01 4.0584806818e-01
2.6034986363e+00 -2.1575198168e-01 1.9082625595e-01
2.1485204924e+00 -3.0000000000e+00 -2.1334297748e-03
-1.7235111996e+00 2.5330856694e+00 8.3081824859e-02
6.2175745461e-01 1.0202612440e+00 2.9268805307e+00
3.9053469376e-01 -1.1820567306e+00 -4.0250498075e+00
8.9205593305e-01 -6.2797618521e-01 1.3270105142e+00
-5.7542328794e-01 1.9537474774e+00 4.4783946468e+00
-8.4057614176e-01 1.6820207139e+00 3.7832974820e+00
-1.1167938870e+00 1.6366891299e+00 2.0667812089e+00
2.7606535503e+00 1.3521379161e+00 1.9706051044e-02
-6.5423752803e-01 -2.6306824040e+00 -4.3745328725e-01
-7.0009082110e-01 -2.4179145504e+00 -7.5642804450e-01
1.7423004687e+00 2.7302041938e+00 4.3582029168e-02
3.0000000000e+00 -2.2182457888e+00 8.9879905163e-05
5.3566906380e-01 -2.4635904160e-01 5.6798244036e-01
-1.5879774050e+00 2.9056944826e-01 -2.6317324607e+00
1.2368382262e+00 1.6867680207e+00 1.9258730823e+00
-4.2581673372e-01 9.5556178101e-01 2.7083420462e+00
-8.8189078313e-01 1.1864817642e+00 2.0311490412e+00
1.5974373087e+00 1.8000003097e+00 6.9147808301e-01
-2.2078006916e+00 -2.4286968639e-01 -6.8346050239e-01
-1.3806371670e+00 -5.6192456175e-01 -7.3843889383e-01
-8.4529580136e-01 1.1257731082e+00 1.8553967713e+00
2.6889959319e-01 1.5106084717e+00 7.4333798103e+00
-1.6782558806e+00 5.5882485565e-01 -1.9388063402e+00
-1.5576071223e+00 2.5794273538e-01 -2.7384101484e+00
1.7549340938e+00 1.9571177564e+00 3.3688942606e-01
1.0814363307e+00 6.7901448720e-01 2.3333351781e+00
-7.6725749612e-01 -1.6391193404e-01 6.6560359864e-01
-1.5857111500e+00 -3.0000000000e+00 5.0641525377e-03
-5.9019269782e-01 -8.0119239093e-01 3.4473831382e+00
9.8057285388e-01 1.3313052567e+00 3.2008874665e+00
1.1294771913e+00 1.1127597122e+00 2.3636937342e+00
-4.1156424085e-01 4.8386585655e-01 6.3286028662e-01
-1.7133819652e+00 1.6252965411e+00 2.3862955761e-01
2.9085594187e+00 2.1430813423e+00 1.4848779028e-03
-1.5569989902e-01 -3.7920820696e-01 2.6837081183e+00
-1.2489181241e+00 2.1095073223e+00 9.8021364072e-01
-2.1003669712e+00 -6.9897154736e-01 -4.1233928453e-01
3.0000000000e+00 -3.0367456654e-01 3.0619048480e-02
1.3339166431e+00 -1.1627450659e-02 3.5744019776e+00
1.0951883913e+00 -2.7904404597e-02 3.2951289244e+00
-1.2291304556e+00 2.8801288811e+00 1.0828086580e-01
1.7421942984e+00 -7.1629244014e-01 1.4401783217e+00
-7.7190280847e-01 -1.9752072769e+00 -1.3840454529e+00
2.8777186581e-01 -6.7732688744e-01 1.9656564629e-01
4.1373197868e-01 2.9157994166e-01 4.6381070019e-02
-5.4773350469e-01 1.3880068168e+00 5.4777358601e+00
-3.0000000000e+00 2.0584642413e+00 1.0056146419e-04
1.0178992688e+00 1.7876504463e+00 2.7753135737e+00
1.1727604756e-01 -9.1768571740e-01 -6.0930674275e-01
-1.4253033531e+00 1.0439696340e+00 -6.6235582013e-01
-1.8916286119e+00 2.6761889420e-01 -1.6604522568e+00
-7.0152017877e-01 -1.0642012854e-01 8.4911855891e-01
-9.4144631186e-01 -6.1001567609e-01 1.6985065482e+00
1.1220373691e+00 -1.4009031338e+00 -1.6682727326e+00
3.6437350691e-01 -1.2198088087e-02 1.3374774990e-01
-7.6448278029e-01 2.4392797276e-01 -7.2820784965e-01
2.4407135458e+00 1.2342427040e+00 9.5514611182e-02
-6.8181360860e-01 -6.8657246495e-01 3.3376815606e+00
-1.2865632424e+00 1.2868846576e+00 5.6174971159e-01
-3.5367338906e-01 -5.5261760137e-01 3.6464405524e+00
1.2761308558e+00 1.9048271806e+00 1.4018740449e+00
3.6761958152e-01 7.8396148432e-01 1.3022014315e+00
-1.3652477835e-01 -7.3303689920e-01 2.3776009923e+00
-7.0835021682e-01 1.2288254421e+00 3.4309325437e+00
2.8498745954e+00 2.4106925205e+00 9.2446442156e-04
-1.9452899682e+00 -7.7502441040e-01 -4.1647361618e-01
1.4468365256e+00 1.2849107753e+00 1.4764993235e+00
2.3613261935e+00 -7.9180261049e-01 2.7076253403e-01
6.1837223149e-01 2.5558306557e+00 1.0841744421e+00
1.5145242816e+00 1.7839023480e+00 8.8890994030e-01
-1.4951590244e+00 1.1553689483e+00 -3.2660376798e-01
-2.6656026840e+00 8.9885378264e-01 -7.3563190515e-02
6.9763060948e-01 -1.1639385465e+00 -2.9113541608e+00
-7.8967754010e-01 1.5910409835e-02 -2.7639709604e-01
1.8849746711e+00 5.5656887805e-01 1.3448873509e+00
-2.8210836515e-01 1.7984883784e+00 6.8489512736e+00
5.4158757068e-02 -1.3665154585e+00 -5.0357615716e+00
1.1111748598e+00 1.1909471381e-01 3.2970586835e+00
1.3265604848e+00 1.8608559998e+00 1.3150517330e+00
-1.8093221063e+00 2.0183222474e+00 1.7713011019e-01
1.1756308415e+00 -2.5700397615e+00 -3.7428258202e-01
-1.4465283983e-01 1.5143746909e+00 7.8885732835e+00
-4.4087729034e-01 -8.2201299965e-01 3.2823042065e+00
9.5556690162e-01 4.8610073142e-01 2.2394302019e+00
3.5488415120e-01 -1.6066030988e-01 2.6563746838e-01
-8.0545198159e-01 -6.3139005453e-01 2.6264354732e+00
-1.4891720183e+00 -5.2275401089e-01 -1.1094325082e+00
-2.1956815765e+00 -4.4351464725e-01 -5.5718487224e-01
1.3449954190e+00 6.5657630563e-01 2.4364023008e+00
2.2882033715e+00 1.2290673615e+00 1.6853481165e-01
-2.0958607020e+00 -4.8034419792e-01 -6.7356287782e-01
-2.0381155013e+00 3.0000000000e+00 4.5389357164e-03
1.5114870025e+00 2.2023000328e+00 4.3797890110e-01
8.9179088042e-01 -2.5575819674e-01 2.2406557577e+00
1.9412477338e+00 7.0247320900e-01 1.0038741982e+00
1.3235925583e+00 -7.3181781172e-02 3.5652370925e+00
2.1269170179e+00 -3.8086963906e-01 8.9030674702e-01
-7.2726965324e-01 9.4278373521e-01 1.2187149695e+00
-8.5803984549e-01 8.6360711788e-01 4.4956039307e-02
-7.6471787004e-01 5.6361172137e-01 -7.4078384342e-01
-2.7667260038e+00 8.2478310124e-01 -5.5299707204e-02
-2.2030209421e+00 -2.4263095365e+00 1.0756222229e-02
-9.7490236291e-01 -1.8844640645e-01 -7.1084327305e-01
1.1537513759e+00 4.1540281799e-01 2.9285282180e+00
-1.2623394213e+00 1.7904136197e+00 1.3592694800e+00
-1.6994595812e+00 4.6368958922e-01 -2.0638553211e+00
-2.0712472465e+00 -2.3641837607e+00 1.7745196042e-02
-3.8223434242e-01 -2.6081466445e-01 2.8116635783e+00
7.5592008161e-01 -6.9599352444e-01 4.9121270524e-01
1.4240180783e+00 -9.7127922069e-01 9.6137242799e-01
3.0000000000e+00 -1.2626752078e+00 7.1930298937e-03
1.8388103137e+00 3.0000000000e+00 1.0443350857e-02
1.8655901323e+00 1.1254000662e+00 6.8848499155e-01
5.7460959621e-01 -1.3093771947e+00 -4.5349578362e+00
8.1036648624e-03 -2.4599702733e+00 -1.7709578882e+00
1.3925352577e+00 1.6791980581e+00 1.3525544533e+00
-1.7188712855e+00 1.1580020903e+00 -4.0254933113e-01
1.7589029550e+00 2.8702617859e+00 2.3950883661e-02
1.7660712471e+00 1.4657551841e+00 6.1488661944e-01
2.0946043865e+00 2.3570259089e+00 3.9183278474e-02
6.2285692280e-01 1.7124835267e+00 5.3627233869e+00
-1.6413762204e-01 1.0665365767e-01 1.2725732405e+00
2.1750484926e+00 -8.7825378518e-01 4.1655021659e-01
-2.3435141615e+00 1.6660651199e+00 -2.1863882988e-03
-5.1522730187e-01 -3.4213180679e-01 2.9298899483e+00
-1.1951655155e+00 2.7757001125e+00 1.7629620074e-01
2.2983164161e+00 1.4698430075e-03 6.0290343460e-01
-1.6565629124e+00 1.5467969261e-01 -2.4984845393e+00
-1.6085880835e+00 1.2157878796e+00 -2.4427469834e-01
6.5969751040e-01 -5.7346081829e-01 6.0599577269e-01
-1.7058809245e+00 -1.2644444483e+00 2.0984500733e-01
-1.2327815210e+00 1.2430550061e+00 5.7967148719e-01
-1.5058280424e+00 -6.9048869069e-01 -4.9004612658e-01
2.0096193699e+00 1.4296665139e+00 3.1253334516e-01
-1.6058763635e+00 3.8860211764e-01 -2.4598796689e+00
2.5373739572e+00 -1.1361923385e+00 7.2417400944e-02
2.0878883162e-01 -5.9902183340e-01 7.4276302554e-01
1.9250245291e+00 1.6542497176e+00 3.0486051037e-01
5.2678711933e-01 -2.3995981154e-01 5.4141588005e-01
-1.2777552892e+00 7.2460293333e-01 -1.9122349986e+00
1.5479022234e-01 -1.2398132398e+00 -4.2496405943e+00
-1.2990560944e+00 1.6173354216e+00 1.2160431265e+00
1.5465752624e+00 1.4752058366e+00 1.0769281810e+00
-1.3945250754e+00 -8.9388482362e-01 3.7214007209e-01
-1.1359613696e+00 3.2858730735e-02 -2.4355333395e+00
-2.0575312234e+00 -3.0000000000e+00 2.9384455665e-03
-1.0723922068e+00 -1.8079072305e-01 -1.3583468932e+00
-3.7728449818e-01 -1.6856059782e-01 2.4348214552e+00
-1.3702591565e+00 -1.5171143734e+00 3.6158195431e-01
1.8917503512e+00 1.0822212260e+00 6.8232503121e-01
-3.8962472137e-01 1.7047949618e+00 6.7639897566e+00
2.7227308450e+00 4.2862790048e-01 9.9354300780e-02
-1.2649350707e+00 -1.7214250660e-01 -2.2072682295e+00
-5.8484727145e-01 9.1623053571e-01 1.7410712426e+00
2.5682271709e+00 1.2419180125e+00 5.6690446815e-02
1.6803236811e+00 -1.8460196017e+00 -2.9465323995e-01
-6.4338263127e-02 -2.8382841294e-01 1.9971503631e+00
1.1831378277e+00 1.5957706326e+00 2.2739954909e+00
8.3104570540e-01 7.9723451931e-01 1.9329783051e+00
2.8445915240e+00 -1.1589149412e+00 1.9311599274e-02
1.0325516748e+00 -2.2103654669e-01 2.9264452521e+00
-2.8826972978e-01 7.9875245435e-01 1.8188250426e+00
5.8840737044e-01 1.8006906026e-01 6.5390560855e-01
-1.1607794081e+00 1.0959775532e+00 1.4228830290e-01
1.6363705127e+00 2.5718867679e+00 1.0740688583e-01
1.8195049700e+00 2.4639599165e-02 2.0898494556e+00
1.0200242085e-01 -1.4605626672e+00 -5.8894299106e+00
-2.1137748504e+00 8.7107367859e-01 -4.9266563808e-01
1.4973731479e+00 2.5086958535e-01 3.0671296086e+00
-1.7039582226e-01 1.5370336210e+00 7.8659868914e+00
1.2364031243e+00 -2.9376506377e-01 3.2830733417e+00
-1.7861843977e+00 1.1289937351e+00 -4.4338205170e-01
1.0294608059e+00 -6.4632660578e-01 1.7596973583e+00
1.2292045597e+00 2.4928229608e+00 4.3220503515e-01
-4.5892274339e-01 -9.1595942418e-02 1.9805969538e+00
-5.6152217493e-01 -5.7871404851e-01 3.5954257561e+00
-2.2182173146e+00 3.1719286228e-01 -7.1894532203e-01
9.7459750475e-02 -9.3075365965e-01 -6.1980928690e-01
1.4959459075e+00 -9.0280267789e-01 1.2340409317e+00
2.3507095914e-02 2.9585656559e-01 4.0394751617e-01
-2.6451244862e+00 3.0233857124e-01 -1.6371918038e-01
1.5356883310e+00 1.1615317577e+00 1.3327863944e+00
-1.2354315172e+00 6.7686057310e-01 -2.0606886569e+00
-1.2927842572e+00 6.1589980158e-01 -2.3246607616e+00
2.2798852903e-01 -1.6392353343e+00 -6.5484488878e+00
2.1092909620e+00 3.2106167805e-01 9.5290120067e-01
1.2536484366e+00 1.6534101222e+00 1.8995611028e+00
-2.3489265105e+00 -2.2857001537e+00 9.3925518554e-03
-1.7324025907e+00 -9.9598867146e-01 -3.4152462321e-02
2.4169149695e+00 -3.7115963841e-01 3.5666719328e-01
1.5358330972e+00 -3.0000000000e+00 -2.6471610403e-02
-5.1877498566e-01 4.7121772734e-01 3.1797451140e-01
4.1413921482e-02 -3.5622201453e-01 1.5963142238e+00
-1.2643387802e+00 4.8787615811e-01 -2.6789766085e+00
1.5035073743e+00 1.3644623629e-01 3.1927123113e+00
1.6702678872e+00 -5.9708745068e-01 1.8980533011e+00
1.8642018443e+00 -6.6979809294e-02 1.9104638460e+00
-8.8856629676e-01 -1.5552864584e+00 -3.4997126744e-01
2.5958503994e-01 -6.4926906408e-01 3.9605366979e-01
-2.0332595287e+00 -3.0000000000e+00 3.1217088756e-03
1.2551331937e+00 9.0959661927e-01 2.1252356327e+00
2.2309647931e+00 1.1300563627e+00 2.4063343147e-01
8.8649210301e-01 -3.5018018851e-01 2.0756547368e+00
-8.4558350903e-01 1.8083216290e+00 3.5035375040e+00
1.7845486779e+00 -2.7054371630e-01 2.0933312604e+00
1.0083168090e-01 -1.0444892785e+00 -1.8341425735e+00
-6.0905451475e-02 -9.5083507915e-01 2.1301950477e-01
2.0246627722e+00 -1.7550313086e+00 -3.7190881951e-02
1.7645473251e+00 5.6448937949e-01 1.6864488674e+00
2.5168287387e+00 7.6299390201e-02 2.7617186705e-01
-1.9896238504e+00 2.9622158148e-01 -1.3265340217e+00
1.6722239752e+00 -3.1668123141e-01 2.4468788494e+00
7.2316149776e-01 7.0085765003e-01 1.4575371212e+00
-1.2906283755e+00 2.7424396379e+00 1.5673731666e-01
3.8915708604e-02 1.1654347420e+00 5.4960764164e+00
-7.9318006892e-01 2.4389578317e+00 1.1950304553e+00
7.0025536883e-01 -4.3557487624e-01 1.0552901825e+00
2.2119430593e-01 -4.8634509424e-01 8.1597121889e-01
5.9936816495e-01 -8.1737043575e-01 -6.5236945308e-01
2.3805110322e-01 1.9554019664e+00 5.8936925111e+00
-1.5195253038e+00 -1.0994040798e+00 3.7039913782e-01
-7.8128762941e-01 7.7799794604e-01 -6.0019652332e-02
1.9227178196e+00 3.0000000000e+00 7.6434610869e-03
2.9652142136e+00 -5.7904611151e-01 2.9074222358e-02
1.7574334008e+00 -3.8178055636e-01 2.0496289595e+00
-1.6656833309e+00 3.2915010376e-01 -2.3629990488e+00
-2.3547157298e+00 -1.2944331502e+00 -7.6300783878e-03
-1.6026540041e+00 -3.8854356557e-01 -1.6352829683e+00
-2.0202363067e+00 1.6957580730e-01 -1.2831301778e+00
-2.4821318206e+00 3.0000000000e+00 5.8971969911e-04
2.2515756456e+00 1.7374146421e+00 8.2316348255e-02
1.7164786726e+00 -2.5207577472e+00 -8.0685869868e-02
-9.0592185842e-01 3.0000000000e+00 1.3164187109e-01
1.6017593334e+00 -1.6467095038e-01 2.8759331664e+00
-4.8475678784e-01 -8.4063976307e-01 3.2680035398e+00
1.3608704519e+00 -6.3411366615e-01 2.3050323123e+00
-1.4009378705e+00 7.6240141515e-01 -1.7874965874e+00
-1.0652895348e+00 5.2647323247e-01 -2.1792957536e+00
9.0558642580e-01 2.1327661197e+00 2.0823693119e+00
-5.6985087455e-01 9.9252914136e-01 2.4048879521e+00
-2.3241040759e+00 1.5282785218e+00 -2.1705590172e-02
3.3650861508e-02 8.4292506788e-01 2.0933147761e+00
-1.2509992061e+00 9.4137834472e-01 -8.9026886308e-01
2.6670306052e+00 2.4585483991e+00 2.0904905448e-03
-2.1265150948e+00 1.6556361080e+00 1.7004590624e-02
1.4803353637e+00 -3.0946146813e-01 3.0382477229e+00
-1.2709001360e-01 -1.1949188330e+00 -2.1208524612e+00
1.5115634090e+00 9.2080247748e-01 1.6643323775e+00
-2.6957242757e+00 -2.8171405371e+00 5.5590860535e-04
-5.4019023136e-01 -4.6266396522e-01 3.3377326102e+00
-4.4130620325e-01 3.7450559388e-01 6.3268900111e-01
4.3743130588e-01 5.1328684847e-01 2.4902520311e-01
2.3540767977e+00 1.4625187458e+00 8.8996736581e-02
1.9395873106e+00 1.0072502283e+00 6.7048930503e-01
-5.8571073628e-01 -4.3588687471e-01 3.0776421258e+00
1.8757501937e+00 2.0228731009e-01 1.7874140400e+00
1.4210591953e+00 2.3042966044e-01 3.2698013717e+00
-2.2516165530e+00 2.4123321135e+00 1.2993060185e-02
-1.6889701271e+00 2.6776974207e+00 5.8949565090e-02
-3.0000000000e+00 2.5096194380e-01 -3.5084223820e-02
3.9088337588e-01 -1.0045030796e+00 -2.3202297292e+00
-1.3842641898e+00 -2.3710707763e-01 -2.1755256754e+00
1.8963575139e+00 6.9390815331e-01 1.1223984049e+00
1.7798910492e+00 2.3985540197e+00 1.1307185273e-01
2.3051746147e+00 1.2816095345e+00 1.4536384680e-01
1.9796219560e+00 1.8439982269e-01 1.4274796370e+00
1.6786830303e+00 1.0094698685e+00 1.1747693994e+00
-4.6361450254e-01 -2.9006503355e-01 2.8350130267e+00
-1.2959149347e+00 4.9884198252e-01 -2.6689314584e+00
-1.4246449397e+00 6.7309571303e-01 -2.0975093647e+00
2.3251956622e+00 3.0000000000e+00 1.4126775926e-03
-3.0000000000e+00 2.1989488185e+00 1.9692818460e-04
-2.1324974043e+00 2.3321845907e-01 -9.4944999391e-01
-7.7802412952e-01 8.5828496819e-01 4.0498297835e-01
-1.8096717380e+00 2.5057933221e+00 6.5800254605e-02
1.1244950581e+00 -1.5567454795e+00 -1.9790425368e+00
-5.7962043461e-01 3.9567973454e-01 1.0153953364e-01
2.4414242121e+00 6.0211486916e-01 2.5501350846e-01
7.6726807279e-02 8.4563557335e-01 2.0635242381e+00
2.2526921222e+00 2.4036837002e+00 1.7660206342e-02
2.1211513746e+00 2.2698234421e-01 9.7224199873e-01
-2.1542668680e+00 4.6851918476e-01 -7.7673515246e-01
1.3343644161e+00 2.5766788449e+00 2.5504398522e-01
-1.9003774082e+00 -3.2571511067e-01 -1.2764839743e+00
-1.2773443457e+00 -4.7723055675e-01 -8.1714163413e-01
-2.8563146345e+00 7.5708351567e-01 -4.1692215437e-02
1.8132987225e+00 6.3998790242e-01 1.4192407730e+00
1.9155930693e+00 -6.7083222755e-01 1.1155585837e+00
-6.4326944181e-03 -1.9709771422e+00 -4.9317801765e+00
-1.0587271176e+00 8.6655858265e-01 -7.7779269904e-01
1.2922570146e+00 1.7979431152e+00 1.5365726729e+00
5.7216082505e-01 1.5256561224e+00 5.8599282496e+00
-7.3936631380e-01 -1.3198969058e+00 3.6697939721e-01
2.2469549125e+00 9.1326471450e-01 3.2209474593e-01
-1.0980813003e+00 2.8720477270e+00 1.5213963595e-01
-1.4279892537e+00 1.0127303336e+00 -7.8789223447e-01
-1.9916778294e+00 2.9270044907e+00 7.4438704720e-03
6.6957168757e-01 -5.7136580376e-01 6.4487104586e-01
1.5793472340e+00 -6.9780862154e-01 1.8298342039e+00
3.0000000000e+00 5.3078178671e-01 2.4762413946e-02
8.8735170001e-01 -2.0494063457e+00 -2.4255082598e+00
1.1225684275e+00 1.1159201288e+00 2.3834407940e+00
-8.3350819744e-01 1.4512316513e-01 -9.7613854523e-01
1.6848781323e+00 2.1304124025e+00 3.0215952230e-01
-9.7783772086e-01 3.5509861382e-01 -2.0608536443e+00
-7.3162776466e-01 -3.2671378900e-01 1.7580706700e+00
-2.4379062966e+00 -2.2705087334e+00 7.0197118799e-03
2.9992686889e+00 2.1993481554e+00 7.6515681805e-04
1.2179610710e+00 2.7499340245e+00 1.8726844757e-01
-1.6260087744e+00 -1.0511493007e-01 -2.3562452022e+00
-5.5372109274e-01 -4.7886696596e-02 1.4468978529e+00
-2.1892960816e+00 1.6906776810e-02 -8.2418545784e-01
9.0969489658e-01 7.8230077100e-01 2.0434368238e+00
9.4686813862e-02 3.3344724040e-02 5.5816977660e-01
-1.0760482203e+00 1.0319620253e+00 1.0237503015e-01
1.1413970207e+00 -3.9347072075e-01 2.9166219929e+00
1.0680597145e+00 6.0311482882e-01 2.4062806382e+00
-3.9918266012e-01 -2.0425785684e+00 -2.9873102197e+00
1.8988891455e-01 -8.9185354046e-02 4.5022726048e-01
1.4209700723e-01 -1.0917909196e+00 -2.5735717954e+00
1.4120646660e+00 -3.8882259038e-01 3.0016570542e+00
-1.1268749022e+00 -1.4299865505e+00 5.1445428943e-01
-2.3307943982e-01 -6.9850992966e-01 3.0617865966e+00
2.1371690997e+00 2.0524552439e+00 7.0362243679e-02
4.1213574418e-01 2.9596169812e+00 3.0077822199e-01
-6.3208021296e-01 2.6066814015e+00 9.0236610873e-01
1.6135477560e+00 1.1053019728e+00 1.2067171096e+00
1.6020330462e+00 1.6503061649e+00 8.0834738284e-01
1.6346474912e+00 2.4009916334e+00 1.8169307159e-01
-3.7481433964e-01 2.4166686540e+00 2.0828515123e+00
-9.9941685361e-01 -2.9605252532e-01 -3.1564972219e-01
-1.4301492079e+00 1.1655396145e+00 -2.1243144413e-01
1.1644954212e+00 1.2369807394e+00 2.3662411414e+00
-1.1706216971e+00 1.0996182552e+00 1.2726722122e-01
-1.4067254193e+00 2.0750203644e+00 6.6709376014e-01
-1.6599913632e+00 -1.0633417532e+00 1.2485996950e-01
-1.1365050066e+00 2.6517201374e-01 -2.7203472696e+00
-3.0000000000e+00 1.6227782698e+00 -1.7751650813e-03
-2.0032816091e+00 8.3550163004e-02 -1.3410085784e+00
-1.2902105849e+00 1.0213245185e+00 -5.7701514724e-01
-2.2445723182e+00 2.3515767086e-01 -6.8887473886e-01
-1.9251155800e+00 2.0460636451e+00 1.0664455013e-01
-1.8794470168e+00 2.0222098183e+00 1.3244156550e-01
-1.1127322585e+00 1.5689394541e-01 -2.5703600617e+00
1.1106481850e+00 1.1989718259e+00 2.5072652264e+00
1.7655046887e+00 -3.9879897541e-01 1.9958227588e+00
-1.2282078108e+00 -3.0000000000e+00 -6.4689514231e-03
-1.8542410900e+00 1.3432475175e+00 -1.0945907920e-01
-1.7267646785e+00 -4.8238046067e-01 -1.2310057502e+00
9.2322504358e-01 -8.4651415000e-01 3.5234849921e-01
-8.2888747769e-01 1.5924257897e+00 3.8992260083e+00
-3.0000000000e+00 9.2911523119e-01 -1.5813248954e-02
-6.2133939790e-01 -1.3484401776e+00 -3.4514572977e-01
9.6593123129e-01 1.5866957105e+00 3.4147300380e+00
1.7106246066e+00 1.3855172297e+00 7.6816810699e-01
-1.8149614450e+00 1.5426963161e+00 9.2711064352e-02
1.3750653064e+00 6.9561203088e-01 2.3176499562e+00
-2.2262669839e+00 2.6878538325e+00 6.5972132641e-03
1.9184674806e+00 -6.0370845794e-01 1.2096296224e+00
-1.3167173102e+00 3.3413994239e-02 -2.8866106306e+00
2.7276146730e+00 -2.8768528089e-01 1.0993086158e-01
-8.1096539342e-01 1.5275594931e+00 3.9689707667e+00
-1.4112978671e+00 -4.7400862402e-01 -1.2021718456e+00
1.2489018652e+00 2.9804905455e-01 3.2758275324e+00
-3.0000000000e+00 -9.8060415101e-01 -9.2952379440e-03
-3.0000000000e+00 2.9234965335e+00 4.3660706680e-05
2.1782013539e+00 -1.6536460117e+00 9.6992511504e-03
1.0575563619e+00 -1.1878786967e+00 -1.1089654711e+00
2.3448400415e+00 2.6535943071e-01 4.7854484764e-01
-3.0000000000e+00 -1.3733922118e+00 -1.6281539434e-03
1.8816621515e+00 -2.7090361820e+00 -2.2660723463e-02
1.9095843918e-01 -3.9495747321e-01 9.0699034521e-01
2.2176927366e+00 2.2515979333e+00 3.1403237008e-02
-2.5258425361e+00 -1.4059291209e+00 -4.4121168797e-04
2.9524422019e+00 -1.9789821887e+00 5.4849348529e-04
-1.8072644037e+00 1.7631484106e+00 1.8857250098e-01
-6.0056378152e-01 7.7795008588e-01 7.8924596431e-01
1.3479383481e+00 -1.1549277897e+00 1.1066994910e-01
-1.1947127557e+00 5.3974276107e-01 -2.4630214809e+00
1.2771082617e+00 -1.7054519066e+00 -1.3181315808e+00
-2.5903992732e-01 -3.0077659972e-01 2.8244478986e+00
2.3152140887e+00 7.1403466161e-01 3.4375583179e-01
-1.3008856553e+00 5.8219289624e-01 -2.4364571412e+00
9.8593435787e-01 2.0308475099e+00 2.1601776741e+00
-7.1298609354e-01 -2.8827922781e+00 -1.4203591445e-01
-6.3145876499e-01 -2.5048379061e-01 1.9852346701e+00
1.3854921424e+00 1.2790590781e+00 1.6585692573e+00
-5.9250365874e-01 -1.1803183131e+00 9.5384912008e-01
1.6932282315e+00 -8.4758094834e-01 1.2107449251e+00
-1.1310181958e+00 1.3357871375e+00 1.3779464418e+00
-1.6546527975e+00 2.4035568113e+00 1.5171723941e-01
1.1734200705e+00 1.8797174099e+00 1.8313951927e+00
6.6344713480e-01 -9.7980397325e-01 -1.6228715342e+00
-6.3627085032e-05 -2.5325147093e+00 -1.4211356692e+00
9.0406265735e-01 1.9660794872e+00 2.7697246080e+00
2.9780029076e+00 9.4852883561e-02 3.6508001287e-02
-3.0000000000e+00 -1.9134334590e+00 7.6400692372e-04
1.2156320746e+00 1.7954166354e+00 1.8356802840e+00
6.1621686591e-01 -3.0000000000e+00 -1.9951054388e-01
9.6479225268e-01 3.0000000000e+00 1.1856577107e-01
-4.8451071976e-01 -8.3670529358e-01 3.2872767249e+00
1.5523773934e+00 1.7040429132e+00 8.7643596173e-01
-2.0747959366e+00 1.0823100206e+00 -3.2181901917e-01
-1.8137481363e+00 1.6581017468e+00 1.5494742604e-01
-9.0438276579e-01 1.7931071596e+00 3.1741194869e+00
-4.4261494433e-01 -1.9899380178e+00 -2.9687241098e+00
1.8371709190e+00 5.6469859423e-01 1.4711999731e+00
1.0219768685e+00 -5.4621752670e-01 2.1227274221e+00
-1.1001199200e+00 1.3324273646e+00 1.5210283773e+00
1.5738000476e+00 6.5135619187e-01 2.0390362134e+00
1.7509854857e+00 1.6208134526e+00 5.4606539988e-01
1.2490890305e+00 1.7956589853e+00 1.7021524372e+00
9.6133078125e-01 -1.1325974397e+00 -1.2849709512e+00
9.8300342339e-02 -1.2269986779e+00 -3.8808398810e+00
-2.9002700914e-01 -1.0287298808e-01 2.1587373480e+00
1.5910956271e+00 1.2643150289e+00 1.1165301316e+00
1.8350963697e+00 1.6895909418e+00 3.8868612353e-01
-1.7862609746e-01 -4.8961162726e-02 1.7545917411e+00
-1.0866918481e+00 2.0625608271e+00 1.5770205510e+00
6.6429264415e-01 5.4780425905e-01 1.0030701156e+00
-1.2655676724e+00 1.4730601424e+00 1.1594621894e+00
1.3995268870e+00 2.6173412330e+00 1.8713306265e-01
7.2435886700e-01 7.6186094882e-02 1.4091147790e+00
-7.9219889328e-01 2.4046633521e+00 1.3161580813e+00
1.4716382779e+00 -2.7817821758e-01 3.1131145741e+00
-1.0933993911e+00 -5.6457407795e-01 5.2981126167e-01
-1.1281170903e+00 1.4128192507e-01 -2.6090735758e+00
-1.2448492116e+00 1.9699225728e+00 1.2203037917e+00
-3.0000000000e+00 2.1931114552e+00 1.9521759127e-04
1.2226815522e+00 1.5982450454e+00 2.0939626449e+00
1.1457251379e-01 -6.7693469788e-01 1.0095172568e+00
-1.0196922915e+00 -2.0051980905e+00 -5.4108848611e-01
-8.1483033037e-01 6.8772899033e-02 -6.3443241583e-01
-5.5246963560e-01 2.0039790776e+00 4.2815086986e+00
5.9848822514e-01 1.4432217957e-01 7.1439920427e-01
2.8995858184e+00 -5.3818655346e-01 4.1630963571e-02
-8.0240893610e-01 -5.8011970863e-02 -7.6136688175e-02
1.3965276611e+00 1.3622117638e+00 1.5868058679e+00
2.3475476744e+00 5.0710657038e-01 3.9300621849e-01
6.4442177659e-01 -5.2335710199e-01 6.8186007368e-01
-2.6483580698e+00 -1.1691365483e+00 -1.7090045669e-02
1.5744484753e+00 4.8704936833e-01 2.3996743557e+00
7.6614901932e-01 3.5669384427e-01 1.4813097298e+00
-1.7235477054e+00 -1.2371333000e+00 1.8436493135e-01
-8.1845154734e-01 8.4237163545e-01 1.1141829033e-01
8.3666525241e-01 -6.8362032512e-01 8.6601290836e-01
-1.8401117813e+00 1.5070853283e+00 5.1316608068e-02
-9.0371111498e-01 2.6974160327e+00 4.3469373717e-01
-1.7724425663e+00 -9.9180048240e-02 -1.9701917137e+00
-1.5948471387e-01 -4.9110344509e-01 2.9000385824e+00
4.4633310364e-01 -1.4516694433e-01 3.1923693042e-01
1.5593752152e+00 -6.9097150921e-01 1.8862788142e+00
-1.1194097049e+00 2.2433692758e-01 -2.6530130712e+00
-6.9125788504e-01 -6.3512712189e-01 3.2317757243e+00
-2.0024016911e+00 1.5203326262e+00 -2.3554363824e-03
-8.6430974940e-01 -3.8186457664e-01 1.1190410742e+00
-2.3809152399e+00 1.5611363823e+00 -1.5469777921e-02
3.0000000000e+00 2.3919036329e+00 4.2324536752e-04
-3.0000000000e+00 1.0065763269e+00 -1.3476349373e-02
1.5582194628e+00 -1.6418100863e-01 3.0214149846e+00
-2.1284280723e-01 -2.1771359102e+00 -3.0291341625e+00
1.0139622116e+00 9.1419740025e-01 2.2898135940e+00
1.7285259744e+00 1.8354792347e+00 4.4505699271e-01
-1.5292094570e-01 9.5081839606e-02 1.2745930837e+00
-1.6047822137e+00 7.4003958591e-01 -1.6391613993e+00
-1.3620893166e+00 1.0948491621e+00 -3.7712464598e-01
-1.8328740680e+00 -2.4137756839e+00 2.2977142950e-02
2.2841599542e+00 1.5060651506e+00 1.0783059656e-01
-1.7965228772e+00 -5.7717319200e-01 -9.1259339023e-01
-1.8627388222e+00 1.8537935964e+00 1.5337297635e-01
-1.6996750235e+00 6.3107516736e-01 -1.7221847523e+00
-1.7644210372e+00 -3.1183490783e-01 -1.6085012142e+00
1.0489346147e+00 1.7418720994e+00 2.7186558050e+00
-1.5215746069e+00 -1.9225182159e-01 -2.3268455994e+00
1.3471142479e+00 -1.3413207700e+00 -5.3164969073e-01
3.8382900471e-01 4.5624084956e-01 7.4874134919e-02
1.5127779425e-02 -7.8265628754e-01 1.1029683837e+00
5.2823859504e-01 -1.0996280316e-01 5.0880438373e-01
1.2644673319e+00 8.6668131103e-01 2.1536035450e+00
1.0900961240e+00 2.0647060350e+00 1.6561175419e+00
-2.0822438002e-01 1.9200716873e-01 1.1445557143e+00
-1.2733126205e+00 7.3733092072e-01 -1.8565202309e+00
-5.3603587592e-01 1.8479060534e+00 5.2974105100e+00
1.8238653890e+00 3.0000000000e+00 1.1024404720e-02
-6.5150076518e-02 -2.3176735572e-01 1.8606113137e+00
1.0336193036e+00 1.9193825040e+00 2.3257027590e+00
1.3304101360e+00 7.6801203017e-01 2.2264882636e+00
1.1731829304e+00 1.6561250424e+00 2.2498441546e+00
-2.9047964432e+00 6.3631565360e-01 -3.9634948323e-02
5.4668689388e-01 -1.0211567466e+00 -2.3151245438e+00
-3.0000000000e+00 1.8125889056e+00 -5.4192817522e-04
1.2393052186e+00 -1.3529988609e+00 -9.6109734461e-01
1.8601899740e+00 1.2843294061e+00 5.7747550467e-01
-2.5790496224e+00 -3.0000000000e+00 4.9202327678e-04
-8.6928653213e-01 3.0000000000e+00 1.4053677919e-01
9.7082010594e-01 9.4215148041e-01 2.3439887730e+00
-4.5536978085e-01 -1.4614505853e+00 -2.2601675018e+00
3.0000000000e+00 -2.7113192124e-01 3.1139924415e-02
2.3114388896e+00 -2.4773999507e+00 -5.6318586632e-03
9.7646616358e-03 -3.0000000000e+00 -2.4600053692e-01
1.9129154834e+00 8.6746820248e-01 8.6447391166e-01
-1.3455944292e+00 5.4581847640e-01 -2.5446730863e+00
1.4007590306e+00 2.0701076835e+00 7.8349768339e-01
1.8792287342e+00 -6.0673557633e-01 1.3091747286e+00
2.1990352113e+00 2.0090884450e+00 6.0203660281e-02
-1.9739150791e+00 8.1050081015e-01 -7.7827741013e-01
1.1833278388e+00 -4.2175382417e-01 2.9188034886e+00
1.4034147065e+00 1.4856414065e+00 1.4920503522e+00
-4.6088363771e-01 3.4915766704e-01 6.1420437568e-01
1.7972824026e+00 -5.3156225150e-01 1.6715177121e+00
-1.2620087158e+00 1.4006244482e-01 -2.9591443309e+00
2.0737963207e+00 2.5669838119e+00 2.2364867958e-02
-1.2419953160e+00 2.0708001759e+00 1.0649374101e+00
-2.8292294684e+00 1.4694441703e+00 -7.1915416132e-03
1.2413693267e+00 1.4678000519e+00 2.1053855734e+00
3.0000000000e+00 -1.1203788988e+00 1.0124208106e-02
6.9219625002e-02 -7.6659341986e-01 8.5178148168e-01
-3.0000000000e+00 -7.7512561232e-01 -1.5771390021e-02
1.3171250731e+00 -4.1797515553e-01 3.0126794995e+00
-8.3987694536e-01 -1.0533225141e+00 2.0916619683e+00
1.9020913778e+00 2.3294929006e+00 8.8646848258e-02
1.3439280531e+00 -5.2601261824e-02 3.5587874533e+00
1.5607477445e+00 9.6499585679e-01 1.4936774781e+00
4.7860965025e-01 -7.0789773068e-01 -2.1663687966e-01
-1.4445882330e+00 -9.8535779665e-01 4.0302539471e-01
-1.1197900278e+00 -1.2787605040e+00 9.3700926791e-01
-1.1501215364e+00 1.4809098249e+00 1.7046635708e+00
-6.5173335366e-01 -1.4328798453e+00 -7.9204021139e-01
-2.6219959696e+00 1.0800631238e+00 -5.8538307838e-02
-2.1826216873e+00 2.8029579442e+00 5.3553693697e-03
2.8509089825e-01 7.0143326601e-01 8.0541214064e-01
-2.3745544315e+00 8.4396062794e-01 -2.3858747840e-01
-1.2083925332e+00 2.9326997850e+00 9.1958864761e-02
1.3334309587e+00 -1.0877638055e+00 3.5632396614e-01
-1.2013287266e+00 -1.3985159007e+00 5.9789959263e-01
-1.4536513967e+00 -6.3138705642e-01 -6.1404340623e-01
2.2758679605e+00 1.1625261287e+00 1.9637593264e-01
1.2850847042e+00 5.2563053149e-01 2.7750621852e+00
-1.7602373374e+00 7.5259789266e-01 -1.3030336995e+00
-1.1344160021e+00 -3.6184285320e-01 -7.7758116773e-01
-2.7377258361e-01 5.0124965557e-01 7.9660365303e-01
-2.5190152136e+00 9.3630121440e-01 -1.2006546592e-01
-1.2396132441e+00 9.3751743424e-01 -8.8787011219e-01
1.8936295389e+00 8.5426333819e-01 9.1935462188e-01
4.9130989859e-01 -6.0560372220e-01 1.6422778142e-01
-6.2354809267e-01 -5.5855952885e-01 3.3455449376e+00
-3.0000000000e+00 -2.0659123637e+00 7.0915364641e-04
2.4188951487e+00 -1.1206032494e+00 1.1466366042e-01
-1.5861438525e+00 1.7159457116e+00 4.6497890500e-01
2.1780785492e+00 6.7735063970e-01 5.5445383633e-01
-3.0000000000e+00 5.3240931383e-01 -2.8531147304e-02
6.7063387974e-02 -3.0000000000e+00 -2.5095981726e-01
1.8543415666e+00 -1.0124338237e+00 6.3958780137e-01
2.7091330455e+00 1.6761218856e+00 1.2747170477e-02
-9.9927329366e-01 2.0117744145e+00 2.0643231762e+00
-1.2015446828e+00 1.0148605035e+00 -4.0718043060e-01
2.5230570727e+00 2.3101379661e+00 6.7301111902e-03
-1.6163857451e+00 1.8235137406e+00 4.2125660415e-01
2.1466071705e+00 1.6743087609e+00 1.3674909028e-01
1.1923697521e-01 1.3762622306e+00 7.2846880775e+00
6.4215542276e-01 9.4069555550e-01 2.3822931672e+00
-5.2274132781e-01 -2.4216460878e+00 -1.0991306394e+00
-3.0000000000e+00 -1.3532205228e+00 -1.8665768819e-03
-1.3053122496e+00 -1.5178103587e-01 -2.3748158137e+00
3.4785435037e-01 2.9673304159e+00 3.0565466435e-01
-6.6823578014e-01 -2.3742419460e+00 -9.1676242448e-01
-1.9164817700e+00 2.3075884770e+00 7.2001691150e-02
-2.7145372845e+00 3.0000000000e+00 1.7181337987e-04
-1.3834338898e+00 -2.8318456781e+00 -1.9357449148e-03
-2.0796306201e+00 4.0607073820e-01 -9.9749046959e-01
-2.1380880454e+00 2.5683889458e+00 1.4335946077e-02
1.1586846573e+00 2.1324031727e+00 1.2569619972e+00
1.6901091839e+00 7.4443854819e-01 1.5617551019e+00
2.2284073102e+00 3.0000000000e+00 2.1823012536e-03
-1.0070471213e+00 6.2889715695e-01 -1.6778805744e+00
-3.2898703131e-01 -3.0000000000e+00 -1.8202365089e-01
2.0463361155e+00 1.4454689001e+00 2.7205180378e-01
-1.4468326147e+00 2.5665000511e+00 1.8417678439e-01
2.2525357399e+00 1.1000515876e+00 2.3525954751e-01
2.3010414854e+00 -5.7354978464e-01 4.4233521070e-01
-3.0000000000e+00 4.1494567408e-02 -3.6616652353e-02
-2.2427901544e-01 -4.6894658320e-01 3.1617987654e+00
-3.0000000000e+00 -1.5075243123e+00 -3.9776349264e-04
3.0000000000e+00 1.9701286058e-03 3.3122678936e-02
1.8744726532e+00 1.1865963197e+00 6.2459640577e-01
-2.6200498993e+00 7.7756122923e-01 -1.0942669995e-01
3.0000000000e+00 1.2641407285e+00 7.4053787863e-03
4.8192902476e-01 2.9037147911e+00 3.5657074872e-01
2.4114391482e+00 1.4811137414e-01 3.9982908580e-01
1.9555643137e+00 3.0000000000e+00 6.7390511376e-03
-2.0438147960e+00 1.4834065360e+00 -2.7591349700e-02
2.4318927793e+00 -3.0000000000e+00 -4.5939537221e-04
-5.6359031243e-01 -3.0000000000e+00 -1.2059286611e-01
2.0317063082e+00 7.3769769064e-02 1.2954671521e+00
2.5885150119e+00 5.4759121307e-01 1.5469356777e-01
1.5695281935e+00 1.2772333422e+00 1.1584960281e+00
-2.2032654167e+00 8.9538048778e-02 -7.9742668799e-01
1.5893436351e-03 2.7701111827e+00 7.5838026198e-01
-5.4999714302e-01 1.2542478761e+00 4.6472849801e+00
-6.5405698130e-01 -7.9105818670e-01 3.3645836654e+00
4.9661455062e-01 -1.2791285201e+00 -4.6327094851e+00
1.8979244219e+00 -3.0870047866e-01 1.6406557327e+00
5.6554201873e-02 -7.0779527351e-01 1.2375859702e+00
-1.0577176885e+00 1.9525118468e+00 1.9716687468e+00
-2.5321061456e+00 3.0000000000e+00 4.5674253042e-04
2.5559258103e+00 -5.5292866872e-01 1.8156790786e-01
1.9610866113e+00 6.2657557314e-01 1.0498129303e+00
-1.7801272999e+00 7.1705799517e-01 -1.3386572639e+00
-6.2910101706e-01 8.2766348615e-01 9.4343599630e-01
7.2553729421e-01 1.3362919756e+00 4.4529881967e+00
-8.4832690653e-01 -9.2922846186e-01 2.5003466477e+00
-3.6582694600e-01 -5.1806618933e-02 1.9810062186e+00
-7.5481440248e-01 1.4443116998e+00 4.1930909674e+00
-1.2905795569e+00 7.7689289486e-01 -1.7040563460e+00
-5.2195145161e-01 -5.9683868638e-01 3.7067033615e+00
-8.1165978106e-01 -7.2568093389e-02 -8.1074242723e-02
-1.1038988416e+00 1.2550291411e+00 1.1733412403e+00
-1.6821410372e+00 5.3279187431e-01 -1.9829582541e+00
5.8144175292e-01 5.9209277063e-01 7.7917211591e-01
1.0299922325e+00 -1.2605689302e+00 -1.6227067463e+00
1.4817427608e-01 -1.8167826290e+00 -6.0567754358e+00
-9.7535933976e-01 -1.3368537525e-01 -9.7297617748e-01
5.7346358253e-01 1.7054055564e+00 5.6928886850e+00
1.0612515683e+00 -5.2438419289e-04 3.1838797440e+00
5.8522720594e-01 3.2024002759e-01 5.9568424021e-01
-2.2910875976e+00 9.6225783560e-02 -6.1303096657e-01
1.2442250805e+00 6.9118581304e-02 3.5598755892e+00
-1.5196222165e+00 6.6558381571e-01 -2.0064624607e+00
-2.7869359921e+00 -6.3440349168e-01 -5.3215427787e-02
1.8411524844e+00 -2.4841579729e-01 1.9018040394e+00
2.7579742985e-01 -7.0621957117e-02 2.3438142194e-01
-1.0931499547e+00 8.2019904838e-01 -1.1305859298e+00
-6.0331536302e-01 -2.3799581897e+00 -1.0453468987e+00
-2.2396351159e+00 1.1456362753e+00 -1.7449247874e-01
2.0735905431e+00 1.4851330502e+00 2.3525386128e-01
2.1340178194e+00 1.1774212392e+00 3.0435917497e-01
-1.5620696341e+00 2.6335714506e+00 1.0417159608e-01
-2.6435808209e+00 2.5231086568e+00 1.2984153438e-03
1.9143901447e+00 -3.9731933424e-01 1.4929508925e+00
-3.0000000000e+00 -6.2096134565e-01 -2.1254459613e-02
-1.5363418025e+00 2.3091890055e+00 2.8318653704e-01
7.5276507038e-01 -1.1971552029e+00 -2.8583985254e+00
-2.1137151745e+00 2.9730502855e-01 -9.7340224532e-01
-9.1846787877e-01 7.5126308155e-01 -8.2778074916e-01
-2.3000521862e+00 1.0258072516e+00 -2.0480448182e-01
-1.7922630604e+00 1.5765424033e+00 1.3198478069e-01
1.5193527262e+00 3.2918816848e-01 2.8743710487e+00
-3.0040394044e-01 5.4704228999e-01 8.2704591663e-01
-1.6168962782e+00 -3.6180368174e-01 -1.7103704622e+00
2.7568501028e+00 -1.9412274681e-01 1.0071928453e-01
-2.1615069194e+00 2.2306095732e-01 -8.7958864807e-01
-8.7426526141e-01 3.0708635138e-01 -1.4887506935e+00
1.8044539723e+00 -2.1766656439e+00 -1.2755802880e-01
2.6609866438e+00 1.5737597575e-01 1.5205316009e-01
-1.4824654394e+00 -7.0922149694e-02 -2.6692103254e+00
1.7185431499e+00 3.3146512926e-01 2.2268305419e+00
1.7077822436e+00 1.5722692120e+00 6.5098928334e-01
-1.8299505919e+00 1.8031059187e+00 1.7475187132e-01
3.0000000000e+00 2.4624686420e+00 3.3564540157e-04
-2.1392689020e+00 1.5615195458e+00 -8.2218314385e-03
-2.0554695872e+00 1.4405457489e+00 -5.0675376721e-02
-1.7776603690e-01 1.3782032431e+00 7.2419497150e+00
-2.6002893344e+00 -1.7815354653e-01 -1.9335328034e-01
2.1164459045e+00 1.6200052637e-01 1.0115192789e+00
-1.3693035836e+00 1.3058016419e+00 3.7872976697e-01
-2.9746138283e+00 -5.9724895502e-01 -2.4878506811e-02
-3.0000000000e+00 2.7672236848e+00 7.6338874035e-05
5.4228927677e-01 2.7024255131e+00 7.2359617076e-01
-1.7375246469e+00 -5.3507357561e-01 -1.0736568088e+00
1.3931049747e+00 1.2232375767e+00 1.6608757879e+00
-1.8311224146e+00 -2.3652889161e+00 2.6003389561e-02
-1.3641827691e+00 -1.1603890507e+00 6.9765483140e-01
-1.7727272996e+00 1.8721439117e+00 2.2542930077e-01
1.5750899549e+00 8.2412523678e-01 1.6880910295e+00
-4.1744721275e-01 1.6326061289e+00 6.7735660906e+00
1.6946702528e+00 -1.5825237864e+00 -1.9129791927e-01
-3.0000000000e+00 -1.4188356800e+00 -1.1446654707e-03
1.3497372997e+00 -1.1447050402e+00 1.5526588969e-01
-1.3469372173e+00 -3.0000000000e+00 -2.2652533672e-05
-1.5634510522e-01 1.1126129240e+00 4.9002513517e+00
-1.8384737586e+00 -7.6521802583e-01 -4.7112557109e-01
-2.0520814574e+00 -1.7998442685e+00 5.6675155572e-02
1.3548324372e+00 2.2959516181e+00 5.4090612998e-01
1.0187616107e+00 -1.0355241671e+00 -4.1018345018e-01
-2.0385620058e+00 2.1369550711e+00 5.8305922223e-02
-2.7317079175e-01 1.0833285541e-01 1.4413407658e+00
-1.9085168671e+00 -5.6674977009e-01 -8.1401714399e-01
-1.1951128253e+00 1.3513740234e+00 1.1351182882e+00
-1.6104055335e+00 5.2447110097e-02 -2.5979239041e+00
-1.6110147382e-02 -2.3606955491e-01 1.6313362640e+00
-1.5665398515e+00 4.4129092051e-01 -2.4722049634e+00
1.2807465547e+00 1.1412059099e+00 1.9931347447e+00
1.5711040757e+00 -3.9925117079e-01 2.6245729620e+00
4.4232576610e-01 1.0940310814e+00 3.8859634045e+00
-7.3419832095e-01 7.8303877357e-02 -1.0652058445e-01
-1.3154697226e+00 5.9024755339e-01 -2.4141620147e+00
-1.2979481164e+00 -8.4751426683e-01 5.8395162056e-01
1.6702075645e+00 4.8781333600e-02 2.6786262174e+00
-3.3981239391e-01 -9.5127485480e-01 1.9950677240e+00
-2.3709954942e+00 3.5861673587e-01 -4.3411689679e-01
-3.0000000000e+00 -8.3218295508e-01 -1.3841923444e-02
-1.8513693309e+00 7.0705917874e-01 -1.1969076153e+00
-2.8686155938e-01 7.1087590481e-01 1.3204234032e+00
8.0464473767e-01 -2.7715364271e-01 1.7607652236e+00
-8.7050069287e-01 -3.0877945782e-01 6.7223737773e-01
-2.1820262909e+00 1.6457733992e+00 6.8362227056e-03
2.5439876582e+00 1.1847878850e+00 6.9577825853e-02
-3.4391155542e-01 3.7397120707e-01 8.1402004029e-01
-1.5883033641e+00 1.1071093569e+00 -5.2741656472e-01
2.0514340944e+00 1.5929991004e+00 2.1731172906e-01
-1.4644644821e+00 -3.9939917298e-01 -1.5949107996e+00
8.9136509379e-01 -3.4011867014e-02 2.3884687752e+00
1.8005374066e-01 1.1907433005e-01 1.8870908450e-01
4.0786183529e-01 8.9870420736e-01 2.1653800693e+00
-8.4935152137e-01 6.7916247987e-01 -8.2238512300e-01
-1.1720431494e+00 -1.0836296337e+00 1.2128332055e+00
-3.0000000000e+00 9.1771785844e-01 -1.6168283718e-02
1.1060554295e+00 -1.7726218455e+00 -2.0749331506e+00
9.7253400427e-02 -1.1859864345e-02 6.2867734256e-01
-2.5309067358e-01 -7.5403343336e-01 2.9389238989e+00
-9.2343155730e-01 1.2847945574e+00 2.3327210223e+00
2.7897078064e+00 2.2518831039e+00 2.0691635810e-03
2.1235547248e+00 9.6670168068e-01 4.3289326507e-01
-6.4132380565e-01 -2.0742334117e-01 1.7145547477e+00
1.7670482132e+00 -3.3549971948e-01 2.0807530461e+00
2.2074454471e+00 3.0087295028e-01 7.2729375253e-01
2.6341426066e+00 2.5468117930e+00 1.8457769113e-03
-2.2872737109e+00 2.7491680732e+00 4.0269293006e-03
-8.5594020057e-01 2.4893136948e-01 -1.3182775618e+00
2.3880534946e+00 9.5904828504e-01 1.8598046866e-01
1.4828778695e+00 -3.1946076079e-01 3.0137836353e+00
-1.5138761935e+00 1.0396701446e+00 -7.2640917443e-01
-1.2495999473e+00 3.8489058507e-01 -2.8650315398e+00
-6.1330306572e-01 -6.7309415125e-01 3.5602756198e+00
-2.4119957016e+00 1.3326501666e+00 -5.4308548080e-02
-2.3926397326e+00 2.0470140452e+00 1.0516516597e-02
-1.7081061442e+00 1.6007202272e+00 2.3044985615e-01
-2.8810992667e+00 3.0000000000e+00 6.6125374925e-05
3.8886555266e-01 -9.9592901582e-01 -2.2391973984e+00
-1.3491150910e+00 -2.6086215400e+00 -1.9473179636e-02
2.8395706908e-02 -3.6241082768e-01 1.6786646993e+00
-2.5124556871e-01 1.3958595493e+00 7.1223809693e+00
-1.0000688252e+00 2.0418919042e+00 1.9685677872e+00
-1.0344138957e+00 2.4624106746e+00 7.1446150893e-01
9.2687707112e-01 -6.4395544358e-01 1.3999534269e+00
1.7088623838e+00 9.8279695840e-01 1.1438145749e+00
-1.2887958891e+00 -1.1735203618e+00 8.5032303017e-01
-8.6493448255e-01 1.0572507305e+00 1.2752815853e+00
-1.4633307224e+00 1.2221997442e+00 -7.5034686476e-02
1.2713538733e+00 -1.6080173198e+00 -1.3092369226e+00
-4.6110158945e-01 -8.0232905802e-01 3.4116314642e+00
1.4418341807e+00 -1.8738668414e+00 -7.2746498595e-01
-4.1632665850e-01 2.5340978954e+00 1.4285263519e+00
-1.3367673697e+00 6.4020114784e-01 -2.2498852338e+00
-1.8953018501e-01 8.4713531433e-02 1.3889513567e+00
6.9979335353e-02 -3.5652556750e-01 1.4431407006e+00
-2.0323443170e+00 1.8728459377e+00 6.9202371242e-02
1.1013362242e+00 -5.4539512935e-01 2.3613645890e+00
-2.0546387340e+00 6.7940524041e-01 -7.9552419766e-01
-2.0543081956e+00 1.2842727484e+00 -1.5342079824e-01
-1.6340995989e-01 -8.1178648114e-01 2.0970960130e+00
-1.2269307381e+00 1.5044018775e+00 1.3824520156e+00
1.6088933908e+00 -6.5066766056e-01 1.9069681770e+00
2.4806947986e+00 5.4228608975e-01 2.3596075644e-01
-2.0784516581e+00 1.4124856685e+00 -6.6238933212e-02
-1.9553083464e+00 2.4213078598e-01 -1.4639119310e+00
1.3991803907e+00 -2.7056181457e-01 3.2638203545e+00
3.2940653459e-01 7.1682132410e-01 8.8343162019e-01
2.8630931417e+00 3.0000000000e+00 9.0369410452e-05
2.1364953516e+00 1.9497453593e+00 8.7241303782e-02
6.0599836398e-01 -3.0000000000e+00 -2.0172351603e-01
-1.8312663247e+00 2.0887299384e+00 1.4931879802e-01
8.5494631163e-01 -5.7776521664e-02 2.1800156109e+00
3.0000000000e+00 -2.2254707358e+00 8.4097033434e-05
-5.6599184744e-01 -1.0147628159e+00 2.2748530185e+00
-1.5618286559e+00 1.1006388439e+00 -5.4043518645e-01
-1.7391007066e+00 6.7148698871e-01 -1.5341170200e+00
5.8681942277e-01 1.4435673367e+00 5.6008549638e+00
-2.2713729282e+00 -8.2951368063e-01 -1.9069097360e-01
1.2564881094e+00 1.8632785208e+00 1.5495675667e+00
1.3442244908e+00 1.3073156332e+00 1.7767580071e+00
6.0730311263e-01 -1.8674644664e-01 8.2400545092e-01
-7.0389371761e-01 -6.6987693878e-01 3.2301460952e+00
2.0396612484e+00 -1.9887591856e+00 -4.9813216091e-02
1.5980059403e+00 1.5558083515e+00 8.9041464062e-01
2.8683296755e+00 -3.0000000000e+00 -2.1292041936e-05
6.1556256157e-01 -7.7572601756e-01 -3.6523017756e-01
4.5088537561e-01 5.0736471955e-01 2.6616984982e-01
-1.6026437848e+00 4.6527856072e-01 -2.3344839545e+00
-2.7265350923e+00 2.6508592047e+00 5.6800369452e-04
1.1372980184e+00 1.5245141201e+00 2.5443968670e+00
-1.4250050635e+00 1.3008399746e+00 2.3015285046e-01
-2.0001759594e+00 -6.9241702959e-01 -5.0576240966e-01
-5.7104381509e-01 -3.0000000000e+00 -1.1865634684e-01
-8.0215850652e-01 4.9099523448e-01 -1.0484949206e+00
-1.5432121028e+00 2.4362223363e+00 2.0087577730e-01
-3.0000000000e+00 2.1052021610e+00 1.4717890547e-04
1.6689782433e-01 -1.0917879476e+00 -2.6832962700e+00
1.7786657021e+00 -3.0000000000e+00 -1.0993253006e-02
-1.9298163434e+00 1.7936279043e+00 1.0837306416e-01
1.6244974127e+00 -5.9922283681e-01 2.0088604594e+00
-1.3350401376e+00 1.8548950014e+00 1.0611904167e+00
2.5484718659e+00 -9.9823267884e-01 9.4852313720e-02
1.0252451990e+00 1.6631997323e+00 2.9896041600e+00
1.7640811116e+00 1.1073010805e+00 8.8925849715e-01
-2.0431671862e+00 2.1632439828e+00 5.5023842356e-02
-1.9010630787e+00 1.3382926427e+00 -1.2055740199e-01
1.5923255193e+00 1.2118389767e+00 1.1556581182e+00
-1.7860603444e+00 -1.2394949922e-01 -1.8971040997e+00
3.0000000000e+00 2.0195937614e+00 1.2536136700e-03
2.0956265936e+00 -6.8587000479e-01 7.0804702445e-01
-1.6827637770e+00 -8.2086315006e-02 -2.2514425210e+00
-1.1248360483e+00 1.2690380207e+00 1.1366347962e+00
-1.2050498322e+00 4.7305253069e-01 -2.6449924425e+00
1.8492629752e-01 1.6348461078e+00 7.7701690742e+00
1.3405078987e+00 1.1558465237e+00 1.8325723172e+00
-6.7768336799e-01 6.2934937813e-01 -1.5428482418e-01
-4.4619737775e-01 -1.1919907101e+00 1.3473342975e-01
-1.5040029637e+00 -9.0605262480e-01 1.2695840400e-01
2.9731668891e+00 -9.1203347709e-01 1.7477843657e-02
-2.4324359293e-01 4.4087747242e-01 7.8845297662e-01
2.8900713101e-01 1.4170139291e-01 1.3862754307e-02
-1.3103405167e+00 1.0011805397e+00 -7.0589145150e-01
-2.9027072174e+00 -2.7826662882e-01 -5.0744450171e-02
-2.0881066023e+00 6.1719843550e-01 -7.9341680724e-01
1.5952257068e+00 1.8608434112e+00 6.4098422524e-01
-1.5006694315e+00 -1.3239688077e-01 -2.5082262429e+00
2.7677532751e+00 1.8129593652e+00 7.0852237763e-03
-4.6396482972e-01 4.3136157293e-01 5.1315875838e-01
1.9555020956e+00 -1.9091154509e-01 1.5233588609e+00
-5.5537824751e-01 1.5114138842e+00 5.8370641668e+00
1.3733492307e+00 2.3671967838e+00 4.2830362004e-01
2.5304383240e-01 1.1245757995e+00 4.6696769117e+00
-2.3511863797e+00 6.8786258226e-01 -3.3203096646e-01
-1.4518254209e+00 -3.0000000000e+00 3.2478950593e-03
-1.1257606571e+00 2.8126674427e+00 1.8038005182e-01
-7.6700686039e-01 -9.3272750989e-02 3.3338436585e-01
-2.7070593155e+00 2.5248222489e-01 -1.3022833692e-01
1.5472590503e+00 5.5495536872e-01 2.3191398226e+00
-2.1832402037e+00 3.0000000000e+00 2.4371489658e-03
1.9636192111e+00 1.0018080439e+00 6.3600551643e-01
6.6920667841e-01 -1.3354384980e+00 -4.1993806994e+00
-1.5670726586e+00 2.7879540533e+00 5.9476006529e-02
-1.3386231702e+00 8.6102028795e-01 -1.3722095356e+00
1.5231084789e+00 2.3138334880e+00 3.2334336975e-01
-1.7196813752e+00 2.3528271892e+00 1.3723899341e-01
-2.6182245537e+00 2.0838072871e+00 2.6849106292e-03
-8.2524675706e-01 2.4960748506e-01 -1.1255670378e+00
2.7549574790e+00 3.0000000000e+00 1.6432142158e-04
-2.4063354041e+00 -3.0000000000e+00 9.7568668379e-04
-1.6227644152e+00 7.7213628745e-01 -1.5145769756e+00
8.7242077399e-01 -8.5150143632e-01 1.1224444024e-01
-1.0445655545e-01 2.1073048004e+00 4.8459768203e+00
-2.6070107503e-01 -6.5628376128e-01 3.3026059531e+00
-2.6995177707e+00 -1.1729579962e+00 -1.4329850221e-02
1.4611849984e+00 1.7985757665e+00 1.0076141501e+00
-1.1304496240e+00 3.0000000000e+00 8.3094363275e-02
-2.3765086020e+00 2.4187993156e+00 6.9438130772e-03
-1.2029063445e+00 1.7246018631e-01 -2.8695996064e+00
4.2015187830e-01 -2.9131011259e+00 -3.4103133908e-01
1.4111971038e+00 3.1968568285e-01 3.1308437436e+00
2.0159613187e+00 1.0423538516e+00 5.2362092681e-01
2.2932600545e+00 1.1753528099e+00 1.8109324956e-01
2.4392098951e-01 -4.0463261602e-01 7.1249799676e-01
1.9776473424e+00 2.5383685780e+00 3.5904866390e-02
2.2196022909e+00 -4.2017621473e-01 6.5990524452e-01
2.0242030002e+00 2.0639526261e+00 1.0641408193e-01
6.6628513079e-01 -1.4836208436e+00 -4.8208728045e+00
1.6105530168e+00 1.4906941832e+00 9.0852741039e-01
-9.8758837073e-01 -4.1950430787e-01 4.4850129694e-01
-5.9766837762e-01 1.6348479393e+00 5.5830987733e+00
2.1538858964e+00 1.6317566666e+00 1.4251424278e-01
2.0223613418e+00 1.3855475153e+00 3.1864493352e-01
1.8680182733e+00 -3.7948306902e-01 1.6684601558e+00
-1.0918550367e+00 5.0812564324e-01 -2.3061976358e+00
8.4643586039e-01 1.7751628660e-02 2.1359474122e+00
1.0520071395e+00 1.7023870984e+00 2.7798152191e+00
1.9793263902e+00 7.0786667816e-01 9.1108926375e-01
-8.4197796153e-01 8.7607781068e-01 1.9748003642e-01
-1.1553687224e+00 -8.4432357076e-01 1.1753230322e+00
2.6877279777e+00 2.6778897340e+00 8.7720920827e-04
-3.0000000000e+00 2.7703827504e+00 7.5546912925e-05
2.9501495072e+00 1.1632806192e+00 1.1693833083e-02
1.6875391853e+00 -3.0000000000e+00 -1.5559679320e-02
1.0490452906e+00 1.4962753936e+00 2.9939676722e+00
9.6623626156e-01 2.3163711468e+00 1.2385647925e+00
4.6302230379e-01 -1.7950034020e+00 -5.6249651765e+00
-1.6013138323e+00 1.1074962378e+00 -5.2829432837e-01
-1.2763766036e+00 6.4425884574e-01 -2.2179711727e+00
-1.7972211830e+00 -1.1028009086e+00 3.6833881898e-02
-3.0000000000e+00 -1.9727828314e+00 7.5741031507e-04
-2.3412847509e+00 2.2728582000e+00 1.1161753250e-02
1.8882265445e+00 2.8685083213e+00 1.5146318474e-02
-2.1473724951e+00 2.9856631107e+00 3.0324443691e-03
-1.7843180321e+00 1.8396790306e+00 2.1534868858e-01
2.9416672310e+00 -1.8766094493e+00 9.9757117991e-04
1.9701191882e+00 -3.0000000000e+00 -4.9333964402e-03
-6.0716289640e-01 -3.6921547684e-01 2.6916435468e+00
1.7120459642e+00 1.7272701509e+00 5.4136209069e-01
1.3670377873e+00 -2.3270050266e+00 -4.4210830935e-01
1.8618913781e+00 1.5687438143e+00 4.1535304677e-01
9.4964371522e-01 3.2205510003e-01 2.4447958577e+00
1.2891538181e+00 -2.8797036199e-01 3.3155209525e+00
-1.5309930681e+00 3.0000000000e+00 2.8354220508e-02
1.4573235774e+00 1.7928859978e+00 1.0247107002e+00
-5.5203649287e-01 1.0236153817e+00 2.7495124375e+00
7.3641383625e-01 -7.0705601501e-01 3.6709041016e-01
4.4184697244e-01 5.7204616650e-01 3.8567873346e-01
-1.3725149672e-01 -9.8544328625e-01 3.8594469539e-01
6.0160052121e-01 1.6897438204e+00 5.5574347571e+00
8.2170144729e-01 2.0726669585e+00 2.6797421262e+00
1.7474370675e+00 1.7052309792e+00 4.9999324601e-01
1.0283132365e+00 1.4807413458e+00 3.1013860626e+00
-1.1043271249e+00 -3.0000000000e+00 -1.7160063569e-02
-2.2299794970e+00 3.3551073017e-01 -6.8738603396e-01
-9.0933191464e-01 2.7448232570e+00 3.6279674324e-01
-2.9300794015e-01 1.8616873396e+00 6.4171703258e+00
-1.3522610455e+00 1.8837438860e+00 9.8654382021e-01
-6.2097654233e-01 2.0468886185e+00 3.6860695315e+00
8.8963267264e-02 -6.6954392954e-01 1.1888045289e+00
2.2772216510e+00 6.1250364678e-01 4.4192678904e-01
2.0990276045e+00 1.6463939716e+00 1.6986212808e-01
-2.1660327286e+00 -1.4530047599e+00 3.4290224746e-02
1.1045846273e+00 2.7033786235e+00 2.8779638236e-01
2.9050680545e+00 2.4071906508e+00 6.8940805290e-04
1.8763836805e+00 2.2789986519e+00 1.1115447510e-01
-1.9958537413e+00 1.4743204300e+00 -2.5371795695e-02
1.3935071526e+00 1.6129824196e+00 1.4193208954e+00
-7.3257373155e-01 1.9354110856e+00 3.7093725931e+00
4.7710739471e-01 -8.0165868911e-01 -7.2321417572e-01
-1.1260034845e+00 4.8221446976e-01 -2.4596380630e+00
-1.0297820035e+00 9.1866421336e-01 -3.8051537963e-01
-2.5263803144e+00 -3.0000000000e+00 6.1162842313e-04
-1.6101122965e+00 1.3208029085e+00 -1.1229108259e-02
-1.9517379032e+00 5.3505539462e-01 -1.2116270208e+00
1.6274631281e+00 1.8923575220e+00 5.5661379108e-01
1.6000721370e+00 7.0475683207e-01 1.8623078430e+00
-1.8575515173e+00 -3.3640011596e-01 -1.3543328761e+00
2.1437665690e-01 1.3591936797e+00 6.9294162876e+00
-2.9990395170e+00 -2.1151409372e+00 6.7477158018e-04
-2.0230609406e+00 -9.0296679276e-01 -2.2444981583e-01
2.2000246212e-01 -2.8730675713e-01 6.6735198465e-01
1.2735971719e+00 1.8615649911e+00 1.4919232290e+00
-1.1322697648e+00 9.5305957973e-01 -5.3957045958e-01
-1.5638607461e+00 2.2267501752e+00 3.1024734742e-01
1.6711867091e+00 1.2761639281e+00 9.2785560463e-01
-2.6096143346e+00 -3.0000000000e+00 4.3216341303e-04
-2.0035699899e+00 2.8135620771e+00 1.1065985791e-02
3.7716710168e-01 -4.4617029641e-01 4.2131094967e-01
-1.7197727828e+00 -1.1780703881e+00 1.5805894740e-01
-1.7139984821e+00 -1.3010903668e+00 2.1152820147e-01
1.3382991439e+00 2.4623389859e-01 3.3546484459e+00
-1.3243378379e+00 -5.2674184782e-01 -7.3703128741e-01
3.0000000000e+00 -1.0342884323e+00 1.2156059274e-02
-1.3142086243e+00 2.0706239777e+00 8.7684794228e-01
-1.8906717453e-01 -8.7616247497e-01 1.7772205399e+00
-8.1049919456e-01 -6.3815707890e-01 2.6157834785e+00
-1.0827520050e+00 2.0533724449e+00 1.6148621774e+00
-2.4188914143e+00 -1.9319905566e+00 1.3316456476e-02
1.9467469951e+00 -8.3829752762e-01 7.9498257726e-01
-1.1805465831e+00 -6.5116474899e-01 4.4445392765e-01
1.2052159188e+00 1.5293948848e+00 2.2280439852e+00
-1.2080817203e+00 -7.0573451086e-01 5.2708257242e-01
1.6273604848e+00 1.3408594811e-01 2.7922680495e+00
-2.5499825404e+00 -3.0000000000e+00 5.5532372784e-04
1.7084864620e+00 8.4322811989e-01 1.3474514655e+00
2.5676486691e+00 -1.5791441678e+00 1.4686936744e-02
-2.2165920994e+00 2.2155506660e+00 2.2739296964e-02
2.3260360484e+00 -1.2359129082e+00 1.1191612310e-01
1.7401771636e+00 1.9896119455e+00 3.3357177780e-01
-3.0000000000e+00 8.4968123204e-01 -1.8334333285e-02
-9.7782290718e-01 2.5457396762e+00 6.2502262286e-01
-3.1225906998e-01 -4.7965857449e-01 3.4572425188e+00
1.7089315529e+00 8.6725143730e-01 1.3084244894e+00
1.5459278864e+00 1.8650212849e+00 7.3385156432e-01
-6.6792544117e-01 3.0000000000e+00 1.9179205528e-01
-1.5851462639e+00 8.2073507533e-01 -1.4226905680e+00
-1.7584421510e+00 1.0127761066e+00 -7.0365989446e-01
-4.7067567969e-01 1.1015088948e-01 1.1870589058e+00
9.3189596173e-01 -1.2244498347e+00 -1.9914251733e+00
-8.5659905073e-01 3.0000000000e+00 1.4366439118e-01
-1.2640757978e+00 1.2600932415e+00 5.3826926359e-01
-1.0375467458e+00 -1.0018897930e-02 -1.8387901797e+00
-1.9100327086e+00 2.7571697307e+00 1.9792380197e-02
9.0801144249e-01 -1.3539108340e+00 -2.7839480047e+00
-1.3014960620e+00 2.0089222296e-01 -3.0335418403e+00
-8.8168511421e-01 -3.7463739927e-01 9.5345666194e-01
1.2952440638e+00 1.3255304762e+00 1.9359998577e+00
7.7706281471e-01 -1.2744065766e+00 -3.2111537335e+00
6.3159436249e-01 1.8260129905e-01 8.6169205243e-01
-1.1301070289e+00 2.9691172092e+00 9.4923281803e-02
1.9381030297e+00 -1.1019681798e+00 4.2655924825e-01
-1.1426607768e+00 -4.1365059610e-01 -5.4170159204e-01
1.7369052535e-02 -6.6849220535e-01 1.6428899326e+00
-2.4425349526e+00 1.7568872557e+00 1.2546857218e-03
-2.5769651927e-01 -8.1163269074e-01 2.6474377775e+00
-1.6141192014e-02 -3.0000000000e+00 -2.4309908026e-01
3.7199323881e-01 -6.9772790739e-01 -9.8473150854e-02
2.9164504002e-03 -4.2216204711e-01 1.9167608126e+00
-2.1763994561e+00 -8.1076884047e-01 -2.5177414644e-01
-1.7832344148e+00 6.8502673842e-02 -2.0707108261e+00
-4.4446273392e-01 3.0000000000e+00 2.4610019968e-01
-1.6010872028e+00 1.1047406186e+00 -5.3608312704e-01
3.0000000000e+00 1.2517391800e+00 7.6003099616e-03
-1.4467798876e+00 9.0489584988e-01 -1.2208291846e+00
1.1763858039e-01 -3.0000000000e+00 -2.5361116690e-01
-1.2406814741e+00 1.0607777714e-01 -2.8851630148e+00
1.4350497615e+00 1.4390543563e+00 1.4214096043e+00
1.5202816223e+00 7.6558056151e-01 1.9190667517e+00
-1.5008894495e+00 -1.0189941936e+00 3.2440064710e-01
1.5153551062e+00 6.7586342977e-01 2.1188206697e+00
1.4951412073e+00 2.3197632813e+00 3.4557807984e-01
-1.0311106065e+00 1.6990728877e+00 2.5393390907e+00
-1.8167888522e+00 -3.2584368190e-01 -1.4652769448e+00
-6.4579863336e-01 -6.8577252092e-02 1.0368871943e+00
-2.1519444423e+00 2.3329829023e+00 2.4748826313e-02
3.0000000000e+00 -1.3135086919e+00 6.2859637305e-03
-1.0222029841e+00 -5.3467892213e-01 8.2668961716e-01
-3.0000000000e+00 5.4090316822e-01 -2.8278424340e-02
-8.9270343337e-01 -6.5596817076e-01 2.1709744640e+00
-6.9490568322e-01 1.0857309698e-01 5.7116736483e-02
-1.3610282291e+00 -2.1765609880e-01 -2.2218946370e+00
2.5963124515e-01 -1.2166691873e+00 -4.2936481849e+00
8.0841715719e-01 -1.0725277601e+00 -1.6801877628e+00
-1.0122798817e-01 1.6650118828e+00 7.9243204163e+00
6.6222700461e-01 -1.2113267526e+00 -3.4367998265e+00
-1.2140629236e+00 1.7974058321e+00 1.5471407745e+00
2.1082914743e+00 -2.8664584853e-02 1.0664751183e+00
2.1425360131e+00 1.4411418054e+00 1.9878872363e-01
-1.0531098263e-01 2.9217045122e+00 4.1312607183e-01
1.7843430996e+00 -3.0000000000e+00 -1.0750205011e-02
-2.3359660053e+00 2.2177768750e+00 1.2501623438e-02
1.0094122263e+00 -9.4441862912e-01 1.0910388404e-01
-4.9750929315e-01 1.3275133194e+00 5.4723645609e+00
-1.1129498649e+00 -1.0813148066e-01 -1.8841955224e+00
-1.7187448482e+00 1.9329326461e+00 2.7200284036e-01
1.5416415461e+00 9.1861340670e-01 1.6031200492e+00
-1.6527274684e-01 -2.4662837858e+00 -1.5644499272e+00
1.2476232766e+00 -2.3870425452e-02 3.5795483078e+00
1.6423307978e+00 9.4892891097e-01 1.3356533444e+00
4.7860089568e-01 2.6364677094e+00 9.7028821417e-01
3.0000000000e+00 1.5321097794e+00 4.1140023088e-03
-1.5874267753e+00 2.5171363036e+00 1.3837362649e-01
-6.5357748821e-01 5.1511647502e-01 -2.4921015768e-01
1.0014141965e+00 -1.4395326681e+00 -2.4845056273e+00
-9.6946584990e-01 2.3830601639e+00 1.0153401686e+00
-8.0824837081e-01 5.1240845038e-01 -1.0535812721e+00
-1.3742641573e+00 8.0346332403e-01 -1.6282602026e+00
5.5205922870e-01 -1.2630311338e-01 5.9682734656e-01
-8.4170966829e-01 -7.4397669237e-01 2.6487972775e+00
-3.0000000000e+00 -3.0000000000e+00 6.6712802967e-05
-1.6320390366e+00 1.9980606148e+00 3.5402862119e-01
-7.0329589135e-01 -8.4768238228e-01 3.1200289194e+00
-2.4244366311e+00 2.7163625899e+00 2.3184450223e-03
-1.3851161257e+00 -2.0201931189e-01 -2.3059973444e+00
-1.4275812897e+00 1.5679157042e+00 7.4335194491e-01
-2.0104888376e+00 -1.7755653432e-01 -1.1880078639e+00
-5.7167520123e-01 -8.6000213575e-01 3.2394441487e+00
2.4191581478e+00 -1.3900066370e+00 5.0220538189e-02
-1.7718686011e+00 -1.0380156110e+00 -1.1386669166e-02
1.9593197723e+00 -9.2362589245e-01 6.5108561813e-01
1.5788325263e+00 2.9787887460e+00 2.7586988664e-02
-1.6769669295e+00 2.6315375315e+00 7.1721722166e-02
-2.7655592893e-01 -6.7925318901e-01 3.3166082222e+00
-3.0000000000e+00 -4.0302560479e-01 -2.8748883222e-02
2.0151688781e+00 -1.2173660376e+00 2.5075207451e-01
-1.9244247131e+00 2.2330336084e+00 8.1141522813e-02
3.8632866047e-01 -9.7928927981e-01 -2.0840430011e+00
-3.0000000000e+00 -3.3907468846e-01 -3.0661563141e-02
1.7107684715e+00 7.9740099127e-01 1.4177448315e+00
-2.3201041920e+00 -1.1890669379e-01 -5.3235722309e-01
2.2288934523e+00 1.6452829373e+00 1.0535270351e-01
-1.2322920863e+00 2.4443435783e+00 4.7600628165e-01
1.0955461500e+00 -1.0805320796e+00 -3.4645161094e-01
-1.8047794888e+00 1.5142949569e-01 -2.0050012006e+00
2.8689828755e-01 -1.4158378284e-01 3.0476634558e-01
2.2193422928e+00 4.1662555153e-01 6.4510631446e-01
-1.1321171928e+00 2.7957151023e+00 1.8965119272e-01
-2.0419953549e+00 2.5854121976e+00 2.0617894701e-02
1.5043632744e+00 -1.2931737790e+00 -2.7458887648e-02
1.9287777680e+00 6.7748264478e-02 1.6575562901e+00
-9.0508435950e-01 1.0453343431e+00 9.7892553119e-01
3.9847437422e-01 5.0858371985e-02 1.2016077159e-01
8.2559082494e-01 4.9340463176e-01 1.6881369274e+00
-2.0976869309e+00 1.7099742804e+00 3.3162387148e-02
1.8256138923e+00 1.1231786549e+00 7.5959337478e-01
-7.4324193071e-01 -2.3877305127e-01 1.2164857823e+00
-2.0272552122e+00 7.2738427911e-01 -7.9220102916e-01
-1.9263406996e+00 -1.1970140678e+00 3.2546924494e-02
-2.1868856754e+00 2.8161002667e+00 5.0035783691e-03
-1.8190104897e+00 8.2815338139e-02 -1.9527420016e+00
1.4429599056e+00 2.2092127155e+00 5.2378437420e-01
-7.9877059229e-01 -7.0367390432e-01 2.8199452361e+00
-5.5465654054e-01 1.1023725069e+00 3.4031777794e+00
-1.0026379818e+00 1.2599295581e+00 1.7298007570e+00
-1.4956115302e+00 1.1576916483e-01 -2.8926611707e+00
5.5778335666e-01 8.7119980843e-01 1.9330136955e+00
-1.0323438269e+00 1.3983336418e+00 2.1370203491e+00
2.0928623694e-01 -2.7917105573e-01 6.9189080733e-01
1.5680006060e+00 1.2433525450e+00 1.1879228639e+00
-1.0458623977e+00 8.7816602590e-01 -6.6932549788e-01
-2.6776519890e+00 -1.2311989350e+00 -1.1110451021e-02
1.4067599172e+00 1.1048190629e+00 1.6922922944e+00
1.8384168641e+00 3.9600189177e-01 1.7148088389e+00
2.0221636362e+00 2.5479853704e+00 2.9258106728e-02
3.0000000000e+00 -1.4646490382e+00 4.0331150414e-03
1.7621561470e+00 5.4804916190e-01 1.7224527216e+00
7.7468925253e-01 1.3726143985e+00 4.3197758272e+00
-9.1047039419e-01 2.0077719713e+00 2.4787695067e+00
-6.1089823493e-01 2.6364765868e+00 8.3899567511e-01
8.5819620454e-01 2.4786952190e+00 9.6628293285e-01
1.3283834913e+00 -1.7930712863e-01 3.4732455709e+00
-1.8102776790e+00 -3.0000000000e+00 4.7785464204e-03
-4.5890534278e-01 -9.9517867244e-01 2.1283778591e+00
2.1829261527e+00 1.7051314563e+00 1.1348257338e-01
-2.0013553008e+00 2.3674560796e+00 4.4306807638e-02
2.2937025740e+00 1.9272341764e+00 4.8320775099e-02
-8.4087225271e-01 1.4060394127e+00 3.4317950388e+00
-2.0553858801e+00 2.9722227882e+00 4.7517848700e-03
7.7340729402e-01 6.5968605290e-01 1.5363316757e+00
3.8184323139e-01 -9.4448511343e-01 -1.7679631149e+00
-2.0666633018e-01 -5.3877601256e-01 3.1581596608e+00
1.2983542958e+00 1.3957069034e+00 1.9086689986e+00
-8.1049640286e-01 -1.8644826510e+00 -1.2667502095e+00
3.0000000000e+00 -9.3941807751e-01 1.4581780945e-02
-2.9944287266e-01 -7.4790042031e-01 3.1792561226e+00
-2.7523948354e-01 -3.0000000000e+00 -1.9515452931e-01
1.5768628503e+00 6.7363092978e-01 1.9836242580e+00
2.6510276046e+00 3.0000000000e+00 2.8573320129e-04
-1.8500315704e-01 3.6445237877e-01 7.9633256762e-01
3.0000000000e+00 -7.7916069195e-01 1.8971323521e-02
1.5898352901e+00 5.0737703755e-01 2.3132769442e+00
-1.5905714086e+00 4.0385371678e-01 -2.4770485321e+00
2.0591512812e+00 2.3173111313e-01 1.1465078654e+00
-6.9571237393e-01 2.3014328348e+00 1.9854664534e+00
-4.4278613279e-01 2.4382715679e+00 1.8542863869e+00
-1.3622807542e+00 7.6524758039e-01 -1.7816279479e+00
3.9022985804e-01 -8.4940409875e-01 -1.0101954672e+00
1.8334862650e+00 -6.3407618451e-01 1.3840779394e+00
-3.0000000000e+00 -7.8688182364e-01 -1.5367408024e-02
-1.9951010647e+00 4.2584175793e-01 -1.2103887688e+00
-1.6061818770e-01 1.5596233925e-01 1.1412552133e+00
3.0580941358e-01 -3.8221975148e-01 5.2611508551e-01
-1.4067356758e+00 -7.7069510616e-01 5.5970461777e-03
2.6652107147e+00 1.5536380314e+00 2.0208414172e-02
1.8209447107e+00 -9.1213951025e-01 8.6940557705e-01
2.0294687281e+00 1.9922944051e+00 1.2086613265e-01
1.6336959396e+00 2.7476323584e+00 5.8616792620e-02
3.3817618764e-02 -2.4743013811e-01 1.4081511019e+00
-1.8948310576e+00 2.9843175243e+00 8.5917084330e-03
1.0233115618e+00 8.1425908961e-01 2.2120969716e+00
7.2966769220e-01 -1.1953709371e+00 -2.9722598612e+00
-1.8967195360e+00 -3.4555239701e-01 -1.2507280189e+00
1.3408243495e+00 -5.6324589464e-01 2.5625934846e+00
2.1487055430e+00 2.0815128266e+00 6.3033308424e-02
-5.6392930131e-01 1.6195163643e+00 5.8352311408e+00
-1.3724570037e+00 1.9506571073e+00 8.7149750509e-01
-1.1995019873e+00 -4.1469378916e-01 -8.1801448136e-01
-1.5174759091e+00 2.3086888246e+00 3.0099818407e-01
1.3665641985e+00 9.5299641633e-01 1.9104291909e+00
-1.1562650846e-01 -2.7415104533e-01 2.2173110919e+00
-6.2240988520e-01 -1.3769003255e+00 -5.5732529934e-01
-3.7660021529e-01 -5.7756271943e-01 3.7018393241e+00
-2.2223045759e+00 3.0000000000e+00 2.0461717098e-03
-9.5194320508e-01 1.0243134868e+00 6.0460764469e-01
-2.0168625825e+00 1.8946862474e+00 7.5338487170e-02
2.8121631484e+00 7.7116226299e-01 4.4686015607e-02
3.0000000000e+00 1.9063851380e-01 3.1776457988e-02
1.0830666969e+00 2.5850609146e-01 3.0507227471e+00
-1.2538423923e+00 1.4708309445e-01 -2.9522284733e+00
9.3222739350e-01 -9.2963518096e-01 -1.2239820738e-01
-9.5316689965e-01 2.6353769065e+00 4.9066931968e-01
-1.2269355645e+00 7.2609804043e-01 -1.8527165721e+00
-6.2409985993e-01 -1.0866014076e+00 1.8345793657e+00
1.2035473443e+00 -7.9655960486e-01 1.4987993978e+00
1.2043482159e+00 -5.8870999144e-01 2.4025028658e+00
2.2637241119e+00 9.6807199730e-01 2.8021614594e-01
1.4885990313e-01 -5.0703518603e-01 1.1445295685e+00
-2.0433021369e+00 1.8889563154e-02 -1.2092063180e+00
2.3098852516e+00 1.8794579814e+00 4.9739526528e-02
-1.7253340105e+00 1.1130608855e-02 -2.2294548825e+00
-1.6347112479e+00 2.5967181756e-01 -2.5234789445e+00
3.0000000000e+00 -2.6982287112e+00 -1.6342985212e-05
-8.9992367304e-01 1.9095603763e+00 2.8753565311e+00
-8.3763283554e-01 1.2447446977e+00 2.6674590476e+00
-3.0000000000e+00 8.4288262317e-01 -1.8554421168e-02
-1.1964141539e+00 1.2804671374e+00 8.6993620648e-01
4.3585194211e-01 -6.0898683945e-01 1.4537173413e-01
-5.6943736934e-02 1.9582070728e+00 6.2022440475e+00
9.9557500359e-01 1.0201000275e+00 2.4786513866e+00
1.1752742268e+00 -2.8165443108e-01 3.2292380229e+00
-5.3715385339e-01 2.8910918071e+00 3.5465874573e-01
-2.2174643781e+00 1.7744744441e+00 1.9257876801e-02
-2.6361569357e+00 1.4735850647e+00 -1.4389779609e-02
1.9580065833e+00 4.6697664338e-01 1.2480410238e+00
-1.8921341552e+00 8.3569574623e-01 -8.8085820060e-01
-3.6977035564e-01 1.0030607446e+00 3.3196651295e+00
1.3097007737e+00 1.6425148915e+00 1.6889494422e+00
2.6127883264e+00 -1.1212987297e+00 5.6275216963e-02
-1.6231347723e+00 1.5378253259e+00 2.9454061889e-01
6.8756757520e-01 1.2741883163e+00 4.3558618773e+00
-1.5526964777e+00 1.7658134541e+00 5.3527823160e-01
-1.2984809098e+00 1.6777723112e+00 1.2452644066e+00
-1.5244156549e+00 5.6789317414e-02 -2.7990702797e+00
-3.6686480913e-01 9.4843180958e-01 2.8329858764e+00
1.5182626634e+00 2.6736119594e+00 1.0964989533e-01
1.2811805916e+00 -1.0531595579e+00 3.9733195060e-01
1.9617297455e+00 1.9185845604e+00 1.7807118245e-01
1.9379085057e+00 2.9861460181e-02 1.6314277462e+00
-9.3720941354e-01 2.1715050646e-01 -1.7713203394e+00
2.0419866620e+00 1.4601754250e+00 2.7036495278e-01
2.2666409450e+00 3.9871296528e-01 5.6503156658e-01
-1.9711775000e-01 1.4343755115e+00 7.4906249909e+00
1.8241937206e+00 2.1989248759e+00 1.6279343772e-01
-2.9919659567e-01 -3.0000000000e+00 -1.8939098567e-01
-2.7288411748e+00 3.0000000000e+00 1.5865807905e-04
9.8705771422e-01 -2.4444233448e-01 2.7084295169e+00
-7.4881868475e-01 6.0754287123e-01 -5.6049738079e-01
-1.5235866120e+00 1.5001717929e+00 4.2833180717e-01
6.5785397873e-01 -7.7025546990e-01 -2.1860480266e-01
5.6750175355e-02 -3.5045806521e-01 1.5032382173e+00
3.4549490810e-01 5.1259515166e-02 7.6725690071e-02
1.3445574540e+00 4.6279745658e-01 2.8958818165e+00
3.0000000000e+00 -7.6146931848e-01 1.9466657764e-02
7.5691446498e-01 -2.0020389122e+00 -3.2295081554e+00
2.5513839640e+00 1.9311951523e+00 1.5358282628e-02
-1.0591663820e+00 9.1033547650e-01 -5.3666799210e-01
2.0453899250e+00 2.0176993283e+00 1.0814779667e-01
-1.8090591023e+00 2.8093398367e+00 2.3927779474e-02
5.9703613405e-01 1.8882173920e+00 4.7715961987e+00
-8.2536284232e-01 1.4980486598e+00 3.8097261914e+00
-7.4357753171e-02 3.2312383921e-01 6.3165387059e-01
-2.6849245494e+00 -1.1412059638e+00 -1.7508139239e-02
-1.9269055046e+00 1.1748075115e+00 -3.0813627426e-01
1.0000424347e+00 -1.3102811289e-01 2.8869838899e+00
-2.1521236920e+00 2.6430695700e+00 1.0678086817e-02
2.3578674994e+00 8.8168442153e-01 2.3369202794e-01
-1.6309187278e-02 -1.0406178460e+00 -1.0700859560e+00
1.8215649653e-01 -1.2503451476e+00 -4.4468909752e+00
2.6121621517e+00 -7.1636407691e-01 1.1927931022e-01
-8.7571728010e-01 2.8801875630e+00 2.2915466558e-01
-1.1265901253e+00 1.2376245491e+00 9.8687619363e-01
-6.6494440762e-01 -3.3563337841e-01 2.2220263034e+00
-2.5583728777e+00 1.3759061459e+00 -2.8691403115e-02
-2.0617624571e+00 2.5428948105e+00 2.1545669448e-02
1.6426373624e-01 -8.8469429763e-01 -5.6486756905e-01
1.6229354644e+00 3.0000000000e+00 2.1880714135e-02
-2.1892850992e+00 3.0000000000e+00 2.3725811956e-03
-1.7919681996e+00 9.1276094471e-01 -8.8756364969e-01
-4.9748325562e-01 2.3129251268e-01 7.3787706637e-01
1.9043782927e+00 1.4723868537e+00 4.0942489569e-01
-7.4099743068e-01 -3.0891968144e-01 1.6012825477e+00
-1.8439106735e+00 -9.5024419802e-01 -1.6159839367e-01
1.5553838613e+00 9.5702079347e-01 1.5166655392e+00
-2.2292048645e+00 3.1986170268e-01 -6.9495856622e-01
-1.0801937517e+00 4.8110648957e-01 -2.3281614415e+00
-1.1957227999e+00 6.7351985192e-01 -2.0188282712e+00
-1.2140942715e+00 2.2025886996e+00 8.9798814994e-01
1.4005819315e+00 -5.0581610458e-01 2.7026490279e+00
-3.0000000000e+00 7.5173866836e-01 -2.1541059252e-02
2.1248603526e+00 9.5315853855e-01 4.4009685750e-01
-1.3601038482e+00 5.1821163095e-01 -2.6145244513e+00
-1.1567543840e+00 -3.0443009433e-01 -1.1940284400e+00
-1.9358201378e+00 1.2658715823e+00 -1.9612549981e-01
-2.1156952174e+00 1.6051409914e+00 6.9870294784e-03
-1.1796760402e+00 -9.4950959471e-01 1.2061700206e+00
5.6833118056e-01 -4.2813578614e-01 6.0273644698e-01
6.0348922247e-01 -3.6431437749e-01 7.6027612054e-01
-7.9230972015e-02 2.1579279961e+00 4.4169722605e+00
2.0003695494e+00 3.0000000000e+00 5.6561173785e-03
-6.6551787058e-01 -2.9669637984e+00 -1.1052132920e-01
1.2182235626e+00 1.4466785463e+00 2.2089569142e+00
1.7804991961e+00 1.0528860656e+00 9.1339701550e-01
-1.5192445016e+00 -1.9077973090e+00 8.0186286604e-02
-1.9621474885e+00 9.5183321719e-01 -5.8969274029e-01
-1.0138654866e+00 8.6472336068e-01 -6.2611976440e-01
-2.8695443639e+00 -1.8406504985e+00 1.5784095888e-03
1.9868671348e+00 1.2177486930e+00 4.4389833195e-01
-9.6016020792e-01 2.9048697833e-01 -1.9651668643e+00
-9.2111346458e-01 -2.8364701914e-01 1.6503635231e-01
-1.9889541064e+00 2.3136778410e+00 5.2715832627e-02
1.8390221616e+00 -7.5538099261e-03 2.0149746816e+00
-3.0000000000e+00 -1.2169972143e+00 -3.8946819628e-03
6.0598941271e-02 2.5695871062e+00 1.5138604937e+00
1.9414272563e+00 3.0000000000e+00 7.1162316245e-03
1.3683554272e+00 -1.9371643681e+00 -8.7533119748e-01
-1.6306167890e+00 1.0233996632e+00 -7.6364660334e-01
-1.1841176260e+00 1.3701636860e-01 -2.7870503607e+00
1.7195560246e+00 9.0831747382e-01 1.2227294251e+00
-1.2111949371e+00 1.5693982935e+00 1.5461879660e+00
2.0143414894e+00 1.6419122614e+00 2.2995703908e-01
3.1302771533e-01 -2.3071639530e-01 3.7377876645e-01
-6.6927388720e-01 7.0054973207e-01 1.2433308919e-01
1.5743783189e+00 1.0871819656e+00 1.3140840659e+00
-1.0391415236e+00 4.9886965101e-01 -2.1507454092e+00
-5.8716555488e-01 -9.1855932097e-01 2.9458531316e+00
1.5765655008e+00 -2.5991114246e+00 -1.0510361981e-01
-4.4720269321e-01 2.2684063556e+00 2.8629625849e+00
1.3024789821e-01 2.7781064575e+00 7.2353501936e-01
-2.6867400248e+00 -3.0000000000e+00 3.0810486451e-04
-2.1288780837e+00 3.0000000000e+00 3.0922119533e-03
-6.7923611051e-01 -8.2919352670e-01 3.2232677304e+00
1.8992045154e-01 -3.3935257448e-01 8.4890065373e-01
-2.2835764152e+00 1.9715514613e+00 1.9149786997e-02
1.2848097648e+00 4.6469927221e-01 2.9198137197e+00
-1.2425617961e+00 2.7398266057e+00 1.7899884943e-01
-1.3982091006e+00 2.3046190023e+00 4.3575015992e-01
1.2595333020e+00 8.2479882068e-01 2.2061307708e+00
-9.6220828008e-01 1.3402428553e+00 2.3474694025e+00
-8.4485131444e-01 4.9158791895e-01 -1.2741931084e+00
-1.0283839818e+00 2.1843723469e-01 -2.2647084720e+00
-8.9728471222e-01 2.7196222853e+00 4.0634307435e-01
-9.2085321424e-01 1.6652504569e+00 3.2496960348e+00
-1.9276546401e+00 1.1336015312e+00 -3.6262410713e-01
-2.0135816652e+00 1.5780026722e+00 1.9811721309e-02
1.1693110885e+00 2.0082461356e+00 1.5364211486e+00
9.9653251539e-02 -2.5256130637e-01 1.0983957966e+00
1.4492231341e+00 8.5683677892e-01 1.8912866160e+00
2.0579645590e-01 -6.2690674959e-01 6.8909901699e-01
-1.3339251486e+00 -3.5477826222e-01 -1.5873053478e+00
6.7353684016e-01 -3.0000000000e+00 -1.8666674454e-01
-1.2795427895e+00 8.2881824783e-01 -1.4651045078e+00
9.8793292358e-01 8.9147417706e-01 2.2603469579e+00
1.1814149090e+00 1.6163628926e+00 2.2603228212e+00
6.7513629503e-01 3.0000000000e+00 1.9024073936e-01
1.1605810896e+00 1.1947637223e+00 2.3486500266e+00
-7.3505783300e-01 1.2122863855e+00 3.1412086053e+00
-1.0525452546e+00 2.6838531073e-01 -2.4062245614e+00
2.5639899397e-01 -6.1186526887e-01 5.1484042448e-01
2.3412046062e+00 -4.8106158655e-02 5.2276274476e-01
-6.5568485972e-01 1.1152581176e-01 2.9430235821e-01
1.7920797763e+00 1.9743616099e+00 2.8927099938e-01
7.1171473931e-01 -8.0100933907e-01 -2.1893678268e-01
1.6526927138e+00 4.2745781995e-01 2.2880465955e+00
1.0185010200e+00 1.7970539110e+00 2.7483468587e+00
3.0000000000e+00 1.3575844961e+00 6.0654029599e-03
-1.0687795042e+00 -1.2321475813e-01 -1.5926575928e+00
-1.1245528768e+00 -8.9066932827e-01 1.3844346645e+00
-1.5556663765e+00 -6.1870264917e-01 -8.0961070832e-01
2.3313659325e+00 1.3442307888e+00 1.1886327447e-01
-2.2883418222e+00 9.2721856218e-01 -2.6666592858e-01
1.3242962440e+00 -6.8124033835e-01 2.1282960363e+00
1.5303286891e+00 3.0000000000e+00 2.9221148278e-02
-9.8984592792e-01 1.9124380407e+00 2.3951091877e+00
-1.0904481670e+00 2.6584062525e-01 -2.5602994726e+00
1.4157901130e+00 3.3644375672e-01 3.0897208799e+00
1.4896003383e+00 2.9325235456e+00 4.4027861130e-02
-7.2779699995e-01 -6.7543534345e-01 3.1299858614e+00
-2.3749696062e+00 2.9512979821e+00 1.2272333573e-03
6.9596162679e-01 -1.4890636967e-01 1.2565282754e+00
-1.4520849887e+00 -3.9628693491e-01 -1.5970289634e+00
2.2983463529e+00 1.9722190572e+00 4.3144023192e-02
1.9849151068e+00 -2.3561078707e+00 -4.0227137399e-02
-2.4422153460e+00 -1.8489572071e-01 -3.4271218511e-01
2.2248339452e+00 9.9444714226e-01 3.0469740004e-01
-8.7726296827e-01 2.0818095240e+00 2.3413066409e+00
1.3621042350e-02 2.4757664003e+00 2.0250227078e+00
-6.8418016128e-01 -5.4156764815e-01 3.0192848406e+00
-2.0823101022e+00 5.3955149066e-01 -8.8041836739e-01
1.4361976682e+00 1.3835765273e+00 1.4517902347e+00
3.0000000000e+00 1.6793542643e+00 2.9249663627e-03
-1.5414797310e+00 1.6183309082e+00 5.0822356511e-01
-1.3796497352e+00 2.8036677756e+00 9.8122531357e-02
-6.2316680841e-01 7.5468856203e-02 6.0709079015e-01
-1.2448207464e+00 5.1453278750e-02 -2.8082995450e+00
1.1682949164e+00 1.3293261321e+00 2.4044424581e+00
-7.8939483179e-01 -4.4107892181e-01 1.9583224662e+00
-3.0000000000e+00 5.5878276227e-01 -2.7739452359e-02
-1.9964263478e+00 6.8140919877e-01 -9.1348028194e-01
1.7981085771e+00 1.4125852159e+00 5.9412505049e-01
9.7420716486e-01 5.1815429610e-01 2.2651679749e+00
3.0000000000e+00 1.7801443990e+00 2.2982712416e-03
-1.8409299942e-01 -1.0105356792e+00 4.4139976244e-01
1.5903130382e+00 1.0838966706e+00 1.2815466120e+00
-7.9420780835e-01 -4.0293829323e-01 1.7308832119e+00
-1.5585021652e+00 1.9785308004e+00 4.6734372259e-01
-5.6331661763e-01 -3.6158142539e-01 2.8479275101e+00
1.3252577085e+00 -5.7894793835e-01 2.5117661122e+00
2.0375405216e+00 3.0000000000e+00 4.8764982115e-03
1.1190246882e-01 -6.4018573954e-01 1.1463084895e+00
-6.9520977342e-01 -8.8638782263e-01 3.0185063659e+00
2.0279081037e+00 -7.4327572442e-01 7.7460494156e-01
-1.8103195051e+00 -3.0000000000e+00 4.7782896829e-03
5.6194883798e-02 -4.9851936657e-01 1.6609574066e+00
-1.3916956772e+00 2.2347735376e+00 5.1909528349e-01
-3.0000000000e+00 7.0732181463e-01 -2.3003161293e-02
-6.1244336308e-02 -1.7849970905e-01 1.6945725503e+00
-9.6824959435e-01 1.4831034327e-01 -1.8435674119e+00
-1.5085185479e+00 -6.7959495931e-01 -5.3273734059e-01
-4.8923756856e-01 -1.4708826235e+00 -2.0792033011e+00
-8.8769799839e-01 5.7689884661e-01 -1.3249251752e+00
2.8820979757e+00 -4.9887058846e-01 4.6959143264e-02
-1.2382777852e+00 -5.5012405578e-01 -2.9643707384e-01
-2.5727720182e+00 2.5541408362e-01 -2.2222063389e-01
2.3946380922e+00 2.6020507550e-01 4.0431693527e-01
6.6252306224e-01 2.3240765726e+00 1.9762796270e+00
1.2519800644e+00 1.0672550379e+00 2.0675653533e+00
1.6030739247e+00 2.0289619044e+00 4.7638750101e-01
1.3151731657e+00 5.5681011807e-01 2.6897956670e+00
-3.0000000000e+00 1.6156907025e+00 -1.8383903688e-03
-7.3849846533e-01 -3.9151650673e-01 2.0481432069e+00
-2.3356883213e+00 -2.8920099863e+00 1.8262244498e-03
-2.5199661246e+00 3.0000000000e+00 4.8622835515e-04
2.0399150662e+00 2.8616631365e+00 8.6558136145e-03
-8.2752535301e-01 2.1002210282e+00 2.4737977179e+00
-1.7642739373e+00 -5.8481894660e-01 -9.1911589371e-01
1.8762220495e+00 2.2197069558e+00 1.2893593201e-01
-3.9321843471e-01 1.7661487428e-01 1.1756021488e+00
-7.0790958223e-01 1.6562592917e-02 2.8914803234e-01
-1.3485808455e+00 3.7711750952e-01 -2.9144352263e+00
3.0000000000e+00 -2.9351428067e+00 -7.8365289224e-06
-3.0000000000e+00 2.4969105574e+00 1.5900321585e-04
-7.1735373584e-01 2.9059715143e+00 2.6602192492e-01
4.0178803274e-02 -5.8215869152e-01 1.7043802527e+00
-2.4338976819e+00 -7.1215570407e-01 -1.6594195516e-01
-6.5066829575e-01 -4.2210339100e-01 2.7162405852e+00
-3.6989037824e-01 1.6025919437e+00 7.0720540692e+00
2.6840074240e+00 -3.0000000000e+00 -8.9884319988e-05
1.5124701664e+00 -2.0354427480e+00 -4.8477280251e-01
5.6371723331e-01 -3.1663500578e-01 6.5051118462e-01
8.9168019717e-01 -1.0777092039e+00 -1.2919817633e+00
4.1474408545e-01 4.8449437369e-01 1.6034837687e-01
4.4604032524e-01 8.0125131780e-01 1.4300925820e+00
-1.6269692557e-01 9.2096011233e-01 2.9083806004e+00
2.4790034194e+00 3.0000000000e+00 6.8169776188e-04
-5.6135331503e-01 8.2836849954e-01 1.2457142419e+00
-1.3716463474e+00 -1.0872394092e-01 -2.5980394801e+00
1.0215124766e+00 -5.6422976147e-01 2.0572340575e+00
1.2119487313e+00 -6.3538655013e-01 2.2303114733e+00
-7.5120409907e-01 2.7923070736e+00 3.9601960447e-01
1.7344374487e+00 2.0917838788e+00 2.7904734891e-01
-2.0944084504e+00 1.1646023387e+00 -2.3502923729e-01
-6.2205710738e-01 5.0081111452e-01 -1.0935279773e-01
1.8906568068e+00 -3.0000000000e+00 -6.9626250742e-03
1.0451929093e+00 -8.6288800838e-01 7.2340251312e-01
9.3841579631e-01 7.2494531562e-01 2.0517088553e+00
2.1149224193e+00 2.9800699265e+00 3.8732328685e-03
1.3177057081e+00 3.0000000000e+00 5.3268575816e-02
-5.1212538783e-01 -9.5157723075e-01 2.6323206540e+00
-2.5834226614e+00 1.0624602674e+00 -7.0893988463e-02
-1.0873678288e+00 1.8614304859e+00 2.0309527899e+00
-2.5176485341e+00 -3.0000000000e+00 6.3362924596e-04
1.5656829327e+00 2.1617252260e+00 4.0848978087e-01
3.0000000000e+00 -1.7672794740e+00 1.3195231811e-03
5.8377335432e-02 1.1831800974e+00 5.6665420868e+00
1.6887230606e+00 8.2549942788e-01 1.4228604673e+00
-1.1676025773e+00 9.8712130779e-01 -4.5929081684e-01
-6.8048003272e-01 2.8464430882e+00 3.5573672428e-01
-4.6313552532e-01 8.1254277468e-02 1.3078919394e+00
9.7675598409e-01 -8.9444358739e-01 2.8150480628e-01
-1.4351272661e+00 -1.9688733050e-01 -2.3490547015e+00
1.9855831070e+00 5.6976416091e-01 1.0551431119e+00
-1.4727878144e+00 1.5784275738e+00 6.3325684855e-01
-5.4049513284e-01 1.6364972115e+00 5.9811918337e+00
1.1204308705e+00 8.4695334368e-01 2.2493147860e+00
-3.2185136796e-01 -6.0322202036e-01 3.5853435671e+00
-1.4308593713e+00 -1.8744915491e-01 -2.3792980149e+00
1.3782036600e+00 2.1782648358e+00 6.6870569639e-01
-2.8381309179e+00 3.0000000000e+00 8.5081722792e-05
3.0000000000e+00 -8.7998431071e-01 1.6178756183e-02
1.5814962975e+00 -1.3639513222e-01 2.9678862035e+00
2.5888869190e-01 1.0656661408e+00 4.0247635599e+00
7.8090955656e-01 1.3892951591e+00 4.3327200973e+00
-1.2862313912e+00 3.2049965432e-01 -2.9747217175e+00
9.9819675246e-01 -1.1448640299e+00 -1.1682450745e+00
1.8453311388e+00 -4.3981480593e-01 1.6656703405e+00
1.0284467907e+00 -1.9285114690e+00 -2.1721943504e+00
1.5563978427e+00 1.4175516618e+00 1.0922640837e+00
-3.0000000000e+00 -2.9415762170e+00 8.2372769547e-05
-3.0220810031e-01 -5.0587958944e-02 1.9798376040e+00
3.0000000000e+00 1.4412122666e+00 5.0473518650e-03
-1.3231818701e+00 1.6208530858e+00 1.1277433952e+00
-4.7966360779e-01 -5.5285577528e-01 3.6986083227e+00
3.2808361030e-02 1.3658585331e+00 7.3336814073e+00
-3.9457206459e-01 2.3789955778e+00 2.2717926422e+00
1.6128192272e+00 1.3305140968e+00 1.0162780858e+00
1.9536828104e+00 1.9099418501e+00 1.8610809222e-01
7.8378807422e-02 -1.4194793948e+00 -5.5468467675e+00
5.6857745180e-01 -1.2299526645e+00 -3.9991543080e+00
-1.4863742851e+00 9.9570005423e-01 -8.7756180474e-01
-2.7690922302e-01 -1.0275648299e+00 8.7699251506e-01
2.9497581661e-01 1.4751474079e-02 1.2038340934e-01
1.7038210397e+00 1.9282870102e+00 4.1637123036e-01
2.1614974254e+00 1.8916832478e+00 8.8501860663e-02
4.9753177457e-01 -4.8714580158e-02 3.8813650767e-01
1.4932892988e+00 -1.0256205913e+00 7.9051414171e-01
-2.0428639166e+00 -1.0213013021e+00 -1.1278997304e-01
-9.3519197279e-01 1.7504263741e+00 3.0645554121e+00
-2.1132835702e+00 2.5567049378e+00 1.6556075264e-02
5.4727931654e-01 -1.4167815533e+00 -5.2512735806e+00
1.8276437350e+00 1.1508683484e+00 7.3161557359e-01
2.2581751842e+00 2.5011912161e+00 1.2755357873e-02
-1.5946166953e+00 1.8323777350e+00 4.5573629407e-01
3.0000000000e+00 1.0807035208e+00 1.0718166124e-02
-4.8746265764e-01 -1.0222430796e+00 1.9946011615e+00
-5.0197565086e-01 8.0487287919e-02 1.1768953635e+00
-8.1139077788e-03 -3.0000000000e+00 -2.4404093317e-01
-1.7176994950e+00 5.1758342668e-01 -1.9123571168e+00
3.0965422424e-02 8.7911309232e-02 6.8642064759e-01
-1.5123607833e+00 2.0122380801e+00 5.2405120606e-01
-4.7802707364e-01 -1.2642750949e+00 -4.0765732294e-01
4.2946211852e-01 -5.5972067342e-01 2.6279483534e-01
-5.8805709996e-01 -2.1892811922e+00 -1.6556237135e+00
1.9701575368e+00 1.4983492678e-01 1.4778497142e+00
3.0000000000e+00 3.0000000000e+00 4.1029727458e-05
1.8742240902e+00 9.3130580977e-01 8.6698580528e-01
-9.3860200922e-01 -8.6888501705e-01 2.2267458433e+00
-1.8621856381e+00 1.3554836989e+00 -9.7211792671e-02
2.8681711534e-01 -1.0176918442e+00 -2.2971362581e+00
-8.3383480328e-01 3.2087348684e-01 -1.2567732043e+00
4.4716062863e-01 -1.0446031627e+00 -2.6845482139e+00
6.0275197257e-01 1.4829370098e+00 5.6043689263e+00
1.8050223984e+00 1.6519399595e+00 4.4759172470e-01
1.0445453337e+00 -3.8924268355e-01 2.6577478076e+00
-5.7583923721e-02 3.0000000000e+00 2.9889045987e-01
1.3161658194e+00 1.2370048573e+00 1.8814348900e+00
-7.7742839709e-01 -6.1203770109e-01 2.7331594862e+00
1.2381086849e+00 -3.2839593091e-01 3.2128030217e+00
2.2961883270e+00 1.7551033285e+00 6.6724126788e-02
1.4260029205e+00 -6.0639670019e-01 2.3551150761e+00
-1.7925496993e+00 5.8717692144e-01 -1.5694632635e+00
-9.5843627082e-01 1.0016320861e+00 4.2901076917e-01
-1.4219396619e+00 1.3778867703e+00 4.3758051797e-01
1.8649000818e+00 1.2690718304e+00 5.8045423179e-01
-6.2904314168e-02 -4.5990625029e-01 2.3432131696e+00
1.4569941105e+00 2.4502137194e+00 2.6936374671e-01
-4.0728004136e-01 -2.9219841450e-01 2.9259225235e+00
1.3522404268e+00 1.7415425267e+00 1.4101485696e+00
-1.2051698151e-01 1.6281580524e-01 1.0262006207e+00
-6.9548529570e-01 2.3095204644e+00 1.9473859405e+00
2.4503374912e+00 1.0547077416e-01 3.5177394147e-01
2.3596415976e+00 1.2246924409e+00 1.3155865440e-01
1.2696375682e+00 1.6810778521e+00 1.7986696372e+00
-2.5613667202e+00 -9.2072856878e-01 -6.1735887425e-02
-1.4387139306e+00 2.4320510355e+00 2.7992749809e-01
2.2273561454e+00 -5.1324543174e-01 5.9389020725e-01
1.0265261664e+00 4.7660757104e-01 2.4985343045e+00
4.2732112757e-01 1.0687398283e+00 3.6845506821e+00
1.3398411740e+00 3.6453821868e-01 3.1253204185e+00
1.1698870614e-01 1.6356799253e+00 7.9353569198e+00
-1.1186580240e+00 3.5164234397e-01 -2.6305600224e+00
3.0000000000e+00 -1.4567773707e+00 4.1343479740e-03
3.0000000000e+00 -1.4222338250e+00 4.5991372585e-03
-1.5295043138e+00 1.5869363628e+00 5.0963121260e-01
-2.0913519872e+00 -1.0262867441e-01 -1.0273687574e+00
-1.8393716560e+00 7.7859885571e-01 -1.0859498943e+00
1.2600451777e+00 2.3651201053e+00 5.7612122166e-01
-1.6575201967e+00 4.7677103321e-01 -2.1624531678e+00
1.3447958568e+00 2.2854546162e+00 5.6990963904e-01
-2.9113253122e+00 1.5040225473e+00 -4.4405464494e-03
-3.9573561611e-01 -3.7601445586e-01 3.2562756370e+00
-1.6236831769e+00 -1.3339392512e+00 2.9635406859e-01
-2.4175708231e+00 3.8108407863e-01 -3.6508292942e-01
-1.9227765155e+00 1.2342947860e-01 -1.6023217722e+00
2.2909326720e+00 -6.2896446944e-01 4.2868924212e-01
3.0000000000e+00 -1.8133812474e+00 1.0769486753e-03
8.4709864446e-02 2.4374512926e+00 2.2449948449e+00
2.4329342580e+00 -8.7130070272e-01 1.8498953172e-01
-2.9446654646e+00 7.7572978231e-01 -2.6988598296e-02
-8.5954887545e-01 3.4179610640e-01 -1.4206022600e+00
1.6651586749e+00 1.1615273091e+00 1.0380968175e+00
1.5141300896e-01 -6.3368984822e-01 9.4319683888e-01
-2.2242234575e+00 -2.6562566125e-01 -6.3924039248e-01
-4.4609467668e-01 2.6116288009e+00 1.0861264398e+00
4.5906870789e-01 -1.0214984146e+00 -2.4623894446e+00
2.5813670639e+00 1.5962474410e+00 2.7028860039e-02
2.4504234318e-01 -2.5767638820e-01 5.4963456505e-01
-6.3283908180e-01 8.2622847838e-01 9.1760610403e-01
-9.3521947077e-01 2.2411669178e+00 1.5334828275e+00
-4.7899872328e-01 4.8631145932e-03 1.5343796409e+00
-1.8747277034e+00 7.6842584699e-01 -1.0340123847e+00
-8.4429348540e-01 1.4613967362e+00 3.5838495257e+00
2.8546483029e-01 -1.7264539000e-01 3.4599660635e-01
-5.9944885496e-01 1.5334145052e-01 4.8871222334e-01
2.8777820644e+00 1.7032177935e+00 5.2323304915e-03
-1.2804890954e+00 2.0355802962e+00 1.0146577210e+00
-1.0881177051e+00 2.7688778337e+00 2.3150670550e-01
1.8416229577e+00 6.1649107317e-01 1.3783771129e+00
-1.5536674086e-01 8.2869723432e-01 2.1097517740e+00
3.0000000000e+00 2.2894014210e+00 5.8331208272e-04
4.9288018109e-01 1.1112429178e+00 3.9107287940e+00
-8.6313237650e-01 1.9270527310e+00 3.0156722993e+00
1.7705244196e+00 3.0000000000e+00 1.3327130784e-02
1.8571110151e+00 -2.1347697062e-01 1.8696344786e+00
5.6675426397e-02 -1.0234657709e+00 -1.3446850678e+00
9.6399699387e-01 1.2425907684e+00 3.0886080577e+00
1.8841383632e+00 1.8798546428e+00 2.4980037169e-01
-1.3829824950e-01 -1.0868064792e+00 -7.5396930358e-01
-2.6473275945e+00 1.0331313274e+00 -5.9415886037e-02
-3.0000000000e+00 -1.2609202179e+00 -3.1579862749e-03
-2.2242471551e+00 -4.8529255694e-01 -4.8300705803e-01
-1.6957870181e+00 -1.5734180183e+00 1.9500495313e-01
7.3509345742e-01 -4.4580936222e-01 1.1874496157e+00
3.0000000000e+00 -1.2621055624e-01 3.2755400942e-02
3.0000000000e+00 1.3184191622e+00 6.5998728470e-03
-5.7935895181e-01 4.2601885056e-01 8.2247738918e-02
-1.7060248466e+00 -7.0540663285e-01 -6.1504265468e-01
-1.5986149056e+00 1.9173775916e-01 -2.6626199673e+00
1.2870699087e+00 -3.8859101970e-01 3.0918998438e+00
-5.4788519745e-01 -6.4739579184e-02 1.5445710649e+00
1.1966146215e+00 7.0651506752e-01 2.3925044742e+00
5.4422154519e-01 4.1345426449e-01 4.4078252131e-01
1.5354373475e+00 1.7403993235e+00 8.8262693868e-01
1.7156423167e+00 -3.3117834129e-02 2.5085928839e+00
8.5012020927e-01 -9.0114985310e-02 2.1431346465e+00
2.1020631183e+00 -6.6623812950e-02 1.0822237880e+00
-2.6002079302e+00 1.2728765984e+00 -3.6269437326e-02
8.8573663353e-01 -1.2672218374e+00 -2.5042352010e+00
2.5788942977e-01 -8.0956580560e-01 -4.0143846499e-01
-1.3445590808e+00 -2.0442017301e-01 -2.2487131015e+00
-8.6623044052e-01 1.9940216444e+00 2.7445887343e+00
3.0000000000e+00 -1.1846085626e+00 8.7314287903e-03
-1.8981492574e+00 -2.3297563937e+00 2.6606975226e-02
-1.8618233367e-01 -9.7578179015e-01 8.2571287912e-01
-2.8630210907e+00 -6.9994067168e-02 -6.7889378180e-02
-1.5641100872e+00 7.0134832727e-01 -1.8245502590e+00
8.0650435269e-01 2.2131813731e+00 2.0810920508e+00
-9.8357435075e-01 1.6138322188e+00 2.8445022039e+00
-2.1637373946e+00 5.9878111907e-01 -6.6114648806e-01
5.2318204249e-02 -1.2420767950e+00 -3.8144929301e+00
-8.3333174488e-01 4.0422886706e-01 -1.2760152469e+00
-1.2614267399e+00 8.7286926851e-01 -1.2383829936e+00
-6.6293486328e-01 1.0758202395e+00 2.5755033709e+00
1.7056550875e+00 4.9723907223e-01 1.9888056226e+00
8.1891099066e-01 1.0408027988e+00 2.7779359438e+00
2.5298358675e+00 -3.0000000000e+00 -2.5242493352e-04
-2.0611492746e+00 2.3479610184e+00 3.5892892312e-02
1.1338211133e+00 1.8570022056e+00 2.0494680530e+00
2.2114904211e+00 8.6191365562e-01 3.8896280794e-01
1.5203211489e+00 2.2373152434e+00 3.9364349967e-01
-8.8617973480e-01 -3.8477330392e-01 9.7651593205e-01
7.2411597324e-01 3.8532020413e-01 1.2469047932e+00
1.4506922741e+00 2.5126083129e+00 2.2734046235e-01
1.3486394064e+00 -3.9880049199e-03 3.5620565722e+00
-2.1973690904e-01 -1.9266884646e-01 2.3451689202e+00
1.2456165409e+00 2.3005801576e+00 7.0464298765e-01
-8.0040811570e-01 2.2507446772e+00 1.9065031472e+00
-8.1935381323e-01 6.6551614105e-02 -6.5907939425e-01
1.7554773598e+00 1.0783329321e-01 2.3170503709e+00
5.5165573286e-01 -5.4728049708e-01 3.8636212260e-01
8.8499040080e-01 2.0790113793e+00 2.3861942206e+00
2.1737926353e-01 -3.0000000000e+00 -2.5399172378e-01
-3.4564318971e-01 -3.0000000000e+00 -1.7782101705e-01
7.0601284232e-01 1.3125549699e+00 4.4518736131e+00
-1.9408381152e+00 2.8158178099e-01 -1.4894089451e+00
2.5895320849e+00 1.6720530947e+00 2.2367723835e-02
-1.0538984740e-01 5.0378029553e-01 6.6333351101e-01
1.4465837256e+00 1.3745958623e+00 1.4257195206e+00
-4.3821313178e-01 -8.1147268575e-01 3.3283074370e+00
1.8280628374e+00 9.8993648351e-01 8.9006472443e-01
-1.8429538191e+00 8.1825583630e-02 -1.8705202569e+00
6.4674741846e-01 -1.7962065494e+00 -4.7190610950e+00
1.1518152102e+00 -2.0277862939e-01 3.3106060340e+00
-2.8462649693e-01 1.6176223488e+00 7.4738083454e+00
1.9000137564e+00 1.2578184941e+00 5.3567665991e-01
-1.7448125699e+00 -2.0871170253e+00 5.5414669215e-02
1.8081679494e+00 1.3781941704e+00 5.9905657699e-01
5.5823119469e-01 1.1639009317e+00 4.1498327735e+00
1.5346212679e+00 5.4908545135e-01 2.3633249067e+00
-9.9903590234e-01 1.5019604919e+00 2.6175944631e+00
3.0000000000e+00 5.0535554319e-01 2.5422301261e-02
-1.6153505896e+00 1.3310312749e+00 3.5365798152e-03
-9.1053065926e-01 -6.8716108452e-01 2.1514734955e+00
-1.7489683198e+00 2.9058061687e+00 2.0386439647e-02
-6.5690512769e-01 2.3724597651e+00 1.7498552467e+00
-2.0844349220e+00 3.0665162435e-01 -1.0463915028e+00
-1.5692837107e+00 2.4084209320e+00 1.9907171306e-01
2.4200900903e+00 1.6548167187e+00 4.8293967083e-02
-1.4359492865e+00 2.8005004559e+00 8.4577692590e-02
1.5203893485e+00 -4.7741234086e-01 2.5744411124e+00
-2.4683671386e+00 -1.2569784234e-01 -3.2346410123e-01
-1.3813696771e+00 2.0068687418e+00 7.9329047794e-01
3.2961489500e-01 4.7944960580e-01 5.6258247422e-02
1.1970243558e+00 -2.6446472939e-01 3.2944655270e+00
-2.6959256159e-01 -4.7172865787e-01 3.3267377966e+00
-1.5396175256e+00 1.9481678713e+00 5.1387022249e-01
1.1466327322e+00 1.4476228616e+00 2.5215712441e+00
-1.7424997292e+00 3.0000000000e+00 1.4081686639e-02
-8.6586329071e-02 9.5507380223e-01 3.2531923651e+00
-1.8666116159e+00 1.2728890344e+00 -1.9607063890e-01
8.0915692844e-01 1.5689881314e+00 4.3755000536e+00
-2.6443001063e+00 3.1916299630e-01 -1.6276509959e-01
2.1463045395e+00 1.3441708151e+00 2.2715193712e-01
-8.3262164597e-02 -1.4487402422e-02 1.3394508150e+00
7.8049104294e-01 -8.9852829590e-01 -5.7443591418e-01
2.1119001078e+00 3.0000000000e+00 3.5953305336e-03
2.0793129107e+00 4.3748545072e-01 9.4597832128e-01
-1.0954482362e+00 1.4888250701e+00 2.0136031743e+00
-7.7625940783e-01 -1.0233275531e+00 2.3112265460e+00
-1.4831601028e+00 -2.5507254857e-01 -2.1515025376e+00
-3.0000000000e+00 2.5981294857e+00 1.2575021912e-04
1.3509727100e+00 2.8168265092e+00 1.0365375542e-01
-3.0000000000e+00 2.5335644253e+00 1.4698770843e-04
9.2264935229e-01 5.9084653869e-01 2.0207749223e+00
6.5126371359e-01 -1.2072173402e+00 -3.4605303754e+00
3.5027384618e-01 1.7716356851e+00 6.6784891588e+00
-2.7556611659e+00 7.4463669566e-01 -6.6037747322e-02
-3.0000000000e+00 1.8079939082e+00 -5.6258573031e-04
3.0000000000e+00 6.2178690402e-01 2.2317964533e-02
-2.3251720296e+00 1.9238040156e+00 1.4396320436e-02
-2.7015187044e+00 1.5775961567e+00 -6.7764813406e-03
-1.4390968171e+00 -4.9338575736e-01 -1.1646624118e+00
-1.9059023301e+00 2.4886424391e+00 4.7753091737e-02
4.8789923121e-01 -1.5174064453e-01 4.0872054090e-01
-2.5057897132e+00 3.0000000000e+00 5.2287211266e-04
1.5046176910e+00 1.2799734207e-01 3.1971194438e+00
-1.9795943484e+00 2.7634895276e+00 1.4676226534e-02
-2.7327719504e+00 -3.0000000000e+00 2.4990795173e-04
9.1270252224e-01 -8.9893137775e-01 -1.1872501061e-02
6.7448945394e-01 -1.5458968207e+00 -4.8860884782e+00
8.1273665571e-01 1.8677568812e+00 3.6453480657e+00
-3.8003675570e-01 4.7652276346e-01 6.9320465164e-01
2.2237242019e+00 8.5493447199e-01 3.7834898994e-01
1.5968260749e+00 1.4254074907e+00 9.8678634743e-01
-2.0851123897e+00 2.1879237482e-01 -1.0807100066e+00
1.0965411968e+00 -8.9921761489e-01 6.9081818120e-01
-1.0512401660e+00 1.2721517175e+00 1.5207030440e+00
-1.3370744684e+00 1.5835629311e+00 1.0471995346e+00
7.9405638319e-01 -6.3848152981e-01 8.8536293597e-01
1.7768506541e+00 1.8586591013e+00 3.6887033853e-01
-5.7601261818e-01 -8.8192535897e-01 3.1361479495e+00
-3.0000000000e+00 1.4525159206e+00 -3.7090371570e-03
1.9671113687e+00 -8.4716445069e-02 1.5208590131e+00
1.7696381906e+00 2.6026797331e+00 6.2178544145e-02
1.8933779324e+00 1.6750048406e+00 3.2871104871e-01
2.0239402541e+00 1.9252801147e+00 1.4027978945e-01
8.3136525042e-01 -4.2799143013e-01 1.6645415489e+00
-7.9755896301e-01 1.0808280480e+00 1.8232940012e+00
1.4416264675e+00 3.9134826981e-01 2.9271369498e+00
-8.4384301698e-01 -1.3104557270e+00 7.0069670017e-01
-1.7216060805e+00 -5.5361714924e-01 -1.0334884919e+00
-2.8519665198e+00 -1.1543826486e+00 -9.1963659100e-03
-3.1531016569e-01 -8.5827050242e-01 2.6245874422e+00
1.7877668982e+00 -9.7542123387e-01 7.8300551912e-01
2.3247627791e+00 1.0822673247e+00 1.8962386159e-01
3.0000000000e+00 -2.2866619721e+00 4.3941134108e-05
-1.3538456722e+00 1.4799657025e+00 8.4773949196e-01
-2.6294708301e-01 1.1253804551e-01 1.4211942783e+00
1.7838294603e-01 8.8768341001e-01 2.3136704720e+00
6.3842947238e-02 -2.5385674646e-01 1.2731720652e+00
-6.3915407056e-01 1.8381870310e+00 4.7157638292e+00
3.0000000000e+00 -1.6898018808e+00 1.8163626054e-03
-1.8127183565e+00 1.8158107702e+00 1.8966918755e-01
-5.2423803393e-01 9.8189073510e-01 2.5331875335e+00
1.4421995686e+00 -8.7901685658e-01 1.3332753561e+00
2.4266936155e+00 1.5856144788e+00 5.3440653763e-02
-3.9086441993e-01 -1.0518260581e-02 1.7997018928e+00
8.9333687876e-01 2.2558891629e+00 1.6360549741e+00
2.5006706993e-01 -5.7089443135e-01 6.2362680402e-01
-1.0682262431e+00 2.1973447924e+00 1.2809835183e+00
2.9088274033e+00 -9.6573041156e-02 5.1375446979e-02
-2.5847248257e-01 1.1742444561e+00 5.3315742887e+00
2.3011555527e+00 1.1494254069e+00 1.8399154107e-01
-4.8519902428e-01 -6.5275896472e-01 3.7680678084e+00
1.4839669171e+00 1.7974158190e+00 9.4979718305e-01
2.0660187579e+00 -5.7966703290e-01 8.7459405769e-01
-1.7983143531e+00 2.0532150549e+00 1.7799248332e-01
-9.2315978066e-02 -6.7787265683e-01 2.3212599154e+00
-1.8221492861e+00 -2.0111065996e-01 -1.6803134554e+00
-1.8013497724e+00 5.6285879786e-01 -1.5891756395e+00
7.1969074298e-01 -2.6460127955e+00 -6.9306800946e-01
-2.8241790326e+00 -2.4344885440e+00 9.0885149445e-04
-1.4953006069e+00 1.6841017468e+00 6.4460832212e-01
3.5599099958e-01 -5.5594970415e-01 3.4888743044e-01
5.1676551823e-01 2.0608677511e+00 4.0748088110e+00
1.2682895584e+00 1.3949553879e+00 2.0212295622e+00
2.0798189551e+00 1.0499069610e+00 4.3358143713e-01
-5.4450675289e-01 4.3943041631e-01 2.2514819723e-01
1.6898181739e+00 5.0726589350e-01 2.0189902112e+00
-1.4752138309e+00 4.1172652276e-01 -2.7210835625e+00
3.3507827987e-02 2.9200820484e+00 4.2002448558e-01
1.9329273383e+00 6.7976962643e-01 1.0522011203e+00
1.4677771816e+00 1.1989847540e+00 1.4730887007e+00
1.2311361421e+00 -1.1275391929e-01 3.5267453009e+00
1.5153918792e+00 3.0000000000e+00 3.0568682687e-02
-2.0637896463e+00 8.2257074787e-01 -6.1508812906e-01
1.5633429259e+00 7.0679029003e-01 1.9451014018e+00
-9.4328502514e-01 1.8210171114e+00 2.8777836445e+00
1.6796302044e+00 5.0280749356e-01 2.0589074488e+00
9.4220564902e-01 -3.9804349680e-01 2.2374915176e+00
3.0000000000e+00 -1.5021374970e+00 3.5743932779e-03
2.5789591296e+00 -8.8244789121e-01 1.0507381364e-01
1.5507272705e+00 7.2609778641e-01 1.9334697675e+00
3.0000000000e+00 2.8928499609e+00 6.5576827229e-05
-3.8529340584e-01 -4.3466565614e-01 3.4471168528e+00
-5.3078983581e-01 -1.0677903814e-01 1.8001832574e+00
7.4248421296e-01 -1.6747979292e+00 -4.4316277719e+00
9.7941864304e-01 -2.8920798108e-01 2.6078617827e+00
-1.2528282951e-01 4.2969838432e-01 6.6423712499e-01
-1.6417830188e-01 -3.0000000000e+00 -2.1940717159e-01
9.4812344992e-02 6.7900745294e-02 5.0007305462e-01
1.0438860761e+00 7.5714541717e-01 2.2295922598e+00
2.2550809478e+00 -6.3991755459e-01 4.7381344222e-01
-2.7931353162e-01 2.0770381031e+00 4.7855277134e+00
1.3568698574e+00 1.9009814856e+00 1.1566089773e+00
1.4706604031e+00 1.2895036700e+00 1.4070818579e+00
-3.0000000000e+00 8.2042007813e-01 -1.9285135632e-02
-2.2914776507e+00 1.6889470794e+00 3.0567353239e-03
-7.6973532382e-01 6.2744434562e-01 -6.0981394036e-01
7.5330682724e-02 -4.4288406739e-01 1.5248837878e+00
-1.7613771478e+00 -1.1635860142e+00 1.1188805625e-01
-1.0588678286e+00 2.3134596189e+00 1.0067105898e+00
1.3546363185e+00 -1.0419668312e+00 5.9143767255e-01
-8.1081594888e-01 2.0209317195e+00 2.9039016585e+00
1.5745815494e+00 1.3689866769e+00 1.0803471773e+00
-1.2884239384e+00 5.5633822930e-01 -2.5102529015e+00
-2.7013337694e+00 1.5744818557e+00 -6.9016533941e-03
-7.1719407536e-01 -5.6174026525e-01 2.9131634341e+00
9.0926532969e-01 3.0000000000e+00 1.3149551093e-01
-7.2738593630e-01 -3.7920850722e-01 2.0577603883e+00
3.0770505772e-01 -2.7380939392e-01 4.2947664291e-01
-1.0836981370e+00 1.3978397322e+00 1.8405059691e+00
-1.5613946529e+00 2.1793173919e-01 -2.7518923553e+00
-1.2144671706e+00 2.5773078546e+00 3.3418623152e-01
-2.9997593429e+00 2.3903304125e+00 1.9053811109e-04
3.0000000000e+00 2.1682859275e+00 8.3312781964e-04
-2.0882106146e+00 1.3404189095e+00 -1.0775044707e-01
-8.0615781103e-01 2.2940065014e+00 1.7075967026e+00
-1.3551816483e-01 -6.6099427409e-01 2.6393082688e+00
-3.1756129963e-01 -5.1650996918e-01 3.5301242019e+00
-2.1734424214e+00 4.9562162339e-01 -7.1808349790e-01
4.6012392068e-01 6.2638308527e-01 5.8004535160e-01
-6.3154331743e-01 -1.3635639782e+00 -4.0899424268e-01
7.2773506686e-01 -2.3598911216e-01 1.3889265551e+00
-1.7721768860e+00 1.0968279783e+00 -5.1356220501e-01
-9.9631365022e-01 -7.7531743733e-01 1.8563648191e+00
1.6439348496e+00 2.5016932038e+00 1.3101535261e-01
-8.4078788498e-01 9.1765039701e-01 4.6372373514e-01
-1.1797015887e+00 -7.6461266877e-01 8.6289401766e-01
-4.4152710827e-01 2.2658976695e+00 2.8944172415e+00
2.4519770777e+00 -1.3970050480e-01 3.4961560340e-01
2.4212591754e+00 1.6814151911e+00 4.5710634913e-02
-2.0276251067e+00 1.8881625520e+00 7.1326188411e-02
1.4824803446e+00 1.9006710749e+00 8.3202739005e-01
9.7844246520e-01 -1.2416686500e-01 2.7949173484e+00
-1.2026774771e+00 2.8088234576e+00 1.5275910514e-01
3.0000000000e+00 9.2117988319e-01 1.4332465977e-02
2.1787574479e+00 5.9432284393e-01 6.1122573392e-01
1.3014243926e+00 1.1660833020e+00 1.9350201352e+00
2.3951486566e+00 -6.4426145339e-01 2.9664468724e-01
1.5306080775e+00 5.0222972428e-02 3.1690143873e+00
-1.4086618815e+00 9.5941779002e-01 -9.9213182314e-01
-8.7706602466e-01 2.0968385604e+00 2.2812965988e+00
1.5141694523e+00 1.6907336858e+00 9.8375453260e-01
1.8498621622e+00 -2.7351408483e-01 1.8467794560e+00
-2.1619765258e+00 -3.3344318372e-01 -7.0595331853e-01
-2.2992333033e+00 -3.0000000000e+00 1.4281754654e-03
1.4585319205e+00 -1.7792594115e-01 3.2824441043e+00
-8.8934935960e-01 -1.7268268993e+00 -8.0397232917e-01
2.3354684276e+00 4.1796964433e-01 4.4428259483e-01
-3.0000000000e+00 1.3796550206e+00 -4.8261472785e-03
-1.0494908521e+00 8.1658153540e-01 -1.0109419660e+00
2.2600409758e+00 8.9027027703e-01 3.1986227472e-01
-4.9440066904e-01 7.8290363207e-01 1.2333465559e+00
-5.2019411080e-01 2.6492405250e+00 8.9077365308e-01
-1.4311351259e+00 -1.1841724777e+00 5.6429314287e-01
1.3649611693e+00 1.5703390515e+00 1.5577165181e+00
-7.8513700426e-01 -1.4092252027e+00 -3.8872906359e-02
-1.1557210175e+00 8.0735807364e-01 -1.3582854664e+00
2.1479226179e+00 1.5888447408e+00 1.5577950248e-01
3.0000000000e+00 -1.9713357012e+00 4.9107075510e-04
2.9783445563e+00 -2.3126359842e+00 2.5017900850e-05
-1.1988021551e+00 -1.9848415574e+00 -1.9236039332e-01
2.6714225689e-01 -1.8170109269e+00 -6.0360229519e+00
-6.8955832243e-01 2.8605830962e+00 3.3222088910e-01
-2.0780038664e+00 -3.7113030848e-02 -1.0929997019e+00
-8.9843535927e-01 5.1372248442e-01 -1.5121216938e+00
-2.6105511778e+00 2.7757196607e+00 7.1828189318e-04
-1.8656683930e+00 -4.8359912312e-01 -1.0415881063e+00
4.8745595960e-01 -2.1746026474e-01 4.3630035550e-01
-1.2897614735e+00 7.1671711942e-01 -1.9523013465e+00
-1.4432173794e+00 -3.0000000000e+00 3.0500743880e-03
2.0808908664e+00 2.3970649167e+00 3.6915901166e-02
-2.1364793226e+00 -1.7801266370e-01 -8.7322801869e-01
-1.1334080471e+00 1.2293052530e+00 9.1764059446e-01
-2.3678054213e+00 -2.1129835724e-01 -4.3177120586e-01
8.3745321431e-01 1.8592844605e+00 3.5391893658e+00
3.0000000000e+00 1.6980016286e+00 2.7987562372e-03
2.1214489646e-01 1.1291585647e+00 4.8133350410e+00
-2.1784561012e+00 2.2614858030e+00 2.5226212313e-02
-2.2036841028e+00 1.4849979058e+00 -3.4193502049e-02
1.5614654175e+00 1.9233999369e+00 6.4408958231e-01
1.4135667204e+00 1.8100882225e+00 1.1250179254e+00
-2.1543075426e+00 2.0453534641e+00 3.7265060043e-02
-1.1160737136e+00 3.0000000000e+00 8.5841249924e-02
1.5495158057e+00 1.6955185773e-01 3.0237842310e+00
-2.6032231186e+00 -2.0096374672e-03 -2.0427150136e-01
6.1306889117e-01 7.4234342408e-02 8.0898304190e-01
-1.6111993000e+00 -1.4749254980e+00 2.7330089523e-01
-2.7057401745e+00 1.9431434205e+00 8.6714986629e-04
-1.1253551709e+00 6.8937576440e-01 -1.8140743170e+00
1.1805424307e+00 -7.2393264965e-01 1.7992344337e+00
-1.7802418478e+00 2.7481524964e+00 3.3323001310e-02
-7.6827669116e-01 -1.5238845959e+00 -7.0879525683e-01
2.9233460095e+00 -1.3624050314e+00 7.8751002475e-03
2.5123239765e+00 3.3674801092e-01 2.5094063277e-01
-3.8732574512e-01 5.8098796966e-01 7.7012984588e-01
2.2118106757e+00 5.7052756831e-01 5.6859420752e-01
-1.5635346151e+00 -8.6126852461e-01 -8.3681619617e-02
2.6605916047e+00 -6.7453376452e-01 1.0338893136e-01
4.5174855845e-01 3.0000000000e+00 2.4452377101e-01
9.8830615821e-01 8.5250310239e-01 2.2140961637e+00
-2.7905779976e+00 3.0000000000e+00 1.1193372151e-04
1.1002383037e+00 6.1757605456e-01 2.4436608707e+00
1.9828523954e+00 1.1625337270e-01 1.4478707234e+00
-1.5522105062e+00 1.0376628489e+00 -7.3779666582e-01
1.8108729832e+00 2.7034122629e+00 3.7830095659e-02
-1.3664164348e+00 3.0000000000e+00 4.5883805895e-02
1.4350088178e+00 1.3396560142e+00 1.4802725893e+00
-1.9241212993e+00 -4.1227835409e-02 -1.5487974893e+00
1.1921555504e+00 1.0148862435e+00 2.1822594339e+00
-2.6820131718e+00 1.2517788579e+00 -2.8515949713e-02
-7.6643962814e-01 6.5138710737e-01 -5.1946453340e-01
-1.8178360480e+00 1.2305509135e+00 -2.5943764972e-01
1.4493780801e+00 1.8480328620e+00 9.7778972779e-01
4.5436882897e-01 -1.3610072982e-01 3.2802515535e-01
-1.5229555324e+00 -6.4675707729e-01 -6.7163902673e-01
5.1588766581e-01 -3.0000000000e+00 -2.1991536820e-01
-1.2293452763e-01 -3.0000000000e+00 -2.2713137243e-01
3.0000000000e+00 1.4050281079e+00 5.4679678367e-03
-1.8717791757e+00 -1.3697392883e+00 1.1824230894e-01
3.3685495862e-01 8.4922114809e-01 1.8018949507e+00
3.3064368485e-01 8.1857330231e-01 1.5633615857e+00
1.1873612256e-01 4.2953664443e-01 1.5726448958e-01
4.1419070527e-01 -1.7000443954e+00 -6.1236832337e+00
-1.4399526038e+00 2.9218548365e+00 5.1777481065e-02
1.1457094475e+00 1.7677573803e+00 2.1917705444e+00
-1.7921693711e+00 -2.0965712504e+00 5.2840268178e-02
1.9325501329e+00 2.2281163838e+00 1.0293819902e-01
-1.3576606242e+00 1.8808871873e+00 9.7306700848e-01
-1.2361150651e+00 1.5819611171e+00 1.4467580756e+00
1.2467487787e+00 -2.9136159322e-01 3.2951943740e+00
2.6159976731e+00 -3.0000000000e+00 -1.4391098240e-04
4.4827130609e-01 -2.4457635163e-01 3.8013216183e-01
-2.9390484632e+00 2.9395854211e-01 -4.5885708718e-02
1.5239983153e+00 2.5266597634e-01 2.9919128458e+00
1.1856375159e+00 1.7606580917e+00 2.0267387388e+00
-6.9314489737e-01 3.0000000000e+00 1.8529568991e-01
-2.1144908968e-01 2.1619957216e+00 4.2171174635e+00
1.3014019099e+00 -1.4043852719e+00 -8.5788936200e-01
-1.0216812965e+00 -7.0838682740e-02 -1.5310559334e+00
2.3612031845e+00 1.0410873914e+00 1.7875175028e-01
1.8890434309e+00 4.1715761421e-01 1.5196429292e+00
1.7209734140e+00 1.8386333566e+00 4.5354200793e-01
1.7723504871e-01 -8.8851970388e-01 -6.6248895171e-01
2.8519535272e+00 -4.1377786003e-01 5.8069724418e-02
-5.9795544147e-01 4.0397793446e-01 9.6579314467e-03
-2.2186178118e+00 1.3991626325e+00 -6.2534395819e-02
-1.9647125614e+00 6.2847996208e-01 -1.0560042727e+00
1.3620572369e+00 -3.9693726820e-01 3.0409379782e+00
-1.7975667765e+00 4.9437207517e-01 -1.7155934198e+00
5.9509520682e-01 2.8493099402e-01 6.4776103041e-01
1.2695065496e+00 -6.7874565752e-01 2.1127248153e+00
3.0000000000e+00 -1.7515322160e+00 1.4110839243e-03
-1.3454185836e+00 -6.7841800987e-01 -1.3723810904e-01
2.1702020670e+00 -7.1852686899e-01 5.4990632469e-01
1.7042402006e+00 1.3944108327e+00 7.7465008273e-01
-5.8030414296e-03 -6.0516683846e-01 1.9560324200e+00
-6.1786322981e-01 1.4850916947e-01 4.0214085840e-01
3.0000000000e+00 2.0813130951e+00 1.0617918626e-03
-1.0554032332e+00 1.7067310904e+00 2.3949970426e+00
-1.4529259109e-01 -3.9869805589e-01 2.6798514475e+00
9.4165224046e-01 1.1243422006e+00 2.8416321387e+00
1.6101170648e+00 -1.0558815267e-01 2.8879669219e+00
-2.3174579499e+00 1.6542363261e+00 -2.4530809515e-03
-2.1420291646e+00 1.5401920294e+00 -1.4913938562e-02
1.8925367039e+00 -8.7045316282e-01 8.3502654551e-01
-1.1199969895e+00 -4.8424124191e-02 -2.1333442178e+00
1.1609180665e+00 1.5817401799e+00 2.3910740165e+00
-2.0091254266e+00 1.2364736737e+00 -2.0730002708e-01
1.3394032981e-01 -2.9426177237e-01 1.0191095346e+00
-1.3607633343e+00 2.2253045717e+00 5.7862863041e-01
1.9871753159e+00 3.6944441464e-01 1.2625787347e+00
2.7822516649e+00 6.0299836731e-01 6.3954754681e-02
-1.6338959603e+00 2.3225124053e+00 1.9901410062e-01
1.4968140501e+00 2.9252203678e+00 4.4432855504e-02
2.6819597321e+00 5.1217505798e-01 1.0933054052e-01
-7.6877507705e-01 8.4565731935e-02 -3.6345517830e-01
2.1122181952e+00 7.6988691573e-01 5.9362075355e-01
1.6737632768e-01 -4.6576503947e-02 4.5040024753e-01
-1.1270864937e+00 -1.1293551828e+00 1.2692669643e+00
-7.5879915123e-01 7.5180864695e-01 -7.9846762980e-02
6.0709008889e-03 9.2380117139e-01 2.8822235423e+00
2.3297302577e+00 -1.4679513634e-01 5.3491590073e-01
2.0420340936e+00 1.7663051084e+00 1.7268848171e-01
2.7918011718e-01 -1.0156459254e+00 -2.2574360810e+00
1.3483980349e-01 -1.2170306837e-01 6.9146582932e-01
3.0000000000e+00 3.6578317360e-01 2.8736425851e-02
3.0000000000e+00 -3.8247702571e-01 2.9148927078e-02
-1.6786753584e+00 6.8141476724e-01 -1.6508269836e+00
1.2466221964e+00 1.8565293339e-01 3.4551723976e+00
1.8872741619e+00 2.8225142705e-01 1.6765191527e+00
-1.3652810266e+00 7.3251791258e-01 -1.9097546832e+00
-1.1696477905e+00 1.2389402579e+00 8.0597789219e-01
1.3698214563e+00 -2.9218780459e+00 -6.1671302605e-02
7.3591313853e-01 1.5064268866e+00 4.8161798251e+00
2.6821145442e+00 -1.0374251665e+00 5.1327832182e-02
-1.0885677790e+00 2.9703687036e+00 1.0360529843e-01
-2.1953122178e+00 4.1722457942e-01 -7.2084573797e-01
-1.1070556613e+00 7.7055948326e-02 -2.4153830578e+00
-1.8755893811e+00 -2.0273982783e+00 5.6610102662e-02
-1.3200404349e+00 -4.2382882599e-01 -1.2217016232e+00
-8.1584264470e-01 -4.5176363097e-01 1.8307539803e+00
2.3161622570e+00 1.4358595774e+00 1.0762202052e-01
2.6751638117e+00 2.0571020890e+00 6.2819228653e-03
2.5029346392e+00 2.7395582315e+00 1.7741012426e-03
-1.1630811244e+00 1.5856023150e-01 -2.7483512039e+00
3.0000000000e+00 -1.6535039650e+00 2.0916010645e-03
-1.2481359360e+00 2.6692839443e+00 2.2651095551e-01
-1.3826895826e+00 1.6184516762e+00 9.2249910113e-01
1.3167591094e+00 6.4516857783e-02 3.5676223759e+00
2.9294657877e+00 8.6715295681e-01 2.2201458871e-02
-1.0623570541e+00 1.1224674095e+00 6.8126939508e-01
1.8667202467e+00 4.0759338206e-01 1.6047860720e+00
3.1050840484e-01 -6.7313860103e-01 1.4243732901e-01
-1.7877244487e+00 1.8910136887e+00 2.1085270185e-01
-7.9590998905e-01 8.2008514441e-01 9.4058955159e-02
4.2224636991e-01 -2.7243223270e-01 3.6968509213e-01
2.0697447274e+00 1.7384153476e+00 1.6340808825e-01
-9.5907163130e-01 -1.0933078985e+00 1.7320056213e+00
1.9854624980e+00 -3.4888404338e-01 1.3127948223e+00
-2.7721821150e-01 2.0624378858e-01 1.1745354098e+00
-2.6608323370e+00 2.1851144740e+00 2.0616336873e-03
-2.1567715870e+00 2.5336103553e+00 1.4608618828e-02
8.7617940509e-01 -1.8873869444e-01 2.2280241274e+00
-3.0000000000e+00 1.0909858296e+00 -1.1111072264e-02
-1.4365522573e+00 2.5042896545e+00 2.2939340119e-01
-1.9919793941e+00 2.8719878511e+00 9.2664464334e-03
-3.0279940781e-01 -9.1436459469e-01 2.1252204836e+00
3.0000000000e+00 1.6368176915e+00 3.2320142142e-03
-7.6203818825e-01 1.5119175263e+00 4.3070225789e+00
-2.4667046762e+00 -2.2720631440e-01 -3.0562478382e-01
1.6158998343e+00 1.5548661855e+00 8.5016448405e-01
-2.8728843925e-01 7.7422270752e-02 1.5433039277e+00
1.2817260910e+00 -4.1064463115e-01 3.0339893402e+00
-2.9624216880e+00 3.5410755819e-01 -3.9684567760e-02
-1.0364867509e+00 1.2488789082e+00 1.4875552508e+00
-8.0301310223e-01 1.0031001620e+00 1.2384770567e+00
-9.0723966399e-01 1.8122009266e+00 3.1123653852e+00
-1.2567102616e+00 4.3603831353e-01 -2.7848861088e+00
1.2465180681e+00 1.7875260157e+00 1.7264886120e+00
6.6806327601e-01 4.7718173794e-01 9.7217564224e-01
-1.5529619397e+00 1.9914921989e+00 4.6942675784e-01
1.7017249058e+00 7.4086156833e-02 2.5463639761e+00
2.0409909148e+00 1.4465694248e+00 2.7637443547e-01
1.3480377869e+00 1.4784943558e+00 1.6878977049e+00
2.4188619582e+00 1.6716001982e+00 4.7035979959e-02
-1.3609970286e+00 -3.9930842314e-01 -1.4421289998e+00
-8.8182010824e-01 8.3124173665e-01 -2.5303768355e-01
2.1529967303e-01 -2.0481540955e+00 -4.6041974363e+00
-2.6117009432e+00 -8.0143135057e-01 -7.3140131993e-02
-9.9189699395e-02 -1.4427843144e+00 -4.7663902787e+00
-2.1887309070e-01 -1.2667262018e-01 2.1152708503e+00
1.6044514204e+00 1.1263193276e+00 1.2057254010e+00
3.3264438531e-01 -8.2790326913e-01 -7.5583454095e-01
1.5253760461e+00 1.5417951646e+00 1.0833073879e+00
2.1646016895e+00 2.3151109652e+00 3.3071672970e-02
1.4001751319e+00 -1.8792900705e-01 3.3836687669e+00
1.8296586990e+00 2.4461607160e-01 1.9232840127e+00
-1.6030855653e+00 1.7526390592e+00 4.4189179662e-01
-1.5722582127e+00 4.6435801273e-01 -2.4132516215e+00
-1.5939930158e-01 -4.4495968535e-02 1.6844474720e+00
-9.4210146433e-01 1.2221125690e+00 1.8802622250e+00
1.5698510108e+00 1.5253839815e+00 9.8086009369e-01
-1.7463322244e+00 -3.2029107082e-01 -1.6261604109e+00
-2.2255356507e+00 2.4537054754e+00 1.3258582143e-02
-2.7097392023e+00 7.2223121874e-01 -8.2869675201e-02
5.4400732161e-01 5.0023908626e-01 5.0864926092e-01
9.6881853266e-01 1.4527620029e+00 3.4056318280e+00
1.2211577612e+00 2.8553404024e+00 1.2401079122e-01
7.0811183968e-01 -1.7195300940e+00 -4.5748419244e+00
2.2214643719e+00 3.5523840807e-01 6.7219833443e-01
-1.8445542983e+00 2.5887450574e+00 4.4955483501e-02
1.2424401034e+00 -1.5275555104e+00 -1.3485615849e+00
-2.1493435622e+00 8.5544224751e-01 -4.6208365271e-01
-3.9141049275e-01 -1.9460838058e+00 -3.3918691120e+00
7.4362037348e-02 -1.7077948488e-01 1.0420618235e+00
-2.1998480400e+00 1.6842848054e+00 1.1078772696e-02
-8.5106232537e-01 -8.9915767913e-01 2.5536784595e+00
1.7517208302e+00 8.7514520053e-01 1.1992974265e+00
3.6829938902e-02 -8.4443816544e-01 5.1962330117e-01
1.8211029840e+00 1.0049228875e+00 8.8680651778e-01
6.2204487059e-01 -7.7082180587e-01 -3.2134094314e-01
1.6319316781e+00 -1.3598397480e+00 4.2001791713e-03
-1.3090985471e-01 -2.9018486976e+00 -3.4417531717e-01
6.1016331379e-02 -1.6374846624e+00 -6.2913934000e+00
-1.7197493013e-01 3.0000000000e+00 2.9116130218e-01
1.3275619883e+00 -3.0000000000e+00 -5.0018056757e-02
-8.5191944529e-01 -1.7660435377e+00 -1.0165247193e+00
-2.4006616436e+00 2.1087295532e+00 9.8885408757e-03
-1.8764925536e+00 1.3088932797e+00 -1.5173770648e-01
1.1130137596e+00 -9.1524356072e-01 6.5374761747e-01
-2.0404456806e-01 -3.0054019551e-01 2.6577731421e+00
-2.2123619413e+00 -4.5249445643e-01 -5.2552015757e-01
-1.9502931234e+00 -1.9646441322e+00 5.6191821785e-02
7.8147870580e-01 1.3368876777e+00 4.1716692607e+00
2.2931438554e+00 -3.0000000000e+00 -1.0077656870e-03
-9.7050899109e-01 2.2057394248e+00 1.5453954108e+00
1.8972401143e+00 1.3135145670e+00 5.0472556838e-01
-6.9948295810e-01 -7.3520171203e-01 3.2854545034e+00
2.4052939675e+00 2.5123659852e+00 6.3280892928e-03
-1.5911074242e+00 2.0056915516e+00 4.0529998072e-01
2.0661231118e+00 2.3704486651e+00 4.2279751791e-02
-3.7130515135e-01 2.4058619147e+00 2.1513049354e+00
4.6652088691e-01 3.0000000000e+00 2.4123568867e-01
-1.0848618753e-01 1.5193647238e+00 7.9665369736e+00
-2.1060775755e+00 5.0401916445e-01 -8.5719420879e-01
-1.0315275553e+00 -1.5548083601e+00 4.1359990329e-02
-1.0176248950e+00 2.4045282010e+00 8.6959119427e-01
-1.9854756719e+00 1.3065302883e+00 -1.4789818255e-01
-2.0296377106e+00 1.2213021882e+00 -2.1432970525e-01
-2.1935858005e+00 2.1829369469e-01 -8.0450664184e-01
2.4603313767e+00 1.0046650297e+00 1.3238954946e-01
1.2702420400e+00 1.0277212374e+00 2.0380133737e+00
1.8963171398e+00 1.9572243064e+00 2.0926033570e-01
-6.7475500954e-01 -3.9464482961e-01 2.4559029364e+00
4.4816862650e-01 1.9200219948e+00 5.3483029846e+00
9.4113574518e-01 1.6813521323e+00 3.4372650289e+00
1.3429041489e+00 -2.4979556071e+00 -2.9939879944e-01
7.7912476444e-01 -1.4751321378e+00 -4.0618854323e+00
1.0295825491e+00 -4.5635758017e-01 2.4315346454e+00
1.5700161927e+00 8.4298161681e-01 1.6657213864e+00
2.1837780669e+00 1.2909545551e+00 2.1769268337e-01
-8.9804611984e-01 -3.4462557434e-01 6.6872798094e-01
1.1008851792e+00 1.7806200037e+00 2.3753485962e+00
-2.3360577393e+00 1.1948900579e+00 -1.1298850606e-01
2.7196402998e-01 -9.9881533100e-01 -2.0693989026e+00
8.6187381482e-01 -7.7999380598e-01 4.8412362108e-01
-2.7794934038e-01 -6.7671555836e-01 3.3287326891e+00
-1.6761748667e+00 2.8689722383e-01 -2.3726443061e+00
1.2492086842e+00 -7.9321007625e-01 1.5875052238e+00
-1.8593345689e+00 2.5648229282e+00 4.5762305760e-02
2.0330153340e+00 9.0743170023e-01 6.0731518111e-01
-3.0000000000e+00 1.7285493579e+00 -9.8634653209e-04
-9.9701678118e-01 6.4539032521e-01 -1.5828736012e+00
2.5494645468e+00 -3.0000000000e+00 -2.2278021879e-04
-2.7807313009e-01 -4.8517499985e-01 3.3761653063e+00
2.0488994225e+00 5.5222628210e-01 9.1743964087e-01
-1.7417640137e+00 -6.3116244277e-02 -2.1066035775e+00
-2.3012317378e-01 1.2860189022e+00 6.4316636359e+00
7.7835192597e-01 8.4309703288e-01 1.9841895592e+00
-9.1193358070e-01 9.8891115530e-01 5.7241543290e-01
2.4187860942e+00 -2.1129582472e+00 -4.3880535511e-03
-9.6977962048e-01 -9.2693511614e-01 2.0606797200e+00
-2.4820676110e-01 7.3260719822e-02 1.5217955380e+00
5.5765349790e-03 2.1039989573e+00 4.9266515469e+00
-2.0367145280e+00 -7.5889377007e-01 -3.8804084846e-01
-1.6145741477e+00 1.6611800036e+00 3.9616388508e-01
-8.4141925269e-01 1.4749296657e+00 3.6398266565e+00
1.8924630441e-01 -9.7702377877e-02 4.6560185698e-01
1.8013038100e+00 7.0294982335e-01 1.3491665004e+00
4.8617975917e-01 1.4395115925e+00 6.1589888630e+00
-1.1991979131e+00 1.7215185025e-01 -2.8604001497e+00
1.3714946163e+00 2.2517099540e+00 5.7630707150e-01
1.1713579466e+00 -1.9752705614e+00 -1.4619364081e+00
5.0899953707e-01 -3.7177084645e-01 5.0076205793e-01
1.6456558974e+00 -9.3381397492e-01 1.0353508078e+00
-6.6872384218e-01 1.4890938927e+00 4.9611837236e+00
-1.2092192888e+00 3.8347653144e-01 -2.8115339134e+00
-1.4251169457e+00 8.5910498074e-01 -1.4030951777e+00
1.4214596147e+00 2.7464055415e-01 3.1967100455e+00
-5.8128724570e-02 -3.0000000000e+00 -2.3756407569e-01
1.4165566264e+00 -1.9302090506e+00 -7.5561710764e-01
1.7134652707e+00 4.0127327494e-01 2.1341749880e+00
1.6082438177e+00 -7.9610092552e-01 1.4853506149e+00
9.3604077581e-01 1.0045835012e+00 2.5106938444e+00
-1.3681477949e+00 1.1638441823e+00 -1.1147570598e-01
8.1718174300e-01 -9.4809355521e-01 -7.5481512209e-01
1.8059449850e+00 1.0880147138e+00 8.2861021389e-01
-2.8127309497e+00 3.0000000000e+00 9.8566540887e-05
-2.4392671829e-01 2.5831505330e+00 1.3710815844e+00
1.3311323693e-01 -3.0000000000e+00 -2.5409273143e-01
-5.3737022578e-01 -1.3329492368e+00 -6.8491810193e-01
1.0059108982e+00 1.8078209499e-01 2.8683535879e+00
-2.5914476244e+00 -2.5584456338e+00 1.8934809319e-03
-1.1752014886e+00 2.6259479905e+00 3.1376677068e-01
-2.5008572862e+00 1.4975355636e+00 -1.9113404819e-02
-1.8901911925e+00 2.5860628199e+00 3.8049983291e-02
1.9211857343e+00 7.3013671156e-01 1.0153370867e+00
-2.0237255706e+00 8.3703639096e-01 -6.5974458588e-01
-1.0228037984e+00 2.9530416686e+00 1.2820833134e-01
1.8161491098e+00 1.3122749066e+00 6.2870538119e-01
5.4299545333e-01 1.5823923704e+00 6.0697934177e+00
-2.6623522473e+00 -8.3655599039e-01 -5.5480574359e-02
6.8309350001e-01 1.1732274710e+00 3.8045091351e+00
1.9740857652e+00 1.1936326381e+00 4.7525113614e-01
-4.6609511541e-01 -3.9458465836e-01 3.2610507098e+00
-2.4179586866e+00 -1.2823661702e+00 -1.0648011916e-02
1.4083312262e+00 -3.0932100052e-01 3.1789219568e+00
-4.5717636713e-01 2.0099035744e+00 4.6803161280e+00
1.4026231828e+00 9.8743981230e-01 1.8033910104e+00
-1.8242538100e+00 -3.0000000000e+00 4.6904961946e-03
-6.4108854512e-01 -1.1526276397e-01 1.2744724096e+00
-7.6341327761e-01 -4.9408283185e-01 2.3784801864e+00
1.9307875661e+00 8.7330922560e-01 8.2265488873e-01
-2.1211181999e+00 2.0323431216e+00 4.4183397748e-02
-1.0751882094e+00 7.9788066953e-01 -1.1881141486e+00
1.2907044442e+00 2.3823521140e-01 3.3890603110e+00
2.1677162552e+00 1.4891132520e+00 1.6934273351e-01
-2.5895080165e-01 1.8735636030e-01 1.2128532610e+00
-9.5746408722e-01 4.2529024754e-01 -1.9183160447e+00
-1.4344572659e+00 1.2439922899e+00 4.1500904904e-02
-1.4041970154e+00 -2.6188675423e-01 -2.0997955886e+00
3.5050875370e-01 -1.3865409809e+00 -5.7068971166e+00
1.9695172926e+00 1.3508724325e+00 3.9167547618e-01
-2.2141636658e-01 -1.9542700337e+00 -4.2391860744e+00
1.8236843912e+00 -8.6984681985e-01 9.4933146843e-01
1.3203827650e+00 7.9023265410e-01 2.1991300540e+00
3.5697225604e-02 1.7609650267e+00 7.6042573174e+00
1.1070268456e+00 -8.5647123819e-01 9.5886084449e-01
-3.0000000000e+00 -1.4628631560e+00 -7.4308887371e-04
-2.2414821293e+00 -9.6618005989e-01 -1.2237118873e-01
-2.9619336647e+00 1.3534713545e+00 -6.2775870196e-03
-7.9531665312e-01 2.5330797507e+00 9.0202000610e-01
2.0701500938e-01 7.4987768550e-01 1.1572794627e+00
-1.1721201552e+00 2.6166413412e+00 3.2597111623e-01
-6.6413990510e-01 1.6117687692e-01 9.4824395725e-02
1.4763840200e-01 1.7991215960e+00 7.2331678020e+00
-2.3776509600e+00 1.4469571128e-01 -4.6174365073e-01
1.3195979703e+00 -2.3108561052e-01 3.4070134749e+00
-4.7829311591e-01 -3.3354118452e-01 2.9904890700e+00
-4.8529623343e-01 -3.0000000000e+00 -1.4122505601e-01
1.9735796230e+00 1.4646589102e+00 3.3424494598e-01
-2.1327443173e+00 3.3573632389e-01 -9.0662485397e-01
-9.8800989555e-01 1.9959724759e-02 -1.6427851066e+00
-1.2190461894e+00 -2.0179833921e-01 -1.9439664891e+00
2.3781408348e-01 2.1768771811e-01 2.1387652473e-03
-1.2914366770e+00 1.0769216213e+00 -3.2070567606e-01
1.4537376505e+00 1.8739596609e+00 9.3371852682e-01
-1.5404485113e+00 2.8279045123e+00 5.5579858411e-02
5.2604981623e-01 1.8279795180e+00 5.4860111073e+00
1.2910096445e+00 -3.2470426678e-01 3.2411189270e+00
-2.1306886368e+00 2.9818321779e-01 -9.2963959073e-01
-2.7337198865e+00 1.9160853296e+00 4.4413269926e-04
-3.5222758944e-01 3.6082973433e-01 8.2297910790e-01
-2.0586286235e+00 1.2577918758e+00 -1.7312988415e-01
-7.9340886906e-01 5.1304068419e-01 -9.7448467171e-01
1.0261542185e+00 1.6769702853e-01 2.9644644205e+00
-1.1487042174e+00 -4.6565603385e-01 -2.9423977428e-01
-7.6366281645e-01 -2.3566068938e+00 -7.5205450652e-01
-4.8515448173e-01 -1.1290739218e+00 9.8078160628e-01
-2.4635854163e+00 5.9990684346e-01 -2.5296823042e-01
-1.7824714955e+00 1.4153448322e+00 -5.7428201244e-04
1.2342952146e+00 -6.4528840148e-01 2.2171385135e+00
-2.1874218503e+00 1.6971505709e+00 1.4604609176e-02
-7.6417711082e-01 -2.6508734685e-01 1.2080970692e+00
-1.1580505058e+00 1.1737179423e+00 5.4808452943e-01
2.3435980590e+00 8.9907398259e-01 2.3896731253e-01
3.5686088882e-01 2.1005533799e+00 4.3629594604e+00
1.8860564902e+00 1.5800689477e+00 3.8013902215e-01
2.0833635028e+00 2.1773070782e+00 6.5503239367e-02
-1.2267156127e+00 -4.3048482004e-01 -8.5535461634e-01
-1.4828600322e+00 4.6348260743e-01 -2.6052641145e+00
2.3798029266e+00 2.2423805742e+00 1.5844151964e-02
-1.5526556563e+00 2.9475085979e+00 3.3108991094e-02
1.0232633470e-01 -1.0461071793e+00 -1.8603447345e+00
4.8691013913e-01 -3.0000000000e+00 -2.2516281543e-01
-5.2553507348e-01 1.1872546452e+00 4.2763149278e+00
1.7200898401e+00 2.3894420522e+00 1.4211504208e-01
3.9345854155e-01 -1.0204176961e+00 -2.4710442044e+00
-2.3383438438e+00 -1.3885469690e+00 5.9600484667e-03
2.1110655304e-01 -6.4967260336e-01 5.9745578806e-01
1.6326309254e+00 2.5358425489e+00 1.2207740008e-01
-1.8123059539e+00 1.6307333678e+00 1.4463447920e-01
-1.6451086564e+00 7.6945316974e-01 -1.4839343792e+00
3.3072109743e-01 -5.3770008590e-01 4.2734984054e-01
-2.4782662120e+00 2.2627359129e+00 5.5099413338e-03
-1.0695446822e+00 -4.9363050206e-01 3.1366313782e-01
1.8977920280e+00 1.3265358085e+00 4.9619732555e-01
1.5782390111e-01 -4.9311588284e-01 1.1024172907e+00
1.4672020332e+00 3.7591023872e-01 2.9080788059e+00
-1.5989686408e+00 1.6450759244e+00 4.1478695924e-01
1.4854489158e+00 -5.0277248251e-01 2.5809677155e+00
1.3394994913e+00 2.5087285629e+00 3.1184229138e-01
2.6147114048e-01 2.5887768280e+00 1.3337896880e+00
1.1661033426e+00 7.1657273346e-01 2.3671443174e+00
-2.4848658788e+00 2.2245967162e+00 5.5931613145e-03
-1.4373518563e+00 2.6586596036e-01 -2.9663009682e+00
-2.9124117609e+00 -2.4807426700e+00 5.2383147585e-04
-5.6447960319e-01 -1.0980214194e+00 1.5838767284e+00
-8.5636448707e-01 9.9818821421e-01 9.1838815706e-01
-2.7602671985e+00 -2.2715539541e+00 1.7659287721e-03
-8.7967755623e-01 3.7676242324e-01 -1.5403074946e+00
1.7189066548e-01 -8.9076323940e-01 -6.5567983581e-01
-3.4584404679e-01 -1.7809699199e-01 2.4804583974e+00
-1.6541615535e-01 1.2780354810e+00 6.5222932046e+00
-2.0554124562e+00 8.9563511596e-01 -5.4260112506e-01
-1.5639376285e+00 2.6235754613e-01 -2.7191820089e+00
-1.4469891728e-01 1.4998350358e+00 7.8547642930e+00
6.7538337156e-01 -8.4617924060e-01 -6.2195929180e-01
-7.1953307429e-02 2.5570570635e+00 1.5732723062e+00
-2.7562208398e+00 -1.0525370597e+00 -1.9793340049e-02
-1.0232100177e+00 -6.1167517953e-01 1.1786899387e+00
-6.2277084350e-01 1.3158154988e-01 4.2565712688e-01
-2.8703581514e+00 3.0000000000e+00 7.0452413119e-05
8.7070856747e-01 -1.4483485941e+00 -3.3676589243e+00
-9.5209298930e-01 2.2842288566e+00 1.3450099564e+00
-5.3901861733e-01 -1.5788176668e+00 -2.3175794308e+00
-1.4524500466e+00 1.0517969296e+00 -6.5368611120e-01
3.0000000000e+00 -1.6333769464e+00 2.2567993096e-03
-1.4003819896e+00 -1.8012089372e+00 9.3377795197e-02
2.5882462387e+00 -1.2206858949e+00 4.8061452847e-02
-1.1464190516e+00 -1.2977357137e+00 8.6531958472e-01
2.0386572503e+00 2.1760479071e+00 7.8224722912e-02
-5.5151454225e-01 -1.8427083444e-01 2.0640307477e+00
-5.7008584594e-01 -6.9394260737e-01 3.6580323844e+00
-2.6365590629e-01 3.7175455295e-01 8.4911391015e-01
-3.0000000000e+00 -2.1272768090e-01 -3.3787051648e-02
1.7003911101e-01 -3.3964016869e-01 9.3155426639e-01
-1.5780859384e+00 1.6195934447e+00 4.3732651921e-01
-2.6032346137e+00 2.4952828129e-01 -1.9801409452e-01
1.7705110385e+00 7.6131693610e-01 1.3320932488e+00
2.2432667817e+00 1.1514141228e+00 2.2320020385e-01
1.5704186473e-01 6.9858712774e-01 8.9402315279e-01
7.1890791972e-01 7.0244540305e-01 1.4493085428e+00
9.9290492986e-02 -9.6747628920e-01 -9.9661909555e-01
-1.2810205706e-02 -9.9230437773e-01 -5.5425997534e-01
8.0649630562e-01 1.4109107081e-01 1.8619994291e+00
5.8294735556e-01 -4.4251363209e-01 6.2763751444e-01
-1.4899929762e+00 2.9623721104e+00 3.7721058063e-02
2.6785963052e+00 -3.8733303678e-01 1.2749401747e-01
1.4635466149e+00 2.3926440625e+00 3.1144418208e-01
-5.9322693533e-01 1.3568710772e+00 5.0072394761e+00
-2.7655950582e+00 -3.0000000000e+00 2.1453946470e-04
7.4403979111e-01 5.0479704546e-01 1.3176769352e+00
-4.9032012289e-01 1.6607150968e+00 6.2775249019e+00
1.7429918362e+00 2.2591452314e+00 1.8571870646e-01
2.5787953407e+00 1.3726665269e+00 4.2314904895e-02
-5.0032626686e-01 9.0181462357e-01 1.9982542917e+00
9.2566812984e-01 -9.3294096810e-01 -1.7192158044e-01
2.1271942390e+00 -1.0500165705e+00 3.2625135419e-01
2.7253222543e-01 9.9430721772e-01 3.2419319063e+00
-1.6867942271e+00 1.2210133349e+00 -2.6653229353e-01
-2.2323514962e+00 1.2967753987e+00 -1.0185708495e-01
6.0049924575e-01 -2.6506110283e-01 7.8885060226e-01
5.3424201845e-01 -9.1259042677e-01 -1.4480227061e+00
-4.5269839493e-01 -1.3200540362e+00 -1.1079096379e+00
-3.4415580805e-01 2.4820161009e+00 1.7667601945e+00
1.5316819554e+00 -3.6557305864e-01 2.8018827977e+00
3.6653866592e-02 -2.1532656592e+00 -3.7464501605e+00
-3.2382478063e-01 -1.9399614402e-01 2.5338808992e+00
5.7348294929e-01 -9.1380799338e-01 -1.3811801522e+00
1.5242493299e+00 8.3187219277e-01 1.7846603211e+00
-2.0836684982e+00 -1.5159117867e+00 5.6664004616e-02
-6.4823920270e-01 1.1849484928e+00 3.5114190300e+00
1.5206927152e+00 -4.5154699397e-02 3.2060616614e+00
-1.5414424267e-01 4.8351470816e-01 7.1727425468e-01
1.7892066043e+00 9.6326318974e-01 9.9942786591e-01
-1.8664340664e-01 1.4444031008e+00 7.5637680813e+00
-1.3991461110e+00 2.0079906799e+00 7.5125638328e-01
-2.1921987674e+00 -8.9743611356e-01 -1.7894844388e-01
-1.3149489843e-01 7.4024761209e-01 1.4915305860e+00
-1.7590526634e+00 -1.3108631696e-01 -1.9652760229e+00
-8.9014283769e-02 -1.1503370633e+00 -1.8636454395e+00
-4.3036105866e-02 -8.7655240201e-01 7.9056417687e-01
-1.3104257941e+00 -1.3164030355e+00 6.6227757366e-01
7.7132175860e-01 1.1521259883e+00 3.4117838525e+00
1.3072454484e+00 -7.3247343571e-01 1.9120941898e+00
6.1602654681e-01 -1.1698045818e+00 -3.3342645703e+00
-1.8974036738e+00 6.0034868599e-01 -1.2650655032e+00
2.2375301896e+00 -6.5793603396e-01 4.8897218472e-01
-2.5928584509e+00 -1.6847482637e+00 6.1449740710e-03
-5.1780203213e-01 -9.2305185598e-01 2.8407775155e+00
-1.4897580068e+00 1.5715631041e+00 5.8532656396e-01
-1.0496493098e+00 -4.9119911199e-01 4.2585168198e-01
1.9346526917e+00 -3.0000000000e+00 -5.7657557410e-03
5.2018838411e-01 1.7873453043e+00 5.7136397867e+00
-1.4074061716e+00 -1.9348271015e+00 2.7055018340e-02
2.4023711522e+00 1.6217958235e+00 5.5256723999e-02
-6.2554739619e-01 1.2981464653e+00 4.4452787736e+00
2.1399758358e+00 1.9871943835e+00 7.9823581303e-02
-5.8240909794e-01 -1.6235674912e+00 -2.1919246604e+00
-4.3332381516e-01 1.8670200719e+00 5.7543487863e+00
1.5099292663e+00 -3.3954728698e-02 3.2396512057e+00
1.3496397952e+00 -3.0000000000e+00 -4.6991602729e-02
2.2189779756e+00 3.3237561105e-02 7.7244814280e-01
-3.0000000000e+00 -1.7379784367e-01 -3.4541333774e-02
-4.8984164210e-01 -3.0205536954e-01 2.8252849524e+00
4.1710237036e-01 6.4652008134e-01 5.9233806843e-01
2.8771227343e+00 -8.2239780939e-01 3.2142954875e-02
9.7005762926e-01 2.7635360918e+00 3.0465832862e-01
-9.6996102419e-01 1.0744063871e+00 8.3392923650e-01
1.0959481463e+00 -9.6324764047e-01 3.2536629140e-01
-7.8352713480e-02 -7.5622356929e-01 1.8844220482e+00
-2.2185083645e+00 2.8509513289e+00 3.8032414455e-03
-1.9835497192e+00 2.9726015208e+00 6.3686517630e-03
-1.4851047460e+00 -2.5086529075e-01 -2.1654468436e+00
1.9371519454e-01 -1.7440537747e-01 5.7678772753e-01
-8.7447096636e-01 -7.2831825879e-02 -5.3580582042e-01
4.8521481653e-01 3.0000000000e+00 2.3699056372e-01
2.6904518275e-01 -9.5769088611e-01 -1.6607551002e+00
4.5185269960e-01 -1.3789714888e-01 3.2445889710e-01
-1.0547885270e-01 -1.0411483354e+00 -4.5669250254e-01
1.2906775178e+00 1.6128165525e+00 1.7955454644e+00
-1.9879928761e+00 -9.4770777390e-02 -1.3180719040e+00
7.3230166425e-01 -4.7828655788e-01 1.1119794216e+00
-7.7244549483e-01 2.7295731764e+00 4.8368321240e-01
1.6581344134e+00 -4.4487652073e-01 2.2701607304e+00
-2.5015667576e+00 1.6980570541e-01 -2.9805047649e-01
7.7615494707e-01 -2.4229516847e-01 1.6411414177e+00
2.0872115773e+00 1.5401679850e+00 2.0751983695e-01
5.4074907865e-01 -7.6146097376e-01 -4.3242902375e-01
2.6290025073e+00 1.8456897994e+00 1.2903437465e-02
1.4946340667e+00 -1.0954414254e-01 3.2520879357e+00
2.2692226765e+00 -1.5333589233e-01 6.5029036858e-01
1.5955160415e+00 9.2283899150e-01 1.4782608647e+00
1.4661678275e+00 1.7638515251e+00 1.0346569097e+00
2.5208921240e-01 1.9718089038e+00 5.7224625046e+00
4.1134086506e-01 1.8273378214e-01 7.0918581714e-02
7.7034335710e-01 2.5946804193e+00 7.7620259897e-01
1.1994069915e+00 2.6692344957e-01 3.2885377654e+00
-1.7313389401e+00 2.8101574205e+00 3.1554487925e-02
1.3692248343e+00 2.0359322906e+00 9.0577899342e-01
2.0933739568e+00 2.4393188359e-01 1.0405733847e+00
-1.6025651061e+00 1.4780243541e+00 2.5838774933e-01
-3.7771990115e-01 -1.0469664960e+00 1.2687978121e+00
-1.0325508119e+00 2.3521982588e+00 9.6709152780e-01
-2.4381240723e-01 2.4023792532e+00 2.3495144649e+00
-1.1388514615e+00 9.6468773262e-01 -4.9593473690e-01
-3.4753713536e-01 3.0652618606e-01 9.2149444740e-01
-3.7550216345e-01 -1.0830251961e+00 8.8084112679e-01
-3.0000000000e+00 1.4322497495e-01 -3.6296657466e-02
-2.7548335665e+00 2.4089770570e-01 -1.0705186933e-01
1.6523450259e+00 1.3893893220e+00 8.8556361684e-01
-3.2138305001e-01 5.7718044654e-01 8.5684514664e-01
9.6895598286e-01 5.7583632274e-01 2.1825084597e+00
-2.1922623838e+00 6.2718799806e-01 -5.8860727327e-01
1.2443327219e+00 -2.2544954565e+00 -7.3804883236e-01
-1.8390193010e-01 -1.3823303732e+00 -3.6888791370e+00
3.0000000000e+00 -2.3024115183e+00 3.5865552026e-05
-1.3053455597e+00 1.0612413693e+00 -4.2111385493e-01
-1.2294430246e+00 -2.7595520731e+00 -2.7146205431e-02
1.6464982589e+00 1.5624842655e+00 7.7813715734e-01
1.0804312075e+00 1.5826191223e+00 2.7897066994e+00
-2.3658036793e+00 1.0044092757e+00 -1.7540635505e-01
-3.8852491337e-01 2.2030302348e+00 3.4811528280e+00
5.5636135581e-01 -1.1340838079e+00 -3.2629568043e+00
-1.4054254497e+00 1.0638296112e-01 -2.9938530754e+00
6.0609535112e-01 -8.2088880645e-01 -6.5852352744e-01
3.0000000000e+00 1.2808768153e+00 7.1487990750e-03
1.8073376086e+00 2.8266214649e+00 2.4040614085e-02
-2.0196607707e-01 1.1996835225e-01 1.3177011372e+00
-7.2018555648e-01 2.8487608213e+00 3.3333932587e-01
-1.0187113893e+00 1.8126731519e+00 2.4696029786e+00
1.9184384974e+00 1.4780631091e+00 3.8966360227e-01
-1.9637417474e+00 6.7583082281e-01 -9.9252195071e-01
-9.8285130519e-02 1.8844648184e+00 6.7546093124e+00
1.4479694050e+00 2.7381087810e+00 1.0675166034e-01
2.5297029346e+00 1.5684398835e+00 3.5773339234e-02
-1.7946971571e+00 1.4017555235e+00 -2.2461550085e-02
1.9553063721e+00 -3.9279205203e-02 1.5698146882e+00
7.1033833426e-01 -2.7491758959e-01 1.2756358856e+00
-1.2698868643e+00 1.0109688255e+00 -5.8682722258e-01
1.5513127856e+00 1.6455199878e+00 9.3087797697e-01
9.1457538027e-01 1.0892012359e-01 2.4865094746e+00
1.6529571267e+00 1.5938930428e+00 7.4245255692e-01
-1.0126113695e+00 1.7300214189e+00 2.6223318899e+00
-1.4360998491e+00 1.0298652489e+00 -7.2610071842e-01
2.1732671565e+00 2.2956784498e+00 3.3637817301e-02
1.4865331550e+00 1.5127847045e-01 3.2240871098e+00
-1.8183792313e+00 -7.9891590745e-01 -4.0786196674e-01
7.5383842619e-01 -5.9948197226e-01 8.6870775332e-01
-8.0377740558e-01 -1.3194957737e+00 5.5803180435e-01
2.0265015703e+00 -5.8401992069e-01 9.6242613792e-01
1.1900399811e+00 1.2679330157e+00 2.2962890803e+00
3.7329696168e-01 -1.4405382480e+00 -5.9613995753e+00
8.1787819004e-02 2.8784532156e+00 4.9486863643e-01
1.7342300586e+00 1.6684924147e+00 5.4358925813e-01
8.1121415136e-01 1.6842498376e+00 4.2262076920e+00
-1.4357854232e+00 -3.4151232652e-02 -2.7816045590e+00
-8.5647556874e-01 7.3544757277e-01 -6.2190761374e-01
1.3308102092e+00 -3.6059977200e-01 3.1504733540e+00
2.0520372429e+00 1.6294805319e+00 2.0562621744e-01
2.0961298902e+00 -3.0000000000e+00 -2.7552145589e-03
8.9971307208e-01 1.0362049609e+00 2.6482285400e+00
-3.4704413151e-01 -1.0923144781e+00 6.1244434668e-01
-1.9389096672e+00 6.3926985521e-01 -1.1026153448e+00
2.2757541694e+00 5.6581598196e-01 4.6818092510e-01
-1.2995720826e+00 -1.0383689586e+00 8.4791496269e-01
-2.5419877073e+00 4.8394181985e-01 -2.1436629452e-01
-6.7213951822e-01 1.5681016981e+00 5.0509313668e+00
-1.5233762775e+00 -1.2249601699e-01 -2.5065409638e+00
-5.5032514418e-01 1.4510839902e+00 5.7161578232e+00
2.0542785045e+00 1.0347820153e+00 4.7655511720e-01
1.2088966822e+00 3.0000000000e+00 6.9980880644e-02
-9.3746644101e-01 -7.9705700426e-01 2.2040550130e+00
-2.8325391984e-01 -2.7144177013e-02 1.8831417932e+00
-1.4476915173e+00 2.0317640672e+00 6.2751947489e-01
1.8488027602e+00 2.4000622073e+00 8.8366909422e-02
1.7336481987e+00 1.6973457131e+00 5.2626775869e-01
-1.2967700507e-01 -9.5578594391e-01 6.4230949496e-01
1.7296255870e+00 2.8070685601e+00 3.4026224704e-02
-8.3315207438e-01 2.5297505029e-01 -1.1804806642e+00
2.7698331034e+00 1.0639385042e+00 3.3181777111e-02
-3.8948581186e-01 -6.0288004466e-02 1.9902416955e+00
-1.8168485865e+00 2.2540982411e+00 1.1930437077e-01
1.5945124028e+00 1.1448794526e+00 1.2102174567e+00
1.9492691363e+00 2.8391110489e-01 1.4605995384e+00
4.2835965585e-02 1.0642267876e-01 6.1184993147e-01
3.0000000000e+00 7.0249638301e-01 2.0100206459e-02
9.6708168868e-02 2.1979490567e-01 2.8308524148e-01
-1.0938064722e+00 -1.0106657260e+00 1.5221745712e+00
-1.4168049644e+00 8.6871758366e-01 -1.3649911300e+00
2.3151834512e+00 1.5312581938e+00 9.1814704886e-02
-1.2798815576e+00 -7.4184046939e-02 -2.5779684496e+00
-3.0000000000e+00 2.7357797262e+00 8.4513014279e-05
-5.9462385437e-01 -2.3578391224e-01 2.1081237645e+00
1.5034573235e+00 6.5439494389e-02 3.2422779800e+00
-1.3665372207e-01 -3.4199749187e-02 1.5817409413e+00
7.9620280733e-01 1.2796715394e+00 3.8941249916e+00
-1.8612739657e+00 -2.9242450123e-01 -1.4260083130e+00
-2.5187665965e+00 7.5529473765e-02 -2.8283654933e-01
4.0612473269e-01 -1.5507300591e-01 2.7570088861e-01
-2.2261345364e+00 -2.7451443741e-01 -6.3045747309e-01
2.3078920274e+00 -5.8348047915e-01 4.2785353800e-01
-1.3478626337e+00 1.2805717929e+00 3.5630684793e-01
-1.3233262954e+00 1.1471162036e+00 -8.3516141171e-02
1.2032151700e+00 1.1104815170e+00 2.1847874872e+00
-1.3109730827e+00 1.0843681119e+00 -3.2809049642e-01
-3.0121271069e-01 -5.6279115525e-01 3.5260816692e+00
1.1104464111e+00 -9.0116077747e-01 7.2403164704e-01
-7.5907811124e-01 1.6421226803e+00 4.4010825747e+00
2.6102942162e+00 3.6198079991e-01 1.6777587817e-01
-9.3945887709e-01 -1.9345586095e+00 -7.7763309813e-01
8.5222531762e-01 -2.6731955004e-01 2.0221901400e+00
-8.0248408455e-01 -1.4725676049e-03 -3.0305524563e-01
2.2358549072e-01 5.8712477021e-01 3.2984440741e-01
1.6912800081e+00 -7.2540483326e-01 1.5298639026e+00
1.4512072901e+00 2.4350950746e+00 2.8610747124e-01
-4.3891699733e-01 3.0000000000e+00 2.4731130569e-01
1.4974013027e+00 7.2689985718e-01 2.0457754868e+00
-6.6526160270e-01 4.3348956644e-01 -3.3989146390e-01
-1.2772172219e+00 -7.4056922722e-01 3.4877541390e-01
-7.0615795730e-01 -4.8618373683e-01 2.6903322853e+00
2.1840352204e+00 1.0097945458e+00 3.3805242230e-01
-1.9780558946e+00 2.3461709650e-01 -1.3944411391e+00
1.9435001188e+00 -9.4139045667e-01 6.4703073062e-01
-3.2590052350e-01 -4.9369054974e-01 3.5130521595e+00
2.2236307110e+00 9.2453483701e-01 3.4088264435e-01
-3.8036731115e-01 -9.5083275678e-01 2.1930988262e+00
-2.2263209465e+00 -4.4178484039e-01 -5.1409993367e-01
-2.1488196302e+00 1.4973301661e+00 -2.9519744229e-02
1.3334737200e-02 1.2277969639e-01 6.8418661357e-01
-1.6381901754e+00 -4.1051512760e-01 -1.5348521887e+00
-1.4699097463e+00 1.9021894083e+00 6.7419898543e-01
-8.3879994697e-02 1.9341293671e-01 8.6103762685e-01
2.2258543057e+00 2.3368861071e+00 2.4055350769e-02
2.1128962155e+00 -3.7303943089e-01 9.3065587719e-01
-2.3308177843e+00 2.2348019771e+00 1.2518611289e-02
8.0179964756e-01 -2.6978139274e+00 -5.1402370402e-01
5.0931466319e-01 -2.0059229847e-01 4.8311305030e-01
-3.0000000000e+00 1.9742621058e+00 -3.3044043274e-05
-1.1790078360e+00 -5.6131932030e-02 -2.3497743660e+00
-2.8333165681e+00 1.5830183825e+00 -4.1838602027e-03
-1.3931764928e+00 -8.4938524238e-02 -2.6729081454e+00
3.0000000000e+00 -3.0471942515e-01 3.0601446689e-02
-1.5189148268e+00 2.1756899553e+00 3.9663013267e-01
2.6084816419e+00 -8.1536883940e-01 1.0454257304e-01
-2.1518250566e+00 2.4706412791e+00 1.7779176868e-02
-7.8238597133e-01 2.5434013059e-01 -8.5989278980e-01
6.0663454672e-02 2.1610566940e+00 4.3985272315e+00
-1.8795323769e+00 1.1277360403e+00 -3.9901692213e-01
-1.6547348243e+00 -9.8983169608e-01 3.5393626023e-02
2.6291185835e+00 -8.1510518177e-01 9.6218192628e-02
-2.2247513649e+00 -7.8984335158e-01 -2.4127344950e-01
9.2490928318e-01 -2.0680500211e+00 -2.1949885922e+00
-1.7066325417e+00 -1.2194403565e+00 1.9250978338e-01
-1.9869170277e+00 -9.4111530444e-01 -1.8860844545e-01
8.1136897877e-01 -1.0387730666e+00 -1.4231569196e+00
9.4599190072e-01 7.9819513856e-01 2.1168830985e+00
-2.5184067247e+00 8.4578228428e-01 -1.4350806823e-01
5.5089067398e-01 -3.0000000000e+00 -2.1315898814e-01
6.9927013886e-01 1.2858567760e-01 1.2474020068e+00
2.1527231872e-01 -8.3892725670e-01 -4.3795433831e-01
-9.9978192743e-01 -7.1044503569e-01 1.6810391531e+00
-2.1590804704e-01 5.8304656863e-01 8.9984402566e-01
-1.9821085778e+00 1.0977739345e+00 -3.7326715966e-01
1.8759070520e+00 1.8427287145e+00 2.7285978559e-01
2.3080400338e+00 1.2670013171e+00 1.4746267414e-01
-2.0246088739e+00 1.9725713637e-01 -1.2631216211e+00
-2.5565576519e-01 8.9736785640e-01 2.6159405362e+00
1.4837662292e+00 5.4092586343e-02 3.3008258101e+00
1.4706887596e-01 3.1440672420e-01 9.3202237956e-02
-1.3599368908e+00 1.2903455523e-01 -3.0239790368e+00
-2.0470972441e+00 1.6913166665e+00 4.3057012637e-02
2.9125062582e-01 -1.4744765370e+00 -6.2173059206e+00
-1.8924311403e+00 5.8173515929e-01 -1.3066590726e+00
1.7236801392e+00 1.8839707424e+00 4.1998738722e-01
-3.6002046442e-01 1.8045908166e-01 1.2127419464e+00
2.5831732060e+00 -1.8611994127e-01 2.0919043346e-01
2.8616699113e+00 -1.4445148640e-01 6.3554278076e-02
-1.1810249029e+00 2.9827579088e+00 7.9549051055e-02
-1.5005642558e+00 2.4045130011e+00 2.5001570498e-01
-1.6531817032e-01 -5.0157531961e-01 2.9387303196e+00
-3.0000000000e+00 2.7504056953e+00 8.0645482821e-05
-1.0043789338e+00 -6.1679115115e-01 1.3196308195e+00
9.5777395493e-01 1.6200739335e+00 3.4300079333e+00
-1.5046017313e+00 1.3031725061e+00 8.6696579399e-02
-7.8576542150e-01 -1.8587952257e+00 -1.3779071503e+00
-1.3975231419e+00 8.6200728497e-01 -1.3908383082e+00
-8.7755869869e-01 2.6281383572e+00 5.7821662163e-01
3.3717932604e-01 -4.5163268528e-01 4.7679527569e-01
1.5368422718e+00 1.7100686785e+00 9.0827243532e-01
1.6426182965e+00 1.4040678376e+00 8.9659945978e-01
3.2447004192e-01 -1.2972881564e-01 2.4873287090e-01
2.2252058947e+00 1.3587099647e+00 1.6985693360e-01
3.0000000000e+00 -8.4721031715e-01 1.7077911406e-02
-1.5560341101e+00 5.0970200915e-01 -2.3542608908e+00
9.1128628704e-01 1.5441438249e+00 3.7557689091e+00
4.4847757658e-01 -2.7425627153e-01 3.9485753488e-01
-7.1265915415e-01 -1.2614944578e-01 8.6571940631e-01
8.9793362840e-01 -7.8099197176e-01 6.2425851515e-01
1.6831581656e+00 1.1413855860e+00 1.0191746618e+00
-4.4320416632e-01 8.3970488482e-01 1.7543909354e+00
1.8663464519e+00 -2.8046148519e-01 1.7799432640e+00
-1.0560649341e-01 -4.0476498134e-01 2.4935863584e+00
-1.4561903816e+00 2.4541719852e+00 2.4997410582e-01
3.0000000000e+00 -1.2878423539e-01 3.2737466594e-02
1.1233970037e+00 1.8240217008e+00 2.1729371941e+00
7.3476304586e-01 2.2576470028e+00 2.0992000055e+00
-1.3927779177e+00 -5.0925092801e-01 -1.0052894871e+00
-4.9218273880e-01 1.0072626065e+00 2.8911378810e+00
1.1402107146e+00 7.9344923212e-01 2.2767318807e+00
-2.1304434570e+00 2.8151385959e+00 6.4412953516e-03
-2.4290900327e-01 1.3355905634e+00 6.7718262379e+00
-5.8817825629e-01 -1.5328326525e-01 1.7453738294e+00
1.4253854924e+00 -3.1980454305e-02 3.4466063356e+00
1.8731382928e+00 9.7537063421e-01 8.2000666683e-01
1.9604432939e+00 -1.2723431769e+00 2.1665971756e-01
2.2061947736e+00 -2.2480174422e+00 -1.6076902233e-02
1.0294883478e+00 3.5711374742e-01 2.7131331694e+00
1.8740012312e+00 9.6184182998e-01 8.3311545970e-01
2.0201847984e+00 2.1319886285e+00 9.3031812907e-02
-1.1161217361e-01 1.9246772495e+00 6.4228296663e+00
3.0000000000e+00 1.7864885104e+00 2.2631195347e-03
1.9671946624e+00 1.2350178067e+00 4.5845047104e-01
1.7336837592e+00 7.5940745859e-01 1.4264640584e+00
1.9728567386e+00 8.7679636278e-01 7.3959973769e-01
-1.9254382116e+00 1.6193890335e+00 6.8516882341e-02
1.7310846626e+00 1.7276064046e+00 5.1098389613e-01
6.2867886240e-01 -1.4442135040e+00 -4.9277877669e+00
-2.2620274015e-02 4.1772951323e-01 4.5711238406e-01
1.5490471850e+00 1.8364705565e+00 7.5635095872e-01
-1.3582662038e+00 6.7289176188e-01 -2.1324154655e+00
1.9584095658e+00 1.3786811086e+00 3.9071350553e-01
9.7491074003e-02 5.2121373132e-01 3.1328877376e-01
5.8596611463e-01 4.5944353550e-01 6.2162540369e-01
1.3022847164e+00 3.0000000000e+00 5.5447566873e-02
1.9905362954e+00 6.0738006801e-01 1.0000398171e+00
-3.0000000000e+00 -1.1804468429e-01 -3.5428800175e-02
-1.5007238175e+00 -3.5170443166e-01 -1.8003123515e+00
2.2532383258e+00 7.4393346606e-01 4.0372384222e-01
-3.0000000000e+00 1.2221999950e+00 -7.8876853554e-03
-9.1626446105e-01 -6.8822853116e-02 -8.4924451906e-01
4.2057439641e-01 2.7335561723e+00 7.2708822249e-01
2.1246414356e-01 -8.3275037091e-01 -3.7941506174e-01
2.7711743440e+00 -6.0903610323e-01 6.9583682754e-02
2.4946019011e+00 2.7537613917e+00 1.7499564308e-03
-1.0463094978e+00 1.9080128849e-01 -2.3225374639e+00
1.6370365718e+00 -3.0000000000e+00 -1.8690890491e-02
-1.1563858698e+00 -3.9958768754e-01 -6.8927734800e-01
-2.3146401288e-01 5.3347770960e-01 8.2148081657e-01
-1.2406248133e+00 1.4222304236e+00 1.1476824780e+00
-1.6274967554e+00 2.2512274125e+00 2.3835722035e-01
-1.2567678248e+00 9.1638203823e-01 -1.0224630457e+00
-1.0667796679e+00 5.5125671698e-01 -2.1206795828e+00
-8.7301578821e-01 1.0814651328e+00 1.3950565836e+00
2.1822096201e+00 1.5086812399e+00 1.5605170996e-01
1.0431639514e+00 -1.1287229521e-01 3.0770095510e+00
1.3022961214e+00 1.1948581288e+00 1.9286369769e+00
1.7137557754e+00 2.6710416581e+00 5.9452491315e-02
-1.6240862078e+00 -2.6732406680e-01 -1.9838111655e+00
5.4728966690e-01 -9.5368777224e-01 -1.7497162777e+00
9.4920061935e-02 -3.6472244736e-01 1.3254413763e+00
-4.5984859556e-01 -1.3248156783e+00 -1.1044709463e+00
3.5307629408e-01 5.7781648500e-01 2.9271542180e-01
-7.1405118419e-01 -6.9991659938e-01 3.2171119570e+00
1.3519133826e+00 5.9259044599e-01 2.5768491046e+00
2.0500751917e-01 -1.0501588316e+00 -2.3806059517e+00
1.5819092787e+00 4.4162629559e-01 2.4753682613e+00
-2.5975364539e+00 7.2273275129e-01 -1.3012697342e-01
3.3424167969e-01 -1.8291964233e+00 -5.8647394786e+00
1.4179698600e+00 -7.4865419363e-01 1.8483293375e+00
-1.1807917321e+00 -1.3683373817e-01 -2.0695458374e+00
-2.0728154640e+00 1.7780846665e+00 4.9234293159e-02
7.8401119418e-01 2.3430730186e+00 1.5837487789e+00
-7.9580494468e-01 -1.4040926290e+00 2.8544407090e-02
5.8524945817e-01 2.8534568335e-01 6.0357583180e-01
-3.0000000000e+00 2.0243630904e+00 5.4936047413e-05
1.3590325484e+00 1.7284858760e+00 1.4044265998e+00
6.7745762428e-02 -1.0476411513e+00 -1.6819505047e+00
-1.0215679946e+00 -9.4128384909e-01 1.8413078518e+00
1.2701716081e+00 2.1226863292e+00 9.8773279727e-01
-2.7508649873e+00 4.9090434894e-01 -9.2091253847e-02
-2.2747092462e+00 2.3635669434e+00 1.3005202343e-02
-5.9134895973e-01 -1.3591306966e+00 -5.9015088046e-01
-1.1569132223e+00 -6.8399194154e-02 -2.2249734531e+00
1.2147020358e+00 -4.5169280393e-01 2.8752945692e+00
2.3701099832e+00 -4.5469695988e-01 3.9407482697e-01
2.1268713602e-01 -1.6118620311e+00 -6.5452431533e+00
1.0159432926e+00 -3.1474390461e-01 2.7126786517e+00
-1.0716016594e+00 2.0373479030e+00 1.6980814628e+00
1.8289561036e+00 1.2073066832e+00 6.8319149794e-01
-2.1810607485e+00 2.0715934145e+00 3.2059031947e-02
1.4525438292e+00 1.3383440469e-01 3.3238974745e+00
2.0491575023e+00 2.6301168702e+00 1.9925555033e-02
-4.7469454067e-01 -6.0408403086e-02 1.8063566714e+00
3.0000000000e+00 -2.2924031904e+00 4.0900639820e-05
1.3912269316e+00 2.0982187211e+00 7.6159375430e-01
-5.9864772715e-01 -2.1544751985e-01 1.9886419890e+00
-1.5133168779e+00 -4.3885656966e-01 -1.4659926685e+00
1.1745079029e+00 1.1744220720e+00 2.2931982600e+00
4.6318418112e-01 2.4652877057e+00 1.6853407565e+00
-1.8538584394e+00 1.5367641920e-02 -1.8102088535e+00
-3.6455404990e-01 1.9841581786e-01 1.1576858283e+00
-5.7663993016e-01 8.3012564777e-01 1.1919390837e+00
1.9225443051e+00 7.6263762668e-01 9.7108734933e-01
1.4819798877e+00 1.6519841288e-01 3.2211033673e+00
1.2003891383e-01 1.7399492448e+00 7.6003453117e+00
2.2582264507e+00 1.5146065371e-01 6.6723074813e-01
5.4029787831e-01 4.4688726881e-01 4.4568278709e-01
3.7670818623e-01 -2.0475281042e-01 3.0418813270e-01
-1.9924462916e+00 5.6199078866e-01 -1.0727156245e+00
2.1346024731e-01 -3.4143387016e-01 7.6144576756e-01
1.7514787117e+00 1.5212694914e-01 2.3043136818e+00
-8.4784313615e-01 -3.0000000000e+00 -5.5015104803e-02
-1.9872531119e+00 2.8359801751e+00 1.0860827993e-02
-3.6730340292e-01 -8.3788820380e-01 2.9781331147e+00
5.0598439853e-01 -5.0538331691e-02 4.1454315781e-01
-8.8166221030e-01 1.2796625682e-01 -1.2568583219e+00
5.7450237167e-01 9.1711338744e-01 2.2408385549e+00
1.5147902368e+00 -1.7647626779e-01 3.1401888383e+00
1.3673781388e+00 1.3737683771e+00 1.6759743237e+00
-2.1891337751e+00 1.7302192600e+00 1.8744254474e-02
-4.6429155403e-01 -5.8778974235e-01 3.7561624847e+00
-7.0952745653e-01 8.4233509171e-01 6.4789479375e-01
3.0000000000e+00 2.6500950922e-01 3.0670965327e-02
1.9191618539e+00 2.4428114887e+00 6.0317493067e-02
-1.2521827381e+00 2.1512142304e+00 9.0118566065e-01
2.0108470232e+00 -4.1049997760e-01 1.1813361017e+00
-1.4797707792e+00 7.5013634544e-01 -1.7805152011e+00
-8.8530005206e-02 7.2028752532e-02 1.1410558480e+00
3.0000000000e+00 -1.0662503812e+00 1.1381008060e-02
-8.4539380865e-01 -4.4433547548e-01 1.5868426476e+00
3.0601951441e-01 -1.3307808036e+00 -5.3489238821e+00
1.7134129501e+00 -2.7536569456e+00 -3.7791648861e-02
-2.6503524544e+00 3.0000000000e+00 2.4431712218e-04
-1.3905459228e+00 2.9932931384e+00 4.4162726745e-02
-1.1358795829e+00 2.2987889804e+00 8.7682753895e-01
-9.2165410165e-01 4.4497559315e-01 -1.7233469703e+00
-9.0371375215e-01 9.2773731599e-01 2.2004062667e-01
-1.5852310554e+00 2.2347279983e+00 2.8442191476e-01
2.3629453252e+00 7.3195262408e-01 2.8553309847e-01
7.6908682131e-01 2.8601268263e-01 1.5489156488e+00
2.1732760774e+00 -6.1877171518e-01 6.2195201252e-01
5.6632682180e-01 2.3704608762e+00 1.9720211995e+00
-4.4355315296e-01 6.9919662436e-01 9.8530841010e-01
1.1375797257e+00 -1.4779894803e+00 -1.7799426319e+00
2.7445632994e+00 -1.2539560696e+00 2.3497590510e-02
-1.9646311744e+00 -8.4085130552e-01 -3.1389654466e-01
-1.4098387364e-01 2.1049746385e+00 4.8238877380e+00
1.1741109173e+00 -1.2163939474e+00 -7.1278439015e-01
1.5867154805e+00 -1.9865602836e-01 2.8942172037e+00
9.4233066595e-01 -3.7470569320e-01 2.2879461250e+00
1.4787570558e+00 -3.1069959002e-01 3.0396243006e+00
-3.0000000000e+00 3.0000000000e+00 3.2235359613e-05
-4.3872454620e-01 -2.6289571431e-01 2.7639610946e+00
-1.7372829574e-01 -1.0517591435e+00 -9.2736283023e-02
-1.7235996667e+00 1.4143595009e+00 3.7947532467e-02
-1.6791175810e+00 2.4473949907e-01 -2.3953645839e+00
1.2665295657e+00 4.7465762659e-01 2.8963838962e+00
-1.7918171370e+00 1.9343500393e-01 -2.0402374454e+00
-1.4042714563e+00 2.6336930674e+00 1.6775648420e-01
-1.0337600321e+00 2.0377284541e+00 1.8446086088e+00
-1.1495171482e+00 -1.5531698109e+00 2.2508218381e-01
-2.7204821711e+00 5.5423687919e-01 -9.8189772829e-02
1.5849045979e+00 1.8602779974e+00 6.6096100314e-01
-2.8205726300e+00 2.0302142820e+00 5.2250146742e-04
2.1859832022e-01 -1.1661023716e+00 -3.6789478636e+00
7.3642208035e-02 -1.4812663076e+00 -5.9015312329e+00
1.4328313140e+00 -1.3678980943e-01 3.3778416989e+00
3.5744589562e-01 2.5045329238e+00 1.6361138195e+00
-1.4186393546e+00 1.6457143928e+00 8.2970613605e-01
-4.0905964648e-01 2.3828007974e-01 9.7824321576e-01
1.4219366043e+00 -1.0031832033e+00 8.3246351853e-01
-1.3871245427e+00 6.1637057409e-01 -2.3124720939e+00
2.2064693281e+00 2.1435486648e+00 4.3140404400e-02
9.2563278697e-01 1.6662044125e+00 3.5551777781e+00
9.8762604893e-01 -1.1611070658e+00 -1.3181418627e+00
2.5764827532e-01 -4.0309712481e-01 6.6660944822e-01
9.2862092426e-01 7.4053966478e-01 2.0394986124e+00
-1.6139324164e+00 -4.6295802391e-01 -1.3771271206e+00
-1.2413134761e+00 -4.5359023390e-01 -7.9682423492e-01
1.0921716484e-01 6.8005201287e-01 8.5576847154e-01
1.9764803932e+00 -1.9299892928e+00 -7.0120373132e-02
1.2182897377e+00 2.0591151065e+00 1.2600524696e+00
8.3589214743e-03 -1.1660514439e+00 -2.6998710041e+00
2.3800700293e+00 1.3651730915e+00 9.5484062913e-02
1.0912301811e+00 9.3978188171e-01 2.2786550321e+00
2.4565774602e+00 8.4207115907e-01 1.7436197217e-01
-6.7129711631e-03 3.5605560601e-01 4.3613946130e-01
-1.0566866130e+00 3.0000000000e+00 9.7749379735e-02
-1.8336168847e-01 -6.2411745686e-01 2.9905839539e+00
3.0000000000e+00 -2.2989973463e+00 3.7546019261e-05
1.0891682931e+00 -5.5800455424e-01 2.2844529412e+00
1.4050115140e+00 6.1282206072e-01 2.4649029748e+00
1.3857074833e+00 3.0000000000e+00 4.4388267170e-02
1.0814681027e+00 -1.8236692130e+00 -2.1312630294e+00
1.4020570101e+00 1.3873965515e+00 1.5562433222e+00
-1.9764212572e+00 2.6512142021e+00 2.1923636145e-02
1.2579565741e+00 -3.0000000000e+00 -6.0425595093e-02
1.3818993878e+00 1.4075844832e+00 1.6112666233e+00
4.1558016279e-01 -7.3929607938e-01 -3.5156780762e-01
4.9457237854e-01 2.8531182134e+00 4.3164805637e-01
-3.0000000000e+00 2.9795697608e+00 3.5019386554e-05
-1.6131494305e+00 -3.0000000000e+00 5.1992002403e-03
1.9191339376e+00 2.6569363872e+00 3.0056421195e-02
-1.3240274217e+00 1.6138181280e+00 1.1197470611e+00
5.9371891204e-01 -3.0000000000e+00 -2.0434716997e-01
-4.5672986710e-01 6.5715039195e-01 7.9571999084e-01
1.5836339882e-01 -1.5231851793e+00 -6.3161470888e+00
-1.7299311368e+00 1.2047959295e+00 -3.0645287058e-01
-3.0000000000e+00 4.3492512910e-01 -3.1246495632e-02
9.2573292177e-01 -1.9443874406e-01 2.4803009593e+00
-1.7238789642e+00 2.5285329379e+00 8.4108090293e-02
-3.0000000000e+00 -1.6193827094e-01 -3.4749524894e-02
6.8338242211e-01 1.1482210222e+00 3.6502330721e+00
9.8996856081e-02 1.5506143399e+00 7.9953414953e+00
4.1250482448e-01 5.9452681056e-03 1.6835386558e-01
7.0532561695e-01 -1.4888090670e+00 -4.5855462221e+00
-2.3830749449e+00 1.3089856070e+00 -6.5048710341e-02
-8.5131020348e-01 -4.3984850377e-02 -4.8821284328e-01
1.1594986189e+00 2.9406482059e+00 1.0125606989e-01
2.1763978343e+00 2.8485779707e+00 5.1791535771e-03
-1.8813633793e+00 2.4178182145e+00 6.3647728393e-02
7.2538648111e-01 4.2834309498e-01 1.2378346240e+00
1.0783585410e+00 8.1045680889e-01 2.2474637581e+00
-1.2454883612e+00 1.9873530575e+00 1.1915670042e+00
-2.0552342664e+00 1.8937791974e+00 6.2299788915e-02
1.7320796037e+00 2.6338681233e+00 6.3611537805e-02
-1.4180168867e+00 9.1789204158e-01 -1.1659226419e+00
6.1722772577e-01 -9.2837057876e-01 -1.3791881211e+00
7.8661727369e-01 2.1748813570e+00 2.3286207453e+00
5.5826807907e-01 9.8266497350e-01 2.7255104567e+00
7.1344033441e-01 -8.3635865729e-01 -4.2839367971e-01
1.7822358470e+00 4.6541282269e-01 1.7989654447e+00
1.4467162842e+00 9.8760504980e-01 1.7113655183e+00
-1.5226674547e+00 2.1715525074e+00 3.9493714740e-01
-1.8785887209e+00 1.2350222771e+00 -2.4431477069e-01
4.4514884105e-01 -3.5915352269e-01 4.1711573375e-01
1.1849834578e+00 -8.3197741742e-01 1.2869208194e+00
3.0000000000e+00 8.5729387837e-01 1.5944170887e-02
-2.4628078271e+00 6.6700464619e-01 -2.3293649397e-01
-2.0673240945e+00 1.9801365531e+00 5.8736270373e-02
-1.3523832647e+00 -2.9122526182e-01 -1.9103635067e+00
2.3114206275e+00 1.0999651691e+00 1.9282364628e-01
-1.1130009960e+00 6.3809751638e-01 -1.9792716016e+00
-1.5089806548e+00 6.0336248800e-02 -2.8305647846e+00
-1.9922444199e+00 -8.0000361305e-01 -3.5874701200e-01
-5.2915132267e-01 2.1753824919e-01 6.4763325234e-01
-1.0374465169e+00 4.6575672438e-01 -2.2070393332e+00
-1.6143082527e+00 -2.7118062530e+00 9.5217687598e-03
2.9739916565e+00 1.2036302528e+00 9.5728261862e-03
1.2637077766e+00 6.7470265730e-01 2.4485663623e+00
2.1881958830e+00 8.1318679105e-01 4.4816668157e-01
9.4687163141e-01 -3.2663413094e-01 2.4002876268e+00
-9.3824212396e-01 8.1132079989e-01 -6.1187977363e-01
1.3863414847e-01 6.0270776137e-01 4.7550586822e-01
-5.0477960479e-01 -1.3799968261e-01 2.0377600738e+00
1.3788188234e+00 -3.2120701913e-01 3.1956250868e+00
-2.2888455802e+00 -1.1805914532e+00 -3.1096598912e-02
-1.8287313188e+00 1.3855037870e+00 -5.5092712727e-02
-1.3724689140e+00 1.5111278354e+00 8.3805721446e-01
-5.3930964332e-01 6.3998018564e-01 4.7160166604e-01
-2.2270319909e+00 8.8928102094e-01 -3.4687902688e-01
-1.6777292274e-01 6.9123735078e-01 1.2496322983e+00
-1.2327181240e+00 3.2685057570e-02 -2.7444351931e+00
-2.0193013558e+00 -2.7168985903e-01 -1.0697058974e+00
1.1873259947e+00 8.8061791180e-01 2.2102069161e+00
3.7019137846e-01 -5.9785367316e-01 2.3900107333e-01
1.2982339629e+00 1.4532750084e+00 1.8863508460e+00
-9.9251220474e-01 1.1998131070e+00 1.4672255995e+00
-3.8085811610e-01 9.8600820979e-01 3.1275174949e+00
3.0746787192e-01 -1.4842337302e+00 -6.2436404118e+00
1.2352091323e+00 1.2209106924e+00 2.1305225384e+00
-1.1120275492e+00 1.9189135282e+00 1.8095693054e+00
7.5547981296e-01 1.9535319925e-01 1.5346597281e+00
7.7674819048e-01 5.8166710128e-01 1.4780077003e+00
-1.5569295606e+00 8.9971193233e-01 -1.1943030966e+00
1.8828697705e+00 1.9932949851e+00 2.0507062863e-01
1.1205494355e+00 -2.9324000475e-01 3.0907815591e+00
1.9922910888e+00 -1.2135257735e+00 2.6456657085e-01
-1.4119696606e+00 9.4527570163e-01 -1.0519140728e+00
4.3812213491e-01 2.1839081782e+00 3.4784762957e+00
-8.5076620432e-01 4.7063239886e-01 -1.3300118282e+00
1.5199916916e+00 1.8447555784e+00 8.1116351553e-01
-5.1507366542e-01 1.6229237858e+00 6.1679915023e+00
1.1690864712e+00 -7.7338617315e-01 1.5432860486e+00
4.2199461600e-01 -1.5598025079e-01 2.9202973464e-01
1.1272865785e+00 2.2420505054e+00 1.0650634144e+00
2.1321259744e+00 1.0442102313e+00 3.7531081804e-01
-1.5088750720e+00 1.6479773421e-01 -2.8807724225e+00
2.5766403574e+00 4.4546168562e-01 1.7938002128e-01
-9.5250694566e-01 2.9170837460e+00 1.7123471869e-01
-2.5604247339e+00 -2.0589555632e+00 6.2759822121e-03
2.9664554695e+00 4.6435718196e-01 3.1230479813e-02
1.0027889513e+00 -4.2973486872e-01 2.4073775499e+00
8.0664034298e-01 -7.1007068564e-01 6.2277685720e-01
-8.7029666320e-02 -1.6875869201e+00 -5.6799514389e+00
1.4589181703e+00 2.0365317006e+00 7.1188821167e-01
2.4474798957e+00 2.3325668724e+00 9.0327395318e-03
7.0622697972e-01 -8.3441576346e-01 -4.4180373919e-01
1.0069711691e+00 9.3789203191e-01 2.3237022639e+00
4.3819285373e-01 -2.5957910087e-01 3.7618491592e-01
-6.0295967862e-01 2.6232967048e+00 8.8549016950e-01
-1.0755318808e+00 -1.0966810498e+00 1.4563275739e+00
-1.8900644698e+00 -9.2166923341e-01 -2.1054958606e-01
-2.7294031047e-01 1.0042227632e+00 3.5835874077e+00
-1.1979565413e+00 2.9564393745e+00 8.5410474757e-02
-2.3369905606e+00 8.5647523183e-01 -2.6364518063e-01
1.6774263883e+00 2.1228458277e+00 3.1442774174e-01
-7.7280242570e-02 -1.7528305389e-01 1.7580384945e+00
1.1561328131e+00 -7.4979259918e-01 1.6291658857e+00
1.1475412649e+00 2.8429477923e+00 1.5481261612e-01
-1.1936930198e+00 1.4020619186e+00 1.2984130034e+00
1.1969536405e+00 1.9350173405e+00 1.6146233196e+00
2.0247495842e+00 8.2826303608e-01 6.9357586132e-01
7.7229285593e-01 6.1268381056e-01 1.4816511970e+00
-8.6468006809e-01 -4.3502180678e-01 1.4016872371e+00
7.8316103742e-01 6.8750777898e-01 1.6070046378e+00
-1.9248448971e+00 -1.2474862658e+00 5.7091693285e-02
9.6338633125e-02 7.0134334665e-01 9.8971412161e-01
-1.3944227349e+00 2.4026880908e+00 3.4467521155e-01
6.6745689401e-01 2.4964407117e-02 1.1025353534e+00
1.0864337967e+00 1.7411278534e+00 2.5288027802e+00
1.2542686663e-01 1.7487822567e+00 7.5486621805e+00
1.5449369176e-01 5.5432509481e-01 3.0275621598e-01
1.9039061444e+00 1.7522712204e+00 2.8497054613e-01
-8.1071099567e-01 8.1193476353e-01 -2.2938540079e-02
1.3034415896e+00 -1.1931532295e+00 -1.5624142227e-01
2.1151543942e+00 -4.3693427695e-01 8.8113652403e-01
1.3451394096e+00 1.1320655095e+00 1.8295542052e+00
-2.3655435999e-01 -2.7002648046e-01 2.6597167348e+00
-1.1631046458e+00 1.2178417035e+00 7.3779550945e-01
-1.9501994728e+00 1.2855548361e+00 -1.7290941920e-01
-1.6333557585e+00 -2.9300102518e+00 6.2421497744e-03
-6.8402888709e-01 1.5221947646e+00 4.9112536021e+00
-1.1079457937e+00 1.5746409242e+00 2.0746935122e+00
1.6361739655e+00 4.5985051435e-01 2.2768687090e+00
-1.0015097141e+00 -1.1886612998e+00 1.3358918828e+00
-7.3386401739e-01 -8.0221576484e-02 5.0943098772e-01
7.7766383411e-01 -1.3065738829e+00 -3.3894503870e+00
-8.8972721576e-01 3.6540744138e-01 -1.5968639900e+00
-1.2610408444e+00 -8.0528328750e-01 6.1799890266e-01
-7.9624109298e-01 -2.8616521194e-01 1.0916669081e+00
-2.7422087158e+00 1.9106782065e+00 3.4820259485e-04
-5.7182263135e-01 1.2896151484e+00 4.7518834203e+00
1.1970007459e+00 1.2976733731e+00 2.2835400518e+00
-1.3168516455e+00 1.0818314594e+00 -3.5115277341e-01
-8.1336761895e-01 8.9032540980e-01 4.2693449678e-01
-6.8203744509e-01 5.5740176765e-01 -3.3424421727e-01
-1.4736199848e+00 1.5731411430e+00 6.2616829694e-01
-2.2985948141e+00 6.1206370952e-02 -5.9851863180e-01
-1.5213509421e+00 4.1583456176e-01 -2.6234615936e+00
1.3857388417e+00 -5.6343597620e-01 2.5362357116e+00
-1.6354823706e+00 2.0034417281e+00 3.4761457609e-01
3.0000000000e+00 2.1268149859e+00 9.3648818175e-04
-1.6819471707e+00 2.9371493772e-01 -2.3480470630e+00
-1.0640262270e+00 1.3381717911e+00 1.7363060719e+00
-7.8283566596e-02 -7.8207421239e-01 1.7330713666e+00
-1.7615325962e+00 -6.6574634477e-01 -7.1306160845e-01
-1.1764765327e+00 8.1809672692e-01 -1.3519893618e+00
-3.0477515382e-01 -1.7743430977e+00 -4.3202942242e+00
-3.0000000000e+00 -2.1522708378e+00 6.3901954680e-04
-1.2852371698e+00 1.2655524912e+00 4.8918809905e-01
3.2075062777e-01 1.8965444506e+00 6.0587518755e+00
1.3894046417e+00 1.9970338348e+00 9.1875400636e-01
1.4001842122e-01 -9.4476112739e-01 -9.9279513554e-01
-2.5419062815e+00 -6.9236742896e-01 -1.2118881901e-01
-4.8900351152e-01 1.0872673847e-01 1.1293208047e+00
-1.7941080565e-01 2.5820404615e-01 9.5385331031e-01
2.2999646669e+00 -3.0000000000e+00 -9.7111933535e-04
3.6288619851e-01 2.0376316537e+00 4.8406230661e+00
1.3938342114e+00 -1.6557037468e-01 3.4189756267e+00
-1.5389319331e+00 1.5354123885e+00 4.3992941931e-01
1.1698572763e+00 1.2978127490e+00 2.3837519082e+00
-6.7718129027e-01 -1.8983204884e+00 -1.9007296907e+00
-2.8776288074e+00 2.2971698528e+00 4.7696812846e-04
-2.4406305818e-01 1.1774524655e+00 5.4020530677e+00
8.2843384635e-01 -5.1191427043e-01 1.4504108117e+00
1.3464683418e+00 2.4481174376e+00 3.6689326146e-01
-1.2122964100e+00 2.9051982451e-01 -2.9035335830e+00
1.4931698915e+00 2.8887401618e-01 3.0153455023e+00
1.6064846125e+00 1.4466675270e+00 9.4903178502e-01
2.0738237562e+00 2.6308882238e+00 1.7991990737e-02
-1.4437664032e+00 2.8621115293e+00 6.5142395427e-02
2.6891596729e+00 2.2470740582e+00 3.5354024685e-03
-1.2816388181e+00 -2.4990569030e-01 -1.9302049183e+00
1.0859184187e+00 2.2217614664e+00 1.2190484093e+00
-1.0754890243e+00 -5.2260302078e-02 -1.9023656630e+00
5.5547081980e-01 -1.4117816794e+00 -5.1896597194e+00
1.8597906948e+00 4.6492932022e-01 1.5499804207e+00
1.6558092463e+00 1.8281918209e+00 5.6137614210e-01
4.1877534771e-01 -1.0389276259e+00 -2.6468083783e+00
5.9190717437e-01 -1.8932551945e-01 7.6009941043e-01
-1.9930442411e+00 4.5725380742e-01 -1.1859681870e+00
9.3481341508e-01 8.1762529370e-01 2.1249084251e+00
-2.1104107306e-01 3.7776868868e-01 8.1129490877e-01
-1.6629653525e+00 1.0707103101e+00 -6.2175331754e-01
3.0000000000e+00 -3.4081548406e-01 2.9961264308e-02
-1.0361220062e+00 -4.1043668020e-01 7.3981870533e-02
8.0165175408e-01 8.4289255876e-01 2.0122912146e+00
-1.9486889103e+00 2.1957144895e-01 -1.4951582124e+00
1.6025630779e+00 8.3549771738e-01 1.6058162002e+00
-1.9088750792e+00 -5.6252612953e-01 -8.2170545786e-01
-1.8006410144e+00 7.3473813587e-01 -1.2557905375e+00
1.3344740775e+00 -7.3366300289e-01 1.9178080502e+00
3.0000000000e+00 2.5050606156e+00 2.9046794261e-04
6.1661982902e-01 -4.9113243539e-01 6.5695489609e-01
-1.7562653633e+00 1.1378856469e+00 -4.3662835284e-01
-1.6046535459e+00 1.0878003530e+00 -5.8461874249e-01
