1.5458973283e+00 -1.0924842285e-01 1.0903768691e+00
-1.7174933886e-01 -2.2955295937e+00 4.1759238312e-01
-9.7678409882e-01 2.2181415485e-02 1.5082180967e+00
2.9943920626e+00 -9.5532163667e-02 -4.8536107849e-01
-2.9130897076e+00 1.2656557184e+00 1.2849416058e-02
2.1527080920e+00 3.1356091214e+00 8.8442834052e-01
1.9370945908e+00 3.0707292732e+00 7.0913698792e-01
1.4997498282e+00 3.1154800531e-01 1.9740628471e+00
-7.5495163373e-01 -7.9835014580e-02 1.7794308402e+00
-1.9418233941e+00 7.4632242736e-01 9.4094274246e-01
-1.2114864715e-01 2.8328555130e-01 2.0942558863e+00
1.8256108340e+00 7.6455857297e-02 8.0211596380e-01
-4.3126119570e-01 -1.8005661540e-01 1.7764497723e+00
2.2823511765e+00 1.1762380115e+00 1.1088619589e+00
1.6268358258e-02 2.8260544011e-01 2.0245157276e+00
-3.1305946876e+00 9.0022851915e-01 9.5277115631e-03
2.0268316807e+00 1.2779962673e+00 1.1910892995e+00
-2.3025667374e+00 3.6057783776e+00 -4.6244416441e-02
-3.8898577152e-01 2.6742554658e+00 -1.7964120846e-01
-2.0146474685e-01 -8.4709153804e-01 1.2538761168e+00
-2.4199670509e+00 2.6963427886e+00 6.1387593716e-02
2.3157832690e+00 3.1104480828e+00 6.8183525815e-01
-1.1934269536e+00 3.0101863125e+00 -1.2713690143e-01
-4.7928070316e-01 -1.8661576600e-01 1.7239137117e+00
2.8595041891e+00 1.9418725178e+00 6.7900014239e-01
-1.9333575901e+00 -7.2031406488e-02 1.1082289266e+00
3.9430173861e+00 9.1189630448e-01 3.3298280396e-01
3.4955108740e-01 3.1431496091e-01 2.4050268707e+00
3.2895906338e-01 -1.4240835123e+00 7.7555724682e-01
5.4235917873e-01 -1.0770067870e+00 6.7739569899e-01
-1.8548096482e+00 4.5897941729e-01 1.0064449467e+00
-4.9215522752e-01 8.4213199757e-01 1.6014270937e+00
2.0018036374e-01 -1.1184459030e+00 1.0061338268e+00
-4.0154161778e+00 8.4131890467e-01 4.6295290887e-01
-2.9768317260e-01 2.1928515040e+00 2.3606688117e-01
-2.2121996147e+00 1.2511226550e+00 7.3490480793e-01
-2.5109111466e-01 -8.0749260477e-01 1.3931130044e+00
1.5857506218e+00 -1.3073505521e+00 -1.0849102036e+00
1.5084430091e+00 -1.7756408177e-01 1.3164128029e+00
-6.0867375477e-01 -9.0773293213e-01 1.3167004723e+00
-1.9898832205e+00 9.6094051369e-01 1.0169747084e+00
-1.5278984263e+00 -4.7714715768e-02 1.3074962175e+00
-1.6784696552e+00 3.3102138253e-01 1.2505872280e+00
-1.7691855397e-02 9.8674154326e-01 1.7347704359e+00
-1.0094674928e+00 2.5396994102e+00 1.0965130696e-01
-7.8524932666e-01 -3.1948116939e+00 3.7176886398e-01
2.2867143075e+00 -3.0634078231e+00 -3.7366799984e-01
-1.7052718287e+00 6.5977872496e-01 1.1522319572e+00
-2.6428948384e-01 1.6959809892e+00 1.1795268170e+00
7.7926138935e-01 4.3407375942e-01 2.5258019828e+00
2.2721409948e+00 1.7784182808e+00 9.9035948797e-01
-1.2741953616e+00 2.0754590817e+00 7.6264006411e-01
4.4565578914e-01 -4.1498248027e-01 1.6828905236e+00
-1.8868182219e+00 1.5652816895e+00 1.0008923415e+00
1.9506356718e+00 3.9037761030e-01 9.9363251000e-01
-6.5279113262e-01 -3.2653112734e+00 2.9358923155e-01
2.2448995811e+00 4.1143117812e+00 2.7145752880e-01
-5.0582957150e-01 5.7175686284e-01 1.6315208970e+00
6.2058715741e-01 -1.5117711945e+00 2.5441196266e-01
2.2391634150e+00 1.3805580778e+00 9.7434664534e-01
2.5102697493e-02 2.3730377494e+00 4.2455937296e-02
-1.3445450583e+00 2.6428849111e+00 1.6241697845e-01
-2.5582522357e+00 -6.7459697101e-01 3.6250092240e-01
-3.6372085255e+00 -2.8320825437e+00 1.1910854925e-01
1.5810842821e+00 2.8689801702e+00 4.6220559115e-01
2.5820600984e+00 -4.5944908968e-01 -6.3267748211e-01
-1.4934086545e+00 1.0833834544e+00 1.4616323340e+00
-1.6193451950e+00 -1.0628872919e+00 1.0545956742e+00
1.2161695547e+00 1.2611013018e+00 1.7779342437e+00
-6.7145506631e-01 6.8540940313e-01 1.4871882254e+00
-1.6380497977e+00 1.7086695787e+00 1.3408538447e+00
-5.7063687927e-01 3.2325243396e+00 -4.3234619948e-01
-3.3911944945e+00 7.0968392924e-01 3.5523873537e-01
1.5928398196e+00 9.2943121971e-01 1.8660153857e+00
3.8140598841e+00 7.3687003830e-01 2.1741152079e-01
-3.9195469145e+00 2.3795124854e-01 5.7799557837e-01
-2.0028870265e-01 -1.4051142717e+00 1.0774621697e+00
-3.2104929379e+00 -2.2630024305e+00 4.5995973774e-02
-1.7839665050e+00 2.1575589870e+00 5.1102682540e-01
4.0847095691e+00 4.1587157874e-01 3.7309838086e-01
-3.2637124847e-01 2.5702102619e+00 -2.1390697896e-01
-1.1007248992e+00 -1.2385066210e+00 1.0675621902e+00
-2.9884165989e+00 4.0158280720e+00 -9.6734019190e-02
-1.0170292101e+00 1.8705846361e+00 1.0820568923e+00
6.0341368613e-01 1.5865150672e+00 1.2749131251e+00
-4.4567068295e-01 -7.9247707395e-01 1.2515654002e+00
-2.7149983484e+00 1.8651225238e+00 -6.5423211926e-02
-2.1003332924e+00 1.5590695142e+00 6.0369034130e-01
-1.8651638221e+00 1.3173467024e+00 1.1470444807e+00
-2.3326310985e+00 1.0736733268e+00 4.8683572928e-01
4.4038750799e-01 2.9494127487e+00 -4.1328780475e-01
5.8225856573e-01 -1.5493710617e+00 -2.2556626511e-02
1.1013512525e+00 4.0417689485e-01 2.2295478835e+00
-1.5052168730e+00 5.4957532522e-01 1.2882521826e+00
1.6254187474e+00 3.5151656382e+00 4.6785117503e-01
2.5670669199e+00 2.5742805533e+00 9.0100664507e-01
-7.3168904472e-01 1.7667090636e+00 1.0092181492e+00
-1.5194928627e+00 4.3589121203e-01 1.2508907917e+00
-2.2787146497e+00 2.7459509628e+00 5.9390758093e-02
5.1211176974e-01 -5.2470005828e-01 1.4505104774e+00
1.0087643553e+00 2.0870737825e-01 2.1949454950e+00
-2.4361614908e+00 2.1899313815e+00 -1.5103162985e-02
2.1336284059e+00 1.1259599827e+00 1.1153285503e+00
-3.4396568943e+00 1.1135401643e+00 8.8673410359e-02
4.2504615075e-01 -2.1490670413e+00 6.7715979931e-02
1.8883862508e+00 2.5464276938e+00 7.1154328496e-01
-3.6877242063e-01 -6.4591256144e-01 1.4009607605e+00
7.6501391348e-01 -8.2956807875e-01 8.7111999447e-01
-7.8543998680e-01 9.3359976427e-01 1.4871322313e+00
3.5212343476e+00 -2.5158724509e+00 2.9470185117e-02
8.1941762771e-03 1.4348786506e+00 1.2576597532e+00
2.2349078730e+00 2.5230194754e+00 9.3040728775e-01
-2.1202931720e+00 -3.0222098233e+00 1.2992650799e-01
1.3939394390e+00 -1.7131460663e+00 -1.2618371650e+00
-3.8980975772e-01 1.2311458928e+00 1.2996043167e+00
-1.8811458882e+00 -1.3966131278e+00 5.8224651714e-01
1.1470872146e+00 2.2149523442e+00 5.7294762613e-01
-1.1607097217e+00 3.1295327341e+00 -9.0486409178e-02
-1.6828321534e+00 1.8396463482e+00 9.5965057446e-01
-1.6870173060e+00 -1.0315590681e+00 9.3796486378e-01
2.7037567854e+00 -8.8167742286e-02 -2.8083508946e-01
-1.7270619133e+00 2.7974290958e-01 1.2029000480e+00
-2.2871556218e+00 -3.2995826683e-02 7.3375229957e-01
2.9341452343e+00 7.6070789460e-01 1.0568513145e-01
1.2805164337e+00 7.3733383888e-01 2.2695195948e+00
1.7418016645e+00 1.6850764357e+00 1.2221417528e+00
1.4413348562e+00 -2.5774321185e-01 9.2248763478e-01
7.1568973791e-01 -5.1863141709e-01 1.3458914868e+00
-1.0713890828e-01 -8.3604241398e-02 1.9629875396e+00
-3.1664479660e-01 7.3299927000e-01 1.6470833762e+00
3.9052416181e+00 -3.8649916449e-01 1.3850463957e-01
4.7218332717e-01 -4.0876478844e-01 1.6931275866e+00
-8.2053107777e-01 -2.9783073619e+00 3.1640344222e-01
-1.0280170794e+00 -1.2441648419e+00 1.1875915501e+00
1.9307083805e+00 2.6384883209e+00 7.8408405755e-01
2.0387268548e+00 -2.3375687319e-01 3.6422104086e-01
-8.6708089420e-01 2.6526395597e-01 1.6756222141e+00
4.3475488336e-01 -1.3926843008e+00 4.8056624861e-01
4.4821861681e-01 3.2259604121e+00 -3.1067042492e-01
-1.9248921034e+00 2.1141073749e+00 4.3440512045e-01
2.4934039096e+00 1.0696109744e+00 7.0162895294e-01
-4.0746332739e-01 5.2528293714e-01 1.6311388069e+00
2.8100159025e+00 -1.3661448760e-01 -3.3536652000e-01
1.4950158892e+00 1.4869848168e+00 1.3478791316e+00
1.6140912583e+00 1.1461812775e+00 1.6146393754e+00
1.3780512333e+00 -7.5133832464e-01 3.9116626306e-02
2.3292140442e+00 2.3076722992e-01 4.0589901927e-01
-2.8949237599e+00 1.0921318928e+00 -1.0539383365e-01
-9.0751564234e-01 1.1847639227e+00 1.3455144026e+00
-1.4629097901e+00 5.9035382492e-01 1.2982927320e+00
-2.6747201805e+00 1.8096609228e+00 1.1291539251e-01
2.5841639443e+00 1.9177224618e+00 9.6640867427e-01
3.3606540337e+00 -1.4805037696e-01 -2.8222893021e-01
-1.8997647570e+00 2.0101039559e+00 7.2511572131e-01
1.5610289111e+00 -8.1464784009e-01 -4.9582561759e-02
3.5427828031e-02 3.2133019288e-01 2.1008203775e+00
-1.6102987081e+00 6.9825525900e-01 1.2557385006e+00
1.4917093878e+00 -2.6960248480e+00 -9.1108615822e-01
-1.7470999624e+00 4.9253488047e-01 1.1865217226e+00
1.2635038597e+00 7.0947945469e-02 1.9045798756e+00
-4.8321138010e-01 7.7357493879e-03 1.8486467060e+00
1.3293613094e+00 2.6022384951e+00 3.2005173068e-01
3.9996574421e+00 -3.9408600745e+00 -4.7081710875e-04
1.6589186206e+00 2.1887878872e+00 7.2255778065e-01
2.4045789708e+00 2.7304895645e+00 8.9167021538e-01
1.5846708607e+00 1.4363501829e+00 1.3932697553e+00
1.2234021992e+00 -9.3435678969e-01 7.9994065011e-02
-1.0221192523e+00 1.7365051872e+00 9.9312461557e-01
-3.2716721120e+00 4.5459822059e-01 4.6409589051e-01
4.4404426406e-01 3.1286650058e+00 -3.7850775151e-01
-9.3515859642e-01 -5.9815164576e-01 1.3414387250e+00
-5.9057738738e-01 2.3982091938e+00 1.9898699733e-01
2.1268781783e+00 8.4079034163e-01 1.1721934110e+00
1.2849530383e+00 6.2151735142e-01 2.2916355326e+00
2.5228379045e+00 -3.9051517969e+00 -2.5666771061e-01
-4.0665763587e+00 2.2184532993e+00 -2.6455137740e-01
3.6759067661e+00 7.4614643932e-01 2.6387971904e-01
3.7070324309e-01 -1.8796531027e+00 2.6769921722e-01
-1.5383876312e+00 -6.7592669424e-02 1.3752405194e+00
-1.9383968748e+00 -3.4565371568e-01 1.1741258238e+00
-7.5952545204e-01 -3.8816362201e+00 2.7192855355e-01
1.5127202777e+00 -6.9468224790e-01 2.5618616669e-01
1.3691170176e+00 6.5309898411e-02 1.7933994864e+00
-3.0618576803e-01 -8.4146976372e-01 1.2451804182e+00
2.0598193697e+00 -7.5952823510e-01 -5.9264918848e-01
-6.8161178810e-01 -1.0010200035e+00 1.2634185380e+00
2.2720833929e+00 -8.4322013626e-01 -8.8986682619e-01
-5.3869268329e-01 -4.8481282403e-01 1.4612413683e+00
2.8229450796e-01 -1.7587043314e+00 4.8872339801e-01
-9.3190530989e-01 1.4741192311e+00 1.3540450757e+00
-1.1122425119e+00 5.1559712809e-01 1.4828343988e+00
3.3072417700e+00 -7.6108286919e-01 -5.6482639102e-01
-4.0180321457e-01 -1.3154476692e+00 1.1842230704e+00
-1.8731674466e+00 7.7566500381e-01 9.8066895868e-01
-6.0668390660e-01 -2.0859992769e+00 9.2842226741e-01
2.8584816741e+00 -1.6094424065e+00 -7.2516063789e-01
-2.4808225139e+00 -7.0640336860e-01 5.0441154148e-01
-1.5951058088e+00 -3.4782507119e+00 3.5934561282e-01
-1.1358930105e+00 2.4060069996e-01 1.3507737377e+00
-3.9591116948e-01 -8.3214185713e-01 1.2513386740e+00
-1.0929557113e+00 2.3187245105e-02 1.5279994824e+00
2.0457234632e+00 1.3956710852e+00 1.1248276008e+00
7.7657436703e-01 -1.8778419760e-02 2.0210324783e+00
-2.7179958852e+00 5.1766067801e-01 2.1692201386e-01
-1.3450818010e+00 1.9240610946e+00 9.4658051653e-01
1.0277097285e+00 -9.8455413624e-02 1.6662624025e+00
1.1991682024e+00 1.8235656091e+00 8.7858314842e-01
-4.8475672844e-01 -6.5357314377e-01 1.2858637622e+00
7.2040235518e-01 -3.9601029813e-01 1.4083863830e+00
2.1825300257e+00 3.8878769772e+00 2.2007303551e-01
-1.4278680904e+00 5.3680474761e-01 1.2064784421e+00
2.6964616394e+00 -7.6002826131e-01 -7.5127504367e-01
2.7153013248e+00 -6.4717284446e-01 -7.1709362026e-01
-2.4341471491e+00 1.9982251343e+00 1.7583513037e-01
-9.8814130691e-01 1.5772437790e+00 1.1913412456e+00
2.4699572647e+00 -4.1091037816e+00 -2.6182377296e-01
-1.7784714701e+00 2.2960822311e+00 2.6723426275e-01
-1.4696605809e+00 6.0657091687e-01 1.2416004072e+00
2.8485357756e+00 -9.2181378513e-01 -7.8874717609e-01
-1.0912295260e+00 4.0052299490e+00 2.8349907236e-03
-2.5313885017e-01 -8.3026926397e-01 1.3135942960e+00
-4.0028358224e+00 -3.0979830248e+00 1.1748681814e-01
-2.3619175269e+00 1.6868281911e+00 3.1289387439e-01
-4.9798714731e-01 1.9914652494e-02 1.7285220468e+00
-2.7759085360e+00 2.2760817313e+00 -3.3214601844e-02
1.9918182990e+00 2.5147645082e+00 8.4096600571e-01
9.2583135340e-02 -3.8685857121e-01 1.6989701254e+00
-4.7239408444e-01 -1.4054584567e+00 1.2545514861e+00
1.7646222114e-01 -1.5241814119e+00 6.6848382351e-01
-1.8075122668e-01 8.4439200896e-01 1.6668326180e+00
-3.3411351357e+00 1.5594220986e+00 -1.7703603290e-02
-9.6832870185e-01 -5.2797560906e-01 1.3192701250e+00
-1.8261796535e+00 8.4655156709e-01 1.2660725932e+00
2.0286883915e+00 9.9435977536e-01 1.2452035145e+00
-4.0401141573e+00 1.2756658358e+00 1.1773473040e-01
1.6277600185e+00 1.0515638481e+00 1.6972012811e+00
-3.2670942027e+00 -3.8995053492e+00 1.5126831891e-01
-1.7746008401e+00 1.1219184657e+00 1.3774251131e+00
2.4373121877e+00 -4.3567032411e-01 -4.2620378105e-01
-7.5456434485e-01 -8.5583568122e-01 1.1533753814e+00
1.1980780170e+00 4.0583496606e+00 2.0103464132e-01
1.3857698095e+00 4.0650599184e-01 1.9082794045e+00
-1.8573858710e+00 -8.9271398161e-01 9.8113292283e-01
1.8287774538e+00 1.1252633486e+00 1.4491072278e+00
4.0312398548e+00 1.6563380741e-01 3.8397177756e-01
1.5474337011e+00 -1.2800819399e+00 -8.7207200803e-01
8.0577067094e-01 4.7183771623e-01 2.4574020729e+00
2.1991569991e+00 1.3056751305e+00 1.1041053388e+00
3.9882719265e-01 4.8332930503e-01 2.4178575318e+00
-3.9904028413e-01 -1.3672226174e+00 1.2179177347e+00
1.5017827832e+00 1.6210858634e+00 1.1961515164e+00
-1.0166645768e+00 -9.6570415981e-01 1.2135156647e+00
-1.5524485883e-01 -2.4443113535e-01 1.8111702675e+00
4.0817989728e-01 -1.0277119786e+00 7.9893217500e-01
1.5197691646e-01 2.1358162427e-01 2.2513383018e+00
-2.3729591473e+00 7.9543316686e-01 5.2663995450e-01
1.5430074154e+00 1.3233462517e+00 1.4757796973e+00
3.4683059446e-01 3.0843847713e+00 -4.4086084703e-01
-3.0490083730e+00 2.3139791061e+00 -1.4379566266e-01
3.0161876173e+00 1.1320454125e+00 3.6068130445e-01
1.0245962780e+00 1.1718582300e+00 1.8035969100e+00
-2.5891968020e+00 -2.6852560667e+00 6.1697291812e-02
2.2507957560e+00 2.7758787085e+00 8.7361084158e-01
1.3842733669e+00 3.5093731193e+00 3.0888819345e-01
-3.8184812031e-01 -1.0365247140e+00 1.1378219490e+00
2.6088482331e+00 -1.0303231564e+00 -8.6581770163e-01
4.6729402787e-01 2.4685622108e+00 -1.5988958628e-01
-1.6274146688e+00 1.1167603650e+00 1.3959168611e+00
9.3499866969e-01 4.3560644281e-01 2.4369026284e+00
1.0288663895e+00 -6.9684302727e-01 4.9893892611e-01
1.6665315819e+00 2.3860885289e+00 6.1652621143e-01
4.0241763696e+00 -9.2094074968e-01 -1.0736979287e-01
-8.2783756414e-01 3.0417047228e+00 -4.1838654209e-01
-3.7607287840e+00 3.9584845206e+00 -5.0866249506e-02
-3.8153563507e+00 1.8279137030e+00 -1.4356275802e-01
1.9406331926e+00 -1.6887172303e+00 -1.4714663736e+00
1.8387042518e+00 1.6207859872e-01 1.1632940590e+00
-1.7632824131e+00 4.6071831107e-01 1.1387685643e+00
4.1974552661e-01 -2.7751375415e-01 1.9523052764e+00
-1.1977346896e+00 -3.1223122972e-01 1.3693879364e+00
8.4401756383e-02 -2.0504638362e-01 1.8073652232e+00
1.3739856734e+00 2.0269600992e-01 1.9100075178e+00
1.5912185739e+00 -4.8714211493e-01 5.3769468707e-01
-1.3303454049e-01 -2.6472441332e-01 1.7569507559e+00
-1.9454012335e+00 1.3344334967e+00 9.5436499937e-01
-8.0204338871e-01 -5.8893477406e-01 1.2491603449e+00
1.2387151901e-01 -4.5736670090e-02 1.8967840760e+00
-1.2272180972e+00 6.8534898237e-01 1.4296416827e+00
-2.5961548738e+00 2.1073041013e-01 4.4977074047e-01
-1.6575552547e-01 -1.1191068339e-01 1.8845828825e+00
1.8315101543e+00 4.6033019492e-01 1.5632794525e+00
1.1582361000e+00 -4.2299281466e-01 1.3210781378e+00
2.6716681392e+00 4.0247123919e+00 2.5689003714e-01
2.0242686727e+00 1.7208597473e+00 1.1017196345e+00
3.4827381259e+00 -7.2625425121e-01 -4.4556834235e-01
2.6997871570e+00 -1.7180085697e-01 -3.2476753093e-01
2.1133238775e+00 -8.6505741005e-01 -7.7092841065e-01
-2.6290996981e+00 6.2470918660e-01 2.6303894176e-01
2.2425400200e-02 -9.1770420437e-01 1.2225897926e+00
2.6471224263e+00 -4.0384826496e+00 -3.5222675091e-01
-2.4545305262e-01 1.4688905192e+00 1.1522234151e+00
-2.2286206708e+00 2.7560981142e+00 1.7186595114e-01
2.1984287024e+00 5.7447544975e-01 8.7277226812e-01
3.8318340688e-02 2.0901667596e-01 2.2433337407e+00
1.8745476021e+00 -8.2137683497e-01 -5.0206565823e-01
1.5922400568e+00 -9.2484367840e-01 -1.7712644221e-01
2.6277162729e+00 1.6131738856e+00 7.8322448507e-01
-4.0014410854e+00 -4.2638676918e-01 4.4047411477e-01
-2.5479592651e+00 2.5684419629e+00 1.0896205388e-01
-8.0287937966e-01 4.0071903994e-01 1.4912727796e+00
-8.8316435657e-01 -3.8728783243e+00 4.0385043224e-01
-3.0436198022e-01 -2.0442182492e+00 7.8846370676e-01
4.0279441625e+00 7.0354201739e-01 3.3380205481e-01
-2.0486831954e+00 3.2733220821e+00 8.4968210660e-02
1.5824981422e+00 8.4994763830e-01 1.5997425891e+00
5.2909277639e-01 -1.0360515682e+00 8.9938867276e-01
1.8129475438e+00 -1.1217856387e+00 -1.1855075968e+00
-1.9870433563e+00 -4.4373172703e-01 9.2339652332e-01
1.4620664085e-01 3.2475602476e-01 2.2412007792e+00
-9.7233729764e-01 -5.9634589686e-01 1.4597279295e+00
4.1873048836e-01 1.5360850410e+00 9.9107718339e-01
2.2012230760e+00 -3.0344450019e-01 1.7513800497e-01
3.2037401487e+00 1.1070870588e+00 2.0102689024e-01
1.5511003840e+00 8.4830300929e-01 2.1223745243e+00
3.4058847106e-02 1.5335461228e-02 2.0081762547e+00
1.2000853490e+00 -4.3415108051e-01 1.0767411404e+00
3.6049056590e-01 -4.7246688820e-01 1.6157917394e+00
1.4346699103e+00 -1.1238999526e-01 1.1623313461e+00
-1.0180214584e+00 1.7955327668e+00 9.2410766561e-01
2.1125146531e+00 8.5783336482e-01 1.1596303754e+00
1.5709197554e+00 2.3880543478e+00 5.6715280354e-01
-2.1251908435e+00 8.2504812220e-01 9.2349776786e-01
-1.9801668710e+00 -3.9244066580e+00 1.0433138715e-01
-7.7703330758e-01 2.3605072723e-01 1.6848472991e+00
3.5197475771e+00 -1.1022707215e-01 -1.9861466092e-01
-2.7094234885e-01 -6.3359747923e-01 1.2995089230e+00
3.3619518327e-01 -2.0345965623e-01 1.9289140647e+00
1.3187117396e+00 -8.7291867120e-01 4.5021534444e-02
4.0113622796e-01 1.2467410205e+00 1.6189496504e+00
8.1934643430e-01 -3.9519658785e+00 -6.0988831730e-02
-4.2300174882e-01 -3.4111044107e-01 1.6016675887e+00
6.8739104037e-01 -1.2489057815e+00 5.2742271510e-01
-4.2009266647e-01 -1.2981148649e-01 1.9047663417e+00
-2.2518784646e+00 9.0608524007e-01 6.3666431850e-01
2.3638900137e+00 1.4256122822e+00 1.0236281614e+00
-3.3487455216e+00 5.1817788825e-02 7.7689584388e-01
-6.4713202428e-01 -9.3753755510e-01 1.1900309407e+00
-2.9104001836e+00 1.8948590527e+00 -8.7189976352e-02
3.5749534443e-01 -1.7443088784e+00 5.2919193020e-01
-1.2716744182e+00 1.0345442485e+00 1.4473770411e+00
1.7793664074e+00 -8.8086852771e-01 -4.6736610061e-01
-1.8293171873e+00 -1.4646520843e-01 1.2563945290e+00
2.9144601462e+00 -9.8591179289e-01 -7.6979346972e-01
-3.5233433117e-01 3.1643611401e+00 -3.5939785822e-01
-1.3739438989e+00 -1.6619785390e-01 1.4483512628e+00
-1.4915840265e+00 5.1746193904e-01 1.3459980166e+00
2.6987465824e+00 1.3030422324e+00 3.7349488389e-01
-2.1927035137e+00 1.4244057138e+00 8.3553090015e-01
-1.8501092194e+00 4.0419201697e+00 -1.3099508609e-01
-1.6554118101e+00 2.7650189009e+00 2.1172648765e-01
-3.4357724410e-01 1.5111942119e+00 1.3195608198e+00
-6.1088805520e-01 -9.0258897369e-01 1.2285628473e+00
2.6092425904e+00 -6.8724115746e-01 -7.9812600514e-01
8.3065000625e-01 -1.2503654290e+00 1.0790047244e-01
-1.8337119425e+00 1.7497975097e+00 8.5461846565e-01
3.8790532782e+00 -2.1708426362e+00 -4.7671731179e-02
5.8917206609e-02 -8.3543038289e-01 1.2286523103e+00
-2.2489078468e+00 -1.1181207472e+00 3.5037298520e-01
-1.7684666565e+00 -3.6894585148e+00 3.0867723091e-01
7.3286856306e-01 2.0959005175e-01 2.2797444061e+00
-1.5495551080e+00 7.2570949664e-01 1.3627574549e+00
1.5429274386e+00 -7.9862040182e-02 1.2668474699e+00
1.4044143332e+00 2.7431080544e+00 2.8148471371e-01
5.6384023954e-01 -1.0054201798e+00 7.1506055733e-01
2.4919652476e+00 2.3557625272e+00 8.2864602018e-01
1.3110348102e+00 1.0180529627e+00 1.9350377290e+00
-3.2808350778e-01 1.4860178233e+00 1.2142922881e+00
-1.8222499113e+00 -1.8690368785e+00 3.8933617807e-01
2.0175840121e+00 4.9473064632e-01 1.0943076847e+00
1.2361167234e+00 -7.0393742825e-01 6.3389806968e-01
1.9537352560e+00 2.5686439224e+00 8.0488530654e-01
-1.3290222220e+00 1.8620414451e+00 1.1797192112e+00
-1.3396869466e+00 2.8172524591e-01 1.4075343064e+00
8.0540380295e-01 6.5668107983e-01 2.4678678806e+00
2.8973549325e-01 3.8807233852e-01 2.3078294219e+00
-3.9893785311e+00 1.8988402645e+00 -2.4720102930e-01
-9.7739052982e-01 -3.8865490169e+00 2.2350558036e-01
-1.7569200852e+00 1.3912110919e+00 1.1367891406e+00
1.9206698545e+00 2.2891866865e+00 1.0485409032e+00
-1.8260722871e+00 1.4597016118e+00 1.1609741536e+00
1.5045826073e+00 1.2975368251e+00 1.5257376360e+00
2.5433325346e+00 2.6041011359e+00 9.5913075612e-01
2.7237561939e+00 2.3333226342e+00 8.7705681946e-01
1.1889759823e+00 3.5473906304e-01 2.3619767591e+00
1.0591478012e+00 1.0806859036e+00 2.0100286053e+00
-1.0885773900e+00 -1.1540812952e+00 1.1586874190e+00
1.2526421967e+00 -9.3751583097e-02 1.5178317707e+00
-4.1762228086e-01 -8.0982909959e-01 1.3120553566e+00
-1.2827468999e+00 -4.3595119180e-01 1.2969276227e+00
2.5892813997e+00 1.9306930883e+00 8.4144515062e-01
-1.7763097782e+00 1.4170017206e+00 1.1604166673e+00
5.6429709419e-01 -1.4410190152e+00 2.4892746005e-01
-2.1076428660e+00 2.5072316839e+00 2.9817422867e-01
1.4687007833e+00 -1.0101663983e+00 -3.4064152567e-01
2.1346475823e-01 2.4727652785e+00 -1.2218688981e-01
-2.3038555538e+00 -8.7244945147e-03 7.9803082566e-01
-3.2996295311e+00 -5.3761144452e-01 4.3991881266e-01
-1.5376851527e-01 1.9476627847e+00 6.4816026629e-01
1.4730437367e+00 1.5463458860e+00 1.2501012560e+00
1.5200528299e+00 2.2324290202e+00 7.0063999891e-01
-3.3838325535e-01 7.2923220337e-01 1.7123477751e+00
-1.9277924883e+00 1.5597637909e+00 1.0606165768e+00
2.4865306268e+00 -7.6398850081e-01 -8.8914064536e-01
-7.2691404315e-01 1.7859871681e+00 1.0099436180e+00
-1.7520397617e-01 -1.6299560575e-02 1.9718932691e+00
1.1305505611e+00 1.0135881268e+00 1.9880677337e+00
-3.1923515681e+00 3.7430734097e-01 4.4658323442e-01
2.1844854727e+00 2.0699115932e+00 1.0632476093e+00
7.2206321886e-01 -6.0470570762e-01 1.3459202446e+00
1.3214842453e+00 -8.8337710372e-01 1.4977646586e-01
-8.3017709778e-02 -2.7684025840e-01 1.8046165226e+00
1.5599903547e+00 2.6517142697e+00 5.3032675894e-01
-1.6328234655e+00 2.0543895985e+00 7.6209525287e-01
-1.7951231122e+00 2.3086922016e+00 3.3426652751e-01
-9.6852770232e-01 1.5232344605e+00 1.2466213214e+00
9.1857806040e-01 2.0272955494e+00 5.5316545999e-01
-3.7329384284e+00 1.6458880366e+00 -9.9343448349e-02
-2.7126534662e+00 -9.3767978926e-01 3.3334429491e-01
1.0477918123e+00 -4.5634262872e-01 1.3600871990e+00
-1.0937440515e+00 2.3465346880e+00 1.9843607912e-01
-9.6869166469e-01 -4.1914970573e-01 1.4702412722e+00
1.8627039152e+00 2.6877331923e-01 1.4167418213e+00
4.6670688383e-01 -9.2683215787e-01 1.0958692220e+00
2.6176284728e+00 -3.0288826366e-01 -4.9428125597e-01
-1.5098053582e+00 2.7527829215e+00 1.6191659372e-01
1.1613378056e-01 8.2643724301e-01 2.1260234235e+00
-1.3137310889e+00 1.6706603852e+00 1.3039148384e+00
-8.0506212455e-01 2.0715024937e+00 6.5462996611e-01
2.2554844136e+00 -1.0466128972e-01 2.6115037280e-02
-2.1227779126e+00 6.4081312180e-01 7.2565867594e-01
-2.3755513952e+00 4.7122114267e-02 6.8100405475e-01
-1.4650424991e+00 1.9480753291e+00 9.4542922017e-01
-1.5835075227e+00 3.1300935909e+00 6.3991248828e-02
-1.0650379791e+00 1.5446556273e+00 1.4044365363e+00
-7.3475441182e-01 1.7026796573e+00 1.0190061314e+00
-4.2368152797e-01 -7.8752647388e-01 1.2861867702e+00
-1.2253257695e+00 2.4619965136e+00 4.8484963895e-01
3.1419305704e-01 1.0095066554e-01 2.4048769247e+00
2.6747392828e+00 -7.6638261734e-01 -7.3486773741e-01
-3.9839059416e-01 2.2863168800e+00 1.2613401510e-02
1.1505402768e+00 3.5429213688e+00 1.2005176951e-01
-1.9505777433e+00 6.4782598584e-01 9.4029771006e-01
-2.3998897233e+00 1.8223138793e-01 4.3652848301e-01
1.1954599268e+00 -5.3896503312e-01 7.4171706684e-01
4.7360889717e-01 -7.6574218928e-01 9.9418780170e-01
-5.2108750447e-01 -3.2376218303e-01 1.5152922171e+00
-1.7883493800e+00 6.7906053353e-01 1.1088264916e+00
1.6449595306e+00 -6.4413286971e-01 -1.6544310572e-02
9.9742247074e-01 -1.2405609804e+00 -2.4322057378e-01
-7.0525198896e-01 1.0123181176e+00 1.5101602549e+00
-5.8231514929e-01 -1.1706565411e+00 1.1630112350e+00
-3.5567315279e+00 8.6479408297e-01 2.4766442416e-01
1.1488061251e+00 7.5989465063e-02 1.9610995402e+00
3.4318420554e-03 -9.8873259282e-01 1.1531361242e+00
-1.3676436010e+00 2.9435847479e+00 4.6038138548e-02
7.5632447768e-01 -3.4573407316e-01 1.5586766098e+00
1.6148289757e+00 1.2048235840e+00 1.6586144093e+00
-1.4403494961e+00 2.0868320373e+00 6.2534040730e-01
-2.7742409943e-01 2.0839622668e+00 4.1878968868e-01
-1.2176074998e+00 1.0926655607e+00 1.5936872490e+00
-1.7238410753e+00 -2.1022665356e+00 4.0467960008e-01
2.5049370009e+00 1.7212997734e+00 8.9589357925e-01
-3.5276086838e-01 -1.2346882823e+00 1.1779507986e+00
-5.3511646294e-01 8.1253489050e-01 1.4809779107e+00
-1.6018900217e+00 -6.6795276439e-01 1.1019526463e+00
7.2665017689e-01 -5.9162444402e-01 1.3603515341e+00
-2.7510155277e+00 2.4913989732e+00 -8.1746701745e-02
1.7633535749e+00 2.3390412238e+00 8.0410617035e-01
3.9532192202e+00 1.7796458001e+00 1.4804893044e-01
-3.3981161420e+00 8.2472070844e-01 1.4758443505e-01
1.2673108698e+00 -3.8075798694e+00 -6.4558876910e-02
8.9129205999e-01 -7.0837554848e-01 8.8849955385e-01
1.8796430194e+00 1.2179606894e+00 1.4501314568e+00
4.1821273591e+00 1.5333562918e-01 3.2091503355e-01
-1.5125153070e+00 8.7732989056e-01 1.5282225896e+00
-1.4756920008e-01 2.4360694173e+00 -2.4873108845e-02
-8.7635083650e-01 1.3100949678e-01 1.5505588893e+00
2.2705078495e+00 9.1772006046e-01 1.0587355483e+00
-2.3156646241e-02 -3.2844961090e-01 1.7223539677e+00
3.8317241659e+00 2.4231188211e+00 1.0292989891e-01
-3.5728948473e+00 -1.1125625565e+00 3.0299237396e-01
-1.0383726623e+00 -1.4142703407e+00 1.1491944754e+00
-1.8372654283e+00 2.4850034890e+00 3.4765950360e-01
-1.2696083469e+00 1.4378385476e+00 1.3948006217e+00
-1.8227598405e+00 1.1394465476e+00 1.3196775679e+00
1.3107661352e+00 -1.2811620415e-01 1.3471119153e+00
-5.7904730260e-01 -2.2186055335e+00 7.2659384710e-01
-2.7472115111e+00 7.9555730163e-01 1.1949586340e-01
2.3368559012e+00 1.4904339213e+00 1.0677709159e+00
1.5723675488e+00 -8.6121431597e-01 -4.6498313890e-01
-1.6391060210e+00 -3.3977950329e-01 1.2134356026e+00
-1.8080311263e+00 1.6469104606e+00 1.1014795041e+00
2.9574582332e+00 -5.1041361652e-01 -6.5160939859e-01
-1.4618147026e+00 4.2506733590e-02 1.3232405543e+00
-1.9545860723e+00 1.9929867230e+00 6.8589995365e-01
-9.9545021724e-01 2.2992508396e+00 4.6302597316e-01
3.2757040374e-02 -9.4793591957e-01 1.1064421448e+00
1.9846968476e+00 2.1792724669e+00 1.0494515958e+00
2.8632892019e+00 1.4963945041e+00 3.1994970665e-01
-2.8137531775e+00 1.2520008815e+00 -5.8097895830e-03
-3.9903194049e+00 -2.0603814340e+00 6.2008188541e-02
-3.9491200162e+00 -1.1099729094e+00 2.7832521818e-01
-5.4134891321e-01 9.1939584587e-02 1.8487069439e+00
2.3596931125e+00 6.2765561185e-01 7.3419717220e-01
6.4500714315e-01 -1.8947652819e+00 -2.8844750273e-01
1.4342399562e+00 1.8346470570e+00 1.1126377956e+00
-6.0596531590e-01 -2.3701052865e-01 1.5550795579e+00
-1.1978982901e+00 3.0465823019e+00 -5.0756447203e-02
-4.4572649509e-01 9.2639020682e-01 1.5543237294e+00
-3.3470118093e-01 -4.8947180137e-02 1.8918083101e+00
-3.9993653443e+00 -2.4939243660e+00 1.3516200629e-01
-1.1295303591e+00 1.3610230639e+00 1.3873700188e+00
9.3657974658e-01 2.3725359576e-01 2.1977077708e+00
1.4397012305e+00 2.0430960465e+00 8.8510172508e-01
-3.1661662641e+00 1.4598982853e+00 -5.4438589965e-03
7.4624638099e-01 -9.0536673912e-01 7.2555644676e-01
-1.4338125370e+00 8.2117259861e-01 1.5295527879e+00
-2.2870582478e+00 -5.0702316851e-01 7.9881887765e-01
-2.3136892075e-02 1.3239011988e+00 1.3441259266e+00
9.0309405335e-01 6.8801381929e-01 2.2667612620e+00
-1.7624079811e+00 3.1015589146e+00 1.0054141904e-01
-8.9022471908e-01 1.5745025099e-01 1.5229725977e+00
-1.3329556308e+00 9.9590889957e-01 1.5665840133e+00
-1.2202239826e+00 1.6300048898e+00 1.1861463493e+00
1.7056336225e+00 -3.9248734772e+00 -1.9871745336e-01
1.7629075185e+00 -1.2438890887e+00 -1.1408142621e+00
-1.1784504038e+00 9.2392309711e-01 1.5285289712e+00
1.0194549232e+00 5.7395595201e-02 1.9587786643e+00
2.4366950324e+00 -1.7968697728e+00 -1.1494567532e+00
-2.1136611687e+00 -1.7232512996e-01 1.0631071710e+00
2.0911490011e+00 -2.1616125385e+00 -1.1961802962e+00
-9.2207516516e-01 -2.0504648930e-01 1.4049951622e+00
-4.1369972530e-01 9.5455223632e-01 1.4236108995e+00
-7.1477445479e-01 -7.3144322092e-01 1.2967605554e+00
-2.2454701482e-01 3.1477963656e-02 1.9947135478e+00
-1.4895457428e+00 -7.4398261329e-01 1.2422990521e+00
5.5859984746e-01 -5.9144096199e-01 1.3321966364e+00
2.2304160256e+00 1.3792424713e+00 9.1961789155e-01
-3.0112447083e+00 -3.1175372640e+00 2.0179639776e-02
1.2157740906e+00 -3.0633627144e-01 1.4743615180e+00
2.2271973157e+00 7.6913083706e-02 4.1202310888e-01
-3.2901569786e-01 -7.7014975383e-01 1.2535286018e+00
-3.9949973301e-01 2.2745195600e-01 1.9043924664e+00
-1.7765130508e+00 -1.5595142372e+00 6.4748538139e-01
2.6390479155e+00 1.0891197981e+00 4.5817009362e-01
-3.2963451052e+00 -1.4480478039e+00 1.4168937973e-01
7.8194831115e-01 2.8089429668e+00 -1.6257846370e-01
-2.4127967095e+00 1.6497812413e+00 3.0518230940e-01
1.3941644188e+00 1.9490102241e+00 7.0880098405e-01
1.1114694041e+00 -5.2922311267e-01 1.0558240792e+00
-1.9505013801e+00 4.6191867648e-01 9.7338425650e-01
-6.6785525651e-01 -1.1450012858e+00 1.1040049991e+00
-1.9729925858e+00 1.2161475031e+00 9.8392671810e-01
1.6234963287e+00 1.5294885617e+00 1.4078950416e+00
3.0552237477e+00 1.3688955056e+00 2.6832979716e-01
1.3896113481e+00 1.8095275320e+00 9.9298699210e-01
-2.3366675112e+00 1.0091675282e+00 4.5569472258e-01
2.1166080105e+00 2.3658502592e+00 9.0501448068e-01
-6.9604974470e-01 3.3573891793e+00 -2.6344376404e-01
9.8907009940e-01 8.8104809658e-01 2.2655723757e+00
-8.0865441222e-01 -5.8542035369e-01 1.2288367797e+00
-1.4897733810e+00 -3.7984544328e-01 1.3542573242e+00
-3.7328658978e+00 -8.4405802191e-01 2.6624364557e-01
9.8741242020e-01 -9.1601997017e-01 5.1238603465e-01
-1.0481236201e+00 -8.0237911123e-01 1.2390752103e+00
1.3827629569e+00 -7.1452062978e-01 3.9980246133e-01
1.1811221005e+00 2.9361659886e+00 3.1478552567e-02
1.1818789601e+00 1.0198930015e+00 1.9116757173e+00
-2.4394474543e+00 1.1187797616e+00 1.9680063480e-01
-5.0627522694e-01 2.1227966682e+00 2.2324102798e-01
-2.7133270986e+00 1.2026185324e+00 1.5235582408e-01
-1.2032754097e+00 2.0977077344e+00 7.6311566500e-01
-2.7525645164e+00 -2.0137956544e+00 1.0056512974e-01
-1.7762397818e+00 2.0987282070e+00 4.8545951178e-01
4.0064680198e+00 -1.8851835134e+00 -4.4978545574e-02
-4.1016783468e-01 1.6875907964e+00 1.0885840133e+00
2.8069218823e-01 -9.7437390629e-01 1.0870997740e+00
1.5367827278e+00 1.7585328776e+00 1.2471809490e+00
-1.2887150874e+00 4.0857224182e-02 1.4122497426e+00
1.1833270846e+00 2.3128145142e+00 5.0782692513e-01
-2.1724679224e+00 1.0238724228e+00 6.0786462104e-01
2.9008051171e+00 2.4895693171e+00 7.1893506893e-01
-1.5637550401e+00 -4.9458137726e-01 1.3118134083e+00
1.6716347896e+00 3.2392740313e-01 1.4678365530e+00
-2.1128244490e+00 -4.0415184473e+00 -7.5327676724e-02
-2.3777373224e+00 1.1298769487e-01 6.1667652649e-01
-2.6448471201e+00 2.3735811382e+00 -2.0124469848e-02
5.4922027522e-01 3.6403429440e-01 2.4090871163e+00
3.8889436131e+00 -1.0681598741e+00 -4.9275106850e-02
2.6788404877e+00 -4.1725521384e-01 -5.2704663879e-01
-9.5302384578e-01 9.3456531613e-01 1.4426081871e+00
8.0831092711e-01 -3.4127949451e-01 1.5379350340e+00
-2.6659648540e+00 2.4622696875e+00 8.6103342970e-02
2.6580045968e-01 2.1424274389e-01 2.1628099408e+00
3.1140449424e+00 -1.0679715151e+00 -4.7428380053e-01
-1.9800552612e+00 -4.0025638075e+00 1.1749104221e-01
2.4363398954e+00 7.4611042400e-02 2.4624012315e-01
-7.0064899505e-01 1.1076837469e+00 1.3267056626e+00
1.1585518502e+00 1.9668610191e+00 7.5951446072e-01
-9.4086533657e-01 -1.1808923243e-01 1.4939367746e+00
3.4921598831e+00 -3.7444554470e-01 -3.0563120871e-01
-3.2433514575e+00 6.4323786766e-01 1.6030065041e-01
-2.3071029955e+00 -1.1568640356e+00 3.8265161371e-01
-2.1855226984e+00 4.4766104062e-01 8.1837104101e-01
-1.7130903750e+00 8.9438671182e-01 1.2860861707e+00
-2.0227218261e+00 1.8246832401e+00 4.3352689890e-01
-1.0208580527e+00 6.6604772504e-01 1.4703600948e+00
-5.0921418930e-01 2.1968162100e+00 3.0345683786e-01
3.1649914537e+00 2.5310931535e+00 5.5000385076e-01
1.4683235118e+00 1.7235520945e+00 1.2261556087e+00
2.4241559408e+00 1.7867583071e+00 9.2900581700e-01
-3.6346358696e-01 1.5871781991e-01 1.8001584368e+00
4.0727171630e-01 -2.2603540082e-01 1.9374608777e+00
1.8410462336e+00 -1.2560589375e+00 -1.2483738182e+00
-2.5959270231e-01 4.1690870093e-01 1.9126335997e+00
2.3094330654e+00 1.5710373955e+00 9.0163882349e-01
1.1886287180e+00 -3.4165266968e+00 -4.0042295769e-01
-2.7271981881e+00 2.3723856961e+00 3.8231813489e-03
-3.1206937161e+00 4.0383486351e+00 -8.7746281728e-02
-1.5237784884e+00 -1.7339463391e+00 7.1906211681e-01
2.8760559073e+00 1.9328989260e+00 7.1802252150e-01
1.8946314544e+00 3.0216700186e+00 6.2150871433e-01
-1.3592718437e+00 1.6741535562e+00 1.1468663073e+00
-2.8178764330e-01 5.8303525146e-01 1.6980706499e+00
-1.3930119707e+00 5.9595023766e-01 1.3356177488e+00
1.1230501100e+00 -5.0078746638e-01 1.1242463202e+00
1.0293902438e+00 4.6076237599e-01 2.5083985896e+00
-1.7257931753e+00 1.7085728019e+00 1.1162967635e+00
-1.6879985847e+00 -2.2135774162e+00 3.3596368884e-01
2.1236019226e+00 1.4185787974e+00 1.2974177295e+00
-1.0858051062e+00 1.2168768108e+00 1.5109872176e+00
2.6411001444e+00 1.2213559634e+00 5.0741960486e-01
-1.1093693924e+00 -9.3157271716e-01 1.2033133334e+00
-5.8172752388e-01 1.0962078927e+00 1.5326762433e+00
-3.1492779215e+00 -3.1555270007e+00 7.8846464214e-02
1.0606605028e-01 2.0180371177e+00 5.6045645773e-01
-1.2761477162e+00 9.1300873349e-01 1.4995059917e+00
-1.3756447735e-01 6.9167387245e-01 1.8902800125e+00
1.4507806470e+00 1.1376894985e-01 1.6431085234e+00
-2.2152245157e+00 -3.5137301384e-01 8.7056228718e-01
2.9501608054e+00 5.2787862065e-01 1.8973596060e-01
1.5234978549e+00 2.1154295571e+00 6.9988374885e-01
-9.6820682871e-01 -8.3112933953e-01 1.2230753841e+00
1.3860717945e+00 6.8455649891e-01 2.0532052923e+00
-2.1248782469e+00 5.2417869035e-01 7.6578953304e-01
1.1445198210e+00 -4.6982773538e-01 8.2290323588e-01
6.6686826530e-01 -2.3891215470e+00 -5.2323917778e-01
6.0617062195e-01 -9.8523217675e-01 8.4008595744e-01
1.4401945222e+00 3.3830667335e+00 2.4442191037e-01
2.0773090659e+00 1.5685614185e+00 1.0994358453e+00
-1.7338071407e+00 1.6543665419e+00 9.6256065925e-01
-1.0691224634e+00 -3.0180032979e-01 1.5422449162e+00
-2.1855752628e+00 1.2240214258e+00 5.8974866608e-01
-2.0321931430e+00 -9.0033093881e-02 9.3807234398e-01
-9.2516605403e-01 3.5235290260e+00 -2.1896319733e-01
9.2857568117e-01 -6.3122545070e-01 1.0091270834e+00
-1.2495557086e+00 1.8455733703e+00 1.1510702158e+00
-2.9731435079e+00 -1.1500894578e+00 1.5537088122e-01
-6.2796402495e-01 5.4859372519e-01 1.6885523149e+00
9.3068475007e-01 -7.3259871205e-01 7.4045009429e-01
6.9116130463e-01 2.0336856266e-01 2.3596711895e+00
-2.5065980957e+00 -3.9861913717e-01 6.8548690588e-01
2.6453389983e+00 1.0697035933e+00 5.4494056105e-01
-8.3078787960e-01 1.6751492164e+00 1.1685825776e+00
-1.3786686664e+00 4.1982895531e-01 1.2644559060e+00
-6.2459274667e-01 -1.9166990765e+00 8.9192868897e-01
8.6633890391e-02 -1.2284766605e+00 1.0292264035e+00
2.5875900570e+00 2.7369397191e+00 9.7316371005e-01
-8.5822067350e-01 -4.9071281064e-01 1.3111974162e+00
1.1538509580e+00 1.4327635204e+00 1.3783296219e+00
2.0721078083e+00 1.2441887456e+00 1.1367307032e+00
-2.3228656124e+00 2.3370497538e+00 1.3178070341e-01
-1.0934837575e+00 -1.4979252781e+00 1.1481724781e+00
2.3139860524e+00 2.5053643561e+00 8.6022161540e-01
2.2250756564e+00 8.3165813423e-03 1.6638274458e-01
-1.3092007714e+00 1.7672305569e-01 1.4529828383e+00
7.7718543543e-01 2.2867204138e-01 2.3532581016e+00
-1.4140196704e+00 2.8565933645e+00 -1.4222282191e-02
-7.0540352196e-01 -8.5045005744e-01 1.2702783178e+00
1.9177175092e+00 1.2590000895e+00 1.2545638290e+00
-1.8028902229e+00 1.1093880470e+00 1.1398572810e+00
2.0158468942e+00 7.9072587117e-01 1.3238226145e+00
2.0062909800e+00 1.9736776024e+00 1.1254378353e+00
-6.9996832448e-01 -5.9267270798e-01 1.2639437679e+00
-1.4288395339e+00 2.7905621638e+00 1.4778961551e-01
-1.0578775126e+00 1.8677419108e-02 1.4695468093e+00
1.3308833320e+00 2.7003381684e+00 2.6855473964e-01
-1.0352984059e+00 2.7612159075e+00 -4.3204512282e-02
2.4255658147e+00 1.1578921549e+00 9.3415816608e-01
-4.1356425124e+00 -2.0218434480e+00 8.0208175730e-02
2.2351306470e+00 -1.7044085797e-01 2.8787213613e-01
-1.8661874205e+00 -4.0113401523e+00 8.3271829490e-02
-1.7400873137e-01 2.8332259543e+00 -4.0828182955e-01
-2.9236846620e+00 7.0521955933e-01 1.3934430971e-01
2.3459527373e+00 3.4014942606e+00 5.5399260698e-01
8.7841172503e-01 -6.3275978871e-01 8.6662939376e-01
2.0253012968e+00 1.8336294966e+00 1.1093613348e+00
-3.4377520757e+00 1.4561892571e+00 -6.4632692608e-02
2.1971511861e+00 -6.0242830392e-01 -4.4262344051e-01
-4.1877933697e-01 -1.0613184095e-01 1.8550022375e+00
-2.7086070696e+00 3.9494863296e+00 -1.5500193726e-01
-1.9698630657e+00 3.5301770187e+00 -3.1243906299e-03
5.8589336731e-01 3.9259041929e+00 2.0020147737e-01
1.3089221131e-01 1.5441956659e+00 1.2145628055e+00
-1.6253140744e+00 -1.4441749449e+00 8.5653437952e-01
-2.7098566222e+00 3.4538529682e+00 3.7378735985e-02
1.7217492051e+00 1.9876318106e+00 1.0350364237e+00
1.6918711621e+00 -1.3570993370e+00 -1.2421613308e+00
1.6039544270e+00 -4.6695952033e-01 4.6706169362e-01
3.5385875904e+00 -4.5537515427e-01 -2.9792049253e-01
2.1600540080e+00 2.4889129816e+00 8.3649755418e-01
1.9898274469e+00 2.2741992153e+00 9.9650423877e-01
-1.2926071051e+00 -1.0590287936e+00 1.1192499711e+00
1.3416663360e+00 7.6013312906e-02 1.8444062392e+00
-8.3359779142e-01 -7.8002889967e-01 1.4016736700e+00
-1.3596917968e+00 6.0470027479e-02 1.5170699826e+00
-1.4809501132e+00 6.1410750936e-01 1.3940520605e+00
4.2210727696e-01 2.1739286832e+00 1.9589750979e-01
3.9884121593e+00 -1.9127611187e+00 -6.3609316178e-02
-1.8550668310e+00 2.9250368704e+00 2.5955849698e-01
3.0827685724e+00 2.0185819686e-01 -1.2890198193e-01
-7.6842759370e-01 -1.6736028357e+00 1.0440934051e+00
3.5238880067e-01 -3.0756766056e-01 1.7478038815e+00
1.4600579483e+00 1.6545022525e+00 1.1811061449e+00
2.9362509980e+00 -4.5072064078e-01 -5.1933284269e-01
7.9555988958e-01 7.2758174115e-01 2.5579942154e+00
2.1330516531e+00 6.5445530583e-01 1.2033270965e+00
-1.2873293950e+00 1.7373833975e+00 1.2587629675e+00
-5.5630249004e-01 -1.9173646733e+00 1.0621221592e+00
1.1406606353e+00 9.6985618773e-01 2.0960117483e+00
-1.1769039027e+00 -9.4384405741e-01 1.1581853979e+00
3.2183428703e+00 9.9682823867e-02 -1.0737144034e-01
-2.1881306408e-01 3.9992423310e+00 3.5053892393e-02
2.9035160057e+00 -4.1406286720e-01 -5.6702804445e-01
3.8258494248e+00 1.6789455438e+00 1.6559178737e-01
2.6048675136e+00 1.4161931899e+00 5.5668310134e-01
-9.7619433957e-01 -2.0970164907e-01 1.4858901690e+00
-1.9850724385e-01 5.3834763809e-01 2.0441793342e+00
-2.8074557246e-01 -2.1355338133e+00 6.2321523660e-01
-3.8852583411e-01 -7.6424102632e-01 1.2369389828e+00
4.9424059136e-01 -7.6569549791e-02 2.0940963066e+00
-2.0843371283e+00 3.3804586000e+00 1.9026263313e-01
5.0054133037e-01 1.3891245910e+00 1.4565487900e+00
-5.8255619364e-02 2.3539961000e+00 -9.1367330590e-02
2.9904144410e+00 2.8122705742e+00 5.5701691817e-01
-1.1869389954e+00 -1.5108983689e-01 1.5445250087e+00
-1.5684442359e+00 -2.5808354846e+00 4.0044164174e-01
-7.3798758601e-01 1.6981922795e+00 1.2077724874e+00
1.4218878096e+00 7.2682274475e-01 2.1686870263e+00
5.7907775301e-01 -3.9706875244e+00 1.4409646122e-01
-3.5563252596e-01 2.2147220682e+00 2.9359627218e-01
-1.7722733615e+00 1.5320939771e+00 1.0344294194e+00
1.4594065562e-01 -9.8799363081e-01 9.6634958460e-01
1.0782031816e-01 -1.1730843876e-01 1.9849317711e+00
-1.4895610858e-01 3.7868922577e-02 1.8950280536e+00
-4.6194907930e-01 -1.7351731472e-01 1.7287123758e+00
-3.3625515466e+00 2.7947995116e+00 -1.7144812024e-01
8.3310917284e-01 1.3915144973e-01 2.2752289775e+00
1.6706187331e+00 3.4823071019e-01 1.6810529175e+00
-1.4177638213e+00 3.2875486077e+00 3.4289551539e-02
2.2802384315e+00 1.5004364531e+00 1.0583754635e+00
-1.1013232197e+00 1.2577951259e-01 1.5463734261e+00
-2.0742792404e+00 7.7123173989e-01 8.4255543738e-01
-1.7536716224e+00 -1.7202864056e+00 5.3494152356e-01
-1.0579401023e+00 7.4725908184e-01 1.3407650477e+00
1.6216461093e+00 -6.5378588580e-01 3.0481064650e-01
-2.1513578104e+00 7.3297545756e-01 7.0100942784e-01
1.4421460191e+00 8.0436353224e-02 1.7939574749e+00
-3.8722217927e+00 -3.5132214017e+00 9.2738377911e-03
2.2170121948e+00 1.1303843765e+00 1.0384979020e+00
3.8044266256e-01 1.4484207786e-02 2.1892379169e+00
-4.0614117279e+00 -1.1705049499e+00 2.3450805279e-01
3.3953749494e+00 3.4457177818e-01 1.9026331258e-02
-1.6689583053e+00 1.5714707538e+00 1.3669470453e+00
3.9771783203e+00 6.2303231311e-01 2.9745544190e-01
-8.7291287380e-01 1.1155863277e+00 1.4514073278e+00
-3.4048355855e+00 1.2027388692e+00 2.3614552236e-02
1.0399327444e+00 2.0503565544e+00 6.3271261892e-01
-2.1970341742e+00 2.7980870786e+00 7.1174698362e-02
4.1504292082e-01 -6.7980067366e-01 1.2792201626e+00
-1.1931868446e+00 3.3843592991e+00 -9.1346541331e-02
3.7767865379e+00 -6.9339224585e-01 -1.0643075260e-01
-1.6050867066e+00 -3.9992255956e+00 1.5472949607e-02
-1.7963559768e+00 1.6356731217e+00 9.6453765809e-01
7.8528383503e-01 -9.0895003822e-01 7.4861512543e-01
-1.6932360170e+00 8.3618003798e-01 1.1658878192e+00
2.3708758281e+00 1.7501987558e+00 1.0536064772e+00
3.2645547694e+00 1.3619068039e+00 2.1037949466e-01
-2.6558482812e+00 1.9951936966e+00 7.4814088354e-03
1.7334219095e+00 2.2818959387e+00 7.8743028499e-01
-2.4538098963e+00 3.1870674390e+00 1.0562834463e-01
2.2309027016e+00 1.6958092284e-01 5.6931322332e-01
-1.4330379398e+00 6.6715677188e-01 1.2640953001e+00
-8.6871121854e-01 3.9090820172e-01 1.6523831561e+00
5.8739721877e-01 2.1203650095e+00 3.7396703592e-01
-2.4837275261e+00 1.6431367884e+00 3.2412074915e-01
1.8331498972e+00 -1.5493993443e-01 7.2468030336e-01
1.4375166641e+00 -7.5006334786e-01 1.2025987275e-01
6.0043124375e-01 3.0749261543e-01 2.4838225621e+00
-1.7396189711e+00 5.0621126046e-01 1.0565374697e+00
1.0913372885e+00 5.9930537835e-01 2.3866331653e+00
-2.0597193495e+00 1.0290326038e+00 8.7008330410e-01
3.9396820210e+00 -2.6267137022e+00 -4.2184608461e-02
-2.4124451064e-01 -8.7738017902e-01 1.2526683819e+00
1.6789729788e+00 4.5750285432e-01 1.5873758125e+00
2.6833615553e+00 8.0458970733e-01 5.3272139527e-01
-6.1214181081e-01 -3.9606064765e-01 1.3234622601e+00
1.6446070755e+00 1.6263702336e+00 1.3346118054e+00
2.0268273560e+00 3.8426429928e+00 4.2008999499e-01
2.3028413752e+00 -2.8271949539e+00 -4.5412469878e-01
-2.9870428617e+00 3.8266648417e-01 3.7884908058e-01
1.5886201439e+00 -6.3927113250e-01 2.5811212636e-01
-2.4087969286e-01 1.9731887271e+00 6.9480043051e-01
-6.3886854786e-01 -8.5268888135e-01 1.2878681926e+00
1.7024666087e+00 1.2081380100e+00 1.4485047953e+00
-2.1585345194e+00 -2.9090800197e+00 1.2289882874e-01
1.2685605142e+00 -2.6099415617e+00 -1.1128953614e+00
2.6726810662e+00 1.4651718534e+00 5.5643684355e-01
1.6216368572e+00 1.2424622742e+00 1.5186929589e+00
-3.9636767145e+00 -4.0600259236e-01 5.1745144043e-01
2.1529316329e+00 1.9344319642e+00 1.0811838076e+00
1.6323566364e+00 1.5181655093e+00 1.3128372925e+00
-5.7013961034e-02 3.8553316614e-01 2.0160026343e+00
-2.0419107417e+00 4.2662457206e-01 9.5971332890e-01
1.4486695315e+00 2.8545392178e+00 4.1042050652e-01
-2.1773734152e+00 1.3877026122e-01 8.7532317039e-01
1.3457205888e+00 3.0984746858e+00 2.0026308210e-01
-8.0013554852e-01 6.1325003138e-01 1.5035360052e+00
-7.7158744328e-01 4.2931214981e-01 1.5715150419e+00
1.9829264532e+00 2.9848391064e+00 7.4278645083e-01
-4.0724880620e+00 -7.5183473805e-03 6.9592658132e-01
-1.3379088957e-01 5.2372056645e-01 1.8398118474e+00
-3.2294597641e+00 1.1597861633e+00 9.1639931549e-02
1.6983752757e+00 2.3183710930e+00 6.9179721422e-01
1.5167732474e+00 9.3032183651e-01 1.9339822013e+00
1.4152921135e+00 4.9503241946e-01 2.1507503661e+00
3.7085825654e+00 4.0117338331e+00 1.0435123268e-01
9.0352906657e-01 -1.8935594122e+00 -6.9735124533e-01
-1.4380594727e+00 -1.5748369897e+00 8.8960281082e-01
8.6163789172e-01 -1.1955189992e+00 8.5853115565e-02
-1.2921523468e+00 1.3055871736e+00 1.5049212619e+00
1.7595627517e+00 1.6330893652e+00 1.2785490153e+00
1.5572183844e+00 5.1689654700e-01 1.8933936757e+00
-8.9840885247e-01 -2.6662280330e-01 1.2714981840e+00
2.2700228728e+00 -6.3199983640e-01 -4.9313738192e-01
-1.2908777517e+00 2.3929021567e+00 2.3182507242e-01
8.0695465035e-01 -2.4266763040e-01 1.6791544164e+00
-2.6312291405e+00 1.1469552485e+00 -1.3146283818e-02
-2.1867418600e+00 -8.1852829790e-01 8.1097684387e-01
9.6680736694e-01 -1.1978700153e+00 -8.6690453543e-02
2.1439386650e+00 2.7628856196e+00 8.3878821167e-01
-3.9075687561e-01 9.4569864803e-03 1.8450738791e+00
6.1231865322e-01 -8.0619138767e-01 9.6973289201e-01
3.1195592978e+00 1.5887123010e+00 4.1554540238e-01
9.5576474913e-03 4.0167354913e+00 -3.7804706083e-02
-2.0746180430e+00 1.4538528421e+00 8.8818461129e-01
-9.7436999965e-01 -9.1212158582e-01 1.2442113773e+00
1.2030051982e-01 -5.8207475354e-01 1.4422139520e+00
-4.0004710688e+00 -2.3641139117e+00 3.0765707270e-02
-4.0782414695e+00 -4.9947436837e-01 4.1739022412e-01
-6.9598814741e-01 -1.2410330202e+00 1.1591449778e+00
-3.6411389532e+00 7.5252311405e-01 2.8794524233e-01
1.7722007725e+00 -6.5570022578e-01 -2.2371602627e-01
3.6408184308e+00 1.7242425400e-01 -5.3443800305e-02
-8.6647742011e-01 2.3046284216e-01 1.5193038335e+00
-7.5887595095e-01 -8.1998642436e-01 1.2412372201e+00
2.0639072775e+00 1.2803477016e+00 1.0908910493e+00
-1.4743705657e+00 6.3389126049e-01 1.3488762105e+00
2.1730938641e+00 2.0135272498e+00 1.0349285440e+00
1.0714415180e-01 -1.4384619359e+00 8.9995831716e-01
2.4883589037e+00 3.3747153946e+00 6.9058704184e-01
1.7692370535e+00 -2.0961165262e-01 5.7962830161e-01
-3.2716296085e+00 -4.2694161149e-01 4.9871905515e-01
-3.1052513742e+00 -4.0497939169e-01 5.4782107711e-01
9.0851005708e-01 -1.5297356349e+00 -1.7311194821e-01
2.0702238875e+00 3.3977051167e-02 6.1572892519e-01
1.3788197860e+00 1.8752599689e+00 9.5669011243e-01
9.0942151594e-01 1.7555264151e+00 1.0033614698e+00
8.5692946375e-01 -7.0359513809e-01 8.5174936886e-01
-1.6247591530e+00 -1.0100631028e+00 1.0409677279e+00
5.6230499482e-01 -1.6873921152e-01 1.9860968479e+00
-1.4129637335e+00 1.0296325234e+00 1.4617639580e+00
3.3786118528e-01 -1.1411765818e+00 9.1701648989e-01
9.0052273239e-01 1.7349657372e+00 7.4898613863e-01
-1.9182631119e+00 2.3900205209e+00 3.3386281431e-01
2.5654827272e+00 9.1558104423e-01 5.1274702847e-01
9.2120468645e-01 -1.4405451561e+00 -2.0643661699e-01
1.8843643774e+00 6.5072140890e-01 1.7168254906e+00
-1.4647153124e-01 -4.2436879592e-01 1.5283237618e+00
-1.2187982205e+00 -8.2572039105e-01 1.2205443595e+00
-1.1585886556e+00 4.0041187387e-02 1.6029258742e+00
3.2936391941e+00 1.0170800575e+00 1.9015147598e-01
-3.2847641891e+00 3.9209267753e+00 -2.2264928401e-02
1.8786586477e+00 1.8546839202e+00 1.1232167799e+00
2.0150310986e+00 -9.6143410845e-02 5.8552793974e-01
-2.0460636925e+00 1.4982427784e-01 9.8065312024e-01
1.7243561193e+00 -3.1420986359e-01 5.8558080020e-01
-8.5683228539e-01 4.6037785504e-01 1.4952868364e+00
3.0758384538e+00 -1.2152042248e+00 -5.2883110093e-01
3.1438099734e+00 -1.6229791087e+00 -5.5622053569e-01
-1.2012689942e+00 7.7862420632e-01 1.3898481773e+00
4.1756509916e+00 2.9852426006e+00 1.4228770725e-01
-1.5022806978e+00 -8.0390169569e-01 1.1542442480e+00
-2.4775044640e+00 1.5594139460e+00 2.2575577908e-01
-2.1283511789e+00 -1.9406163203e+00 3.4997611777e-01
-9.3089646970e-01 -2.4540492129e+00 7.1542894444e-01
-3.4905863104e+00 1.9445495816e+00 -2.0083580638e-01
-8.5737084670e-01 -7.9660501693e-01 1.2355399230e+00
1.0612984779e-02 -1.6613485294e+00 8.2160920952e-01
-1.4588642985e+00 -2.5679071311e-01 1.2786169633e+00
9.9934641491e-01 -1.7803433363e+00 -6.5942251953e-01
-2.2210996657e+00 4.3907971163e-01 5.5765620726e-01
-2.9154621034e+00 1.2773829619e+00 4.4923695710e-02
-1.7037717219e+00 3.8847298203e+00 -8.4058495042e-02
2.3957501089e+00 1.7726368483e+00 8.9755536450e-01
-2.5399648637e+00 2.6201520740e+00 8.6383164072e-02
1.5843702452e+00 1.9411035324e+00 1.1919527297e+00
-2.9712133956e-01 -9.2522244054e-01 1.2486988440e+00
-1.1261644386e+00 2.9901397846e+00 -8.1102672697e-02
-8.3600183643e-02 4.0706005244e-01 1.9975850613e+00
1.8087144431e-01 -4.5644530409e-01 1.5960882825e+00
-2.4948404614e+00 -3.1732028088e+00 1.0202980000e-01
1.1808690389e+00 4.7519504789e-01 2.2979848076e+00
2.4421719134e+00 -5.0206756107e-01 -5.4955889162e-01
-1.4006541916e+00 6.8844512001e-02 1.3571906902e+00
2.1656161981e-01 6.4037981401e-02 2.1873471473e+00
-1.5708048029e+00 2.6849090338e+00 2.0184507559e-01
1.4019835407e+00 4.0486803310e+00 2.4236763897e-01
-5.6649525395e-01 1.2841743935e+00 1.2269756789e+00
-4.0237129176e+00 -1.7940812835e-01 6.9764960355e-01
1.1839782036e+00 1.1804171990e+00 1.8554174793e+00
2.7807300851e-01 -1.2650840160e+00 9.4110392590e-01
3.4892792895e+00 1.0884329487e+00 2.0635388216e-01
5.8185567032e-01 -1.0465318986e+00 6.8044485153e-01
8.6285765610e-01 7.1485005991e-01 2.4082329308e+00
-2.0356533295e+00 -1.0891057801e+00 6.2905253367e-01
7.1237005983e-01 -1.3845637082e-01 1.8552776395e+00
-1.1470570476e+00 -1.0196282025e+00 1.0398238718e+00
2.4180675316e+00 9.9026619884e-01 6.3442374003e-01
-2.4456053207e+00 -2.1531834345e-01 8.4107878714e-01
-2.3248312071e+00 -1.2750231467e+00 2.9439093010e-01
1.3228371311e+00 8.4303375197e-01 2.0871739172e+00
-1.9637853029e+00 1.9855301952e+00 6.5743444036e-01
-1.0199589939e+00 3.0767227510e-01 1.4617302989e+00
8.1137589224e-01 4.0215212292e+00 1.1603760532e-01
-6.5183646698e-01 -1.3882093775e+00 1.2219315614e+00
2.7305842491e+00 -1.0131184283e+00 -7.8615545470e-01
1.1950640709e+00 -3.1821957248e-02 1.7026856809e+00
-3.1284788594e+00 9.9020136631e-01 4.2010383088e-02
-2.0806046273e+00 4.0147842290e-01 8.0897580629e-01
4.2869703721e-01 -8.4044760475e-01 1.1777324999e+00
4.7481768251e-01 5.0060614455e-01 2.4285280951e+00
-6.9382634153e-01 1.0170329625e+00 1.3970881982e+00
1.8782067513e+00 -3.9799559105e+00 -2.7369575804e-01
-2.5272223315e+00 1.2677987166e+00 1.8625365212e-01
1.1234476708e+00 1.4438271773e-01 1.8954136662e+00
2.5266324435e+00 6.5096085379e-01 5.6883952039e-01
2.9996816729e+00 3.9460276937e+00 5.3313591480e-02
-2.2097525857e+00 2.0575069025e+00 2.5061304536e-01
-1.6596382785e+00 1.4613695577e+00 1.2508330135e+00
-2.9949436829e+00 -7.5046593614e-01 3.2637579432e-01
-2.1103742991e+00 -4.6382156620e-01 1.0097077255e+00
-3.5882878630e-01 1.5204000441e+00 1.0693647823e+00
1.1055517958e+00 1.6198806520e+00 1.0242560218e+00
2.3553427738e+00 3.5483633100e+00 5.2076480599e-01
1.3303910344e+00 1.7384670244e+00 1.0584874147e+00
1.3153529573e+00 3.2027476877e+00 3.4041124731e-01
-2.0746502689e+00 2.6099951916e+00 1.9439409200e-01
-1.2896405086e-01 1.2996807242e+00 1.3164345021e+00
-1.1783052982e+00 -1.3186105244e-01 1.5332328965e+00
-7.1420454795e-01 2.1317145651e+00 4.5804178316e-01
-2.0117093257e+00 -1.5229166481e+00 3.8819110253e-01
1.3862694093e+00 2.8554091442e-01 1.8307286854e+00
-2.9081284787e+00 2.0403458202e-01 4.3383561148e-01
-1.4255065808e+00 1.2800257651e+00 1.5295302953e+00
1.0059754259e+00 6.6325591563e-01 2.4200265165e+00
9.9355061937e-01 2.6249651360e+00 1.7610354097e-02
8.4773470352e-01 -7.4910119395e-01 9.0508625234e-01
-9.9524726057e-01 1.1880399521e+00 1.4026596865e+00
-7.0421537856e-01 -6.3900598510e-02 1.6375220047e+00
-8.2854797993e-01 1.6242806060e+00 1.2677513438e+00
-8.1586106150e-01 3.3225029349e+00 -3.0665248836e-01
2.2486419880e+00 2.0051528670e+00 1.0736729637e+00
-3.4022262377e-01 1.1539333631e+00 1.3848414370e+00
1.6374530166e-01 3.1621405700e+00 -4.0832715256e-01
2.1329666113e+00 1.8834685154e+00 1.0073166145e+00
-2.3808002331e+00 2.6105613430e+00 1.2737744671e-01
-1.3712901181e+00 -5.0584788378e-01 1.2597278886e+00
1.3380156967e+00 9.0436562524e-01 2.0879009398e+00
2.0670831966e+00 2.0730766954e+00 1.0641607196e+00
-2.1788908187e+00 8.5884821556e-01 8.8254273126e-01
6.4172818716e-01 1.3223525230e+00 1.4664108098e+00
-2.9152999104e+00 1.9388108319e-01 5.0595791635e-01
1.7503958165e+00 1.6272739723e+00 1.1399788650e+00
-1.7864826778e+00 -2.0634653546e+00 5.3739752831e-01
1.4933531172e+00 1.1275678962e-01 1.4528218304e+00
1.9884114321e+00 3.2359861665e+00 5.4208841292e-01
1.4852173870e+00 1.3502582084e+00 1.4333917990e+00
-5.4742941692e-01 1.7778605914e+00 8.3124359843e-01
2.5787804283e+00 -3.2602074996e+00 -2.7415114579e-01
-2.6802820364e+00 1.0353163832e+00 5.2809072535e-02
1.7538248986e+00 1.1325804462e+00 1.5214577308e+00
-1.3567093235e+00 9.3720810943e-01 1.3722524106e+00
-1.3417022076e+00 -5.4088562120e-01 1.2310017317e+00
9.9548036108e-01 -1.1991277750e+00 -2.5527609733e-01
-1.6946394794e+00 -4.0679791906e+00 1.2295744145e-01
-6.7288618740e-01 7.1048099653e-01 1.4973726559e+00
6.5698475489e-01 -1.8122810639e+00 -3.2576858807e-01
1.5033329844e-01 -1.4166999971e+00 8.5277229401e-01
9.6674420519e-01 9.4483100535e-01 2.2867445223e+00
-5.5983483337e-01 -4.0000670896e-01 1.4936052424e+00
7.6719500253e-01 1.5170114680e-01 2.2001365201e+00
1.2386945496e+00 -1.0149640886e+00 -4.2128921639e-01
-5.4694679603e-01 5.8102048024e-01 1.6555153847e+00
1.6574286527e+00 -2.6573484690e+00 -7.2892120171e-01
-6.7869186515e-01 -1.1414507549e+00 1.2021175942e+00
1.2849070481e+00 1.3748395880e+00 1.4084141550e+00
2.5381791041e+00 1.9810559240e+00 9.6768206742e-01
-1.5723482231e+00 7.8264819684e-01 1.3972956783e+00
-1.0207698266e+00 -1.4568779617e+00 1.1080948951e+00
2.0575801228e+00 1.4272893172e+00 1.1631549916e+00
-1.1998600853e+00 -2.6043182087e-01 1.4176721518e+00
1.5448982586e+00 2.2580204538e+00 6.0084264593e-01
1.4891890251e+00 1.0887751320e-01 1.6672480695e+00
-1.6981831245e+00 -1.0645410961e+00 9.1293588511e-01
7.4374906021e-03 -1.3754624740e-01 2.0860302270e+00
1.9031921883e-01 -3.0904836569e-01 1.8015075537e+00
7.4795820382e-01 -8.7085053828e-01 6.8814310787e-01
1.1746941357e+00 -1.6766527777e+00 -9.3214221393e-01
1.0025124998e+00 2.0887713401e+00 4.8599997800e-01
-5.8483306489e-01 -1.3142960425e+00 1.1349966570e+00
1.4674978911e+00 1.0145900548e+00 1.8078748600e+00
-1.8688555625e+00 2.8739925466e-01 1.1279880286e+00
-7.9035116453e-01 -5.5284814223e-01 1.4233787379e+00
4.3687487996e-02 -9.5279050041e-01 1.2537608408e+00
2.5703492081e+00 1.1293490252e+00 5.3101460895e-01
-1.6986955038e+00 1.4625506876e+00 1.3529938669e+00
2.2052295900e+00 1.7705654429e+00 1.0359535607e+00
-3.3449364378e+00 6.5488774401e-01 2.4491795616e-01
6.5647731384e-01 1.3184439028e+00 1.7706902494e+00
9.7506598122e-01 -1.5486694239e-01 1.7074441322e+00
1.1018282200e+00 2.3201193722e+00 2.7487651091e-01
1.0279513620e+00 -2.0488056090e-01 1.6845787616e+00
-3.0348404178e+00 -3.1017272955e-01 5.8502458479e-01
4.9528776625e-01 9.9780863879e-01 1.8476026613e+00
-4.9068134931e-01 -3.9028351750e+00 2.8059968470e-01
-2.3138301156e+00 6.9387129074e-01 5.2109396611e-01
1.0923625377e+00 8.6712963070e-01 2.1181570179e+00
-1.8788923097e+00 2.4757087953e+00 2.6683716521e-01
2.4504584437e+00 4.9462166918e-01 2.5678759423e-01
-2.1586831088e+00 -9.3878956990e-01 7.9817981881e-01
1.3861183178e+00 7.2974710498e-01 2.0943341796e+00
2.7796208074e+00 2.7121888587e+00 8.8723263505e-01
9.6366084061e-01 -3.9661687274e-01 1.4865407252e+00
1.2119257182e+00 1.8859645697e+00 7.8634980073e-01
-3.4057343527e+00 -4.0326241987e+00 1.3887915032e-01
-2.3240617636e-01 7.2411292241e-01 1.7938365904e+00
-2.7267471195e-01 2.3725175690e+00 2.4545938405e-02
-2.7138939710e+00 1.7197052388e+00 -1.0312954772e-01
2.2071441518e+00 -9.0212282492e-01 -1.0670112183e+00
2.3429544985e+00 -8.3726165442e-01 -6.8646817419e-01
-1.0318545552e+00 4.5718358073e-01 1.4689951329e+00
-3.5512073823e-01 -3.4457880929e-01 1.5265939371e+00
-9.7814323942e-01 -1.3872668691e+00 1.1639335582e+00
-1.9534973428e+00 4.7796373385e-01 9.4359484146e-01
-2.5773041196e+00 2.6212712917e+00 7.0339300748e-02
-2.3091702783e+00 5.0253780113e-01 5.5638205309e-01
-1.4639653522e+00 3.2988662036e+00 5.2409353569e-02
1.4193169292e+00 -4.1677419827e-01 6.7388718738e-01
3.6693088613e-01 -6.4023607924e-01 1.3200204917e+00
-8.8353838136e-01 1.2862557054e+00 1.4027952671e+00
-1.2523439763e+00 2.3590109401e+00 5.0602909223e-01
-4.0221338700e+00 2.5427973625e+00 -3.8629220428e-01
-1.6647694855e+00 2.3162347215e+00 5.9916217783e-01
1.6871734453e+00 2.0426929115e+00 9.7206907607e-01
1.8538402563e+00 2.7761757530e-01 1.3134881790e+00
-4.0237229242e+00 -8.3101238076e-01 3.4692036390e-01
-1.5092096693e-01 -6.2598274917e-01 1.4314716264e+00
8.0711157687e-01 -2.7664243287e-02 2.0507038814e+00
-1.3569118059e-01 -1.1903405742e+00 1.2074217744e+00
-1.7756793265e+00 4.0122444114e+00 -5.9707428785e-02
-2.7528646373e+00 -2.3869799897e-01 5.7501419850e-01
1.6955162302e+00 4.0522306860e+00 1.1450409896e-01
8.8298706581e-01 3.1152346670e+00 -2.7828115044e-01
5.3405071108e-01 -1.3814179993e+00 4.9143626059e-01
8.2005111120e-01 1.9526153126e-01 2.2496787907e+00
2.7061247600e+00 4.1560051304e-01 2.9366771381e-01
1.9811899620e+00 2.0156404864e+00 1.0695769413e+00
-1.1235897752e+00 -1.1385139119e+00 1.2286642881e+00
-8.6109256428e-01 6.3570836313e-01 1.3975144229e+00
4.2646765806e-01 2.9237275495e-01 2.3778530493e+00
2.3785283534e+00 2.0634044364e-01 1.4484673658e-01
-4.7440585708e-01 -2.9608024550e-01 1.6103091795e+00
2.2715342033e+00 1.3745203218e+00 1.0065976814e+00
1.5801283092e+00 1.0336232203e+00 1.7867275716e+00
1.7145593398e+00 1.5477372803e+00 1.3194496280e+00
-2.3760405832e+00 -4.1828501829e-01 6.9044080628e-01
-1.9977713902e+00 5.5214940738e-01 7.6746543084e-01
-1.6497879828e+00 -4.3666449287e-01 1.1234311062e+00
2.1539720986e+00 2.7972962812e+00 8.2257626813e-01
-1.9066914261e+00 2.6914475654e+00 1.3869172692e-01
6.6544650976e-01 -3.9548184235e+00 8.5821474712e-02
1.5863735788e+00 9.3573328379e-01 1.8490025946e+00
-5.3990599884e-01 2.4082371427e-01 1.8170323474e+00
-2.0849157039e+00 1.4363741120e+00 8.1209666919e-01
-5.0573274248e-01 9.5931300689e-01 1.5126706342e+00
-1.9104688249e+00 1.0969184261e-01 1.1169447791e+00
-1.1744291215e+00 1.4166296662e+00 1.5414300312e+00
2.1343626594e+00 2.6676806017e+00 9.3142482764e-01
3.9976769701e+00 2.2345183590e+00 5.1227350263e-02
1.4075450557e+00 -8.1668989278e-01 8.7331891587e-02
-1.3150492994e+00 -1.4899239134e-01 1.4396190142e+00
8.4223097031e-01 -5.1900326102e-01 1.4081041573e+00
-1.7715229580e+00 9.3390964101e-01 1.1855931090e+00
1.0664990586e+00 2.1719179009e+00 3.9935708397e-01
-2.4425376556e+00 2.9704197168e+00 5.1217988895e-02
6.8306906990e-01 1.2689536981e+00 1.7020187634e+00
1.4363025701e+00 -3.2595301307e-01 9.8969798011e-01
-1.0042897333e+00 2.0296171600e+00 7.6498224678e-01
8.7846535402e-02 5.6308933588e-01 2.1493271840e+00
-1.3788398964e+00 1.4404169898e+00 1.4385806448e+00
-1.7639993760e+00 2.2015650416e+00 3.8634295497e-01
7.4454574588e-01 1.7372819822e-01 2.3735125365e+00
1.6077430495e+00 1.2877792257e+00 1.5054567961e+00
2.2360428857e+00 2.2407794098e+00 1.0950309255e+00
-7.0178971445e-01 -5.4249480649e-02 1.6136388795e+00
-1.3158263726e-01 -1.9591580999e+00 7.6173291330e-01
-3.0203945567e+00 -1.3421109186e+00 1.0135486408e-01
1.4948828558e+00 1.9521227763e+00 1.0924744527e+00
1.9076575071e+00 9.0947359376e-01 1.2039345972e+00
-1.3036054852e+00 2.2206425662e+00 5.4957134579e-01
2.6886222721e+00 -8.5474380834e-01 -8.5499324084e-01
-2.6861931772e+00 1.7551391522e+00 4.7367675724e-02
2.9012036586e+00 8.4548356107e-01 1.9759859252e-01
1.5605304893e+00 -1.3092830837e+00 -1.1078162860e+00
5.5732842645e-01 -3.3673444745e-01 1.7002193403e+00
1.4885604231e+00 3.7639810146e+00 2.9094707276e-01
2.4240019180e+00 1.1851349204e+00 7.7267069301e-01
1.4965258491e-01 1.4399345286e+00 1.4282356448e+00
3.9993603472e+00 -3.5951630945e+00 -2.8175898877e-02
-2.7559775821e-01 -1.8426576257e+00 9.4290468273e-01
1.9284483782e+00 3.9725012306e+00 2.1973567331e-01
6.9593309539e-01 5.4476727813e-02 2.2067444244e+00
9.2008692929e-01 -5.0990688834e-01 1.3069933674e+00
6.0525996832e-02 2.4047365092e+00 -1.5242540493e-01
-1.0171680915e+00 -9.7663475416e-01 1.1829777196e+00
4.1124757901e-01 2.6240360156e+00 -3.1817558370e-01
2.5654448838e+00 1.4856678119e+00 6.5702598619e-01
-3.0745103721e+00 -5.2584478275e-01 4.2158802630e-01
-4.6491356758e-01 -1.6176453119e+00 1.1047801712e+00
1.4468136296e+00 1.0460716399e+00 1.8956564256e+00
6.2132095076e-01 2.6448173908e+00 -8.7867374247e-02
-1.5042162160e+00 3.9917424181e+00 5.7607522550e-02
1.8029860632e+00 -1.1003043029e+00 -8.4574198628e-01
-6.6193649372e-01 4.6838173261e-01 1.6881060591e+00
-2.1004270282e+00 -1.8375778924e-01 8.9291333680e-01
-1.4541897863e+00 -8.5631719640e-01 1.0664242464e+00
3.9888000310e-01 1.1819312963e+00 1.8241576592e+00
-2.1454551890e+00 2.2126263518e+00 4.4107034849e-01
1.4305035647e+00 1.0347611414e+00 1.9059538661e+00
2.9216795465e+00 1.7577648139e+00 3.6798318139e-01
-3.8283762431e-01 -1.2650469161e+00 1.2983900964e+00
4.0181611122e+00 -1.8859653411e+00 -1.2120481612e-01
-1.9195191293e+00 1.9315782654e+00 6.7963872504e-01
7.1249646322e-01 3.1642212687e-02 2.3639072101e+00
2.8225264001e+00 3.1535378113e+00 5.5307431127e-01
-3.7643952522e-01 -5.2035145851e-02 1.7782649217e+00
1.3832798835e+00 -4.3136116128e-01 9.8715061423e-01
1.4815629171e+00 3.1405523880e-01 1.7489714846e+00
-1.4330905673e-01 1.6601053256e-01 2.1275632846e+00
-1.8827782242e+00 6.6678100808e-01 1.0150513822e+00
-6.6670980917e-01 -3.0751360149e+00 4.3717369561e-01
1.7422617100e+00 3.1053320970e+00 7.5513768035e-01
1.6065328371e+00 1.9267255330e+00 8.9095017000e-01
-1.1024579784e+00 3.8738065374e+00 1.3042506506e-01
-1.3009094761e+00 3.9235361025e+00 -7.2680383425e-02
2.4702895715e-02 -2.1555656157e+00 5.3981476926e-01
1.3551332255e+00 7.0087573332e-01 2.3076556022e+00
1.1082955841e+00 -1.5090739265e+00 -7.8677286678e-01
1.2077770543e+00 2.2925629386e+00 4.5294995203e-01
1.1896083768e+00 -4.3583957000e-01 1.3289347635e+00
-2.0150913061e+00 9.0835808443e-01 7.9697728883e-01
1.6030061664e+00 1.6170599936e+00 1.3267851147e+00
2.1179937752e+00 1.4060134285e+00 1.0758446813e+00
-1.2706096900e+00 1.8159631520e+00 1.3032979485e+00
2.7621764585e+00 2.2466749910e+00 9.5662191389e-01
1.1518505235e+00 -1.8313170272e+00 -1.0559319583e+00
-2.3918069966e+00 -9.8429085028e-02 7.4286132909e-01
3.4818144561e-01 1.8397419149e+00 6.5236383292e-01
-1.3577985196e+00 -5.1523634360e-01 1.2423338040e+00
-2.7635279718e+00 8.1607700347e-01 9.3492631249e-02
7.6198984305e-01 -1.0447430155e+00 5.5342656608e-01
-1.2595680997e+00 2.1393896312e+00 6.3852369613e-01
-2.2277445819e+00 -8.4841613439e-01 6.9786910360e-01
-1.8805583104e+00 8.5029623923e-01 1.1842212551e+00
1.9652009045e+00 -2.3666456837e-01 3.0467299782e-01
4.2605945154e-01 -4.0330992433e+00 1.5254471236e-01
2.2662962288e+00 1.3436100925e+00 9.6841491309e-01
-1.2124399494e+00 1.5525287978e+00 1.3152872892e+00
-1.1041826878e+00 2.6323586169e+00 1.4217037063e-01
-8.1804724397e-01 1.4273000113e+00 1.2398298872e+00
1.8740784240e+00 -8.1188243414e-01 -2.8624391533e-01
6.7377387161e-01 -5.8588035459e-01 1.4333129045e+00
-2.4347551771e+00 4.2548125049e-01 4.3492496664e-01
-5.7612250461e-01 2.3692163318e+00 1.2984088175e-01
2.5497787876e+00 -4.3219065211e-02 -1.7480480014e-01
-9.8615182143e-01 3.1887724461e-02 1.6237823783e+00
-8.2281861214e-01 -9.0554814094e-01 1.2221229169e+00
-1.2365147867e+00 1.8956319978e+00 9.0236505705e-01
-2.1632820807e-01 -1.0561739806e-01 1.7425423329e+00
-9.4503370177e-01 -1.0803349960e+00 1.2052756949e+00
-1.7018986302e+00 -1.3833328253e+00 5.9802326353e-01
9.7047760726e-01 -1.3996580000e+00 -5.4826295017e-01
1.7889932758e+00 1.4900573157e-01 1.1770435045e+00
-2.0590231228e-01 -2.9692115182e-01 1.5012210680e+00
1.0358801064e+00 5.3436683079e-01 2.4525089383e+00
1.6571153224e+00 2.4845011959e+00 5.3132129257e-01
1.7776190329e+00 2.8222412012e+00 6.5973754969e-01
-5.2779373827e-01 -1.8490394767e+00 1.0573290391e+00
1.0698355684e+00 -5.5682408723e-01 8.5136872254e-01
1.8615656842e+00 6.2931714542e-01 1.2910098534e+00
1.6974854253e+00 1.4208302461e+00 1.4113114177e+00
-1.0808336305e+00 -6.9738289774e-01 1.4327558783e+00
2.9368366524e+00 1.1756023657e+00 3.8693369933e-01
-1.8771168207e+00 2.5406404606e+00 2.7837850824e-01
-2.4292295959e+00 6.0470522467e-01 3.9326372415e-01
2.7748601941e+00 1.0195550404e+00 4.1418346619e-01
-3.0365208107e+00 9.8350365252e-02 5.0205113843e-01
-1.5567364574e+00 -3.9902925559e+00 8.0975428003e-02
8.5121297903e-01 1.4027401948e+00 1.5145191937e+00
1.8079333385e+00 -2.1107653753e+00 -1.3651572540e+00
-2.1791418888e+00 1.6927331924e+00 4.4044408457e-01
5.8555472810e-01 -5.0490498690e-01 1.4178411802e+00
8.2531792453e-01 -3.9756897960e-01 1.4351471930e+00
-4.0874695564e+00 1.3944471462e+00 1.7996402614e-02
-2.9766740854e-01 2.2192129055e+00 1.5672530663e-01
-2.5194172650e+00 7.3475208036e-01 2.6552246314e-01
-7.5701341437e-01 1.3726895309e+00 1.3450800711e+00
2.9785289797e-02 -3.1431528937e-01 1.9277715577e+00
-4.4880974001e-01 -6.2593672671e-01 1.3213975961e+00
6.9630724754e-02 2.7987565298e-01 2.2500515579e+00
-1.0482366185e+00 -1.1853267382e-01 1.4775163889e+00
-4.3492958185e-01 -1.1029993729e+00 1.2492269016e+00
1.7593802384e-02 -8.6910292617e-01 1.2512042176e+00
1.0230668680e+00 2.7506765119e+00 -3.5828588255e-02
1.4291675351e+00 1.6021528379e+00 1.3124718080e+00
-6.2191336493e-01 -2.7897349307e-02 1.7483487907e+00
-1.7001704890e+00 5.1523652057e-01 1.2458333448e+00
-2.1480118517e+00 3.9802283499e+00 -1.2118367996e-01
-8.0889281658e-01 8.3032995822e-01 1.4138874913e+00
-1.3105548330e+00 3.1054956425e+00 -8.3287935595e-02
6.5442689711e-01 3.1492004268e-01 2.3896753330e+00
-8.4966222662e-01 1.0416433628e+00 1.4399684128e+00
1.3727449474e+00 1.3446159213e+00 1.5175312516e+00
-1.4889056745e+00 2.1094530562e+00 7.2208843229e-01
-1.0933398320e+00 1.0804113758e+00 1.5082705279e+00
-1.7106578234e-01 -1.7999287701e-01 1.8434911294e+00
-2.7591430548e-01 -1.6689863925e+00 1.1260363492e+00
-8.7090929331e-01 4.0662427804e+00 -1.4963991611e-01
4.2209375414e-01 -8.3982549437e-01 8.4638861888e-01
2.2045525213e+00 1.2543537229e+00 1.0769519151e+00
-2.9961604323e-01 -8.0625274384e-02 1.7929688565e+00
2.0430876808e+00 1.1752226643e+00 1.2914043536e+00
-1.7054385555e+00 4.0195882090e+00 -8.3221217082e-02
9.1859256207e-01 -1.7214362443e+00 -5.7644906332e-01
3.9691757607e+00 4.7498701665e-01 3.2221604221e-01
-1.4324500921e+00 -4.9152588908e-01 1.3297506974e+00
1.0646645614e+00 1.1653742667e+00 2.0788488001e+00
6.8462468653e-01 -3.3513362050e-01 1.7024793305e+00
1.3976867784e+00 -6.2372143188e-01 3.8490605688e-01
-1.2707424977e+00 1.1457007252e+00 1.4818726808e+00
1.8240369373e+00 -1.8912262475e+00 -1.4430244486e+00
-2.0622540612e-01 1.0966888568e+00 1.4130005591e+00
-1.3106478086e+00 2.1985332299e+00 7.0217948095e-01
-3.4476432201e-01 -6.3909255948e-02 1.8467574251e+00
-1.0241028289e+00 -6.1075120238e-01 1.3841781095e+00
1.0487633563e+00 -2.7823158632e-01 1.6297144318e+00
-2.0714901854e+00 9.3183706567e-01 7.6276992936e-01
7.8671224906e-01 -3.3071878378e+00 -1.6675045700e-01
-7.9907190548e-01 1.1059778710e+00 1.4906465134e+00
3.9925322579e+00 4.6520089299e-01 3.4306164324e-01
1.2351048809e+00 1.0355259355e-01 1.9327830865e+00
1.6189811426e+00 1.7900389273e+00 1.0949345083e+00
3.1584330475e+00 6.0385148158e-01 1.0919247370e-01
4.2737484217e-02 -3.9712835929e+00 1.7112579560e-01
-1.5996708660e+00 1.0273670510e+00 1.4662700654e+00
-1.6848859081e+00 6.9585947178e-01 1.2331983681e+00
-1.7623041684e-01 -2.1249742847e+00 6.3496699054e-01
1.3104643088e+00 -3.9410254793e+00 -1.2886479729e-01
4.0903817310e-01 -3.9894819252e-01 1.6549776338e+00
3.8702105417e+00 -1.2282611892e+00 -5.0463759469e-02
1.4324420561e+00 2.0651007437e+00 7.9400638244e-01
9.1896992379e-02 -8.1092854077e-01 1.2727009051e+00
1.7393982767e+00 1.3997806168e+00 1.3306793788e+00
8.5647342093e-01 -1.3108045170e+00 -2.1928909726e-01
-1.6507342057e+00 6.5620664101e-01 1.2115803352e+00
1.1855402383e+00 -2.8594107520e-01 1.1203068845e+00
-1.0404548199e-01 -1.9912927130e+00 7.8759456279e-01
2.3788231557e+00 -2.9876231561e+00 -4.5964976768e-01
3.9094326967e+00 2.7499016355e+00 3.2214511341e-02
-1.4672533415e+00 3.9006907164e+00 -3.9694950306e-02
1.6971099371e+00 2.7111241050e+00 7.1082955088e-01
-1.6015050361e+00 9.0798167405e-01 1.2943532990e+00
6.4276456110e-01 8.1783475893e-01 2.2245293917e+00
-3.6596430785e-01 -9.2832260051e-01 1.1824360325e+00
1.3770649309e+00 1.0230441269e+00 2.1064471426e+00
-1.9114641752e+00 8.6897345283e-01 1.0203307163e+00
8.9556994204e-01 -1.0340241651e+00 1.4963568258e-01
-2.1664614019e+00 1.4677282566e+00 5.7796628860e-01
-1.5552802669e+00 1.3607605721e+00 1.2890733841e+00
1.2234763219e+00 1.4576186435e+00 1.4219182028e+00
1.4373345173e+00 -1.3707008609e-01 1.4029863231e+00
1.5292644044e+00 2.1206283541e+00 8.5786782383e-01
1.8409106531e+00 1.6856413371e+00 1.1904498008e+00
-1.7261202022e+00 -2.7670554391e-01 1.2863006207e+00
-6.3492004021e-01 -8.1087231543e-01 1.2045813666e+00
-2.1596955188e+00 2.6726119375e+00 3.5610999859e-01
-1.3978545055e+00 -4.4969683397e-01 1.3033954846e+00
-1.8617335155e+00 -9.5603897683e-01 7.6443002141e-01
-8.0783280335e-01 1.2330864740e+00 1.4991694136e+00
-1.3993297670e+00 1.3870336775e+00 1.3490339728e+00
-1.8832818643e+00 6.4418367139e-01 1.0773459952e+00
1.8359553024e+00 2.3821292468e+00 8.6341814886e-01
2.3015807943e+00 2.1044354596e+00 9.8291464093e-01
3.3143141975e-01 -1.1114380750e+00 1.1723797442e+00
6.7785522032e-01 3.6267300888e-01 2.3640104690e+00
7.4181231083e-02 3.8091226461e+00 -1.5141710934e-01
8.9495533571e-01 -2.8593187681e+00 -5.5592647646e-01
2.5134984776e+00 1.4763360066e+00 9.5561403142e-01
1.7853643876e+00 -7.5354694149e-01 -2.3591978346e-01
-1.5969909749e+00 7.3344667652e-01 1.3630008754e+00
-1.0626862236e-01 1.3447499399e+00 1.2549284750e+00
-1.5613647063e+00 1.4827091433e-01 1.3356561235e+00
9.4336185269e-01 -1.3545201423e+00 -1.5733490886e-01
1.2135433122e+00 2.0023376702e+00 6.9274779289e-01
-2.3909766355e+00 3.2019216076e+00 7.4764102949e-02
1.2281265438e+00 2.6498323770e-01 2.0005889272e+00
-1.2823150791e+00 -9.1407879342e-03 1.5005548643e+00
-7.9808697933e-01 3.4437755396e-01 1.6192225442e+00
-1.5867818995e+00 1.4083294602e+00 1.2018509145e+00
3.5279023356e+00 1.7361027297e+00 3.5879014092e-01
1.7018175516e+00 -8.3940485861e-01 -4.0775973088e-01
-1.5635489471e+00 -5.4354804499e-01 1.1702626658e+00
3.2121379619e-01 -5.5971670455e-01 1.5771394643e+00
-3.2040500830e-01 3.9662523021e+00 3.5561085683e-02
-1.0481529838e+00 2.1885198561e+00 2.9896505659e-01
-1.7053619198e+00 5.5759380781e-01 1.2577577401e+00
-1.9039634299e+00 1.3541205144e+00 1.2077414917e+00
-1.3068931849e+00 2.1050583103e+00 7.7282417133e-01
1.3610464052e+00 -7.8387286120e-01 4.6670639810e-01
1.5370343086e+00 1.4381948034e+00 1.5026201076e+00
-7.1541781760e-01 1.8484911972e+00 9.6952338687e-01
-7.3949944563e-01 1.1150609526e+00 1.3919614645e+00
6.5924334278e-01 -5.4182216431e-01 1.4556231239e+00
1.2232103990e+00 1.5601945524e+00 1.2167467256e+00
3.2064969485e+00 -1.2248996649e-01 -3.6277793152e-01
-1.1779804928e+00 1.5712919023e-02 1.4600404035e+00
1.2312366890e+00 3.0103480759e+00 1.6646501302e-01
-1.0386388829e+00 3.2647278855e+00 -1.7269891157e-01
2.6724851749e-01 -1.0069532093e+00 1.0491231939e+00
9.6536260074e-01 -1.9934156938e-01 1.5576370813e+00
-3.8667015937e-01 -2.8851315450e+00 2.5064525938e-01
-1.4765653992e+00 1.1102122704e+00 1.6404278883e+00
1.1229279351e+00 -3.8624421963e-01 1.3813929939e+00
1.9864221545e+00 -4.9981398287e-01 -2.5643803124e-03
-3.1800365703e+00 4.2336861676e-01 3.4411064691e-01
-1.3927621830e+00 5.3880545599e-02 1.3747018321e+00
-3.2368549972e+00 -6.3115433369e-01 4.2061288613e-01
-8.9374935726e-01 7.2571662198e-02 1.5789953832e+00
1.7615460214e-01 -1.3289378461e+00 8.8908082502e-01
1.3200742840e+00 -1.5541528817e+00 -8.4682875328e-01
-1.2510398304e+00 1.4910217437e+00 1.5313000351e+00
-2.6331160533e+00 -9.6618901919e-01 2.6579572888e-01
7.8285550058e-01 1.2487427266e-01 2.2699687685e+00
3.7063755767e-01 -2.6089505550e-01 1.7918556022e+00
1.5368743589e+00 2.6157635521e-01 1.7129471214e+00
-7.7582551643e-02 -6.4996204815e-01 1.4220441455e+00
-2.4990924033e+00 -3.8625070191e-01 6.5231676362e-01
-3.9619367016e+00 -2.6270549926e+00 6.3349058175e-02
8.9621376821e-02 3.2528596588e-01 2.2417593978e+00
-3.1830321212e-01 -7.4983383592e-01 1.1802061733e+00
3.1600136820e+00 -3.9839832637e+00 -1.1729171130e-01
-2.5562821775e+00 -8.9745347461e-01 4.2217354694e-01
-1.5952333447e+00 -1.4450999571e+00 7.8500640860e-01
1.7618041851e+00 1.5242923178e+00 1.1573946619e+00
1.9955764101e+00 -5.2700397173e-01 -2.4190581518e-01
-2.0681338684e+00 2.2516886760e-01 7.6041363011e-01
1.7292911813e+00 2.6699582622e+00 7.0338305271e-01
1.6894081913e+00 1.3898176626e+00 1.3483874100e+00
-2.8799143546e+00 -6.9932737256e-01 3.6868216595e-01
-1.2981641070e+00 1.6381821321e+00 1.2827756268e+00
2.4685659019e+00 2.1167921658e+00 9.5873490038e-01
-3.1148435959e+00 3.1611023201e+00 -1.9657319474e-01
-2.8183285267e+00 2.2842623634e+00 -4.2773936565e-02
-8.6980906506e-01 3.1165969369e+00 -2.9704087925e-01
-1.1029185196e+00 -6.9244823347e-01 1.3202886257e+00
-3.9902975677e+00 4.5687582363e-01 4.4812663707e-01
2.7684298138e-01 -6.2722168979e-01 1.3650810268e+00
-3.1098377099e+00 -3.5941134361e+00 2.7658721488e-02
-2.2578006894e+00 2.4954192031e+00 1.7483874590e-01
2.6100273078e+00 4.0193971911e+00 2.5505780607e-01
-1.8665249519e+00 -1.1434776482e+00 6.5711186087e-01
-7.9415877120e-01 5.9308191497e-01 1.5768201208e+00
-1.5267703485e+00 1.3570400452e+00 1.4496279520e+00
2.6214903672e+00 -3.0610143971e-02 -2.9260990993e-01
2.9133528524e+00 2.3912418690e+00 8.6799460789e-01
-2.2990908886e-01 -6.6216670624e-01 1.4449077113e+00
-1.7272005540e+00 5.0608380807e-01 1.2886416669e+00
1.5770452290e+00 1.5404947388e+00 1.3105143585e+00
-2.3964601033e+00 -7.9071797316e-01 6.0185082674e-01
1.5264315140e+00 2.5421219822e+00 5.6359163777e-01
-2.5384952893e+00 3.9764080363e+00 -7.0436029897e-02
-3.4402346712e+00 3.1413137130e+00 -1.7831711232e-01
-1.3248169879e+00 6.7129305555e-01 1.3423968954e+00
-1.6190844725e+00 8.0724581466e-01 1.2994929228e+00
4.9729154855e-01 3.3798945663e-01 2.4769722350e+00
2.1001240809e+00 -4.8284762018e-01 -1.8435976958e-01
1.5259943453e+00 1.4244186919e+00 1.5442715833e+00
7.6354191582e-01 1.9509890388e+00 6.0008657625e-01
-2.3885496381e+00 -4.0563719363e-01 7.6453241390e-01
-3.2977636309e-01 1.7597362513e-01 2.0659941566e+00
1.2190044369e+00 2.7900495437e+00 1.3224930652e-01
1.5901351281e+00 1.9275026745e+00 1.1405914161e+00
-2.0922714962e+00 -1.3485223123e+00 3.9002082695e-01
-2.4324971102e+00 2.5641042318e+00 5.8308097560e-02
1.6716502399e-01 5.1898256901e-01 2.2799159007e+00
2.5333139304e+00 4.0610448269e+00 2.1154801107e-01
1.7652982496e+00 3.2144706666e+00 4.4596543499e-01
8.7466635240e-02 -8.3164907311e-01 1.2501605228e+00
4.0505344444e+00 -3.2752913407e-01 5.6336560936e-02
-1.5848621628e+00 3.0849996366e+00 9.7963365003e-02
4.3605360291e-02 -1.4976403682e-01 1.9242678065e+00
-2.3327171420e+00 2.2512399026e+00 1.8777300791e-01
-7.4954682372e-01 -2.1708837846e-01 1.5711888303e+00
-1.8211324567e+00 2.5452219082e+00 3.5987286164e-01
-1.4132902604e+00 3.8323903161e+00 -1.5739462290e-02
-1.6899601453e-01 -1.0220691299e+00 9.4216387009e-01
2.0680718081e+00 2.0647865198e+00 1.0368025251e+00
-2.0689685949e+00 2.7256511915e+00 1.4851327429e-01
3.6726260906e+00 9.5807831975e-01 1.6571052900e-01
-8.2977347097e-01 -2.0536093640e-01 1.5438690190e+00
-5.2471212910e-01 1.4519218568e+00 1.2305421123e+00
-3.5558721083e-01 -1.5568851808e-01 1.8847058439e+00
-1.5933869226e+00 -4.5170002096e-01 1.2191568101e+00
1.7688445955e+00 -6.3520219927e-01 -1.3389991194e-01
1.0295433465e+00 -1.5430097680e+00 -4.2148937122e-01
-7.0119818391e-01 1.4990968353e-02 1.7033094771e+00
2.3242665716e-01 -1.3866352686e+00 5.9976899090e-01
-2.8796890828e+00 2.2140269052e+00 -2.1398229602e-01
1.2391363272e+00 1.7946140686e+00 1.0470026802e+00
2.0718530605e+00 4.0375171746e+00 3.4505931058e-01
-2.3375445778e+00 2.7499445266e+00 1.8366205426e-01
-2.7658590562e+00 1.2712134294e+00 -6.6786584130e-02
6.0838488143e-01 1.2516753490e+00 1.6661313945e+00
3.6988933130e-03 -3.9596094656e-01 1.5921869479e+00
1.7880971388e+00 -5.3357924430e-01 7.1686801523e-02
9.1908679137e-01 -1.1429465598e+00 1.5113567227e-01
2.1011567351e-01 1.0886327673e-01 2.1409880885e+00
-1.7472029975e-01 -1.1261592048e+00 1.1287875525e+00
1.9372181927e+00 1.9999831336e+00 1.1011983289e+00
-8.4780096162e-01 2.9713241140e+00 -1.7956105097e-01
-1.4479149730e+00 -3.0626154915e-01 1.3638451494e+00
1.8308779261e+00 2.6838124110e+00 6.4374208211e-01
-9.0593969085e-01 -2.1290492543e-02 1.6073944493e+00
-1.0497128455e+00 9.9552521478e-01 1.4376218331e+00
-1.3282627963e+00 1.6153460277e+00 1.2561538100e+00
1.3772117642e+00 -6.8155701507e-03 1.4303392264e+00
6.1317533178e-01 -1.6298667695e-01 1.9631772392e+00
-2.7041294017e+00 -2.5827240008e-01 6.1450850953e-01
-3.9749476370e+00 -1.1410789760e+00 3.1757275983e-01
6.4692952906e-01 1.5713179339e+00 1.2450403962e+00
-8.8350917327e-01 2.9194584329e+00 -2.5988876447e-01
-4.3837656102e-01 -2.6830760590e-01 1.5987560361e+00
2.4530047960e+00 1.0393758969e+00 7.4668817557e-01
-3.1914251667e+00 1.5214339870e+00 -1.9141321482e-01
2.6160539195e+00 1.3883738523e+00 7.5082060104e-01
-1.6613734513e-02 -7.1075830949e-01 1.2927737130e+00
9.6034353568e-01 -7.0632915075e-01 8.5886903269e-01
1.5996647177e+00 -9.9521800245e-01 -3.9494352627e-01
-7.0233366510e-01 4.4006034961e-01 1.6028463264e+00
-6.6490322383e-01 2.0926616334e+00 5.1664945289e-01
2.2931034249e+00 -7.0050156545e-02 2.0084005419e-02
1.5077600029e+00 -1.0244571251e+00 -8.6959473889e-01
1.1154030811e+00 -1.1030585181e+00 -1.2044610103e-01
1.2162696541e+00 -1.6845069169e+00 -8.1472912744e-01
5.5852072789e-01 -3.5512436846e-01 1.5917533486e+00
-1.4831252460e+00 1.5365181144e+00 1.4096052319e+00
-1.5682226843e+00 -7.1696174209e-01 1.1663824398e+00
-2.2437493533e+00 1.8872769733e+00 5.0167874598e-01
1.8790105390e+00 4.6388950897e-01 1.3357663370e+00
-1.1029482038e+00 1.7158021511e+00 1.1825496489e+00
-1.8871702047e+00 2.2206540986e+00 5.2450125659e-01
1.5929498317e+00 -6.8730293450e-01 2.8137757492e-01
5.6826434711e-01 1.3412503103e+00 1.4924666023e+00
-1.4897529139e+00 3.1591101589e+00 3.7625636201e-02
1.9198209183e-01 7.4700053520e-02 2.2244587802e+00
-2.4852863434e+00 9.1055379425e-01 4.6579070451e-01
3.6438281153e+00 8.2457330554e-01 2.2972710215e-01
-1.2520672069e+00 -1.6210280206e+00 1.0656421992e+00
-4.3866169877e-01 6.7567940437e-02 1.9084397510e+00
-1.1603399622e+00 2.5435684330e+00 1.8656511400e-01
2.5417233501e+00 -1.3930881369e+00 -1.0489336343e+00
-2.2656018715e+00 -2.6968905327e-01 9.1593302023e-01
1.2476707536e+00 -1.6315260250e+00 -9.4704161713e-01
2.4771617160e+00 1.2474766761e+00 8.0100487949e-01
-1.2601840100e+00 -3.6546352193e-01 1.3686295196e+00
-1.3116085248e+00 1.0078708354e+00 1.3781965011e+00
-1.1877837223e+00 1.9501334299e+00 8.5703260692e-01
2.3488470428e-01 -1.9604725087e+00 5.5481558914e-01
-6.5177510999e-01 1.4747217266e+00 1.1906535744e+00
-8.2884620728e-01 4.0041361031e+00 -4.2774108789e-02
-2.4840012491e-01 -4.1148315881e-01 1.5180363057e+00
-4.0044207181e+00 -2.1168980723e+00 5.6491206542e-02
2.5612235462e+00 9.3792852063e-01 4.9363269027e-01
-1.2803354033e+00 1.7580770834e+00 1.2210471594e+00
-9.9399165869e-02 -6.2284267029e-01 1.3381616531e+00
-1.6071019366e+00 -1.2838968537e-01 1.4747665599e+00
-1.1059809546e+00 1.6365388527e+00 1.3111781372e+00
7.7952974723e-01 -2.5138779559e+00 -7.0998310603e-01
4.9658856333e-01 -2.1097057920e+00 -1.5247114503e-01
-2.0896009094e+00 1.2078977461e+00 1.0057458133e+00
7.9906649944e-01 -9.4566700197e-02 1.7178413161e+00
1.7416705244e+00 2.1792949448e+00 9.7368631701e-01
-2.2364052541e-01 1.1784930265e-01 1.9889573589e+00
-1.7840810834e+00 1.3792225228e+00 1.3135154819e+00
-4.0690234202e-02 -9.6289875281e-01 1.2182389386e+00
-5.3193655292e-01 -2.5082124963e-01 1.6112933297e+00
1.4283582020e+00 -7.8690243387e-01 -1.1802486718e-03
1.8543652692e+00 5.3858215442e-02 9.0202635244e-01
2.5203446092e+00 -3.6386716469e+00 -4.0388850037e-01
9.4837042158e-01 -1.5737172472e+00 -3.3599095923e-01
-2.2721408129e+00 3.9192308163e-01 6.7954738074e-01
1.1706958295e+00 3.1689822377e+00 2.6125149614e-01
-1.7109247893e-01 -1.6242481414e+00 9.6255099678e-01
-1.1851699968e+00 1.4050598703e+00 1.4530024881e+00
2.6602904398e-01 1.0335490819e+00 2.0863687448e+00
-7.2062532729e-01 -1.9828249597e-01 1.6414986557e+00
-7.4601374900e-01 1.7630326873e+00 8.3559813458e-01
2.1010016859e+00 -9.7478671197e-01 -1.0384343130e+00
-1.5187983816e+00 -2.0324127404e+00 5.7730301731e-01
8.7491989834e-01 -1.8798164206e-01 1.8631359544e+00
-3.9943112038e+00 -3.2246696709e+00 1.3488177800e-01
1.7208562545e+00 5.9465906516e-01 1.7641870516e+00
-8.7163602434e-01 5.3326738281e-01 1.4743583975e+00
2.5687705004e+00 -1.8343857081e+00 -9.5460939673e-01
1.5266582166e+00 1.1097184214e+00 1.8851868274e+00
-7.1516170143e-01 8.1003635554e-01 1.4923821774e+00
-2.6499789308e+00 -2.4857347928e+00 8.4997846140e-02
1.3820954419e+00 3.0448012591e+00 2.2580722549e-01
1.3256931623e+00 4.0097681364e+00 2.2510992555e-01
-7.5384861827e-01 9.1601642135e-01 1.5422532677e+00
-3.4995426786e-01 7.8057473776e-01 1.6178714587e+00
9.3649281542e-01 -1.4368786040e+00 -1.1333012640e-01
3.6480177180e+00 -9.6953579107e-01 -4.0132949063e-01
-2.1168304881e+00 1.7387423617e-02 9.1869867513e-01
-1.1559570704e+00 -1.9267159277e+00 7.9457527471e-01
1.2204617591e+00 -1.0256434124e+00 -7.7252771719e-03
-2.4238082147e+00 5.2279065331e-01 3.8193844659e-01
1.5030999578e+00 2.6310050639e+00 4.3412292675e-01
9.3370710986e-01 7.7855476754e-01 2.2903747581e+00
-3.9230906404e+00 1.8452529480e+00 -2.8331423330e-01
5.0836441746e-01 2.7950865537e+00 -2.4967386197e-01
-3.9614921178e+00 2.3116006255e+00 -3.2500392680e-01
-1.8585472228e+00 5.0960860553e-01 1.0376180765e+00
-1.7225631253e+00 1.9193759764e+00 1.0687440844e+00
7.6655134594e-01 6.3407558306e-01 2.3704837138e+00
-5.7995986781e-01 -1.3801271385e+00 1.1700560686e+00
-7.9392129387e-01 3.5035646936e-01 1.5606225802e+00
7.5686944905e-02 -5.5392249310e-01 1.6005042551e+00
1.7693203659e+00 2.2076863099e+00 9.0600450805e-01
1.4128066871e+00 1.2255185257e+00 1.7118881251e+00
3.3351253479e+00 3.9669352491e+00 1.3376865033e-01
2.8800909825e+00 -2.9216118807e-01 -5.9401778737e-01
-1.9620706767e+00 1.3994358157e+00 1.0811851499e+00
-4.0248143989e+00 1.5685920201e+00 -1.4717632318e-01
-4.0325992620e+00 2.6374117729e+00 -3.3739998539e-01
2.6644468815e+00 1.6139938517e+00 6.4718890057e-01
-3.1330927297e+00 7.3812942103e-01 1.5976257673e-01
-2.3259543793e+00 -7.5594876131e-01 5.1192914369e-01
-2.1162095906e+00 1.6324185534e+00 6.6907514451e-01
-7.7619101557e-01 1.2764759253e-01 1.7032695032e+00
1.1659329434e+00 1.6589965559e+00 1.1932251474e+00
2.9136723510e+00 4.2887540441e-01 3.7183532987e-02
-5.3094643953e-01 1.2187522591e+00 1.3100773234e+00
-1.3167963289e+00 2.3737167265e+00 2.2058945577e-01
-1.0299229255e+00 1.4602222133e+00 1.3464055276e+00
1.4945966489e+00 -3.4783022285e-01 6.5102224453e-01
-7.0867043736e-02 1.2819504245e+00 1.2478469654e+00
-1.5715993648e+00 1.5917260977e+00 1.2580257179e+00
1.7445831557e+00 1.4874594348e+00 1.4367917828e+00
-2.6835618638e-01 2.0228303153e+00 2.2944089144e-01
-1.9423985160e+00 1.3628643418e+00 9.8893326029e-01
1.3863789483e+00 1.6512798449e+00 1.1325733569e+00
-1.2014113560e+00 7.4045391928e-01 1.3383992101e+00
-1.1365230915e+00 1.8902399358e+00 8.5489884133e-01
1.9417730279e+00 1.4404673287e+00 1.1600711299e+00
-9.7304211246e-01 -1.2764999974e-01 1.3582056373e+00
1.2423124640e+00 -8.8497293992e-02 1.6654449024e+00
2.4378845926e+00 -1.2371868270e+00 -1.0693509053e+00
9.4709217536e-01 -1.7735605680e+00 -5.1846350500e-01
2.6906366156e+00 1.7348598649e+00 7.7994714616e-01
1.7570611422e+00 2.1421036341e+00 7.8218058009e-01
-8.8133762782e-01 2.8083956374e-01 1.4474678935e+00
2.0835437852e+00 3.0929886769e+00 7.6123401509e-01
1.3825523187e+00 -1.0379604366e+00 -4.0290804901e-01
-1.0354672640e+00 -1.5184950904e-04 1.5616865535e+00
-1.4650029217e+00 1.4817906958e+00 1.3724887948e+00
3.2278900573e+00 -2.6813251654e+00 1.4634896069e-02
-2.0415923788e+00 -4.6444096891e-01 1.0464727053e+00
-2.0112090501e+00 7.9612500840e-01 7.8773812762e-01
3.0133647887e-01 1.2422393586e-02 2.1604387042e+00
2.3638690988e+00 2.4923705113e+00 1.0275181710e+00
-1.7742711252e+00 8.8876167999e-01 1.1604693683e+00
-1.0311393805e+00 -9.2276571061e-01 1.2379684898e+00
-1.5223038887e+00 -1.5607912016e-01 1.3890362080e+00
-4.1371380863e+00 -2.3574840439e+00 1.0285010245e-01
-1.7967298851e+00 2.5716533596e-01 1.1431503534e+00
-8.4200758053e-01 2.8231985456e+00 -1.3505259832e-01
1.6580398587e+00 5.7708379603e-02 1.0879134815e+00
-2.1856669173e+00 -1.1533748339e+00 5.3507834067e-01
-1.9256184517e+00 -3.9390144418e+00 1.0402092945e-01
-2.8793863820e+00 1.0761739872e+00 -1.0189501460e-01
2.0567650060e+00 -3.8133671079e+00 -2.9267729528e-01
-1.5228246607e+00 1.5335763596e+00 1.2806808477e+00
1.1748430353e+00 8.7586029939e-01 2.1761184444e+00
1.7122762612e+00 2.4259137855e+00 6.6414606261e-01
-1.4529081280e+00 -2.0312789120e-01 1.3001782249e+00
2.0718213418e+00 1.2182503082e+00 1.2329544689e+00
-2.1618123790e+00 2.0779463577e+00 3.7251709137e-01
-2.8100789304e+00 3.2299579267e+00 -7.2625708703e-03
2.4145466017e+00 1.9823816033e+00 9.9193559053e-01
-4.7263432403e-01 -7.6859965445e-01 1.4290501734e+00
2.5671481093e+00 1.7684954923e+00 9.7829023097e-01
-4.4362240396e-01 -6.5308331035e-01 1.3946570430e+00
2.3009288149e-01 -4.2240001160e-01 1.6447169208e+00
2.0896205395e+00 2.1703138187e+00 8.9173205285e-01
1.5767777945e+00 -1.0681201574e+00 -7.0621631202e-01
-1.6628385558e+00 2.5833282885e+00 3.0655612722e-01
1.5249962552e+00 9.0487116383e-01 1.9014929525e+00
2.0501385093e+00 3.3924515688e+00 6.2362200373e-01
5.8893832699e-01 8.6529721022e-01 2.1806309085e+00
-9.5392545544e-01 -1.4426147466e+00 1.2031683777e+00
1.3339224143e+00 1.6406729788e+00 1.2044891244e+00
2.1165971412e+00 1.1273497865e+00 1.1218666399e+00
-1.1467501786e+00 -3.7549449402e-02 1.5246963043e+00
-2.7136947342e-01 3.3687759879e+00 -4.5018446945e-01
-2.5368354308e+00 4.2820427868e-01 4.0053101438e-01
2.9049148454e-01 1.5365003693e+00 1.2313171506e+00
1.3274260272e+00 2.9171870167e+00 2.0398454352e-01
2.8996415464e+00 2.6435545167e-01 -6.1470100835e-03
1.6983148179e+00 2.9973607381e+00 4.4802895961e-01
2.9646144375e+00 2.3469181729e+00 6.7520018551e-01
-1.2741503986e+00 -4.8819776272e-01 1.3435920160e+00
1.8269763276e+00 -1.0677377490e+00 -1.0631216832e+00
5.7500734429e-01 -7.6590121012e-01 1.1488871305e+00
-1.3965504980e+00 2.1327527009e+00 8.7689292782e-01
9.7189497324e-01 1.7150622947e+00 9.3572326488e-01
2.4451908915e+00 -1.3468044792e+00 -9.3874305574e-01
-5.0925382569e-01 1.7646069326e-01 1.8083456525e+00
-2.0490488359e+00 2.4100183565e+00 2.7412390278e-01
-1.4338445405e+00 3.0035090570e+00 9.3101170918e-02
-2.3243456029e+00 3.9634041132e+00 -1.1086546228e-01
-9.2358289822e-01 2.5231883028e+00 1.7133595068e-01
2.7108339616e+00 -4.0338624495e+00 -1.5426058563e-01
1.2623426404e+00 -1.0974381672e+00 -3.1945316839e-01
1.5325669904e+00 2.4833529861e+00 5.2403274947e-01
-8.9165223780e-01 4.9671290999e-01 1.5621840232e+00
-5.3108823427e-01 2.4120955700e+00 -1.9450632498e-02
-1.9333277821e+00 1.6690226571e+00 1.0151781626e+00
2.6296328011e+00 2.2915164125e+00 8.6855651875e-01
1.7006405840e+00 1.2858029467e+00 1.4323383725e+00
4.0787705559e-01 -5.2101616655e-01 1.4541784842e+00
-1.6508535823e+00 1.5735712396e+00 1.2711895107e+00
-2.1041101446e+00 5.1520846163e-01 7.5800133429e-01
2.8873344250e+00 2.9460851350e+00 5.9416099912e-01
-1.1621151464e+00 -1.0135893291e+00 1.1955844920e+00
3.7203128311e-01 -2.4444928218e+00 -2.4056738576e-02
-9.6739735484e-01 5.1252790694e-01 1.4490184116e+00
-4.2997087399e-01 -3.8425569058e-01 1.5348058672e+00
4.7212374845e-01 2.3662097264e+00 -6.5754582338e-02
-1.0194936998e+00 3.9097334241e+00 -5.3794514309e-02
-5.5265703847e-01 -2.5185423054e+00 6.6847664351e-01
-1.3980185503e-01 -1.3703696852e+00 1.0127196978e+00
3.4875228843e-01 -8.8540564491e-01 9.9550799477e-01
1.8835090286e+00 3.1165330347e+00 6.1526026274e-01
4.6757620776e-01 1.9333857254e-01 2.3746788031e+00
-6.0157642527e-01 7.2181540554e-01 1.4132718481e+00
1.8172875609e+00 6.2989284491e-01 1.5900493823e+00
-9.5623223457e-01 -8.9620240917e-03 1.4513678027e+00
-2.2898747084e+00 4.3402984818e-01 6.8504962281e-01
-1.2659857396e+00 6.5210170510e-01 1.2952136984e+00
-2.0601136114e-01 6.7170119035e-01 1.8787848400e+00
3.9623944479e+00 2.9649709533e+00 -1.3606923065e-02
-2.0221185271e+00 1.5894357475e+00 7.8948783890e-01
1.2832466927e+00 1.3353981690e+00 1.4631250812e+00
-2.2621045054e+00 1.1105095748e+00 5.3415583757e-01
-3.1477244837e+00 2.1210527045e-01 3.8413926523e-01
-2.2886448470e-05 -6.1118509978e-01 1.4927406829e+00
2.4498607144e+00 7.4506456205e-02 -5.8943144400e-02
8.2559241168e-01 2.1206196327e+00 2.7022960723e-01
2.6088571065e+00 7.7224059765e-01 5.2927552546e-01
-7.8238464726e-01 -6.1660810867e-01 1.2658067131e+00
1.0570049047e+00 -1.4745915233e+00 -1.7147541377e-01
-2.2080470764e+00 6.5193600431e-01 7.9986756400e-01
2.0285479975e+00 -1.0837587407e-01 6.5950510174e-01
3.9619897398e+00 1.0798342898e+00 2.0575319911e-01
-1.6524851778e+00 4.3309080085e-01 1.1993200900e+00
-1.0423317782e+00 -1.8013068602e+00 1.0071341413e+00
8.2333867569e-01 -5.8242872351e-01 1.1689969538e+00
-1.9458181334e+00 6.3569316322e-02 9.7192622309e-01
2.1713586929e-01 7.9988261720e-02 2.0948286506e+00
-1.6216209002e+00 -1.1529574824e-01 1.2643363475e+00
-1.1772072801e+00 -4.4114544864e-01 1.3352382022e+00
-1.8796156827e+00 1.9829345904e+00 7.9169064806e-01
1.5404228336e+00 1.9616186472e+00 9.2355861641e-01
1.5229108388e+00 4.0489550290e+00 2.9994938089e-01
2.8588557237e+00 -9.0649723379e-01 -7.6995550852e-01
-2.4648571500e+00 2.7445271853e+00 1.0630856247e-01
1.2462134340e+00 1.9950443787e-01 1.8030305485e+00
-4.4712793445e-01 1.8698437691e-02 1.8821518528e+00
-1.5000637912e-01 4.3764111717e-01 2.0803076429e+00
1.0989972073e+00 -4.0372336013e+00 -1.2026269512e-01
1.3389163501e+00 1.9151318303e+00 9.4042543899e-01
2.0784649319e+00 -3.9507112146e+00 -2.5106240299e-01
1.2294968988e+00 2.8787978814e+00 9.8374187598e-02
-2.9471016180e+00 1.1153209197e+00 -2.0982135507e-02
2.6806087253e+00 -7.5353862068e-01 -8.3922391355e-01
-8.3662067779e-01 -4.4069682285e-01 1.4450572361e+00
-2.3354181242e+00 5.9273985206e-01 5.8372212253e-01
1.6764383568e+00 1.3442824982e+00 1.5225199543e+00
-6.1889875609e-01 1.0627859542e+00 1.3517437715e+00
-2.1321601071e+00 -8.3566387957e-01 7.7756908033e-01
2.2565690883e+00 4.0191013181e-01 5.4397880576e-01
-2.2672950059e+00 -9.4368888579e-04 9.2482484740e-01
2.9093065615e+00 2.0918377540e+00 6.8421114950e-01
-2.3551311368e+00 1.2376712063e+00 2.8954142027e-01
-3.2084326355e+00 -1.8816834070e+00 1.1668601501e-01
4.0022465926e+00 3.5308948347e+00 1.0796853463e-01
1.2088235484e+00 -5.1839068871e-01 7.4476163373e-01
-2.9673274097e+00 -4.0294793758e-01 4.9994384672e-01
2.0493018066e+00 1.9891926228e+00 1.1015105785e+00
1.2650915905e+00 1.2941638936e+00 1.6068600104e+00
1.0626342865e+00 -1.6015355849e+00 -6.5451053179e-01
-3.6841364684e+00 9.6857558948e-01 2.4929093289e-01
4.0694616939e+00 3.3018029922e-01 3.1359982921e-01
-1.1393640894e+00 9.1707326985e-01 1.4021806592e+00
5.4896374560e-01 1.5711327129e+00 1.1527158462e+00
1.2627808324e+00 1.1152096293e+00 1.8100008034e+00
3.2600888661e+00 2.1546365231e+00 4.7772768478e-01
1.9295213923e-01 6.5374779241e-01 2.0295561148e+00
1.7713123180e+00 1.2501801840e+00 1.5491717027e+00
1.0012725984e+00 1.1368779553e+00 1.7432021731e+00
1.7148508339e+00 6.3423206867e-02 9.3161950204e-01
1.7376863851e+00 1.6809776054e+00 1.2800624717e+00
1.9921136305e+00 1.9205201087e+00 1.0880524190e+00
-2.8134467397e+00 2.4952168970e+00 -3.3520633390e-03
2.1420517377e+00 -8.8551792965e-01 -7.8449469853e-01
2.6910095596e-01 -1.6816389039e-01 1.8709110853e+00
1.5637450152e+00 1.1787481682e+00 1.6200795391e+00
1.5111328200e-01 -4.9009428970e-01 1.5134405343e+00
-2.7246648038e+00 -1.3401790114e-01 5.6456409972e-01
-3.5785126148e+00 -3.0253834493e-01 5.0489410662e-01
-1.9912548784e+00 1.1182709069e+00 9.0685299537e-01
-1.9068886371e+00 -5.1721993750e-01 1.0857170399e+00
1.4171018268e+00 3.8968766246e-01 2.1392998165e+00
-1.3842351524e-01 8.3708493929e-01 1.7548105558e+00
-2.3973896850e-02 9.4649235437e-01 1.6968016062e+00
2.2683087477e+00 1.7528292425e+00 1.0430210210e+00
2.5687336615e+00 1.2126850318e-01 -1.6600396236e-01
1.1685380723e+00 4.2128800343e-01 2.2647642097e+00
2.0796891876e+00 -2.9591331784e+00 -6.1477106733e-01
-4.0854307916e+00 3.5454975991e+00 -1.9541635050e-01
-1.9588093151e-01 -1.1956994724e+00 1.0881385653e+00
-1.9707262645e+00 9.9709885591e-01 8.7805814446e-01
1.8623677606e+00 3.3452716992e+00 5.8544082253e-01
-2.3380525165e-01 -1.5666344536e+00 1.0624456364e+00
-1.5557069051e+00 3.6127181482e-01 1.3634470004e+00
1.9304696112e+00 -9.7998001905e-01 -8.2269501212e-01
2.1148342848e+00 2.4829878031e+00 8.6188480225e-01
4.1869036538e-01 -7.1846135467e-01 1.1547978135e+00
-3.6473722135e+00 6.8975457029e-01 4.0530262428e-01
4.8084419851e-02 1.1438755381e+00 1.5702796951e+00
-4.4076898850e-01 3.2866519706e-01 1.7602653717e+00
-2.6415677995e+00 5.3831014940e-01 2.5976693868e-01
-6.8718809666e-01 -9.2311232273e-01 1.1787189589e+00
3.2850038961e+00 -5.5494851251e-01 -4.1252923434e-01
-5.4482736214e-01 3.2573678063e-01 1.6284521525e+00
9.5523231235e-01 1.8970796384e+00 7.8482361504e-01
4.1154549852e+00 -1.9022571850e+00 -1.5832345362e-01
-3.9292226843e+00 -2.4228455496e+00 -7.0283520326e-02
-7.7610861405e-01 1.0180729723e+00 1.4255126777e+00
1.1489031399e+00 1.5718119662e-01 2.0137620225e+00
-2.2622758044e+00 -2.4482149377e-01 7.3929869974e-01
-2.7559419159e-01 9.7596478884e-01 1.4578481311e+00
2.5977645301e+00 7.2468018422e-02 -3.7040644567e-02
2.1384478079e+00 4.0722359586e-01 9.2626570365e-01
-2.4323820027e+00 -7.9998804956e-01 4.4428199570e-01
1.6364830542e+00 2.5858298243e+00 6.2865362641e-01
2.1099639051e+00 2.0475808331e-02 5.0108123483e-01
9.9931357468e-01 -1.3408191453e+00 -2.0628469234e-01
1.0877391758e+00 9.4830673581e-01 2.0491429655e+00
2.7437581118e+00 1.7569856693e+00 7.3164343659e-01
-1.4720407999e+00 7.3462475907e-01 1.2687606628e+00
-2.7979530724e+00 7.5048608143e-01 2.5938243380e-02
-1.2985572768e+00 1.2365651487e+00 1.5068194378e+00
-2.1037973755e+00 2.6068617166e+00 2.6602612511e-01
4.9892499070e-01 -4.0196481867e+00 1.6303066736e-01
1.3455470800e+00 -1.6315633801e+00 -8.9966218445e-01
2.4883055359e+00 2.0400239131e+00 9.8033307026e-01
4.3692399571e-01 -1.6304409608e-01 1.9197635746e+00
-1.1314891063e+00 -1.8998927368e-02 1.4774628059e+00
1.7240490349e+00 -1.1266388454e+00 -1.2175643697e+00
1.4125699864e+00 1.3554865983e+00 1.6204481805e+00
1.0854824202e+00 3.3802070949e-01 2.3552867952e+00
1.6267281920e+00 -1.1904880290e+00 -9.0584168907e-01
2.2783028298e+00 2.3342775259e+00 1.0100275080e+00
5.3543823206e-01 -6.9199122094e-01 1.1075077145e+00
-4.5415742600e-02 1.3082632872e+00 1.3643804152e+00
1.2480671032e+00 1.5289674005e+00 1.4860220416e+00
8.2534140371e-01 3.2130330875e-01 2.3841708678e+00
-1.8495770469e+00 2.0723916133e-01 9.4304613162e-01
-1.4185938605e+00 -8.7189546989e-01 1.1133468079e+00
-2.4018997002e+00 2.0238460774e+00 1.9606049285e-01
2.9867209814e+00 2.0103648956e+00 5.6073206688e-01
-1.5678354006e-01 -4.0419498371e-01 1.6378572422e+00
6.3432967394e-02 -1.8580647503e+00 4.7961698746e-01
-1.2603731641e+00 1.0952032488e+00 1.6269809454e+00
9.4396360503e-01 -7.4596454314e-01 4.7551708226e-01
-1.8858050061e+00 -6.6965956523e-01 1.0775480425e+00
-1.4022516812e+00 2.5895530836e+00 2.5386882825e-01
9.9540120616e-01 1.2819007292e+00 1.6364931770e+00
-7.9108621279e-01 9.5878887118e-01 1.4290169819e+00
-1.0136437231e+00 1.8317693053e-02 1.5277422699e+00
4.4938247656e-01 -6.5058011844e-01 1.2807529405e+00
-1.8509795442e+00 1.4616998667e+00 9.8865312692e-01
-1.0067457426e+00 -2.9479470351e-01 1.4420123139e+00
-1.0825983964e+00 1.3919871802e+00 1.5742256060e+00
9.3205889117e-01 1.1663507375e+00 1.6779276273e+00
-4.0203952308e-01 -4.6193127141e-02 1.8615224393e+00
-1.6915908820e+00 6.8285339870e-01 1.1862324083e+00
-3.8675138171e-01 6.7844440149e-01 1.5244013855e+00
-1.3244592380e+00 -2.8297992049e+00 4.1899398521e-01
1.7331980492e+00 4.0186141149e+00 3.1615262995e-01
-4.0696150168e+00 2.8972836720e+00 -3.9089288528e-01
1.3270800133e+00 -5.1272846889e-03 1.7113627395e+00
6.7150447413e-01 3.1927231412e-01 2.5892183875e+00
-3.1836420617e+00 2.0212750339e+00 -1.1679266136e-01
1.8604849682e+00 5.7566058012e-01 1.3914431458e+00
1.7890196994e+00 -4.1947479168e-01 3.9684972461e-01
-2.5019834997e+00 2.5050954936e+00 -2.8292481888e-02
6.6544137262e-01 -1.1460749477e+00 5.7180211949e-01
-1.7550610445e+00 5.0724245696e-01 1.1619598231e+00
-3.8092202231e-01 7.1042768649e-01 1.5659529616e+00
-1.2299680419e+00 1.9408652116e+00 8.5116778286e-01
-1.0328043469e-01 2.4218705985e-01 2.0651252556e+00
1.0101350085e+00 -3.2170332684e-01 1.3840143213e+00
-4.0803705293e+00 -2.4426102806e-01 6.0909146400e-01
9.2509053930e-01 -8.7334232169e-01 5.3452025816e-01
2.5093014330e+00 2.1840292535e+00 9.4787912077e-01
-2.9609654619e+00 2.4476051944e+00 -5.0759085975e-02
-9.7052397934e-02 -3.9384643448e+00 2.9187463500e-01
-1.3573474907e+00 7.9073095560e-01 1.3128547618e+00
-1.3702963091e+00 2.0155011729e+00 8.0266538265e-01
-1.8614442862e+00 -8.9002956596e-01 9.3980705373e-01
4.9403236860e-01 -6.0334993427e-02 2.0151390794e+00
-1.8334372038e+00 5.0012323348e-01 1.0347484318e+00
1.2105412285e+00 1.6569405202e+00 1.0306577569e+00
6.0502168421e-01 -6.5210630288e-01 1.1723407764e+00
1.5598484813e+00 -1.8840775588e-01 1.0378115926e+00
2.2570307180e+00 2.0678605172e+00 9.0143489086e-01
-6.5161625917e-01 1.0305695958e+00 1.6871962853e+00
1.6861706676e+00 3.6010989919e+00 5.3526253226e-01
-4.8851788803e-01 9.3706115436e-01 1.4478036295e+00
4.1118400799e-01 6.6876178406e-01 2.4631849860e+00
-3.2971212331e+00 2.0598671079e-01 6.2212535066e-01
2.4870628682e+00 2.2221595695e+00 9.6818321397e-01
-1.1610162589e+00 2.0335925961e+00 7.4663093354e-01
1.4114915606e-02 -1.9643410793e+00 6.6492286677e-01
4.0467188562e+00 -8.4829553607e-01 -1.0061705010e-01
2.4106060888e+00 1.1954769914e+00 8.3401055997e-01
-1.2265723735e+00 5.0177052648e-01 1.3828455219e+00
-1.6736036978e+00 8.7837502579e-01 1.3869528186e+00
-3.0418498779e+00 -1.7884703258e+00 7.0140508398e-02
-6.7347325634e-01 3.8708400597e+00 -1.0066504313e-01
-1.5033124710e+00 -7.6465791986e-01 1.2771845630e+00
-1.8313869534e+00 2.0877082128e+00 5.0049825379e-01
-5.6588948069e-01 -9.8331845367e-01 1.2336216621e+00
-1.8228328855e+00 8.1999557441e-01 1.1728802967e+00
2.2200355764e+00 3.8276472367e+00 3.3928186140e-01
-1.8470303550e+00 7.1514108677e-02 1.1471734021e+00
-1.5868638410e+00 1.7047432480e+00 1.0964959881e+00
1.5350965625e+00 2.8199571030e-01 1.5801746310e+00
-1.9913622764e+00 -1.8730031885e+00 3.9329883965e-01
2.4762578272e+00 -1.1075435117e+00 -9.3982761311e-01
-4.0191011943e+00 2.5174443242e+00 -4.4085352838e-01
1.6785610053e+00 2.8995162794e-01 1.5144253129e+00
2.4167144401e+00 1.2375749295e+00 7.6475200264e-01
-2.6190728515e+00 2.2068135569e+00 -3.7361568830e-02
2.9956711781e+00 8.9135125366e-02 -2.2772093624e-01
6.7369079042e-01 8.9740206333e-01 2.2795854612e+00
-5.9306115954e-01 6.5872373108e-01 1.4745511063e+00
-1.8995411191e+00 5.8849955378e-02 1.0051044551e+00
1.7396836819e+00 2.4277592300e+00 6.7802166741e-01
8.6201841027e-01 1.1166532721e+00 1.9799462798e+00
1.0724103122e+00 1.5571819234e+00 1.2157256279e+00
1.2852826683e+00 1.9877353286e+00 8.0940360191e-01
1.3717555155e+00 2.3067616300e+00 3.9297684499e-01
1.4264461325e+00 -5.6093728477e-01 5.4891286005e-01
-2.6030641396e+00 -3.9614245344e+00 -8.4402690465e-03
3.6736692616e-01 -6.4334551792e-01 1.2583578129e+00
-4.0534705583e+00 -1.2916607045e+00 2.3139499800e-01
-1.9342016899e+00 1.7935502017e+00 8.0390773649e-01
1.5311680463e-01 -1.1287382718e+00 9.3863590799e-01
-1.7192918519e+00 8.6739357513e-01 1.3189593042e+00
1.8940081784e+00 8.4511594927e-01 1.5922140148e+00
3.8975237008e+00 -2.4847793802e+00 -1.4538380122e-02
1.3900508980e+00 2.3364666415e+00 5.5255960037e-01
-6.7399204547e-01 1.6872575928e+00 1.0585507372e+00
2.6743228903e+00 1.8636135768e+00 6.9375204865e-01
8.4877157265e-01 -4.3351554718e-01 1.4841317638e+00
2.1495804269e-01 1.1839049467e-01 2.2473214317e+00
1.3327134362e+00 1.0989987729e+00 1.8487259118e+00
8.8487741122e-02 -2.3216382952e+00 3.3888528498e-01
4.5375542777e-02 3.2892506831e+00 -4.8367922731e-01
1.2709423490e+00 1.8476230661e+00 8.3034907360e-01
-4.7765691037e-01 -5.7088031335e-01 1.2998668285e+00
2.0723079191e+00 4.6909542572e-01 1.0943750862e+00
-5.7042882578e-01 2.2901760579e-01 1.7117677779e+00
-2.9288925513e+00 -8.0345424434e-02 6.4411870195e-01
2.8219859586e+00 2.0597482591e+00 8.3664270640e-01
-3.8950356153e+00 -7.8459863552e-01 3.5226372102e-01
-3.1721084932e+00 2.4912357763e-01 4.8456605277e-01
7.5983322814e-01 1.0327998336e+00 1.9207041817e+00
-3.5238297504e-01 1.4083304614e-01 1.9638022195e+00
-2.2674192106e+00 3.0084778493e+00 1.2803302202e-01
4.8330088712e-01 -4.6490110093e-01 1.4619125025e+00
8.2410257535e-01 -8.7252551290e-01 4.1951842547e-01
2.7772392047e+00 -1.9219607783e-01 -3.9343935864e-01
7.8087610059e-01 1.0002814735e+00 1.9421321104e+00
3.4884771959e+00 3.6704649352e-01 2.6120903822e-01
-1.0063097739e+00 1.0373385124e+00 1.4731658394e+00
3.5474665895e+00 2.6811122284e+00 3.1714465828e-01
7.4042184515e-01 -1.1223279379e+00 5.1120897182e-01
-8.9759122518e-01 -9.4064003044e-01 1.2481421940e+00
1.3193157962e+00 1.3262707242e+00 1.4531693881e+00
-4.0256471568e+00 -2.4544083488e+00 -1.4783172456e-02
-1.7961287653e+00 -7.2744875287e-01 8.6569126862e-01
-1.5709950750e+00 1.6798878400e+00 1.1603070891e+00
3.6803431550e+00 -1.5031902057e+00 -1.4143680605e-01
2.7427219273e-02 -3.6469493507e-01 1.6616105928e+00
1.5670599422e+00 1.6206570643e+00 1.3454059620e+00
2.2259029521e+00 4.9553891094e-01 1.2066884192e+00
1.4800855448e+00 -2.7662766657e-01 1.1638121266e+00
-1.0632867911e-01 5.7079277154e-01 2.0587003585e+00
3.2868925001e+00 1.6190924528e-01 -1.7412160908e-01
-2.4287774665e+00 3.3911447024e+00 1.8614547886e-01
1.0607907089e+00 5.8497618192e-01 2.4655502756e+00
1.0258408811e+00 9.3179155604e-03 1.9827376720e+00
3.9815563170e-01 6.2922735771e-01 2.3317085161e+00
1.6113167277e+00 6.9223807800e-01 2.0193867186e+00
-2.3156032531e+00 -1.1631536668e+00 3.5383935495e-01
1.5016145365e-01 4.1976303076e-01 2.1970916670e+00
8.8243396628e-01 -2.8038079463e-01 1.7941706546e+00
-1.7743168885e-01 -4.7148812794e-01 1.4643939237e+00
-2.6512295969e+00 3.9598758438e+00 -1.2033125116e-01
-1.9529507559e+00 -1.3889088240e+00 6.2210489803e-01
-1.6961231270e+00 -1.1106140826e+00 8.6362784646e-01
3.1310763433e+00 -2.5216090684e-01 -4.0391178979e-01
2.4250303945e+00 -4.0925424957e+00 -1.4523425708e-01
-2.2071731797e+00 2.8897365667e+00 1.6907603510e-01
7.7253187798e-01 1.1594090171e+00 1.8140042668e+00
5.4223724722e-01 -1.5319218465e+00 3.6047765807e-01
1.0177894798e+00 -7.6189160272e-01 6.5716891437e-01
-5.9532438267e-01 2.3134121141e+00 2.1220939990e-01
-8.6165047303e-01 1.8903500130e+00 9.7068533715e-01
-1.2170316878e+00 1.9004526198e+00 9.6888761973e-01
3.4007313974e+00 1.5080697334e+00 3.5384937332e-01
-7.0745748274e-01 -3.1364184467e+00 3.2314769276e-01
-8.2902983756e-01 -2.7759662544e+00 5.3948336899e-01
1.9038850201e+00 3.1668578727e+00 6.6715096991e-01
4.0266187194e+00 -2.4576672420e+00 -1.1606849601e-01
6.7627525595e-01 -9.7772912659e-02 1.7409009324e+00
-1.8034313574e+00 4.5402658045e-01 9.9351394211e-01
1.3726943222e+00 1.8729030585e+00 8.5664622201e-01
-4.5770553662e-01 1.0332799209e+00 1.3274890454e+00
-9.4891372835e-01 1.3446425464e+00 1.5457487059e+00
1.8805263088e+00 2.0095281608e+00 1.0168986988e+00
-2.6248108929e+00 -1.8966365893e-01 6.5250350715e-01
-1.7184055079e+00 -5.8855371507e-01 1.1566699056e+00
-9.6316878698e-01 1.3933568855e+00 1.5260623165e+00
4.2050853829e-01 1.7794305799e+00 8.6203302764e-01
-1.9654020324e+00 6.3322085866e-01 8.1959369146e-01
-1.8183078113e+00 3.7755626681e-01 1.1123784306e+00
1.9991368975e+00 2.3026260217e+00 9.5026525321e-01
1.3109119106e+00 6.7935376911e-01 2.2736645935e+00
-8.9913418020e-01 -8.1782980033e-02 1.5732669152e+00
-2.0394874575e+00 -3.9920739501e+00 7.7822286078e-02
-6.0822701625e-01 -8.9147349964e-01 1.1664918899e+00
1.0887858185e+00 1.4504254305e+00 1.2456876478e+00
1.4071482437e+00 1.1447172871e+00 1.6143990009e+00
-2.7817950973e-01 6.7783734168e-01 1.6493959727e+00
-1.9881388382e+00 1.7693337407e+00 6.8382608507e-01
3.7159993185e+00 2.4612866562e+00 1.6292425655e-01
-1.1573722016e-01 -3.8139744721e-01 1.6614322050e+00
-1.4666952041e+00 2.4386633365e+00 4.9147631718e-01
-2.5306904316e+00 -8.2409464592e-01 5.4475372241e-01
3.9390905095e+00 -3.1031275450e-01 1.9850580881e-01
1.4818179547e+00 1.5880934878e-01 1.4746427477e+00
1.2671929638e+00 6.7866580711e-02 1.6375637173e+00
-1.3825091458e+00 3.5436086804e+00 4.8060547056e-02
1.9801604425e+00 -8.1199267973e-01 -5.2160017881e-01
-8.3551703932e-01 -2.2605639684e+00 7.1154852822e-01
4.2229433404e-01 -8.1473133384e-01 1.1735159658e+00
5.1141615328e-01 4.2364775467e-01 2.4813122867e+00
-5.9455019682e-01 1.4569266210e+00 1.1991252542e+00
-3.9876383974e+00 2.2449415434e+00 -3.0847648857e-01
1.2047719844e+00 2.0803752884e+00 7.3088726460e-01
2.1658927209e-01 -9.3866578127e-01 1.0482391957e+00
-1.6173091154e+00 1.2943779482e+00 1.4558719056e+00
-2.2235678010e+00 3.2237137618e-01 6.6689578092e-01
-7.3971416895e-01 -3.8046791461e-02 1.5244698411e+00
-9.9676455255e-01 -7.3087588729e-01 1.2274694835e+00
1.2500253417e+00 -1.5746547520e+00 -1.0058873877e+00
4.7937322113e-01 1.4552588327e-01 2.2802643056e+00
-8.8322429801e-01 3.6937295966e-01 1.5263112444e+00
2.7933320755e+00 1.4040713797e+00 5.1064448375e-01
-6.3405501527e-01 -7.8049789916e-01 1.2821341657e+00
-1.5482282197e+00 1.4784892200e+00 1.3974187402e+00
-2.9628796587e-01 -6.3637782399e-01 1.4596950295e+00
1.3528428540e+00 2.1893242776e+00 6.5827527126e-01
5.7927995658e-01 8.8769118426e-01 2.0687872487e+00
-1.5479547052e-01 -8.6015337463e-01 1.2279663641e+00
-8.9650093416e-01 1.4348983078e+00 1.3021824346e+00
3.5708747106e+00 2.8018123219e+00 1.8380984215e-01
-2.3237548742e+00 -9.7999516026e-01 4.8200256575e-01
1.6843594281e+00 1.4861148825e+00 1.3584064843e+00
2.7186435800e+00 -9.4703053706e-01 -7.9169984586e-01
7.7292870566e-01 2.8026128031e+00 -2.1668408990e-01
1.7836215612e+00 2.0120076412e+00 9.7997465293e-01
-1.8001098870e+00 1.4211037204e+00 1.2222464787e+00
-3.1995970984e+00 1.1172440080e+00 -2.2681265275e-02
7.6563084966e-01 -1.2572745120e+00 -6.8964602704e-02
-9.0288989027e-01 4.0548821059e-02 1.6391837632e+00
2.0194974424e+00 6.6557709881e-01 1.1388307230e+00
-2.7119906417e-01 2.0419150645e+00 4.4818020542e-01
9.5988557735e-02 -1.6800106018e+00 8.0038976656e-01
1.3488967162e+00 1.7402885187e-01 1.9448930426e+00
1.4778364782e+00 2.1487065938e+00 7.0435847753e-01
-2.2625214321e+00 2.3136313801e+00 2.9856054776e-01
1.3678027633e+00 -2.9559492477e+00 -6.9176085275e-01
-5.7264923882e-02 1.7528341575e+00 9.1443101235e-01
-3.0053332755e-01 -9.3855525131e-01 1.2654903904e+00
1.1329522190e+00 6.4873920379e-01 2.3647299749e+00
4.8754717529e-01 -1.2688505533e-01 1.9145659275e+00
-8.4017779254e-01 -6.0651375438e-01 1.2544778837e+00
-1.7058034614e+00 -6.2027392873e-01 1.0986657221e+00
-2.5893021263e+00 -4.6099144809e-01 5.9038252313e-01
1.4721782250e+00 7.4527513074e-01 2.0067895325e+00
2.6357937548e+00 1.3385448716e+00 5.5231117317e-01
-2.5431242842e+00 -4.9917195617e-01 6.0524152367e-01
-2.4575247820e+00 3.8249645902e+00 -2.1163808727e-01
1.6845901051e+00 2.4739812160e+00 7.1705765671e-01
1.0633569484e+00 -2.3562970638e-01 1.6246461465e+00
2.3166723759e+00 8.2894121537e-01 1.1238999356e+00
1.5169662321e+00 2.3460622128e-02 1.3964003900e+00
2.4542409748e+00 -4.7883253914e-01 -4.5333785467e-01
-7.9041268670e-01 1.0901563054e+00 1.3638200218e+00
-9.3857143026e-01 1.0000884905e+00 1.4814533574e+00
-8.7600132231e-01 6.7596374937e-01 1.4437508841e+00
-3.5155356599e+00 9.2274096712e-01 1.5531546924e-01
-2.6584070237e+00 -2.8024620215e+00 1.8532670456e-01
-1.0779065543e+00 -1.8501316047e-01 1.4639117716e+00
1.3657000145e+00 6.8917016455e-01 2.2036948730e+00
-1.5096925476e+00 2.0792033369e+00 8.5987804724e-01
-1.9296451049e+00 4.9762359031e-01 8.1900626248e-01
-2.4391998542e+00 -2.7752014128e+00 7.5833993265e-02
-3.7295228623e-01 -2.3565999075e-01 1.7264223133e+00
9.6794237039e-01 -8.8215799962e-01 7.4748930683e-01
1.6468532908e+00 -1.1482682722e+00 -8.3621847829e-01
3.9661162185e+00 -1.4366152866e+00 1.3085784128e-02
2.0256137400e+00 4.0409334805e+00 2.1282651388e-01
2.1638905199e+00 1.3949170850e+00 1.1458663453e+00
7.4170047518e-01 -1.5515918529e+00 9.2256122347e-03
1.3706968935e-01 -2.9807752924e+00 3.2513082533e-02
1.7012448935e+00 1.8492597646e+00 1.0119709416e+00
-1.9169212128e+00 1.1951819537e+00 9.0267430180e-01
2.1563383278e+00 3.5210585828e+00 4.8955015750e-01
1.9636885648e+00 1.6718026596e+00 1.3061744514e+00
2.4266438816e+00 2.7223052090e+00 8.7292979294e-01
8.0299967742e-01 1.9105066640e+00 6.2559355016e-01
-1.0404379484e-01 2.3064458613e-01 2.0867976636e+00
2.4640995189e+00 -1.0566682282e+00 -9.5839272726e-01
-2.7916019556e+00 1.9018833813e+00 -6.9483282572e-02
-6.2377110635e-01 -4.0329680164e-01 1.4710290184e+00
-1.2940462934e+00 3.2731634414e+00 4.7390435163e-02
2.6020469206e+00 5.8347265094e-02 -1.3330035254e-01
-2.0183788961e+00 2.9768942356e-01 9.2637202037e-01
-1.8777904934e+00 1.4658712255e+00 1.0073135177e+00
8.2853971547e-01 -6.4513368232e-01 1.0373696374e+00
-2.0010108101e+00 -1.5240196433e+00 4.2989081065e-01
-1.5801196415e+00 1.3592798869e+00 1.4295108454e+00
-1.7571363758e+00 -8.3688225936e-01 9.5173674400e-01
2.2559567030e+00 1.6538033382e+00 9.2796321049e-01
-2.0090540792e+00 5.7085742949e-01 9.3031363750e-01
2.9593444883e+00 -1.3103436845e+00 -6.4700907148e-01
3.6982606210e-01 -6.8311785038e-01 1.2616068700e+00
2.1166919834e+00 1.9288189083e+00 1.0502931534e+00
6.5348666660e-01 -1.8557861880e-01 1.7872406751e+00
-1.5643520712e+00 8.8673972004e-01 1.3858698574e+00
2.2981403751e-01 -1.4699383214e+00 6.8461816887e-01
-1.4606772569e+00 1.8161107286e+00 1.1181858348e+00
1.7115329066e+00 1.7483966986e+00 1.1622212036e+00
-1.6372587292e+00 -1.0597410902e+00 9.4652661687e-01
-1.3630878902e+00 1.3717357640e-01 1.3938092156e+00
-2.5358513923e+00 -3.9691158414e+00 -2.6207193459e-02
-1.3420860851e+00 -1.3596102080e-01 1.4375764966e+00
-2.7432549673e-01 -1.7506877133e-01 1.8520127519e+00
-1.5439705064e+00 -1.7169967930e+00 5.9238110005e-01
2.0424725164e+00 1.1250607913e+00 1.0615857126e+00
-4.0563162945e-01 1.9915048848e+00 7.0107763395e-01
3.3327428121e+00 5.2590146028e-01 1.2996489564e-01
-1.4883094301e+00 -1.4657445861e-01 1.4358187551e+00
-6.2847321052e-01 1.0863333530e+00 1.4554406271e+00
3.0321675435e+00 1.4553834817e+00 3.6896757257e-01
1.8845743244e+00 -2.2308863622e+00 -1.3510584149e+00
-1.1138090656e-02 -1.8751228867e-01 1.7655641725e+00
1.3710060001e+00 1.7566998778e+00 9.0745010314e-01
9.7530838541e-01 7.7884395394e-01 2.2325849852e+00
3.6625633898e+00 -1.2902132370e+00 -1.7824367904e-01
1.1860488064e+00 -2.2537682134e-01 1.4467123861e+00
-2.6462501518e-01 9.1389443882e-01 1.6326230162e+00
7.5701505510e-01 2.5388779215e-01 2.4139211784e+00
-1.2414341452e+00 1.2644217724e+00 1.5079644085e+00
1.9016340688e+00 2.9273284278e+00 6.2114107807e-01
2.0757527857e+00 9.8457655231e-02 6.9776633794e-01
1.4453001227e-01 -1.6456728620e+00 6.4626244807e-01
-2.5511351859e+00 1.1058765594e+00 2.2602483143e-01
1.6953864947e+00 3.2975229636e-01 1.6896966862e+00
-8.0104318847e-02 1.7942577671e+00 8.4662230452e-01
1.3902595853e+00 -3.8054128987e-01 1.0912350154e+00
-2.1396149818e+00 1.3632190365e+00 8.4164091944e-01
1.3301107406e+00 -6.4556606517e-01 6.1664192649e-01
1.4267499730e+00 2.7890287447e+00 2.6694951706e-01
-4.6338232298e-01 1.2222002851e-01 1.7876900742e+00
-5.2726701083e-01 -5.0721423700e-01 1.3114538679e+00
-2.5992072425e+00 4.2725276873e-01 2.8256300762e-01
2.1220060876e-01 -1.0018695210e+00 9.5560696209e-01
1.5648794622e+00 -9.7863381059e-01 -8.4592775545e-01
1.4440150267e-01 3.7239706987e-01 2.5100805247e+00
-3.2777827805e+00 4.3958879025e-01 3.8040232865e-01
1.7435724975e+00 1.4296840362e+00 1.4006023006e+00
-1.3256208968e+00 8.3345498829e-01 1.4410091945e+00
-1.5441770125e+00 7.3896669715e-01 1.3487608330e+00
4.0511681957e-01 -1.8741216381e+00 2.3801467369e-01
2.4150811207e+00 3.8508280675e-01 4.5975199294e-01
1.4220746084e+00 1.8886324414e+00 9.7376133946e-01
-2.7843924577e+00 -2.7156640152e+00 1.2183624860e-01
-2.0211446617e+00 -1.1690407126e+00 4.8710759452e-01
2.8233636251e+00 -3.1672388512e-01 -6.4001198908e-01
1.6954197035e+00 -4.0201393092e+00 -1.9074446619e-01
-6.5314751972e-01 5.3972996378e-01 1.5305934255e+00
1.7019118629e-01 -4.0731727574e-01 1.6648106748e+00
-1.4572515051e+00 5.7863929942e-01 1.2663274887e+00
1.7138054208e+00 1.5158568474e-01 1.4426388902e+00
1.9777416814e+00 -5.9210010830e-01 -1.3600515345e-01
2.2598722463e+00 -1.7491645478e-02 3.9339383270e-01
-1.1504414295e+00 -1.7466776852e+00 1.0309772921e+00
3.6174470009e-01 -8.1870160623e-01 1.1807183157e+00
-2.4703487920e+00 -4.0334365474e+00 -1.4423369510e-02
1.3840635133e+00 1.0260253544e+00 1.8099544222e+00
2.5274091094e+00 1.3285496065e+00 5.8488944317e-01
1.0684407063e+00 -2.3927187899e-01 1.3123746666e+00
-9.2977282837e-01 1.9628285900e+00 7.1591820382e-01
1.9849543408e+00 -2.7710942934e-01 3.1076127996e-01
2.2378532986e-01 -1.1189672100e+00 9.4227622417e-01
-7.8766444967e-02 -1.0709887320e+00 1.1326216652e+00
2.3091025469e+00 -1.9802066032e+00 -1.0482208459e+00
1.8842399158e+00 7.1067514430e-01 1.3193348594e+00
2.9955072174e+00 4.2702225584e-02 -2.5100060331e-01
-2.4775793014e+00 3.2536813518e-01 5.8255931192e-01
1.8401061539e+00 -3.0083051279e-01 4.5683315349e-01
9.0963655720e-01 7.7823406915e-01 2.3449129931e+00
-1.5086903240e+00 3.1595833151e+00 -2.5467532153e-02
1.3050528288e-01 1.4078779515e+00 1.3917253396e+00
-7.6652359464e-01 2.8725078420e+00 -2.4546478089e-01
8.5762141562e-01 -5.0174534205e-01 1.3950587065e+00
3.2745107770e-01 -5.4384444667e-01 1.3951952658e+00
6.6207391830e-01 -9.6230103768e-01 5.8320916708e-01
4.2250471506e-01 2.2460102364e+00 3.0617077120e-01
-1.7976281257e+00 -1.1642460050e+00 7.0212911140e-01
-7.5205406232e-01 9.0985742793e-01 1.3781229367e+00
2.2383266971e+00 3.9677787490e+00 2.3466341049e-01
3.9844445336e+00 -6.8337795566e-01 -1.4918335056e-01
2.0150923090e+00 -3.9219275694e-01 7.3459376635e-02
-2.0003418925e+00 5.3704689295e-01 9.2767938211e-01
-2.8120551345e+00 -1.4602043974e+00 1.1164988022e-01
-1.9819440492e+00 -3.8737154070e-01 1.1448609793e+00
-2.3993300968e+00 1.9482194974e-01 6.1725977607e-01
-2.8470963075e+00 3.9644994876e+00 -6.6496250118e-02
2.6653972266e+00 1.9370393575e+00 8.4092495235e-01
1.8799967648e+00 -2.9226771356e+00 -6.3868460951e-01
-1.0298622527e+00 4.0672180092e+00 -5.5254659258e-02
1.8186907394e+00 -7.8725811044e-02 8.2476369088e-01
-6.0483447142e-01 -9.1259072506e-01 1.1363168145e+00
1.5818454456e+00 -7.1210506331e-01 8.4859584204e-02
-1.7069003946e+00 8.6876516290e-01 1.4386574032e+00
-1.2290437376e+00 6.8733605763e-01 1.4452291655e+00
1.1301000471e+00 2.3768757640e+00 3.0198191141e-01
-6.4725706278e-01 1.1030080106e+00 1.4727218250e+00
-2.8561333672e+00 1.6802681086e+00 -3.2878693984e-02
2.6003963433e-01 9.7943111416e-01 1.7859738611e+00
-1.4738978268e+00 1.0589957341e+00 1.4367967239e+00
3.2032847586e+00 2.8735074838e+00 4.5034919317e-01
-2.4239188000e+00 1.9112489994e+00 4.9648155992e-02
1.6397548843e+00 -3.4406689499e-01 6.1036098520e-01
5.5566036984e-02 -1.4007319666e+00 1.1106315059e+00
1.6277104774e+00 1.1798352843e+00 1.6264189390e+00
-3.2751756105e+00 -3.4734284692e+00 2.4865304763e-02
-5.0719331748e-01 -4.7554410813e-01 1.4263367025e+00
-4.2132592985e-01 5.3155874055e-01 1.8228212357e+00
5.8756517976e-01 6.6701305084e-01 2.4822749457e+00
2.7100942265e+00 1.5884245750e+00 5.9969492096e-01
2.1836606465e+00 1.1063232293e+00 1.0248513155e+00
-5.6839809196e-01 -4.0471345391e-01 1.6016395454e+00
2.0286168531e+00 2.2061985157e-01 8.6682910644e-01
1.5823729007e+00 1.8497386710e-01 1.7236903425e+00
-2.6454187514e+00 2.7555568985e+00 2.9041989340e-02
-2.0040012199e+00 3.1140799525e+00 7.6448839181e-02
-3.9399282653e+00 4.6060577916e-01 6.8861453800e-01
4.1852488569e-01 -1.1426644003e+00 6.0931964378e-01
-1.6214108309e+00 -2.6582139560e-01 1.2246440738e+00
2.1470367258e+00 8.9107869691e-01 1.0695166956e+00
2.1209828020e+00 2.7863839095e+00 7.6180790265e-01
2.7169807955e+00 1.5085681331e+00 6.6942504477e-01
2.2780108559e+00 3.9247220183e-01 5.1275788143e-01
1.9475697943e+00 1.2427201151e+00 1.3141006966e+00
-3.8083834547e-01 -2.8779411151e-01 1.6596050575e+00
-1.4045168701e+00 6.1296511904e-01 1.2726740210e+00
-1.7361345730e+00 8.4222380466e-01 1.2685541539e+00
2.7893463435e+00 4.0179612048e+00 2.5068759254e-01
-3.9820712086e+00 2.4835485483e+00 -3.0175655430e-01
-2.5333673431e+00 4.0245767794e-01 4.0805866448e-01
-7.7233931827e-01 9.3120670674e-01 1.3345643778e+00
-2.2075544591e+00 2.8747979698e+00 2.0542526930e-01
1.3735518019e+00 -1.7109031339e+00 -1.1457570555e+00
-5.9917436091e-01 4.7678605816e-01 1.5995298517e+00
2.8368730525e+00 7.5961272543e-01 2.0731309491e-01
1.2619209846e-01 1.0010764127e+00 1.7142637269e+00
2.6722720911e+00 2.7048876668e+00 7.7914401566e-01
2.3837659488e+00 3.1620003079e-01 2.8538185180e-01
-2.5129411769e+00 5.5709071455e-01 2.6976904939e-01
1.5555988721e+00 2.9193805516e+00 5.0913591539e-01
-2.2408849889e+00 -3.1913393035e-01 7.3464122814e-01
-1.4033871589e+00 -5.1569840863e-01 1.3055441844e+00
-3.7638129544e+00 9.3840298196e-01 2.5704994623e-01
1.9927418203e+00 7.0217938496e-01 1.1873880911e+00
2.1160532830e+00 -7.3271635235e-01 -7.1699434199e-01
5.1123974506e-02 -2.2803024698e+00 2.9483796899e-01
-1.1870118579e+00 1.0912981346e+00 1.5079057955e+00
1.4353043162e+00 2.0351456402e+00 7.4603969409e-01
7.4469825676e-01 1.7164502948e+00 8.6601439584e-01
-8.2978538628e-01 -1.5492065623e+00 1.0577367734e+00
2.6397520097e+00 1.0555979959e+00 4.6489240108e-01
-1.3176049988e+00 3.4779941619e+00 3.3819190265e-02
-1.6864001302e+00 1.0431935912e+00 1.3525785984e+00
-2.3825160037e+00 3.7203512641e+00 6.2837365297e-02
8.0797204381e-01 -6.5363771052e-01 1.1500887643e+00
1.7165247464e+00 -7.2417467821e-01 -2.7411414804e-01
4.0091250074e+00 5.6732624822e-01 2.6933807342e-01
1.0123577402e+00 -2.2969768001e+00 -8.2915025809e-01
1.2517338353e+00 1.3491924082e+00 1.6494310146e+00
-8.9972478015e-01 1.3315726203e-01 1.4083780291e+00
1.9013341477e+00 2.2537554883e+00 9.3599921611e-01
-1.0594128356e+00 5.4174282158e-01 1.4499882303e+00
-7.4015062708e-01 -3.7208122311e-01 1.4305652236e+00
-2.9413100581e+00 -2.6094078299e+00 -3.1337166563e-02
3.9617356204e+00 2.5586771468e+00 8.3529765899e-02
1.3398595703e+00 3.1886993704e+00 2.7314216062e-01
-1.9467311740e+00 -1.2377122450e-01 1.1318953709e+00
-4.9358167903e-01 3.2857058359e-02 1.7637245888e+00
-2.5157945985e+00 1.4388045135e-01 5.7054915150e-01
1.0498727029e+00 9.5053852103e-01 2.1185247661e+00
3.4200358335e-01 9.7118355923e-02 2.2493584510e+00
-1.1816128985e+00 1.2329342835e+00 1.4745504110e+00
1.2527068177e+00 -4.3666185341e-01 9.2328543860e-01
1.3028147380e+00 6.9390350986e-01 2.2259210772e+00
-3.4431827210e-01 -2.4869931304e+00 5.6715783866e-01
3.0913835896e-01 -4.7697138597e-02 2.0974791085e+00
2.5188757607e-01 -1.3211610482e+00 8.3614758750e-01
1.6756072446e+00 -3.4991665527e-01 5.0011888953e-01
-1.3250597395e+00 -1.5275822073e+00 8.6715526204e-01
-1.3941103530e-01 -6.9743614461e-01 1.2145170778e+00
2.4915520498e+00 2.3016703449e+00 1.1408914929e+00
5.8332764648e-01 3.8402166033e+00 -1.5413743508e-02
-6.5149560478e-01 2.9813008657e+00 -3.0223144449e-01
1.8288923076e+00 1.1976120567e+00 1.3722677399e+00
1.8035183049e+00 1.8707659540e+00 1.0668148661e+00
1.8821554469e+00 2.7395732358e+00 6.1698848060e-01
-3.6862831853e-01 2.7638198666e+00 -4.1748523199e-01
-1.0313472777e+00 -2.2412607271e-01 1.3718236536e+00
-1.7473818580e+00 1.2989631818e+00 1.2551113507e+00
1.3122232476e+00 1.3807423192e+00 1.5314630128e+00
-1.4171694942e+00 1.3069952257e+00 1.4711765573e+00
-1.7687382269e+00 2.2818687113e+00 4.0650442364e-01
-1.9680251901e+00 -1.2603321297e+00 6.0393990844e-01
-1.3431831711e+00 3.4279464186e-01 1.3177201633e+00
-3.9385843782e+00 1.8872448745e+00 -3.0587634947e-01
-2.3331804355e+00 2.6870065237e-01 6.9080400360e-01
-1.4884496802e+00 1.2550544778e+00 1.4854005806e+00
-2.6112840712e+00 3.4178366351e-01 4.3356146130e-01
-2.3082783712e+00 2.3734765811e+00 6.3308972219e-02
-2.2976678409e+00 2.3410751591e+00 2.2123791632e-01
-1.2636754173e+00 3.6116283601e-01 1.3814884039e+00
1.2611550429e+00 1.4467681228e+00 1.4751140424e+00
2.0508193953e+00 -3.9028625464e-01 6.1871257964e-03
-1.4314734947e+00 -4.0633772465e+00 2.5341113925e-01
-2.2561084945e+00 1.4039603259e+00 5.9011618624e-01
-2.0253958280e+00 -3.8008242280e-01 9.8480910508e-01
1.0664978342e+00 -1.0026899078e+00 1.2623023335e-01
-9.4707552125e-01 1.7172548781e+00 1.0365444728e+00
-4.0664407909e+00 1.1460457947e+00 2.4846817781e-01
-8.4349154742e-01 -1.5381858559e+00 1.1466411737e+00
1.0839999939e+00 1.7857026982e+00 8.9924010816e-01
2.0184342857e+00 1.6063280170e+00 1.2579167984e+00
-2.1633423665e+00 1.8025489342e+00 5.0476826846e-01
1.6033931303e+00 8.1297178799e-01 1.7839913835e+00
-2.5843848311e+00 3.2677838074e+00 9.0419950562e-02
2.1503665835e+00 -5.7033375547e-01 -5.2553138350e-01
-1.5016408180e+00 1.9687787036e-01 1.3918099787e+00
3.2403410415e+00 -2.4142628978e-01 -3.1624274538e-01
-9.7200701172e-01 1.7029091769e+00 1.0358425826e+00
-1.7434652938e+00 -4.6075630091e-01 1.2547932728e+00
1.3367169448e+00 3.5782262513e-01 2.1470623401e+00
-4.0196965591e+00 -1.1221417671e+00 2.8100829712e-01
-3.9927769830e+00 3.7460807331e+00 -3.0003538511e-01
2.4983422217e+00 -1.9004986928e+00 -9.6179175041e-01
1.1406743432e+00 -1.3957628816e+00 -6.5764097325e-01
2.6601884541e+00 3.1885662861e-01 1.2039312220e-01
-3.8923838459e+00 -1.6130329001e+00 2.2558720438e-01
2.1722137696e+00 -3.1858432237e+00 -5.0047479026e-01
3.3799540370e-01 -4.8062651752e-01 1.4774429850e+00
2.4191438327e+00 2.5564586707e+00 9.8768417958e-01
-2.9653542936e+00 -1.5616851444e+00 2.8188665273e-01
3.7115950048e+00 -2.1715953729e+00 -3.4169837334e-02
-2.1542933593e+00 2.0231633252e+00 3.9721357273e-01
-6.2648532933e-01 8.0216903667e-01 1.4657892451e+00
1.5794285094e+00 -1.3327323539e+00 -9.9052186833e-01
-1.3391492160e+00 6.2675376112e-01 1.4157004328e+00
1.5011062530e+00 -1.9680733469e+00 -1.2851210581e+00
-2.3126567833e-01 -2.2922337903e-01 1.7241527253e+00
2.6255756458e+00 7.9298414881e-01 3.9618845662e-01
-1.5908543239e+00 8.1855707319e-01 1.3825896025e+00
1.2572510821e+00 2.1791088897e+00 3.0924849267e-01
-7.2587434997e-01 -3.6595089798e+00 2.1369115771e-01
-7.6533623169e-01 -1.9506743588e-01 1.5638857280e+00
1.5379698002e+00 1.4865359608e+00 1.4866875609e+00
-6.1536104294e-01 -1.5147552198e+00 1.1805332535e+00
1.9155085112e+00 -9.0127066516e-01 -9.0540656945e-01
-1.2925033627e+00 1.4678247370e+00 1.3938786890e+00
-2.0080094623e+00 2.7596757711e+00 1.5279713906e-01
1.3446082751e+00 2.1039273401e+00 6.4069983961e-01
8.6905245050e-01 -1.0911874799e+00 3.3120163133e-01
6.0362081552e-02 -2.9946995036e+00 -3.1074757598e-02
1.1674621193e+00 2.0386160801e+00 4.6236402860e-01
3.8403031261e+00 2.2856820453e-01 3.0842536530e-01
-4.0535196849e+00 -2.2977851616e+00 -9.5927179923e-02
1.3376168052e+00 1.9468642318e+00 7.0391222567e-01
7.7298731734e-01 -4.0432563176e+00 -4.6549298043e-03
1.1759297674e+00 4.0432021887e+00 1.6207005887e-01
-5.3477543209e-01 -9.5712995783e-01 1.3087435723e+00
1.6877226019e+00 1.9658189822e+00 1.0726184331e+00
-2.3938090070e+00 1.1511448190e+00 1.9931164069e-01
-2.1013952895e+00 1.9268430567e+00 4.8006121507e-01
-9.4685177140e-01 1.9585034249e+00 7.5302264033e-01
-4.2379319469e-01 -2.2849938426e+00 5.5311623114e-01
2.0591589641e+00 6.7846434447e-01 1.2836021809e+00
1.1337046672e+00 -6.5171537812e-01 8.1850955435e-01
-1.3453062092e+00 1.4710711716e+00 1.4294498272e+00
1.7647134764e+00 7.4557346371e-01 1.7105945464e+00
1.9725299817e+00 1.8066707300e+00 1.1340086837e+00
1.3195657925e+00 1.9349896860e+00 8.1456208896e-01
1.1215063110e+00 -1.3028012063e+00 -5.9613503078e-01
1.7657255279e-01 -1.3251673575e+00 7.4732888840e-01
-2.8800437728e-01 2.1103544351e-03 1.9113984276e+00
1.7958860790e+00 1.5282721616e+00 1.2841169733e+00
2.1877691665e+00 1.8436953474e+00 1.0590755862e+00
-4.1974874585e-02 2.0996404781e-02 1.9337375366e+00
-1.2532865728e+00 2.2798796348e+00 5.0141182248e-01
8.3451741005e-01 7.0374693374e-01 2.4092195286e+00
-1.5165821331e+00 1.7213548107e+00 1.3699032552e+00
1.6401814858e+00 3.1448351392e+00 4.1039743189e-01
9.8340883169e-01 1.7867372460e-01 2.2762482588e+00
-9.0894704711e-01 2.6972211899e+00 -1.5394777139e-01
1.6573586863e+00 -2.7362697837e-01 8.4981642242e-01
-1.1587821363e+00 -5.8271280447e-01 1.3513567618e+00
-1.3584668454e+00 2.3685480139e-01 1.3105723117e+00
-1.4359625137e+00 2.2265411301e+00 5.2278186143e-01
-3.9961475755e+00 2.5945813776e+00 -3.3103766497e-01
1.3886000117e+00 1.7681165517e+00 9.9939088754e-01
1.0750636268e-01 -7.7118513774e-01 1.1837310573e+00
-1.1597799315e+00 -2.2105972228e+00 6.3186279219e-01
-8.7338380670e-01 1.5245823967e-01 1.5667336486e+00
-5.7250322525e-01 2.2809402285e+00 3.0093637307e-01
8.1991084400e-01 2.7692385343e-01 2.4175292437e+00
3.7414240579e+00 -5.1612834679e-01 -1.5689345681e-01
-9.4895729042e-01 5.7319253723e-02 1.6131703232e+00
1.5652763282e+00 1.4798971583e+00 1.3461258649e+00
2.7914352350e+00 5.0189113123e-01 3.0097298531e-01
7.0580130617e-01 -5.2735018735e-01 1.1413002403e+00
-3.3324226294e+00 -1.2803477429e+00 1.7639845427e-01
1.7525368055e+00 5.3446197958e-01 1.6520550090e+00
7.6701054587e-01 4.1532700577e-01 2.5928019025e+00
-2.0134583068e+00 -1.4388074284e+00 4.3395764249e-01
-8.1657607783e-01 9.6988557937e-01 1.4748880790e+00
1.0396829801e+00 -7.6136825682e-01 5.9481284730e-01
-2.2120311932e+00 1.7327398530e+00 5.2266222558e-01
-1.0378079583e+00 3.2017336678e+00 -1.5155971503e-01
-2.2061761723e+00 -1.0987484236e-02 9.9103943551e-01
-5.6444847101e-02 -5.9736343479e-01 1.4702039354e+00
6.0013811169e-01 -7.4627032305e-02 2.0188364957e+00
1.8415624392e+00 -6.8030959845e-01 -3.5255000258e-01
-1.2541559897e+00 4.3388885273e-01 1.3691703260e+00
-8.2226356788e-01 -6.9696891354e-01 1.2312633004e+00
-2.4170322244e+00 1.7261053225e+00 2.3830411158e-01
-9.3964824793e-01 -3.3335785156e-01 1.4611483028e+00
-2.8284110218e+00 1.7336080850e+00 -5.6213797792e-02
3.9776874951e+00 2.6641462852e+00 8.9666343546e-02
-3.9832930395e+00 1.0582917856e+00 3.0144626657e-01
1.8623514558e+00 7.2385627014e-02 8.2170891401e-01
-1.4987947341e-01 -2.5362808777e+00 3.3309493331e-01
1.1018546311e+00 1.0765793866e+00 1.9749194712e+00
1.9602280000e+00 2.1165459076e+00 1.0165125674e+00
-6.0173826759e-03 1.0214450433e-01 2.0753627254e+00
-1.8504146894e+00 8.2536116217e-01 1.1033759052e+00
-1.6481064330e+00 1.3349355275e+00 1.4956983075e+00
-2.1333321355e+00 -2.8073539852e+00 1.0263565294e-01
2.5588674984e+00 1.7784471761e+00 6.3446565522e-01
-2.1425589374e+00 -6.5390831247e-01 8.4000966816e-01
-2.0752872540e+00 2.1553478940e+00 2.7856024431e-01
-1.9894811400e+00 7.1353377061e-01 8.0785699038e-01
-2.0000463993e+00 -3.9091860397e-01 9.3964480311e-01
1.1948421067e+00 1.9336903224e+00 8.1940814932e-01
-1.7931339003e+00 -5.8494821034e-02 1.2249425114e+00
1.5765307888e+00 -1.5702089300e+00 -1.2591699521e+00
4.8437191322e-01 6.5504522459e-01 2.4291568220e+00
2.5041009108e-01 -8.5619746357e-01 1.0425176182e+00
7.3096060962e-01 -4.2636352233e-02 1.9492397218e+00
1.4292657073e+00 8.9927735174e-01 1.7473954444e+00
1.3337328183e+00 2.4582353008e+00 4.4416552456e-01
-8.7737800336e-02 3.0009009975e-01 2.0524108908e+00
-1.4911863835e+00 9.2050046752e-01 1.3710639261e+00
-5.7129962586e-01 1.9661552274e+00 4.6378036244e-01
2.0590528659e+00 4.0505567466e+00 1.6241537514e-01
1.6075281110e-01 -2.7933300626e-01 1.7538821580e+00
1.2124162788e+00 2.0705451382e+00 5.6241253604e-01
1.5368486297e+00 9.7770869165e-01 1.8899948112e+00
1.3743275117e+00 1.8235024145e+00 8.8808485710e-01
-3.7710114106e+00 7.1115470853e-01 4.3287594133e-01
6.2052683269e-01 -1.3213109113e+00 5.3248630014e-01
-4.0233197435e+00 2.1091344971e+00 -3.8828026417e-01
1.3633056056e+00 -1.6248531693e+00 -1.1395766172e+00
2.1856733984e+00 1.4477815219e+00 1.0361762498e+00
-3.1236310118e+00 -4.0246772605e+00 2.9478991479e-02
-1.0895121936e+00 4.0087412880e+00 -1.0291539260e-01
1.1610270243e+00 1.0279992423e+00 1.9285531457e+00
-4.3110303969e-01 -1.6883336936e+00 1.0229431379e+00
4.0344067119e+00 -3.2820240589e-01 2.9763919939e-01
2.7828702851e+00 -2.8545107470e+00 -2.2559487094e-01
1.0127984110e-01 -3.9220699581e+00 1.5789240418e-01
2.1346973537e+00 9.9649121741e-01 1.1667153828e+00
-1.5705031733e+00 6.8161713722e-01 1.3407978292e+00
1.6059906133e+00 2.4098609107e+00 6.1420956334e-01
2.1181731060e+00 -5.6221516012e-01 -4.5957754282e-01
2.5769514758e+00 2.3243207222e+00 9.5744537616e-01
-2.3211668258e+00 9.4106098498e-01 3.4339377477e-01
1.3346374485e+00 -4.2618125918e-01 7.8531462798e-01
1.6258757093e+00 1.6607160630e+00 1.2506150994e+00
-4.4050960250e-01 5.0238294158e-01 1.7565470576e+00
2.0581531624e+00 -5.4729939450e-01 -3.1184242177e-01
-1.4513448738e+00 2.8364961974e-01 1.4410214535e+00
2.5511214433e+00 2.9731809430e+00 8.5104778194e-01
-1.4961456490e+00 2.3473206566e+00 4.4276022017e-01
-3.6213813016e+00 1.6699903038e+00 -2.3872411177e-01
1.4158226036e+00 1.8148368840e+00 1.2521620187e+00
4.0657839381e+00 -1.2251245227e+00 -2.0504878018e-02
1.4503029838e-01 -8.3272418367e-01 1.1138540426e+00
-3.9171863360e+00 -9.3448481596e-01 3.1312795917e-01
1.4205646478e+00 -5.0635771561e-01 6.9942672902e-01
-8.8749634801e-01 -1.1945223411e+00 1.2091209061e+00
2.2931212890e+00 2.6225721658e+00 8.7328893307e-01
1.4963227047e+00 1.2102585249e-01 1.5506944390e+00
1.6873656484e+00 1.0720427960e+00 1.4504808069e+00
6.3314080888e-01 -7.7133863689e-01 9.1550750391e-01
-1.6858343855e+00 -1.0643769886e+00 7.7536834580e-01
-1.3393100357e+00 -1.4904687775e+00 8.9028948141e-01
-1.3529488022e+00 1.6064488739e+00 1.2324709379e+00
-6.1664857893e-01 -1.5762690871e+00 9.6743214946e-01
-3.1899107677e+00 1.2173990011e+00 7.3126316454e-02
-2.6620465534e+00 3.3991607274e+00 2.0256448334e-02
4.6768942161e-01 8.1505776169e-01 2.1363135567e+00
-2.8631077456e+00 9.8946238910e-01 1.0626952767e-01
-1.3331940617e+00 3.7707032561e+00 9.4897825181e-02
1.5739435613e+00 -1.2378582386e+00 -9.3246164321e-01
-1.4074558298e+00 -1.6260745318e+00 8.4630338495e-01
-1.6880238532e+00 -7.2167983142e-01 1.0729007637e+00
2.5582160373e+00 1.3034416321e+00 5.3903240081e-01
1.4775998387e+00 5.5704566597e-01 2.0873013524e+00
-2.1896875453e+00 8.3344158147e-01 7.2780338491e-01
-1.2705377813e+00 -4.9789456850e-01 1.2884448897e+00
-1.9610352581e-01 5.6084513992e-01 1.7989834909e+00
-3.0631878547e+00 1.0104171970e+00 -1.9242265683e-02
-1.4094205698e+00 1.0365863665e+00 1.5232906599e+00
2.2517671417e+00 1.0411051287e+00 1.1535018547e+00
6.4549425747e-01 -6.6548372059e-01 1.1727519418e+00
-7.1884823686e-01 -6.4727601417e-01 1.3016532670e+00
-4.1355388613e+00 -2.3287554318e+00 -3.8724627169e-02
2.8413380353e+00 -1.3614382867e+00 -7.4023121270e-01
-1.9237735112e+00 1.9458543465e+00 7.6044140616e-01
2.5948868515e+00 9.1828194053e-01 6.7573312141e-01
-3.9033739530e+00 7.0941322771e-01 4.6808499213e-01
1.5610147284e-01 -4.0455030715e+00 1.9370119963e-01
2.1350639982e+00 -1.0977749985e+00 -1.0763489178e+00
3.3070993855e+00 1.9013779912e+00 5.4802017745e-01
-1.1273635183e+00 2.2892020412e+00 4.8090799424e-01
-1.4389417523e+00 1.1259297727e+00 1.5472650549e+00
3.0237238215e+00 2.7603996336e+00 7.2690876168e-01
-1.8991098494e+00 1.9967322672e+00 5.6153057471e-01
2.4671594023e+00 1.9228463370e+00 1.0085211550e+00
2.4836378397e-01 1.5812346914e+00 1.0985373097e+00
8.3089245511e-01 1.1499756755e+00 1.9334845090e+00
-5.6503224851e-01 -2.7529821412e+00 3.1470083585e-01
-4.0441842696e+00 -1.6268778157e+00 1.3306070986e-01
-1.3934508828e+00 -1.6324478543e-01 1.2714593398e+00
5.1817004250e-01 3.8282056416e+00 1.3893910931e-01
-7.0816814525e-01 -2.7382517417e+00 5.0468486339e-01
-2.2300493446e+00 2.6091858900e+00 2.0630385249e-01
-3.3034995627e+00 3.9300097280e+00 -2.1797819140e-01
-1.6321512865e+00 -3.4725997533e+00 2.5575287343e-01
-2.6016529065e+00 5.4642396754e-01 4.5720733589e-01
-2.3924040810e+00 2.9184605815e+00 -1.0661827094e-02
1.2149490037e+00 2.4073011322e+00 3.2581713527e-01
1.8963180518e+00 9.4364710548e-01 1.4875422993e+00
2.5846893532e+00 4.0120870418e+00 2.3213863842e-01
-1.1268278007e+00 7.9659252642e-01 1.3434686272e+00
-3.2841958890e-01 -3.9414527905e+00 2.1773755201e-01
2.3686691264e+00 1.7058010810e+00 1.0187129910e+00
-1.7089449255e+00 2.9195299559e+00 1.2015746083e-01
2.6412964539e+00 1.2115357862e+00 6.1884954650e-01
2.7361777870e+00 -6.0159543673e-01 -6.8190757178e-01
-4.0477331315e+00 8.8236157523e-02 7.1111661807e-01
-1.6930945679e-01 -5.6766355258e-01 1.5173811676e+00
-3.9771958621e+00 -1.7219120747e+00 1.4431687118e-01
3.9169371920e+00 1.8586207375e-02 3.2248072023e-01
2.2035324295e+00 1.3434621621e+00 1.0467544447e+00
-3.1782567685e+00 1.0407268010e+00 7.7528256659e-02
3.9454598344e+00 1.4187881616e+00 2.6347357282e-01
6.3023780334e-01 3.5573274168e+00 -1.3257694060e-01
2.7446749552e+00 2.8965670209e-01 -8.2436298562e-02
2.2719607243e+00 4.0795166172e+00 3.1740753387e-01
-2.4452081556e+00 1.6646029244e+00 2.0289175135e-01
2.7385117845e+00 -4.0226048001e+00 -2.0224430508e-01
-6.3669139953e-01 -3.9776715247e+00 4.4424786828e-01
2.3354927419e+00 1.4970691438e-01 3.1684885005e-01
3.1435639616e+00 6.0873275654e-01 1.1756146234e-01
1.7962878620e+00 1.4009553519e+00 1.3951856627e+00
-2.6982372074e+00 1.3117915463e-01 5.6180985037e-01
7.1164541888e-02 3.1951205865e+00 -4.2871825545e-01
-5.6877127691e-01 1.3595797478e+00 1.2106209782e+00
-6.0307344350e-01 -8.6504759980e-01 1.1522865699e+00
7.0786829189e-01 -1.4580623481e+00 6.8357537155e-02
2.2165823544e+00 -3.4374969394e-01 -1.6406199053e-01
1.2251333581e-01 -7.4208423017e-01 1.3038155980e+00
-1.1052114300e+00 2.1129800299e+00 4.7878585678e-01
-2.9613988611e+00 3.9375145335e+00 -7.2007487819e-02
3.0102233460e+00 -5.1851127076e-01 -6.0762429275e-01
2.1426303282e+00 7.3730817162e-01 9.9671462483e-01
-2.0808186506e+00 7.9391722581e-01 6.5694012535e-01
-6.2589089378e-01 9.6025550515e-01 1.5242127682e+00
8.5531790361e-01 1.5513208155e+00 1.3423372827e+00
-9.2766889937e-01 -1.0841605264e+00 1.1559677173e+00
-3.2956879881e-01 4.8572564948e-02 1.9055659887e+00
-8.6949976755e-01 1.5292144849e+00 1.1816943283e+00
-1.5124515905e+00 9.2050487365e-01 1.4226050337e+00
-5.4941509486e-01 -6.7195040502e-01 1.3539710301e+00
-9.0340752070e-01 -5.8785062285e-02 1.5882792339e+00
-1.3776715737e+00 1.3528509669e+00 1.5511683998e+00
-2.0073934726e+00 6.6518177540e-01 8.4369055808e-01
5.6787670547e-01 6.9268662836e-01 2.4214975696e+00
1.2112599721e+00 -1.4396210929e+00 -8.0550892371e-01
3.2003721502e-01 -2.0849052491e+00 1.5667458400e-01
-1.2197656497e+00 -9.3165865154e-02 1.5254147634e+00
6.3609063056e-01 1.7994993854e+00 6.2206702008e-01
1.1811745190e+00 3.4398283231e-02 1.8975340666e+00
7.3896111655e-01 4.0525867862e-01 2.5266300967e+00
-2.6510992956e+00 1.4423164065e-01 4.5651368147e-01
1.4253486210e+00 1.4119668207e-01 1.8055781861e+00
-1.8045248849e+00 8.7380825153e-01 1.1304291695e+00
-3.4407004647e+00 -6.8298360464e-01 3.5992723795e-01
2.0523111360e+00 -1.6859482818e-01 2.1640336339e-01
3.9759217101e-01 -5.8409693623e-02 2.1023873374e+00
-1.1836538917e+00 8.4633149962e-01 1.5404055411e+00
-5.9478079271e-01 -2.7035651005e+00 3.6597257451e-01
-2.6013347803e+00 1.3968059062e+00 -1.7376450859e-03
2.3420978742e+00 1.6666328488e+00 9.5786963978e-01
2.4969017680e+00 1.2928519115e+00 8.5706573594e-01
-1.8766362554e+00 3.0346577249e+00 2.2189263931e-01
-3.2840289498e+00 2.9841314593e+00 -2.8562428669e-01
2.1467504746e+00 -4.8805772926e-01 -5.6839323129e-02
-4.0343900763e+00 -6.5517024747e-01 2.9743504258e-01
-1.8584331564e+00 2.4915250806e+00 2.6713170536e-01
8.5914292106e-01 -1.4133109141e+00 -2.3659986208e-01
-2.5001789325e+00 4.0495338047e-01 3.9612404961e-01
-1.0038662114e+00 8.0415253457e-01 1.4086423401e+00
-2.7777258138e+00 1.1681836630e+00 -3.8252776198e-02
-2.0517965399e+00 1.7508493339e+00 5.7005997236e-01
1.7554680476e+00 5.7460659079e-01 1.6306708964e+00
-2.7573291863e-01 6.8706650546e-01 1.7418136929e+00
-1.8591027094e+00 -3.3203831558e-01 9.9829684229e-01
3.4663870714e+00 -2.1541505584e-01 -9.1608250017e-02
-2.6359933928e+00 3.5931672950e-01 3.5280831728e-01
-8.8787754690e-01 4.3693526417e-01 1.5529340335e+00
2.0759892517e+00 -2.5513296515e+00 -9.3725551103e-01
3.2814831834e+00 3.9375419865e-01 -1.0699037087e-01
-1.7201798635e+00 4.7542468090e-02 1.1976144212e+00
1.9883509869e+00 4.6162318788e-01 1.1166297644e+00
1.9821605986e+00 1.8242749582e+00 1.3026817295e+00
-2.2340868858e+00 2.0617440341e+00 3.1349294920e-01
3.9545239260e+00 2.8661190750e+00 -1.5700456393e-02
-2.6803759934e+00 1.7860089951e+00 1.8395961483e-01
-2.5237286228e+00 1.6291884332e+00 3.2952886426e-01
-2.1391327890e-01 1.5324177876e+00 1.1345531463e+00
-3.0781558239e+00 -1.2666551596e-01 5.8647921307e-01
2.3656738100e+00 2.5117000365e-01 2.5135329344e-01
-1.6020150571e+00 1.5303000478e+00 1.2819702927e+00
-3.9412560312e+00 -7.5384085017e-01 4.2554114892e-01
-4.0099823113e+00 3.2100155094e+00 -2.5131672083e-01
6.9622433710e-01 3.0358998406e+00 -2.2271578168e-01
-2.0192888059e+00 -6.1160881714e-01 8.6655384764e-01
1.5819451891e+00 1.3635716094e+00 1.4578809563e+00
-2.2307758272e+00 -2.6859523693e+00 2.0765997988e-01
-1.4633694091e+00 -1.2981587567e+00 7.5052077459e-01
-2.1024317982e+00 2.1008648885e+00 4.1414536812e-01
1.8149713365e+00 8.8992564709e-01 1.5480758238e+00
-3.6147311831e-01 1.8872703074e+00 7.7094355071e-01
1.7731788188e+00 -1.8118794692e+00 -1.5392901131e+00
-3.9864584890e+00 -1.5637459336e+00 1.2296914071e-01
1.6069537819e+00 -1.3918228740e+00 -9.8634013039e-01
-1.6104437575e+00 -3.9403489152e+00 1.0726097545e-01
-8.3209988512e-02 1.1969952786e+00 1.3395350686e+00
-2.0808369571e+00 -8.3814415089e-01 6.8178476564e-01
-2.4767541870e+00 -2.1052097790e+00 5.8388393584e-02
1.5691750592e+00 2.4594350360e+00 4.4150109095e-01
1.1529666479e+00 -1.1091244902e+00 -4.2721793953e-01
-2.2665812755e+00 2.5223148505e+00 1.2709183436e-01
-2.5748936464e-01 2.7021082705e-01 2.0702401938e+00
-2.2584893330e+00 -5.5790341711e-01 7.7746424803e-01
-1.3388646863e+00 1.4859104084e+00 1.4131859915e+00
-1.8445014898e+00 1.2591380060e-01 1.0181365832e+00
5.7266287089e-02 -2.2329138254e-01 1.8795911255e+00
-1.9793026314e+00 6.8240878521e-01 9.1168577680e-01
1.4361333974e+00 1.2889751754e+00 1.6476815808e+00
1.7832282633e+00 -4.1003846393e-01 2.9975588227e-01
7.4750331141e-01 1.2214759258e+00 1.6406062529e+00
-8.2972713358e-01 2.4400511467e-01 1.6588263110e+00
-1.5700330723e+00 6.7491470535e-01 1.2790891456e+00
-1.5296301642e+00 -9.2250682622e-01 9.4795773080e-01
1.8575986809e+00 1.3796438973e-01 9.7230993937e-01
-2.4807047663e-01 -1.1360582326e+00 1.2776254475e+00
-2.7979192894e+00 4.9194067732e-01 2.8366087061e-01
-3.9934083884e+00 -9.8202292034e-01 3.0993879985e-01
-2.1125435162e+00 8.2500677680e-01 6.0645879770e-01
-1.6513179403e-01 8.1417723014e-01 1.7366821834e+00
9.1726726327e-01 -3.3751236040e-01 1.7176739538e+00
-9.2864709144e-01 -3.1262260537e-01 1.4960869209e+00
-2.5328444062e+00 1.8127921363e+00 1.5881759899e-02
3.0937894862e+00 1.3542841020e+00 3.8029728785e-01
-3.9651618647e-01 4.0106210940e-01 1.8403313262e+00
-1.8907864700e+00 1.2685094018e+00 1.0965837889e+00
2.3784630288e+00 1.8157572926e+00 9.7485431126e-01
-1.6774042335e+00 -4.1166067317e-01 1.1949866559e+00
1.1168584217e+00 -2.5947299904e-02 1.9795522576e+00
3.3563909320e-01 8.1639881896e-02 2.3663834279e+00
4.1739029692e-01 1.0631164683e+00 1.9521967508e+00
-9.5837466053e-01 7.9821647505e-01 1.4824806209e+00
-1.3007413508e+00 -1.3248717705e+00 1.0007525321e+00
-3.9218496266e+00 1.0276594641e+00 2.5449963392e-01
1.3003373041e+00 -2.0522324455e+00 -1.1281034684e+00
2.9741481714e-01 3.8334754941e-02 2.1727315030e+00
-2.3044958541e-01 -7.1864622995e-01 1.2325563689e+00
-1.0019509626e+00 1.5640770655e+00 1.4192782233e+00
3.5086070467e+00 2.5992677066e+00 1.8827951562e-01
2.4674467036e+00 1.0188369421e+00 6.6128285215e-01
-7.1694333566e-01 -1.0100334584e-01 1.6140180228e+00
2.0363613125e+00 -3.5565041778e-01 2.4464721080e-01
2.5958749263e+00 4.3972971649e-01 3.1470489155e-01
3.1310614139e+00 2.9427273999e+00 4.1753027074e-01
-2.7562743907e+00 3.2351517766e+00 -1.1282657605e-02
-9.8947360870e-01 3.2983348721e-01 1.6399376298e+00
2.7150589002e+00 1.0268365980e+00 4.4500744687e-01
1.7278578924e+00 -3.8591621913e-01 6.5752178379e-01
-1.6949852015e+00 1.2152792149e+00 1.3040478930e+00
-1.5004663741e+00 4.9243635835e-01 1.2896350882e+00
-5.9207939521e-01 -7.0798624975e-01 1.2398396488e+00
-2.8589568157e+00 1.4991201992e+00 -1.3716617465e-01
-2.8922177072e+00 2.2046698723e+00 1.6672698585e-02
-2.0948833231e+00 1.8078033166e+00 6.1117011817e-01
-3.5804780009e+00 3.9699580650e+00 -1.6999635474e-01
5.2452976387e-01 -1.1159975129e+00 6.0198206129e-01
-1.5734909113e+00 -3.1339501697e+00 3.6430420515e-01
2.6475337680e-02 -3.3508458363e-01 1.6777045080e+00
-2.1923358540e-01 1.6654156426e+00 1.0256152208e+00
-1.2714286845e+00 2.4001412278e+00 4.8204363233e-01
-1.1141368224e+00 2.7832805164e+00 4.4925474345e-03
1.0792379252e+00 -7.9615135561e-01 6.3423700739e-01
2.0007191766e+00 1.1101614073e+00 1.3329354116e+00
-1.5316259734e+00 -1.4744010976e+00 8.5433109405e-01
-1.0722359687e+00 1.1687746881e+00 1.4408504049e+00
-1.7999716484e+00 1.3964077237e+00 1.2752501348e+00
1.5370574654e+00 -1.8666601922e+00 -1.3524916927e+00
-4.1869029185e-01 -8.9138610700e-01 1.3297269042e+00
1.6288599285e+00 -2.2327634836e+00 -1.2185256652e+00
-4.1848980715e-01 2.9549848525e+00 -3.5317437712e-01
-1.5680644104e+00 7.7851929332e-01 1.3629989865e+00
-1.0789316711e-01 1.0620451519e-01 2.1097159085e+00
3.1998358992e-01 -2.6693783811e-01 1.6838449651e+00
-2.4321474699e+00 2.1612372295e+00 1.1303376531e-01
1.2300594722e+00 -5.7330121661e-01 7.0879874135e-01
-2.5099000691e+00 6.8829002154e-01 2.2034888509e-01
-2.4442118752e+00 1.4778216677e+00 3.4780845780e-01
-1.5251250242e-01 -8.8013314828e-01 1.1491716074e+00
-1.5035650346e+00 1.5904520168e+00 1.2118457052e+00
1.8776820054e+00 -7.8065646877e-01 -2.2894737571e-01
2.9575696141e+00 6.5099871310e-01 2.0256280795e-01
-2.5147845138e+00 1.6040035211e+00 1.5281884084e-01
-2.3812296190e+00 3.3365812753e-01 6.5744350138e-01
1.6013447715e+00 -1.4926014713e-01 8.1408314558e-01
4.2859257317e-01 7.2557759170e-01 2.1869505553e+00
3.6164323855e+00 3.9431231494e+00 1.3787128293e-01
2.4853537092e+00 2.1972259492e+00 1.0536878529e+00
7.2082784344e-01 -3.9438706731e+00 -3.0033672466e-02
-2.1747089177e+00 2.1925378303e+00 1.1105522945e-01
1.0034404486e+00 5.8239068816e-02 1.9186801720e+00
4.0792813368e+00 -2.4814824019e+00 -3.4743400255e-02
-5.4349981401e-01 -1.1881183662e+00 1.1103729377e+00
-1.8083868720e+00 1.2195137259e+00 1.1478441543e+00
-2.1414688428e+00 8.7606503821e-01 8.1814963486e-01
7.3453077377e-01 1.7217475257e+00 1.0655377161e+00
-2.5911968978e+00 -9.6293773551e-01 2.4313004472e-01
1.4452847381e+00 2.0529920867e+00 8.1870724305e-01
1.4460952492e+00 1.4562970219e+00 1.2832452903e+00
7.6102740706e-01 -1.7422610240e-01 1.9363609871e+00
-8.1825485030e-01 -7.7134164158e-01 1.2699273736e+00
2.2916413903e+00 -2.4292334160e+00 -8.5579662532e-01
1.8499874555e+00 1.7235734392e+00 1.1365745196e+00
3.6608855203e+00 -4.0175761770e+00 -1.5300520135e-01
7.3343110360e-01 -7.6990456406e-01 7.0589278450e-01
6.1616303374e-01 6.0012448779e-01 2.4642694613e+00
-1.8265353143e+00 6.2618850189e-01 1.0381274524e+00
-3.4508292170e+00 3.1146438749e+00 -2.2071297936e-01
1.2316882750e+00 1.6882261749e+00 1.0419294170e+00
-1.6784866468e+00 1.4827296537e+00 1.3466434410e+00
-2.3872949929e+00 -7.9353861344e-01 4.0155025416e-01
-6.1411185124e-01 -3.9917161257e+00 3.4835880653e-01
-8.6603177048e-01 6.0908989259e-01 1.4757019175e+00
-1.8126201388e+00 2.8249574738e+00 3.1752589684e-01
-3.9068751322e+00 2.3393955999e+00 -2.6722953950e-01
3.2917098177e-01 -1.2636042461e+00 7.8576746342e-01
2.0045183003e+00 -4.0552987229e+00 -3.3606845814e-01
-2.3189675469e+00 2.0276051152e+00 1.7247230701e-01
1.9575437163e+00 -6.1958051239e-01 -1.2731680765e-01
-1.5409198254e+00 2.1049139188e+00 7.5305740378e-01
2.9509662058e+00 -1.1442398919e+00 -5.9629681784e-01
1.1377691738e+00 1.7770256932e+00 9.7461462960e-01
2.0038386380e+00 1.2305949729e+00 1.2348352724e+00
-2.4215940080e+00 2.4353989812e+00 1.6802428248e-01
-2.3396951015e+00 1.5493201510e+00 4.2727597121e-01
1.6878327367e+00 1.3494586669e+00 1.4727777043e+00
-2.1506838754e+00 -1.0789464917e-03 9.1499325552e-01
3.9359708719e+00 2.3349030237e+00 3.2479113176e-02
2.3993913465e+00 -7.4101054370e-01 -6.4718368729e-01
-2.0518760639e+00 1.0102928482e-01 1.0023404863e+00
-1.2537924386e+00 1.4191847804e+00 1.4388142682e+00
-1.4407083875e+00 5.7838452210e-01 1.2982829087e+00
3.5795148877e-01 1.8210737864e+00 7.1998310995e-01
1.5839180207e+00 1.4308508903e+00 1.5606518890e+00
-6.5986337683e-01 8.4214521687e-01 1.4027627410e+00
-4.0169227355e-01 -1.3991857197e+00 1.0419058667e+00
-1.8545679373e+00 -9.1772442276e-01 8.4557203909e-01
3.8434228736e+00 -1.1025256068e+00 -1.1580801774e-01
-1.6480585331e-01 4.9749054304e-01 1.8025460740e+00
2.5995616507e-01 2.4119807509e-01 2.2783141454e+00
-1.5188701642e+00 1.2046642413e+00 1.5152743868e+00
-3.7402809227e+00 -2.6526142059e-01 4.9598764338e-01
-2.4197628228e+00 8.1047307186e-01 3.2599078415e-01
1.8125494874e+00 2.2035663481e+00 9.9974522941e-01
-1.7725810207e+00 -4.9255286370e-02 1.1140201252e+00
3.4421905695e+00 2.0183910737e+00 4.6038278531e-01
-5.0213752073e-01 4.6194038431e-01 1.6042064250e+00
2.2133131333e+00 -2.4704497065e-01 1.0457844340e-01
-5.7567435396e-01 1.7001273771e+00 9.8625574184e-01
1.6878247284e+00 2.6716167394e+00 3.7875654088e-01
4.1068153509e-01 1.2788465051e+00 1.4798412378e+00
-2.8723421288e+00 8.0051396762e-01 9.4963278245e-02
-1.6674703361e+00 -3.9954352140e+00 2.5761492666e-01
-1.2357144056e+00 3.3400807853e+00 5.2677101561e-02
-8.9874981110e-01 -1.9310573746e-01 1.5891427700e+00
-3.2362753356e+00 4.0043125938e-01 5.4094985232e-01
1.6817959068e+00 7.4235817321e-01 1.6633653293e+00
-2.6401723038e+00 4.0136814506e+00 -1.2685784136e-01
2.3370635850e+00 1.2355761502e+00 9.2593554787e-01
8.4740091864e-01 -1.6197840594e+00 -2.3216963678e-01
-1.8931251787e+00 3.3667800321e+00 7.2751637594e-02
-1.6645839606e+00 9.9510498312e-01 1.4142363853e+00
1.6589271024e+00 2.6497079476e+00 6.8266874332e-01
-2.0531920875e+00 2.6328624763e+00 3.1132955639e-01
-3.2934016337e+00 2.2229811750e+00 -1.4560673015e-01
-9.2013581553e-01 3.9195038842e-01 1.5442632067e+00
3.3523383197e+00 3.9792116113e+00 7.7699314112e-02
-2.8747600958e+00 -3.9597736058e+00 6.4634986126e-02
-1.8564895461e+00 7.7867373140e-01 9.9294723099e-01
9.5006364126e-01 -9.4542069491e-01 2.4411798293e-01
-1.4666643107e-02 2.3601660374e+00 -6.9511626874e-02
-2.6674150701e-01 -7.3615917645e-01 1.2867853120e+00
-3.2222926992e+00 -1.4233695145e+00 1.3163064454e-01
1.6443474596e+00 2.0329449139e+00 8.6237729001e-01
-1.3295053098e+00 4.0461884592e+00 -4.4606127577e-02
-2.7838378484e+00 2.8720879567e+00 -4.1883061378e-02
-1.4263549085e+00 2.6693184757e-01 1.3017716645e+00
4.7489002170e-01 -3.7381015382e+00 6.7191216809e-02
1.5820236204e+00 5.0054644032e-01 1.7380016790e+00
2.2699188088e+00 1.1157000172e+00 8.8384505056e-01
2.6708401247e+00 1.3338680087e+00 5.5377456905e-01
3.4375936439e-01 -4.5571669659e-01 1.5732462605e+00
2.2471808390e+00 2.9120994706e+00 8.7041303405e-01
2.6266712146e+00 -4.4129723377e-01 -5.4037561835e-01
2.3194664605e+00 2.3075156468e+00 1.0961785147e+00
8.1880529914e-01 -1.7392235381e+00 -3.4673067071e-01
1.7834151957e+00 1.7059351248e+00 1.1773070156e+00
-1.0857810008e+00 -4.9155465700e-01 1.4046495170e+00
-6.7360391967e-01 1.8655727756e+00 8.6840452749e-01
2.3744195241e+00 1.8243628599e+00 8.6455793525e-01
2.2768616865e+00 1.5060002141e+00 9.3128187850e-01
2.1868346759e+00 -4.4175926794e-01 -1.2859663898e-01
-1.2668003731e+00 5.5740863941e-01 1.3457198321e+00
9.2572708832e-01 9.2094365366e-02 2.0615036681e+00
1.1435084119e+00 1.8108470051e+00 7.5276006199e-01
2.1992412904e+00 8.9763207496e-01 8.5434113249e-01
-9.7610154513e-01 1.0116177035e+00 1.4954304215e+00
-1.3126479809e+00 -9.5217052717e-01 1.0470854753e+00
3.2608454477e+00 3.1498289186e+00 3.6862071734e-01
-3.9458204929e+00 3.3001133912e+00 -2.7780789370e-01
3.9736155238e+00 1.2853847863e+00 2.2505899001e-01
1.8814067218e+00 -3.9959107638e+00 -2.5485685717e-01
1.3059282990e+00 1.6550290114e+00 1.0440619759e+00
1.1944885132e+00 2.6605651510e+00 1.8581112169e-01
6.3335594546e-01 -2.0727258997e+00 -2.1131929834e-01
-1.9038508118e+00 1.2750478102e+00 1.1564067442e+00
-1.4859780576e+00 7.4930163675e-01 1.4352495083e+00
-2.1739645349e+00 -1.3277212966e+00 4.1658309647e-01
-3.9499991954e+00 -2.2807410558e+00 -1.9250152306e-02
-2.7269019153e+00 2.7128656636e+00 1.4120779623e-02
2.1871460417e+00 3.5661656773e+00 5.6887821177e-01
-2.5049844625e+00 3.8902230480e+00 -6.9454735744e-02
-2.1546662216e+00 2.0650240455e+00 4.3241948925e-01
3.8635250550e+00 -2.2139419482e+00 -7.5707385691e-02
2.3600557933e+00 -3.9369010307e+00 -3.2803709886e-01
-6.4484762476e-01 -3.9579329215e-01 1.5850019725e+00
1.9292353416e+00 1.9054889984e+00 1.1323120110e+00
1.5979864553e+00 -2.6747528338e+00 -1.0351869963e+00
2.1448596943e+00 1.8010149742e+00 1.0553972425e+00
1.0992801563e+00 4.2641362058e-01 2.3867504953e+00
1.4153899579e+00 -1.5619197523e-01 1.0068345330e+00
-1.8047651278e+00 3.9449788472e+00 -1.8860401329e-02
1.5788123660e+00 2.0211038654e+00 9.1799323866e-01
-4.7200325844e-01 1.2472200647e+00 1.3589309024e+00
1.0114603059e+00 -8.0531970461e-01 6.3489069157e-01
6.4783296327e-01 6.7768361658e-01 2.3796578624e+00
-1.5897007618e-01 -1.1148566978e+00 1.1356526993e+00
7.2639983557e-01 1.9197655112e+00 6.6717127041e-01
9.6328872469e-01 2.3444649605e+00 1.7369420562e-01
1.9175010445e+00 1.9452548340e+00 1.0357251138e+00
1.0939529195e+00 1.5898627253e+00 1.0189217838e+00
-1.2627363100e+00 -3.9705522675e+00 2.5408746187e-01
-2.5604474596e+00 3.8266234605e-01 3.1172903692e-01
-9.7806644708e-01 3.3091205730e+00 -1.2572271557e-01
-2.2769691836e-01 2.0520764859e+00 3.8369103512e-01
-1.5368935886e+00 2.1333572813e+00 7.1348047665e-01
-5.0950671629e-01 2.2255074465e+00 2.7805873542e-01
1.7788751845e-01 -7.7401112010e-01 1.3616196865e+00
2.5603167917e+00 7.6235710787e-01 5.2059339158e-01
2.3517104341e+00 1.8180616624e+00 9.3235732458e-01
-2.6205040670e+00 -1.6042572301e+00 6.8199764785e-03
1.3143331518e+00 3.2517931763e+00 1.6018993223e-01
3.7604417689e+00 2.6555059060e+00 1.5619617298e-01
2.1464591203e+00 2.5763295323e+00 8.8379791863e-01
-2.2843135639e+00 1.6221462654e+00 2.3794344792e-01
1.6816908998e+00 1.9275574478e+00 1.1238382193e+00
-7.5560809397e-01 2.1466074796e+00 4.3352228176e-01
5.9511746280e-01 -9.0434450554e-01 7.6445000967e-01
-1.3652967775e+00 4.9537812814e-01 1.3458759528e+00
-1.1224523622e+00 1.0662710187e+00 1.4031484391e+00
-3.1000910675e+00 -4.1328015889e+00 1.1731331629e-01
-1.9479797100e+00 1.4915768298e+00 1.1022497691e+00
-2.3840973174e+00 6.2746327688e-01 4.7601672473e-01
1.7825359703e+00 2.1318478575e+00 9.8862324455e-01
1.7442142438e+00 7.8674830239e-01 1.6018825749e+00
-2.1337914916e+00 -3.4051890220e-01 8.5309815511e-01
4.0844381824e-01 1.5190579420e+00 1.1179041103e+00
-4.0233124260e+00 -2.4391979957e+00 7.1327660651e-02
-2.4153674844e+00 -1.0534447090e+00 3.9320943814e-01
3.4096783680e-01 -2.0928191560e-01 1.7112853247e+00
1.5014877199e+00 1.9905474485e+00 7.6385180920e-01
-1.2586839439e+00 1.1767566884e+00 1.6021659413e+00
-1.9364477313e+00 2.5836784014e+00 2.4708403946e-01
1.9129891262e+00 1.3868618934e+00 1.4660580677e+00
-3.1217732185e+00 -4.0537190750e+00 6.3635683097e-02
-2.4717282607e+00 3.4757908311e+00 -3.1295286237e-02
5.4115586411e-01 -4.1894190873e-01 1.4446706794e+00
-1.9694876257e+00 -1.3384679018e+00 4.1980074305e-01
-2.0363341568e+00 -1.4581514960e+00 4.7910966293e-01
1.5636556520e+00 3.6096874275e-01 1.8606707455e+00
-1.6204216505e+00 -5.2433227826e-01 1.1227940630e+00
3.9361492624e+00 -1.2495685833e+00 -1.6821276928e-01
-1.5115750371e+00 2.4101589502e+00 4.6667638241e-01
-1.5147785521e-01 -1.0555425202e+00 1.2158341043e+00
-8.9517776074e-01 -7.0237396714e-01 1.2218640708e+00
-1.2994292979e+00 2.3050961611e+00 4.5718747256e-01
-2.9834884590e+00 -2.1708607574e+00 1.0992723840e-01
2.2492972550e+00 -9.8899933849e-01 -9.1782755990e-01
-1.3645266789e+00 -6.8570491759e-01 1.1750771703e+00
1.3343941511e+00 1.6866202162e+00 1.1616091461e+00
-1.2997577984e+00 -7.5592155715e-01 1.1100699145e+00
1.8829933024e+00 2.5154521362e-01 1.2226418009e+00
-3.0080321692e+00 -4.0526496285e+00 -3.3768789004e-02
1.8845659202e+00 9.9463182346e-01 1.4590521228e+00
3.1679150632e+00 -1.8976011537e+00 -3.8905591843e-01
-2.5104629952e+00 2.5050679181e+00 -6.0028755135e-02
2.5727878728e+00 -1.4387661649e+00 -8.6346742280e-01
1.9565410548e+00 2.2860973373e+00 9.9473261474e-01
-4.0155213431e+00 9.5463568283e-01 3.4424164858e-01
-1.2371497984e+00 2.9759414790e+00 -8.2516018318e-02
-2.8859367798e-01 -5.9203975129e-01 1.4903705171e+00
1.9856206244e+00 1.0215843824e+00 1.4921084081e+00
1.7418033597e+00 2.1504296486e+00 7.9416863100e-01
-7.4565394578e-01 4.0324646111e+00 -7.6443507437e-02
-1.8591687998e+00 1.0030817083e+00 1.1040745681e+00
-2.1246267364e+00 1.1721140833e+00 6.4542181347e-01
-4.5957524439e-01 8.9078814104e-02 1.8166960099e+00
1.0991962960e+00 -1.4266644663e+00 -5.6620707498e-01
-9.6970460428e-01 4.0299319593e+00 -8.3553676307e-02
-1.4536878752e+00 1.4379197787e+00 1.5077577998e+00
-1.1012503674e+00 6.5717445105e-02 1.4669063405e+00
-2.3266909349e+00 3.2526376759e+00 2.7893068766e-01
1.1042800189e+00 -1.5974720586e+00 -7.5018393397e-01
-1.5121307145e+00 2.8562390500e-01 1.2107042691e+00
-9.2661453047e-01 -5.0493238407e-01 1.4460566197e+00
1.3340217997e+00 1.6099136890e+00 1.3335580764e+00
8.4264247389e-01 -1.3867095116e+00 -3.1072623141e-01
6.5835014205e-01 3.0932494657e-01 2.4227479064e+00
-1.2601290740e+00 3.8238462953e+00 -5.3259874405e-02
2.3227466486e+00 -1.2144444900e+00 -1.2406974934e+00
-1.4027991761e+00 -4.7916888996e-01 1.3642222897e+00
1.2255419051e-01 -7.5280921575e-01 1.2306988675e+00
-2.9197847139e+00 1.9884899160e+00 -5.9529008527e-02
-1.3217111634e-01 -9.5690728545e-01 1.2435411836e+00
2.1291595167e-02 -3.9889381164e+00 1.2656654760e-01
6.3924204747e-01 -7.8216096742e-01 1.0154763067e+00
1.0481800494e-01 -4.5229400757e-01 1.5808886983e+00
-2.5980053704e+00 -9.3301985446e-01 3.1724111097e-01
-2.1571664306e+00 1.8305833921e-01 8.4526620717e-01
-3.5186418723e-01 3.9990161876e+00 -6.3390840784e-03
-1.8594605563e+00 1.2496307562e+00 1.1094599736e+00
4.0205459613e+00 1.4396717675e+00 1.5227535431e-01
-1.7272535477e+00 1.1515762008e+00 1.3921860660e+00
1.4555030617e-01 -3.9699958981e+00 9.9402123574e-02
-1.5274497069e+00 2.6015922051e-01 1.4386912533e+00
1.5399525598e+00 1.5796713491e+00 1.1912143578e+00
1.8077769035e+00 9.0380143908e-01 1.7307354383e+00
-1.7519796372e+00 -1.2750012586e+00 6.5749160501e-01
1.8111231122e+00 7.5252045981e-01 1.7389041841e+00
1.7086421830e+00 2.5319173342e+00 6.3296590378e-01
-1.2946305258e+00 1.9377017647e+00 8.9690441349e-01
-2.1152277370e+00 -1.4188606218e-01 9.5342323943e-01
-6.3233143430e-01 2.2044461675e-02 1.7249737957e+00
-2.5042429869e+00 2.6492840836e+00 1.1523558323e-01
3.9843514701e+00 -1.4982170621e+00 -9.0215936787e-02
-1.2586006848e+00 -5.9936148100e-01 1.2997496245e+00
-4.0425446607e+00 6.2363155260e-01 4.0874211773e-01
-1.0493797203e+00 -8.1320045549e-01 1.2844722253e+00
-7.4846716483e-01 2.9909331845e-01 1.6030425789e+00
-1.6543069305e+00 -2.2011435724e-01 1.2831759050e+00
4.7407455681e-01 -1.4402221071e+00 4.6563408996e-01
9.9757051949e-01 -1.2433535226e+00 -1.9429392793e-01
2.4455994315e-02 1.8744723147e+00 6.3002963857e-01
8.9867164913e-01 -1.4317723438e+00 -1.0886344648e-01
-1.3507303265e+00 1.9669360125e+00 9.4624120129e-01
2.4563189396e+00 3.2663548438e-02 1.4946787829e-01
2.4195375723e+00 1.6652257520e+00 9.2007271912e-01
-2.7875269317e-02 3.7201404843e+00 -1.5461263796e-01
1.9564845406e+00 -4.0559172155e+00 -1.9501660225e-01
-2.7361033765e+00 2.4467938460e+00 -2.7411946113e-02
1.1774427392e+00 -9.9778030399e-01 -1.8660037169e-01
-5.3406078545e-01 1.4567739028e+00 1.0890873050e+00
-1.3386916155e+00 -5.3658603635e-02 1.4596185600e+00
-2.0450746168e+00 2.1115873417e+00 3.1719938863e-01
1.7474932386e+00 1.0911728731e+00 1.5831705587e+00
-2.7593305308e-02 -2.9224708047e+00 1.5478519566e-01
1.5593310680e+00 3.7004873560e-02 1.4940812854e+00
1.9241902046e+00 1.0722827886e+00 1.5389025627e+00
7.6557881640e-01 3.0590579586e+00 -2.3119292944e-01
4.0298835177e+00 1.6763751977e+00 1.2829606865e-01
-1.9358809040e+00 2.8690111383e+00 2.0428250602e-01
-8.2120657027e-01 7.3436510344e-01 1.5240429834e+00
1.1652896247e+00 -1.6995272868e+00 -7.5689645272e-01
-1.1443379044e+00 2.6582186544e+00 1.0995012114e-01
-9.0191091281e-01 6.3532383389e-01 1.4706456343e+00
-1.6013292976e+00 1.0038270460e+00 1.4003411584e+00
8.1282539265e-01 -1.8286563704e-01 2.1332453426e+00
-8.6935389361e-01 -9.1075037261e-01 1.2900295565e+00
-4.0269787389e+00 -4.0200011243e+00 -3.9687023241e-02
-2.0383247443e+00 2.1873011335e+00 4.7795224994e-01
-7.2456448070e-01 -9.1859025564e-01 1.2183287813e+00
-2.8275319601e+00 3.1187539312e+00 -2.0964632901e-01
-1.7072839645e+00 -1.4942475869e-01 1.2902086810e+00
-1.6568361633e+00 1.7687160708e+00 1.0980567266e+00
-2.4950495556e+00 -4.8849562356e-02 7.8135162437e-01
-6.1134078203e-01 -1.1018783745e+00 1.2203148186e+00
2.8552439495e+00 -1.5981606138e+00 -8.4885257061e-01
-2.0283616063e+00 -1.1495293039e+00 4.9421337154e-01
2.2311403163e+00 -9.4832215888e-01 -1.0010980514e+00
1.8076963167e+00 3.8880991797e+00 3.2264879131e-01
-1.9831947700e+00 2.9954216314e+00 1.9143597364e-01
-2.5062790812e-01 -8.5227747556e-01 1.3950509138e+00
-3.9915681047e+00 -4.1934670219e-01 4.7439634652e-01
2.2864005592e+00 -1.4191696208e+00 -1.1056624712e+00
-2.3822997197e+00 2.5576717282e+00 7.9348813514e-02
5.3443453860e-01 -1.1570741180e+00 5.9599657140e-01
-3.9846038716e+00 -3.2583583103e-01 6.0525573915e-01
1.9371978246e+00 9.1417316563e-01 1.4906863494e+00
-2.7685711307e+00 -1.0259231785e-01 5.6009750046e-01
2.5716125554e+00 1.8457620889e+00 9.4209516354e-01
-1.4714848061e+00 2.7762777646e+00 -7.7630229688e-03
1.3140360908e+00 -1.3355626348e+00 -5.8333250063e-01
-2.2612196743e+00 3.5846318539e-01 9.0548888512e-01
4.8791952992e-01 -8.0101813623e-02 2.0399170125e+00
2.5126127372e+00 5.9639415630e-01 4.0628664973e-01
-1.3585071391e+00 3.4101645433e+00 4.4632151424e-02
-2.4282396715e+00 2.8873335730e+00 9.2231794275e-02
1.6748212352e+00 -1.5429512969e+00 -1.4178425313e+00
2.2810298082e+00 1.6152421879e-01 4.4977063197e-01
-1.0195746038e+00 1.2077034253e+00 1.4602330800e+00
5.5089614281e-01 1.5379270390e-01 2.2741863602e+00
9.9789753349e-01 6.6947464619e-01 2.2917478854e+00
-2.4621174159e+00 1.9433239107e+00 9.5773932042e-02
2.1163902188e+00 1.2543206826e+00 1.3141136762e+00
-8.0212413500e-01 -2.1205712209e-01 1.5457524010e+00
-2.4688830810e+00 7.5360731764e-01 3.3397757175e-01
-2.2474507866e+00 -1.4395434946e+00 2.2688009928e-01
-2.5912152476e+00 3.2758584201e+00 3.1773698510e-02
-2.1711394216e+00 2.9031017442e-01 8.8563285317e-01
1.6345814879e+00 2.5486287592e+00 5.4175441653e-01
-9.6692346487e-01 -8.1575296760e-01 1.1657289969e+00
-5.8410035964e-01 1.2519570194e+00 1.2854967577e+00
-1.0942153935e+00 1.3621623605e+00 1.5774748451e+00
-1.7807246672e+00 2.6249183221e-01 1.0871924755e+00
7.4927982844e-01 1.0628005380e+00 1.9896502389e+00
-1.1730113973e+00 1.4916890287e+00 1.4173864427e+00
3.0500283588e-01 -2.8934658356e-01 1.7435878314e+00
1.7947331732e+00 1.4124488680e+00 1.3311662146e+00
-1.1922762872e+00 1.0718858338e+00 1.4849386716e+00
-3.2605951366e+00 -1.5106510843e+00 1.7889049132e-01
1.6201200788e+00 1.3352564779e+00 1.6632079186e+00
2.2964899136e+00 5.3451941885e-01 1.0332045859e+00
2.3384295988e+00 2.8505079375e+00 9.0734993161e-01
3.9436520599e+00 -1.7511134236e+00 -1.4465887225e-01
2.1470049910e+00 7.3108748916e-01 1.2449189410e+00
9.1593322239e-01 1.4823980559e+00 1.2715820148e+00
-1.1225088635e+00 2.2082398657e+00 5.2509270356e-01
-6.6565097817e-01 3.0226744144e+00 -2.6996970761e-01
1.1121776504e+00 2.8148434788e+00 -3.9659646979e-02
1.6063481514e+00 -1.2994751897e-01 1.1184105898e+00
-2.1339342224e+00 -3.9830923022e+00 3.3008172084e-02
-3.9509197887e-01 -1.2294296220e+00 1.1930094243e+00
2.5474350691e+00 1.8994440119e+00 9.7335480121e-01
-2.3792437172e+00 2.7666342911e+00 1.7193166124e-01
2.6673657477e+00 2.1955015897e+00 1.0182441636e+00
-1.0194005089e+00 1.6922900315e+00 1.1908168671e+00
-2.3719058197e+00 3.8508202322e+00 -1.8698858042e-03
1.0033799792e+00 8.1037868682e-01 2.2220424142e+00
5.4191028105e-01 -1.1397568954e+00 7.1631955835e-01
-2.0477476504e-01 -5.6858358432e-01 1.4147368279e+00
1.4779415560e+00 1.6270704598e+00 1.3083708746e+00
-9.5572255589e-01 -2.1598989004e+00 8.7989514568e-01
4.0748278441e+00 -1.0459736470e+00 -9.1654488382e-02
-3.0876023194e-01 -8.3382228240e-01 1.2635616468e+00
-2.0446598040e-01 -3.9871131069e+00 3.2946344980e-01
1.8104166418e+00 8.3808753640e-01 1.6561139280e+00
3.0532583096e+00 4.0732858242e+00 1.8404687984e-01
-4.6516198675e-02 4.4242073425e-01 1.9713611170e+00
4.0008537853e+00 -8.1712013622e-01 -5.6870996680e-02
1.8489906208e+00 6.8026415302e-01 1.5976337936e+00
-1.9147217736e+00 4.5369262652e-01 9.9753063587e-01
2.3287361497e+00 3.9109757049e-01 4.8552983024e-01
-7.2565412898e-01 2.6137424877e+00 1.1441119151e-02
-3.5556821792e-01 2.8566639969e+00 -2.8737362813e-01
-1.5655973560e+00 8.9108194071e-01 1.4731357365e+00
4.9721064726e-01 -8.2165268477e-01 8.5975946965e-01
2.0400401171e+00 -7.4997863862e-01 -4.5006507511e-01
-3.9558147784e+00 -8.9123988767e-01 4.1595503318e-01
-2.3955025753e+00 6.0116823541e-01 4.2782696186e-01
-1.1868753324e-01 2.7050282907e-01 2.1526417647e+00
3.5509907880e-01 -4.5206525580e-01 1.5793330904e+00
-1.6936403755e+00 -8.9237761125e-01 9.9634346602e-01
3.2077774571e+00 1.9647476923e+00 3.5227935318e-01
2.1325156253e+00 -1.1858162695e+00 -1.0882564392e+00
2.2728057864e+00 2.4050720316e+00 1.0131386425e+00
1.7952520476e+00 3.1692404435e+00 5.4201958853e-01
2.0375010217e-01 -1.7062340671e-01 1.7923377508e+00
-2.3753563654e+00 3.8787939562e+00 -8.9744913074e-02
1.3640865152e+00 9.5303195420e-01 2.1047080411e+00
9.2241780236e-01 -1.4328774907e+00 -2.6164652904e-02
-2.2980013067e+00 -3.0971830012e-01 8.1034606343e-01
1.5295606401e+00 -5.7700863865e-01 3.1793020149e-01
2.3450047727e+00 2.3919631213e+00 9.8964143198e-01
-5.5145271759e-01 1.8608636341e+00 7.9118632120e-01
-1.6588228951e+00 2.1425306924e+00 6.8021094803e-01
-1.4262995282e+00 -4.7803883936e-01 1.2461574702e+00
-1.8453250939e+00 2.6163403277e+00 3.8031178976e-01
1.6356755484e+00 1.1098584829e+00 1.7581597393e+00
-3.6721526274e-02 -2.1464145841e-01 1.6528770640e+00
-6.6371136269e-01 -1.5616024733e+00 1.0662600912e+00
-3.7483533511e-01 -5.4292938500e-01 1.3311812746e+00
-2.6258244876e+00 4.1121300660e+00 -2.1172149858e-01
-1.1319271048e+00 1.2264793743e+00 1.4452982791e+00
-2.2960997130e+00 2.1893929159e+00 1.7020190241e-01
3.6654482871e+00 8.6673018822e-01 5.0995662393e-02
3.9784235163e+00 2.5268388142e-01 3.4669691028e-01
1.2718199661e+00 4.3906934297e-01 2.2442435166e+00
-1.5267076703e+00 1.7967332294e-01 1.2852846391e+00
1.1723732198e+00 -1.1179382976e+00 8.4965356409e-03
-1.0735815666e+00 3.0403502854e+00 -1.8299848691e-02
-1.5006689839e+00 9.7255375220e-01 1.4663558390e+00
-7.0919659763e-01 -1.2824554293e+00 1.2465915306e+00
1.2077559544e+00 -1.0023699127e+00 -1.8447452000e-01
1.3877614097e+00 -6.5147031168e-01 3.8695999517e-01
2.6091912856e+00 1.1300591739e+00 5.4074467379e-01
2.7309358957e-01 -4.9279920028e-01 1.3478243961e+00
-2.4726882809e+00 1.2420424577e-01 7.2233620422e-01
2.7232396500e+00 2.1044681746e+00 8.5846197313e-01
-2.0727707075e+00 2.2007867028e-01 1.0043731649e+00
-2.0350062418e+00 3.6048108207e-01 9.9953796765e-01
3.9052649035e+00 -3.1562720256e+00 4.3839063108e-03
-1.0749914924e+00 2.1447227291e+00 5.4726984368e-01
-9.7030376662e-01 1.3762119692e+00 1.5565072253e+00
-3.9647530423e+00 1.0292604730e+00 1.9684131698e-01
-1.3739539971e+00 1.4511964528e+00 1.4968419576e+00
5.7629379198e-01 -7.1535357707e-01 1.0587020644e+00
-3.5768960841e-02 2.1512711388e+00 1.9350532591e-01
1.1655552693e+00 1.0977974786e+00 1.8004040083e+00
1.3519320600e+00 -2.6106920290e-01 1.2244725109e+00
-5.8020459825e-01 3.5721183480e+00 -2.5816467239e-01
-2.6041044677e+00 2.0702590737e+00 -1.7028486614e-02
-3.2318064200e+00 1.6531157947e+00 -1.3557901199e-01
2.2572790282e+00 5.1175500361e-01 9.7729477030e-01
-2.2397963690e+00 9.7322426990e-01 6.4818274804e-01
-4.5183309632e-01 1.2191193870e+00 1.4148549895e+00
1.5266764803e+00 1.9495484436e+00 1.0337884388e+00
3.1339457482e+00 -1.3547421033e+00 -4.0632244755e-01
-1.9795447260e+00 1.8365295349e+00 8.5046964254e-01
8.7183530459e-01 1.4548612611e+00 1.4617215219e+00
-1.7883443498e+00 1.9139252498e+00 7.0586176065e-01
-1.4794501305e+00 1.9703772355e+00 1.0434908037e+00
-1.7290591278e+00 2.6210896244e-01 1.1735649576e+00
-3.2111355193e-01 1.1666361908e+00 1.4539769177e+00
1.7441490073e+00 3.0843723860e+00 4.9660351044e-01
1.3662571088e+00 -1.1489243878e+00 -9.1193116559e-01
2.2533060581e+00 2.1327796265e+00 9.9436184898e-01
2.1909244300e+00 5.1166328506e-02 5.1771085135e-01
-9.8931125347e-01 2.1289216569e-01 1.3443474374e+00
2.4153035029e+00 1.7176721614e+00 1.0556505931e+00
2.5561393741e+00 5.6486094777e-01 2.2874758641e-01
-1.4435693871e-01 1.5570870664e+00 1.0221349980e+00
2.0998082337e+00 2.4882624583e+00 1.0137465765e+00
-2.2818867966e-01 -4.0063418973e+00 2.7445906550e-01
-3.3450596026e+00 4.0617476050e+00 -1.7331998024e-01
1.1790805698e+00 -1.0197623438e-01 1.4907932024e+00
-8.6107664870e-01 7.6695631367e-01 1.4334110559e+00
-1.8773518808e+00 1.7557471385e+00 1.1925075775e+00
8.5764925162e-01 -9.5223737211e-01 5.7564523566e-01
1.2591919131e-01 -3.2587092383e-01 1.7211187309e+00
4.9956641763e-01 2.5312648421e-01 2.2567938304e+00
1.6663324855e+00 6.0797471529e-01 1.9662664982e+00
3.9845700991e+00 -8.6497981727e-01 -9.3915848262e-02
8.4973662727e-01 -2.1839139436e+00 -6.7862718415e-01
3.0237955920e+00 2.1431492787e+00 7.2454698383e-01
-1.1645195570e+00 1.0521278444e+00 1.5376319927e+00
2.3577361795e+00 2.3409519069e+00 1.0320279250e+00
-2.0827332184e+00 3.3172353693e+00 2.4216562250e-01
6.3830987449e-01 2.1495937793e+00 4.5113075769e-01
-8.9044799584e-01 1.6316635770e+00 1.1523781221e+00
-7.6512092512e-02 4.5097545413e-01 2.0047322021e+00
-3.2940065212e+00 -1.4139897723e+00 2.9309437951e-01
-2.2951114314e+00 1.2144169293e+00 4.7522706394e-01
1.2304794279e+00 -1.0474415002e-01 1.6699547691e+00
-2.5986178329e+00 3.0408829814e+00 9.0352840573e-03
2.8802561588e+00 9.9742333100e-01 3.5693891123e-01
1.0001865808e-01 -1.1907135919e+00 1.0196288851e+00
2.4936410700e-01 -1.3523595122e+00 6.9751194746e-01
3.0240720958e+00 -8.5672264868e-01 -5.4911860477e-01
-9.3148120611e-01 3.5340798743e+00 -1.3071839121e-01
-1.3284761253e+00 1.4140059123e+00 1.5369116287e+00
-6.4532198611e-01 -2.7167739446e-01 1.4439922004e+00
-3.0932023938e+00 1.5044551899e+00 -1.0514705865e-01
-2.4817882273e+00 2.8999138816e+00 9.0299096471e-02
3.3553762393e-01 -1.0497631603e+00 1.0211138987e+00
1.8898298664e+00 4.0012994072e+00 2.4023253495e-01
-2.6637983071e+00 3.9780146100e+00 -3.7244331008e-02
-2.2094985044e+00 1.0273679139e+00 7.3738176069e-01
-4.5226702184e-01 4.3433822412e-01 1.8182809134e+00
2.0904223604e+00 1.6199653661e+00 1.0512339248e+00
-7.7613628338e-01 -3.4656727917e-01 1.5202236977e+00
-2.2342151336e+00 -1.0746391512e+00 4.6042953632e-01
1.7389390153e+00 9.8808112307e-01 1.5838271826e+00
-2.7447323215e+00 4.3713022296e-01 3.3068863236e-01
-1.3138505326e+00 6.2344887632e-01 1.4583374069e+00
-1.4168218752e+00 8.5341004816e-01 1.4410636763e+00
-1.4711925028e+00 2.3966092004e+00 1.9266931127e-01
1.5281110483e+00 -5.6647478439e-01 3.3670004163e-01
-4.0908909816e+00 7.8103847288e-01 3.6268794202e-01
2.4036245498e+00 1.1241767630e+00 6.5783222395e-01
-1.6938638136e+00 6.3545143075e-01 1.3568082950e+00
-1.2755033913e+00 -3.5077553567e-01 1.3611261444e+00
-2.3206059987e+00 1.4051393117e+00 5.0941328707e-01
-2.4320863659e+00 1.7342517010e+00 2.4954575616e-02
-1.3233888848e+00 -1.1042085075e+00 1.0412246418e+00
7.6730564955e-01 -5.1965414314e-01 1.4334961027e+00
8.1239565422e-01 -3.0488390806e-01 1.5323816628e+00
-7.2720581269e-02 2.3843509088e+00 -1.6020880120e-01
2.2517955330e+00 4.0894538974e+00 2.5858101776e-01
-6.9850214733e-01 -3.9261932528e+00 3.3923749779e-01
1.4457849340e+00 1.5688073921e+00 1.1051513061e+00
2.0709648440e+00 1.2378889607e+00 1.2917182563e+00
-1.7824176431e+00 -2.0538798355e+00 1.7405875280e-01
-2.2840180786e+00 1.0949940473e+00 4.9498695160e-01
-1.1423273131e+00 1.0944260934e+00 1.5691021196e+00
-3.6844564195e+00 -2.0918492145e+00 7.2470706102e-02
2.3664214380e+00 1.4017982392e+00 1.0128511539e+00
-1.0305514497e+00 2.9946420338e-01 1.5486843559e+00
-9.8185621337e-01 -2.8690188506e-01 1.4646070970e+00
-2.3073121797e+00 2.7247692478e+00 2.0425315083e-01
2.1743515087e+00 5.7073343871e-02 6.7546033888e-01
-4.0851738153e+00 -1.3587249906e+00 8.8692702208e-02
2.9731920452e-01 2.9594414394e+00 -4.2683399271e-01
2.1407155161e+00 3.9796769360e+00 2.1820223279e-01
1.5268832717e+00 -2.2089986176e+00 -1.2810230771e+00
-1.9210132133e+00 1.2009439751e+00 1.0605240201e+00
-1.3438103999e+00 2.4307138268e-01 1.3191764935e+00
2.0144247061e+00 1.0411894348e+00 1.4279274061e+00
-1.4169047284e+00 1.8047035661e+00 1.1244588683e+00
2.3027551742e+00 1.9826034154e+00 1.1276431689e+00
4.6380419009e-01 -1.4256932695e-01 1.9212939272e+00
-7.1913442134e-01 7.5276594443e-01 1.4570636573e+00
1.7157695270e+00 1.1984682227e+00 1.4424824173e+00
-1.3159485535e+00 6.0366020711e-01 1.3231302388e+00
-6.0440696173e-01 -1.1367261000e+00 1.1657550026e+00
1.8157576000e+00 -3.0425892990e+00 -5.7121563926e-01
-4.9544923899e-01 2.5957512405e+00 -1.6618371536e-01
2.0212760902e-01 3.2795330696e+00 -3.8077750600e-01
-3.3794303733e+00 -3.9988004702e+00 1.9916176362e-01
-2.4966307211e+00 4.1265233009e+00 -4.6245579066e-02
-8.5396631634e-01 -1.0224347464e+00 1.0783098237e+00
3.1722279196e-01 -3.4758566641e-01 1.8519892562e+00
-2.7674003064e+00 2.3087304076e+00 -9.0778853714e-03
1.4331336941e+00 6.5062445128e-01 2.1381725966e+00
-1.4331548941e+00 3.1937796333e+00 2.2473837277e-02
-1.5689952927e+00 2.5176296465e+00 2.0128167609e-01
1.5093929118e+00 9.9938397635e-01 1.9460011540e+00
-1.0309109807e+00 1.5329113274e+00 1.3863207585e+00
-1.0257984394e+00 5.2676707979e-01 1.3476418830e+00
-1.2284011312e+00 4.1824386068e-01 1.5947614793e+00
-1.0453034969e+00 3.2753582523e+00 -1.3915367186e-01
-1.0033371771e+00 1.9851145320e+00 9.7870624231e-01
-2.2626384728e+00 1.3024815718e+00 5.3889175767e-01
-2.4165975902e+00 1.7858189762e+00 2.7308957228e-01
1.3940250944e+00 2.3513215133e+00 5.3961746012e-01
1.2133802867e-01 -2.5747275584e-01 1.9366429067e+00
1.6423232536e+00 9.4948261069e-01 1.7529768850e+00
2.7458781016e-01 -7.0844619279e-01 1.1904132957e+00
-1.7076938403e+00 -3.2157949804e-01 1.3163924115e+00
9.3946372851e-01 -4.0007234428e+00 6.3230789187e-02
-1.4205899911e+00 9.3433128184e-01 1.5487129804e+00
1.2504368938e+00 9.9536579969e-01 2.0202992639e+00
1.3750003911e+00 1.8382277832e+00 9.7829722334e-01
6.9360018375e-01 3.9462945530e+00 2.1609703168e-01
1.3575723161e+00 1.4198373706e+00 1.5016263646e+00
-8.0005938344e-01 1.3056086557e+00 1.3537703981e+00
-1.2629383932e+00 3.5556430641e-01 1.4279572377e+00
4.3407690478e-01 -6.7832834108e-01 1.2068323630e+00
2.7165878034e+00 -8.7865726743e-03 -2.7919418107e-01
-7.7521176413e-01 1.2132334295e-01 1.7800782998e+00
1.9950873828e+00 2.2353815771e+00 8.9486385161e-01
8.3754501657e-01 -8.9099225506e-01 5.6833663493e-01
1.8334261961e+00 6.0223769608e-01 1.5242763615e+00
1.2308042163e+00 2.0081901194e+00 7.1970044496e-01
3.9388123539e+00 1.6260603785e+00 2.4221763070e-01
-1.3301276367e+00 -1.8689270915e-03 1.4993550739e+00
-1.2375654685e+00 -1.0891412882e+00 1.1087290088e+00
-1.8931224982e+00 -7.3140912565e-01 9.1163907354e-01
2.7282136655e+00 1.5097131904e+00 5.6696352425e-01
-2.6680940111e+00 1.0323530269e+00 2.9496747143e-02
1.4210806326e+00 -6.9750854201e-01 -9.4331116241e-03
1.7457215207e+00 3.9857311089e+00 2.2245605828e-01
-1.1459113392e+00 2.1981572769e+00 7.0836817136e-01
-1.1554512808e+00 3.0290861690e-01 1.4372399819e+00
1.7237211927e+00 5.1269213705e-01 1.8938910199e+00
1.5972016054e+00 3.7986986944e+00 5.0497357696e-01
-9.0445577445e-01 -7.4238852080e-01 1.2063910527e+00
-2.7240185531e+00 3.7604277013e+00 -1.1690306241e-01
9.0037312504e-01 -4.6865094144e-02 1.8949538456e+00
-1.7950389340e+00 -3.2507574096e-01 1.2562764087e+00
2.6083190617e+00 2.2290001566e+00 8.4440781139e-01
2.2551897646e+00 -2.7994783712e+00 -5.4897486023e-01
-2.9335172246e+00 -1.4452272275e-01 6.1405078347e-01
2.6308485852e+00 1.1332807120e+00 6.2087286399e-01
-1.0959262451e+00 2.3603754698e+00 3.7885068031e-01
1.3700720909e-01 2.8422980177e+00 -4.1288961338e-01
-8.0219993974e-01 -6.2044864825e-01 1.4573867838e+00
-2.4194691754e+00 6.6075461323e-01 2.7737787656e-01
1.6670215747e+00 1.5477191333e+00 1.4048888180e+00
3.9899470469e+00 1.9217671829e+00 2.2058165955e-01
-1.7110475513e+00 1.8309870001e+00 8.4938142822e-01
-1.4730594680e+00 3.2380734391e+00 2.0145774182e-01
-7.0830129643e-01 2.0491203669e-01 1.6299380312e+00
-1.4441962970e+00 1.3471494146e-01 1.4123778546e+00
1.3757163587e+00 1.5654591405e+00 1.3715444203e+00
-1.0012498300e+00 -5.0422786987e-01 1.4020384692e+00
-3.8686589869e+00 6.3387799273e-01 5.2295991924e-01
-2.4843863828e+00 7.9796263880e-01 4.0453790981e-01
2.0984456807e+00 1.6606415600e+00 1.1809791739e+00
1.1248160859e+00 7.3951166986e-01 2.3130251399e+00
4.0207647923e+00 1.9538821165e+00 1.7438434333e-01
-1.4279167185e-01 -1.0922719964e+00 1.0239172922e+00
1.7840015618e+00 1.2129182522e+00 1.4146695672e+00
-8.4225516243e-01 -5.4165280998e-01 1.3229498721e+00
-1.7842519863e+00 2.1854807636e+00 4.9277169900e-01
-5.2118439376e-01 -2.4587055541e-01 1.5246124758e+00
1.6056599875e+00 -6.6638121588e-01 3.2850355915e-01
2.4459494975e+00 3.9849714960e+00 1.7591635164e-01
2.4506054166e-01 -7.8526259979e-01 1.3066613905e+00
-7.8511180516e-01 -1.0061035607e+00 1.1876762405e+00
2.3419489430e+00 -8.3268454288e-01 -7.9199103204e-01
-2.1461742947e+00 -4.0866925823e+00 -8.2550366833e-02
1.5657301758e-01 -5.6938413070e-01 1.5182244081e+00
-1.6766816768e+00 2.5592967614e+00 1.9332579891e-01
-4.0037877896e+00 7.6426848384e-01 4.1366141140e-01
-1.3731446532e-02 -1.3280967370e-01 1.9207217195e+00
-1.0988998722e+00 3.7465012634e-01 1.5661643636e+00
-1.7993385788e+00 -7.9071765657e-01 1.0441346979e+00
-4.2846066807e-01 -1.6632291173e+00 1.0352327857e+00
-1.0201993975e+00 7.1137788906e-01 1.5272468787e+00
3.6974158183e+00 -6.3784063079e-01 -1.8216467134e-01
-1.3703864645e+00 -4.9402904009e-01 1.2062314243e+00
-3.0611935372e+00 2.4752588159e-01 5.2074937082e-01
2.7800319542e+00 3.6725498977e-01 8.5890307104e-02
9.2536742306e-01 2.7047175715e+00 -8.6741994117e-02
1.4159476453e+00 1.1764545933e+00 1.5790047731e+00
1.8106163031e+00 2.3576771688e+00 7.2586493472e-01
1.4872451299e+00 6.5610900369e-01 1.9909500113e+00
-4.0855296336e+00 1.8533295440e+00 -1.5843557997e-01
-7.5055883527e-01 -4.0903290955e-01 1.4655240511e+00
-2.6675337807e+00 -3.6335497207e+00 -9.7667428967e-02
-3.0439302345e+00 3.9908989453e+00 -4.9509678039e-02
2.3047867607e+00 3.3203590534e+00 5.2398540629e-01
-9.3092631869e-01 2.3147707127e+00 2.3822123482e-01
-2.1462165470e+00 -6.7725525032e-01 8.2930142346e-01
2.2246847517e+00 2.4067581037e+00 9.9436460964e-01
-4.7362998416e-01 3.4661389379e-01 1.8274077890e+00
-7.9814448662e-01 1.8459065468e-01 1.6448247397e+00
-1.5055684818e+00 4.8444275537e-01 1.2610322576e+00
4.0560324587e+00 -3.7529598767e+00 2.8811131316e-02
-3.9889448061e+00 2.9094977477e+00 -2.8854007269e-01
-6.9891184337e-01 3.5708543858e+00 -1.6724196104e-01
2.3883952148e-01 -6.9988799418e-01 1.5101783234e+00
-3.0499190016e+00 -8.1050531561e-01 3.9569832625e-01
-6.0092302906e-01 -3.5315389145e-01 1.5408524404e+00
-3.5440005252e-01 1.8212862697e+00 7.8577124855e-01
3.2550808922e+00 -4.0577477693e+00 2.7781513547e-02
1.7128379462e+00 -2.2016118258e+00 -1.2823026433e+00
7.1726449885e-01 -3.0802337742e-01 1.7058394579e+00
1.1310559770e+00 -1.3715666856e+00 -3.1438217472e-01
4.7666846093e-01 6.1294384921e-01 2.5142389082e+00
6.2574785843e-01 9.0571995583e-01 2.1146747882e+00
-6.7324898589e-02 1.1396442688e+00 1.5628571928e+00
2.9416457828e+00 4.0328494858e+00 7.0764692761e-02
-5.0156025429e-01 1.0465829792e+00 1.5296957468e+00
-1.5848712183e+00 -8.1613735085e-02 1.3043409533e+00
1.2936701648e+00 -5.7152985853e-01 6.8041947327e-01
1.3160103688e+00 -8.2103056694e-01 2.7580374992e-01
-8.0551166793e-01 3.3631648804e+00 -2.6281432860e-01
2.0725087343e+00 2.4217764997e+00 8.3293262266e-01
-2.5699093955e+00 1.2393281695e+00 2.1526457675e-01
-6.7373666326e-01 6.8383492957e-01 1.5718388920e+00
2.1067416611e+00 -4.0433188907e+00 -3.0206606793e-01
1.1854559466e+00 -9.6255086128e-01 -1.5338445959e-01
1.1710873410e+00 9.5111231219e-01 2.1851826387e+00
2.4928706639e+00 3.8793761708e+00 2.1034205069e-01
1.4850009785e+00 3.9591392543e+00 2.2378616903e-01
-5.4513437343e-01 -9.9409186901e-01 1.2447650081e+00
-3.1704635031e+00 1.2339631800e+00 -4.5903298098e-02
-1.2637778341e+00 2.1057103199e+00 8.2102022182e-01
-3.0200317741e+00 -3.9509266489e+00 1.0384275234e-01
1.7483719977e+00 2.3158511971e+00 8.1350060948e-01
3.9623218768e+00 -2.0145848753e+00 -3.2775200017e-02
9.5442109875e-02 1.3092605712e+00 1.3680863745e+00
1.8446888300e+00 8.9756818612e-01 1.3560598086e+00
-1.2648433743e+00 1.0802858963e+00 1.5499991087e+00
-7.7677912522e-01 3.4317257134e+00 -2.8072246087e-01
-5.1005160333e-01 1.5156423314e-01 1.9034124245e+00
1.2023926914e+00 -1.0484100670e+00 6.9172218951e-03
-1.6596633215e+00 -1.9163269573e-01 1.3238484224e+00
2.2657259999e+00 6.6481033132e-01 8.4026379953e-01
-1.6528180678e+00 1.8326164082e+00 9.6286418745e-01
-6.6730222934e-01 1.8168690685e+00 6.9689723761e-01
1.3874418375e+00 1.0394570086e+00 1.9863213635e+00
-2.4592384334e-01 -5.7491311607e-01 1.1514643924e+00
-1.6929945002e+00 -1.9395298701e-01 1.3041830355e+00
1.5819760014e+00 2.4700459961e+00 6.6511588344e-01
-3.5240882487e+00 4.0559929651e+00 -9.9039163597e-02
3.9609068958e+00 -1.0582119329e+00 2.0241539156e-03
1.7716088478e+00 -7.5969511811e-02 8.0255408596e-01
4.2670715295e-01 1.2421606351e+00 1.6456901790e+00
1.0777939727e+00 1.5855194354e+00 1.2323165147e+00
-1.5100634373e+00 5.0618520725e-01 1.3675700561e+00
1.1863856846e+00 -1.3912776571e+00 -6.4395765939e-01
2.1777844747e+00 -4.6859800803e-01 -1.3783749096e-01
1.1459375944e+00 -2.1863794705e+00 -1.0149410564e+00
1.8593631006e+00 1.5997312637e+00 1.2441597401e+00
-4.1598138063e+00 -3.7781890203e+00 -5.0332838758e-02
-2.1716159583e-01 9.2562112139e-03 1.9344116885e+00
3.9432464194e+00 1.6429166480e+00 1.3569778643e-01
-1.5160179706e+00 1.7701452916e+00 1.1504359044e+00
-4.7978998865e-01 -7.3836343459e-01 1.2428180431e+00
7.3273179155e-02 1.4893401928e+00 9.5421339688e-01
-3.6818916114e-01 2.7413957384e+00 -3.7142796948e-01
1.8647670276e+00 1.5579597237e+00 1.4176670610e+00
2.2227470398e+00 2.1796513390e+00 1.0253726753e+00
1.9258974652e-02 -1.5803163352e+00 7.8953910902e-01
7.2972510768e-01 -1.4792698563e+00 2.0004184636e-01
-1.7059151941e+00 1.1364908779e+00 1.3425003876e+00
-1.9982570227e-01 -1.1290598001e+00 1.1240178065e+00
4.0344263080e-01 3.3096874210e-02 2.2660350639e+00
1.8995954701e+00 2.2258050835e+00 9.5517516830e-01
2.4899473105e+00 2.1800324976e+00 1.0132618078e+00
6.8043431299e-01 2.4414795756e-02 2.1636718259e+00
1.6072983579e+00 -1.1488869918e+00 -1.1636943136e+00
-2.4557449825e+00 -1.1964876986e+00 2.5320702503e-01
-1.0774017817e+00 1.9418787508e+00 8.8898202199e-01
-2.4646661624e+00 2.9135147748e+00 -3.7110334767e-02
6.7611277176e-01 -1.6951520850e+00 -1.7577515517e-01
2.0584463042e+00 1.4493017544e+00 1.2215054442e+00
2.5660432981e+00 2.8106396289e+00 8.3119993486e-01
-1.9333978566e+00 2.1589405602e+00 5.9129386777e-01
3.9431687178e+00 1.2578295777e+00 2.3936747444e-01
-4.4798614048e-01 -1.2299781568e+00 1.2905532535e+00
-5.6451999100e-01 1.7366727477e-01 1.8168556191e+00
8.5617410431e-02 -4.0403882328e+00 1.8778853045e-01
-2.0036195061e+00 5.7001384881e-01 8.2522206056e-01
1.4917923603e-01 1.9842738169e-01 2.2797784498e+00
-1.7832685577e+00 2.2388191405e+00 4.1498847375e-01
-3.3308426077e-01 -1.5790862497e+00 1.0838010899e+00
6.1179799743e-01 -6.8781937134e-01 1.1601880657e+00
-5.6376724631e-01 -2.5892139968e+00 5.2056946421e-01
2.3135577730e+00 3.5313480336e-01 4.6161439274e-01
4.0501420018e+00 3.9491453445e+00 2.6337788761e-02
2.0829129519e+00 1.0595750790e+00 1.0838958879e+00
-1.0692622550e+00 -9.7665613248e-01 1.2748115037e+00
-2.1858693053e+00 1.5934422150e+00 6.6188699371e-01
3.5482545730e-01 -1.1228913633e+00 8.0310057922e-01
-9.7273910334e-01 4.8938246444e-01 1.4597956621e+00
6.7746157182e-01 -1.2114403509e+00 4.5527510712e-01
7.4147258781e-01 1.7440224955e+00 1.0010744302e+00
2.0894442482e+00 1.8637865277e+00 1.0982435910e+00
1.2215543139e+00 -3.5885491679e-01 1.1166561259e+00
3.2308296060e-02 3.9841056902e+00 1.6508049434e-02
1.4983721902e+00 1.2719445799e+00 1.4114700604e+00
-7.9879017639e-01 -5.8755575353e-01 1.2479665654e+00
1.3731580687e+00 -4.0125325770e-01 9.4949594702e-01
2.5928967411e+00 2.0368411274e+00 8.0167258400e-01
1.5787066734e+00 -6.4566528350e-01 6.5543113306e-02
-2.2075348158e+00 7.5424584176e-01 6.7939350840e-01
-9.1605561787e-01 1.1573800697e+00 1.6353366718e+00
-1.6655304616e+00 1.6063155738e+00 1.2640248366e+00
2.1565076750e+00 1.4034109859e+00 1.1724051360e+00
-4.0877581255e-02 -3.9575237843e-01 1.4814293594e+00
1.6524219401e+00 2.8425156108e+00 5.0673969337e-01
-3.1486739238e-01 -2.3547253454e-01 1.6447783596e+00
1.5383718081e+00 2.1012526103e+00 8.7936774628e-01
-6.1337979510e-02 2.7026816788e-01 2.1468148526e+00
-6.9831777629e-01 2.7071737971e+00 -9.7057271620e-02
2.8203650128e+00 1.8963534549e-01 -6.4694421732e-02
2.7405655857e+00 1.4337420195e+00 4.2650636630e-01
1.4707508768e+00 1.8269093212e+00 9.9647943920e-01
-3.0783446154e+00 -1.0636765091e+00 2.5319321741e-01
-1.7145667347e+00 2.7500705191e+00 2.4575859785e-01
2.5811678870e+00 -6.2985085534e-01 -6.3711153811e-01
1.2183201266e+00 5.9343095036e-01 2.3951153402e+00
5.6599886498e-01 1.1863745147e+00 1.6671235801e+00
1.5669462469e+00 4.7426631176e-01 1.8807719478e+00
2.3262597031e-01 1.8180598229e+00 7.1039203973e-01
-1.2937719818e+00 3.8568376423e-01 1.3504222869e+00
4.1006368719e+00 -1.6104256897e+00 -1.0240750918e-01
3.9152219977e+00 -1.6711209891e+00 -1.1393961732e-01
-1.8777270214e+00 1.7904966093e+00 8.9121926560e-01
-2.4667074874e+00 -2.4004184532e-02 6.4144801763e-01
-2.2619573827e+00 9.3641593402e-01 7.0357358290e-01
1.4190696348e+00 2.7194674957e+00 2.8140403240e-01
-1.9935397409e+00 5.9677292880e-01 9.0931116382e-01
1.5745144208e+00 2.5924524912e+00 4.3757695741e-01
-3.7472090428e+00 1.6227983130e+00 -1.6845703449e-01
-3.5299549585e-01 -3.4841476019e-01 1.5665099883e+00
-2.1113060422e+00 -1.5001604734e+00 4.4997478353e-01
-2.8619662762e+00 5.5593132566e-01 3.0594870191e-01
-2.1721597633e+00 1.8161819023e-01 6.6566429366e-01
2.5949256783e+00 -7.8641135458e-01 -7.3232739983e-01
4.0469251300e+00 -2.0547660382e+00 -2.1349102748e-01
2.2964100604e-01 2.9117305233e+00 -3.8970547066e-01
2.7568863099e+00 -9.8180054090e-01 -6.8424565924e-01
-3.8963315749e+00 9.1344413466e-01 3.1545561259e-01
-1.0587634376e+00 4.8270268216e-01 1.5215071263e+00
1.8635499116e+00 1.3705483185e+00 1.2605272264e+00
2.8077918862e-01 -7.2038541335e-01 1.3367060709e+00
-2.6717574353e+00 -2.4537954258e-01 6.5355734307e-01
-4.8856484551e-01 2.9372413837e+00 -4.3133483186e-01
7.0042120210e-01 -1.0956877886e+00 3.2237126034e-01
3.0145088945e+00 1.8079747694e+00 6.2731306967e-01
3.9191104694e-01 -2.3979909274e-01 1.8756034607e+00
-6.2060664972e-01 9.9986780773e-01 1.5141176475e+00
-1.0934227858e+00 2.5574932424e+00 1.3290549465e-01
-4.4369260638e-01 1.0895749969e-01 1.8746810077e+00
-2.2575924221e+00 9.3799729794e-01 6.4036261470e-01
-8.5075570624e-01 1.5764441843e+00 1.2436557354e+00
4.2166329545e-01 -2.0638194294e-02 1.9543006159e+00
-6.4851344098e-01 2.7676143054e-01 1.7199264255e+00
3.6826900218e+00 1.9771200812e+00 2.7278775975e-01
-1.4938658906e+00 2.2934109170e+00 4.5619129468e-01
-1.2234207584e+00 3.0933479508e+00 -2.3087947276e-02
2.0241936336e+00 8.2126609783e-01 1.1309246927e+00
-1.0193670552e-01 9.0844609097e-01 1.7512566723e+00
3.9373187640e+00 2.5371359730e+00 5.1177080399e-02
6.6080584031e-01 1.3115391637e+00 1.6603035304e+00
-1.0277904577e+00 2.1626055289e+00 4.2349211873e-01
2.1437368650e+00 4.0002337254e+00 2.5204995302e-01
2.0380541886e+00 -3.2128333244e-01 2.8584302438e-01
1.6497805120e-01 -1.1849708117e+00 9.9485357474e-01
1.1142175132e+00 1.4578400615e+00 1.4905902523e+00
2.1384740276e+00 2.2469176897e+00 1.0875268485e+00
4.4864509658e-02 -1.3296909695e+00 1.0776975558e+00
-3.2143040462e+00 1.1468647889e+00 4.2250908196e-02
-4.0243882543e+00 -1.5890235955e+00 1.5772464711e-01
-2.6159779071e+00 -6.2899158554e-01 5.7243660546e-01
-2.0197399135e+00 -1.8894478926e+00 2.9060374893e-01
8.6832262011e-01 -4.9285751202e-01 1.1963153609e+00
3.9444816548e+00 -1.0166551661e-01 4.4542487175e-01
4.0054558077e+00 1.5477084134e+00 1.3732114327e-01
-5.3930637042e-01 5.7103031915e-01 1.5829902741e+00
-2.0003899184e+00 -7.7402687336e-01 7.3866082422e-01
-1.8135463584e+00 2.3853645800e-01 9.5195128610e-01
1.4454893898e+00 -4.5845100041e-01 7.5966000095e-01
-5.9553420558e-01 -4.1143938863e-03 1.7691693174e+00
1.4826567155e+00 9.9900831457e-01 2.0357438975e+00
8.2739855935e-01 5.2645036678e-01 2.4876426617e+00
1.8589075181e+00 1.9311756974e+00 1.0405747233e+00
1.9729348883e+00 1.0754817295e-01 8.8387680551e-01
1.0188268871e+00 -1.0410205917e-01 1.7264817009e+00
2.3490888617e+00 -2.3221003245e-02 1.3921713185e-02
-3.2236816476e+00 1.4818737745e+00 -9.9245884456e-02
9.4167984505e-01 -1.4349504623e+00 -4.9983841409e-01
3.8481240069e-01 -8.4423354976e-01 8.9924112833e-01
-1.7211971063e+00 -1.0453699249e-01 1.2576405929e+00
-9.5633177202e-01 2.2984929269e+00 3.6925187009e-01
4.0574230519e+00 -1.1979786725e+00 -1.2333613765e-01
-2.3056425607e+00 -2.6103581354e+00 8.5701238008e-02
-1.0480706361e-01 -1.1501730163e+00 1.1567969209e+00
-3.7199411503e+00 -6.9997689479e-02 5.9543222324e-01
-1.8266826970e+00 8.1505379760e-01 1.1096254697e+00
9.1076537204e-01 2.4824402602e+00 4.2483543161e-02
-1.0142427497e+00 1.8994792186e+00 1.1241158069e+00
-2.5677046301e+00 7.5439577615e-01 1.6940247841e-01
1.3686916994e-01 -1.4250840866e+00 7.3216527526e-01
-8.7661332294e-01 5.8387756126e-01 1.4285688641e+00
-1.4432417637e+00 1.0588041231e+00 1.4088382929e+00
-7.3280299559e-01 1.2841654221e+00 1.3855476499e+00
1.9688626977e+00 6.2980482732e-01 1.3257505507e+00
1.0839020288e+00 1.2103391352e+00 1.6780075201e+00
2.9953912757e+00 -4.0441472525e+00 -2.0948685387e-01
-2.5678168168e+00 2.6475647567e+00 1.1001323116e-01
1.2213406944e+00 2.1460732145e+00 7.2256819960e-01
2.5462880014e+00 9.7444686301e-01 5.2254643728e-01
1.7180910496e+00 2.4864305162e+00 6.5773232866e-01
-1.0428527557e+00 -4.8674629039e-01 1.4282841838e+00
9.0711105090e-01 5.2815676968e-01 2.4965556674e+00
1.6903844348e+00 2.9527721585e+00 5.9540169420e-01
1.5193169279e+00 5.8195261680e-02 1.4752828804e+00
-2.2097731611e-01 -1.1533952051e-01 1.9472231928e+00
1.4841313997e+00 2.6645141992e+00 2.6237538045e-01
-8.7184969406e-01 2.5178448290e+00 -9.2948599242e-02
-9.1976410574e-01 2.9488940170e-01 1.6121411062e+00
2.0618673387e+00 1.5411497701e-01 9.3520135694e-01
8.2832547293e-01 -6.2541584041e-01 1.2674709860e+00
1.0889407635e+00 2.3178401599e+00 3.9119306222e-01
3.9305779074e-01 -4.0302736764e+00 6.2899062013e-02
-3.1819655040e-01 -3.9300206687e+00 4.6783619104e-01
7.0671084775e-01 1.5330906735e+00 1.4045060452e+00
-2.3585204830e+00 5.1293049964e-01 4.9938128634e-01
3.1009821883e+00 1.8670631669e+00 6.1795170667e-01
-1.2719438538e-02 6.5066589584e-01 2.0656883175e+00
1.6880066833e+00 1.5454351353e+00 1.2541358476e+00
-3.8885279109e-01 -9.0809691094e-01 1.1713019831e+00
2.0309034144e+00 1.1671881201e+00 1.2929051192e+00
-2.3117083941e+00 1.2492853842e-01 7.8697495293e-01
7.3306901424e-01 -2.0053226671e+00 -4.7344522242e-01
1.3281442559e+00 -1.9337708125e-01 1.2746138082e+00
-2.4537391688e-01 1.9307191002e+00 7.3459692491e-01
2.2484528623e+00 1.5142461158e+00 1.1660826619e+00
-2.0241363109e+00 -2.4133478836e+00 1.5952062738e-01
1.9574439360e+00 1.5564604770e+00 1.0780499931e+00
6.9021910558e-01 1.3696391307e+00 1.5957229530e+00
1.6530165808e+00 6.0668828207e-01 1.6872936937e+00
-1.0528920668e+00 1.7212843108e+00 1.2489232362e+00
3.9974352882e+00 6.5924555891e-01 3.3670756416e-01
-1.9858404243e+00 1.4759321027e+00 1.1074880360e+00
-8.6595408441e-01 -7.7331039902e-01 1.1944140955e+00
-2.1223263838e+00 3.6094916709e+00 1.6059771635e-01
-7.9523167916e-01 2.7051122458e+00 -1.1428497979e-01
-2.5246483564e+00 4.3063927045e-01 4.3133623920e-01
-1.8456202222e+00 2.7073924161e+00 2.0250533583e-01
2.6465717377e+00 1.8030483060e+00 7.0568700147e-01
-1.6945396516e+00 3.2327338196e+00 2.1822446295e-01
1.8229754020e+00 -5.8502236883e-01 2.0594812753e-01
-3.0599084726e+00 -1.6232320451e-01 5.8987310432e-01
-1.6514274336e+00 2.1953471502e+00 4.4552797586e-01
4.5379310263e-01 6.0397599172e-01 2.4496302636e+00
1.2691699526e+00 -2.2648782872e-01 1.2506637423e+00
-2.3302436294e-01 -4.3939181995e-01 1.5075395164e+00
-1.8408536478e+00 2.2409204474e+00 4.1942865894e-01
1.3532615953e+00 1.6080600736e+00 1.1360661804e+00
-1.9630326371e+00 4.0021262130e+00 -9.7536181220e-02
-5.5670611274e-02 1.0342386426e+00 1.5968338639e+00
-2.2763323683e+00 1.5322298935e+00 5.3371476759e-01
8.9115338709e-01 1.7306081342e+00 8.9789647750e-01
-3.1703195165e+00 4.3304740973e-01 4.0662564709e-01
2.4708115404e+00 1.5778683331e+00 8.9742884765e-01
-7.1156327628e-03 1.0998037834e-01 2.0663918795e+00
9.8802639737e-01 -1.0838913262e+00 1.9423986771e-01
2.4088765689e+00 3.8951733746e+00 2.8191995139e-01
2.4083171055e+00 6.1211568064e-01 6.5578347952e-01
-1.4176254900e+00 1.6835439514e+00 1.2523733045e+00
-7.7778575707e-01 -1.1493348655e+00 1.0897097121e+00
-1.8197425570e+00 -2.2386791244e-01 1.1549489378e+00
-4.0987683433e+00 3.1853152164e+00 -3.1911068798e-01
1.5791054992e+00 3.3992580786e+00 4.3895827856e-01
-4.0004253697e+00 2.9397041323e+00 -3.0679969927e-01
9.1382035378e-01 6.4961363159e-01 2.4002195700e+00
7.4172373213e-01 -1.4258137302e+00 4.7580282234e-02
5.3088371824e-01 1.9720108844e+00 5.9482452014e-01
-3.3838119954e+00 8.7914612544e-01 2.1714889593e-01
-3.9765822699e+00 2.0282032591e+00 -4.3734779554e-01
3.8965379870e+00 7.2398984582e-01 3.5813733718e-01
-2.8141881007e+00 2.1461656088e+00 -9.3424334703e-02
-3.3768010830e+00 1.8035094336e+00 -1.0797417651e-01
-1.6739080168e+00 -4.5276773241e-01 1.2394399992e+00
-2.4130317399e+00 2.9912065054e+00 1.3908459790e-01
6.4112556402e-01 -1.3891353274e-01 2.0542092661e+00
-3.0284144815e+00 4.0291708518e+00 -1.4208258389e-02
1.7008165084e+00 2.1061127209e-01 1.4882480148e+00
-2.4067018143e+00 3.2711543649e+00 1.5749858552e-01
-3.2917618722e+00 -4.0060645290e+00 2.1750441825e-01
1.0302248774e+00 -9.9935020053e-01 1.8005510672e-01
8.5021828569e-01 -1.7409351569e+00 -3.6605273426e-01
1.0581305204e+00 2.2053768266e+00 4.2082824859e-01
-2.7449182474e-01 5.4661533418e-01 1.8223166912e+00
2.6005449071e+00 9.5199110172e-01 4.5710586377e-01
1.7984675174e+00 1.5753043036e+00 1.1838863416e+00
-2.4699291505e+00 3.5667851325e-01 5.3136127161e-01
1.2970147445e+00 -9.6429036575e-01 -2.3397118018e-01
-1.1251634655e+00 1.4187182826e+00 1.4730782314e+00
-1.4747893165e+00 1.8185992328e+00 1.1248839771e+00
9.9673472603e-01 -7.5232333259e-01 7.4319243177e-01
2.0265613475e+00 2.0004997569e+00 1.0435046607e+00
-4.3761393615e-01 -1.1050486424e+00 1.3130477047e+00
-3.9034380025e+00 1.5871447051e+00 -2.0655396932e-01
2.2440337262e+00 -6.7555801377e-02 1.4410787883e-01
1.9944289605e+00 2.9794911458e+00 6.9295006153e-01
2.1890953235e+00 1.9280417699e+00 1.1019734967e+00
2.2976855405e+00 2.0640746614e+00 9.9644030535e-01
1.0371912560e+00 -3.6702530085e-01 1.2577323790e+00
-8.3157026651e-01 1.2079061525e+00 1.4794573136e+00
1.6378966945e+00 5.2266644667e-01 1.8791034314e+00
-8.9721045389e-01 -1.5163281512e+00 1.1819055839e+00
-1.9943631611e+00 -6.5143521091e-01 1.0682698840e+00
-3.7234318830e+00 -1.2714709134e+00 2.5527395154e-01
-2.7732793884e-01 -9.9988613284e-01 1.2836533836e+00
1.9887821643e+00 -1.1016913385e+00 -1.1334218365e+00
2.6900438530e+00 1.2269811805e+00 5.0920594809e-01
3.9817749195e+00 -2.6222319389e+00 3.1395930813e-02
-1.5285236745e+00 1.7161931363e+00 1.0691476943e+00
-2.2809832941e-01 2.9669383475e-01 2.0178862752e+00
3.3578907721e-01 1.0903713860e+00 1.8778744954e+00
2.4947526106e-01 -2.6601073524e-01 1.7565300014e+00
-7.3451542576e-01 2.1079264770e+00 5.4131661798e-01
4.0564054515e+00 -2.0323453693e+00 -8.9467078677e-02
-2.0662014965e+00 2.1072213880e+00 3.8175053266e-01
-4.6502687932e-01 1.1556168369e+00 1.3678215546e+00
1.7220160850e+00 -9.7231326210e-01 -6.8166449446e-01
2.8227508007e+00 1.7641352165e+00 6.4730563400e-01
-2.9770022113e-01 -2.1764620450e-02 1.9003503309e+00
1.0867833113e+00 2.5298347925e+00 1.4404495905e-01
4.5307441216e-01 -6.9403867774e-01 1.3192174488e+00
-1.1539699739e+00 2.4730866845e+00 2.8209132263e-01
3.6746049292e+00 -4.0534290241e-02 1.7993524820e-01
-7.3517222979e-02 1.2570162204e+00 1.2538567206e+00
2.6977937330e+00 1.4501321006e+00 6.0999224178e-01
-4.5206077365e-01 -6.3663066478e-01 1.3263089351e+00
1.6824841063e+00 2.0625333728e+00 9.0945293170e-01
2.3291263688e+00 -6.6313984314e-01 -6.5306054928e-01
-2.0788757443e+00 2.2764004002e+00 2.4078697158e-01
1.3908514790e-02 -8.1091543033e-01 1.2415062624e+00
-2.0772115191e+00 -5.5262179498e-02 9.4209435573e-01
-2.1587026363e+00 7.7160910412e-01 7.3105882833e-01
8.3604323984e-01 -3.0249816496e+00 -4.7386077249e-01
-3.6278049313e+00 -2.8707811401e+00 2.3871134494e-02
-1.8049931260e+00 2.0088279928e+00 9.3920367940e-01
5.5320998662e-01 -5.8020370488e-01 1.2282339172e+00
5.5340074939e-01 2.3596391103e+00 1.0097910387e-01
1.4746818709e+00 1.5457710562e+00 1.1983472310e+00
2.4549456363e+00 1.1828118902e+00 8.9391255398e-01
-5.9130238254e-01 6.9743632457e-01 1.5480349286e+00
1.8423817969e+00 5.6300880083e-01 1.4152788574e+00
-1.6744284967e+00 5.1341895566e-01 1.0924943170e+00
1.4430895198e-01 3.6987719809e+00 -3.0888888985e-01
2.2113338538e+00 7.9150920030e-01 1.0236065131e+00
1.6359562701e+00 1.4422672340e+00 1.4032936443e+00
1.3972589802e+00 -4.9634770932e-02 1.4245782017e+00
1.6287473872e+00 3.9856187412e+00 2.5737023917e-01
-2.4026535794e+00 8.4324254530e-01 2.6077302575e-01
1.6899226792e+00 8.8485637076e-01 1.7424273721e+00
-1.1457333535e+00 2.0029068590e+00 8.2531650600e-01
1.9984246087e+00 7.1067684436e-01 1.4503460821e+00
1.1291746951e+00 -4.1217698163e-01 1.1187003388e+00
4.0259293939e+00 -1.7269282090e+00 -4.8562888496e-02
3.0332436202e+00 -1.1364631704e+00 -5.2612336164e-01
1.7539006208e+00 9.7449362454e-01 1.6484417548e+00
4.0850439867e+00 3.4784089927e+00 1.7373889392e-01
-3.6261971013e-01 -4.4445077696e-01 1.4258535530e+00
-4.5700627270e-01 -1.0792035982e-01 1.8095767680e+00
8.9310445195e-01 -2.0032027027e+00 -5.8933521418e-01
1.2116893583e+00 -1.7057853638e-01 1.2746301352e+00
1.0404683200e-02 5.8553291943e-01 2.0386209808e+00
-3.9819725469e-02 -4.1448256976e+00 2.3295081238e-01
2.1718241593e-01 1.4101405893e-01 2.2477023932e+00
9.9770430583e-01 9.0553370767e-01 2.2084888266e+00
2.5933142256e+00 -8.0854167794e-01 -6.6193873881e-01
-2.5556683784e-01 2.2753267693e+00 3.5755801861e-02
1.5258197394e+00 2.1312588307e+00 7.2790917673e-01
1.7437745806e+00 1.4964507451e+00 1.4408644518e+00
-4.0395116031e+00 9.3975468973e-01 2.5651383668e-01
-2.7888847076e+00 1.9640505731e+00 -1.0576603352e-01
-9.1955300259e-01 7.4458507565e-01 1.4378019725e+00
1.1678387694e-01 -3.8679105732e-01 1.4628658077e+00
-2.1488490005e+00 -1.3292924905e+00 3.8782922090e-01
-1.1198027207e+00 2.7035046750e+00 1.6723828592e-01
1.5759423602e+00 -1.2806136379e+00 -9.2921415397e-01
-9.0212300250e-01 2.3055527736e+00 3.2887540337e-01
1.7598082825e+00 1.5082197260e+00 1.3236180066e+00
-1.5795528601e+00 6.5019913793e-01 1.3540632746e+00
-3.4867748216e+00 1.8197608989e+00 -1.3191790348e-01
-8.0343104827e-01 -6.3384134799e-01 1.2736475064e+00
1.0613445336e+00 3.9970202084e+00 1.4534822382e-01
-8.1302060049e-01 -4.4873079799e-01 1.4887521314e+00
4.1317504565e-01 -2.9453892135e-01 1.8449791843e+00
-1.2544416402e+00 1.5630965409e+00 1.4478149941e+00
-1.8209350861e+00 2.9778027155e-01 1.0429701031e+00
-1.3947419625e+00 3.0207236194e+00 9.6896917944e-03
-3.9070191421e+00 2.7417588604e+00 -3.0893890688e-01
3.9318250475e+00 2.4057803389e+00 4.7193449433e-02
-2.5183005342e+00 1.5154083186e+00 1.6464733383e-01
-8.3920751375e-01 2.6316267896e+00 3.0571953265e-02
-3.8057017049e-02 -7.5464018916e-01 1.2031660489e+00
-3.1353061150e-01 -5.5885361361e-01 1.4134559085e+00
-2.6630407172e+00 6.1012639130e-01 1.8016143693e-01
6.2188052322e-01 7.4690321769e-01 2.4404738760e+00
-6.4307702181e-01 -1.5659265222e+00 1.1216794543e+00
8.6900887493e-01 -1.5214197936e-01 1.6849127988e+00
-2.1140234772e+00 1.2253521402e+00 6.9304771433e-01
-1.1811436767e+00 -8.3493954005e-01 1.1044951663e+00
1.8898113063e+00 2.8639830906e+00 6.7338679076e-01
-9.6284187389e-01 1.0508060884e+00 1.4448860399e+00
-1.2885336691e+00 -8.6464279410e-01 1.1124446072e+00
-4.3172424025e-01 2.6137362026e+00 -2.0409649294e-01
2.9361213534e+00 -1.7396826245e-01 -3.2098704701e-01
2.7892264746e+00 1.9648126137e+00 7.1910927267e-01
-2.4341257265e+00 2.0726517458e+00 2.4165082411e-01
1.6552303325e+00 2.2256833037e+00 9.1873582456e-01
1.1657822354e+00 -1.1431219139e-01 1.6739712345e+00
-1.3713173964e+00 3.3780616126e+00 1.2498360280e-02
4.1170276030e+00 1.0275351547e+00 3.1479513247e-01
2.4991158746e+00 6.7291435878e-01 6.9413328009e-01
1.3578750123e+00 1.2775334307e+00 1.5316443643e+00
2.7195085715e+00 -7.5845220313e-01 -6.9376601761e-01
1.7379099186e+00 2.0401840492e-01 1.3440662057e+00
-1.6383991405e+00 1.0404512701e+00 1.4038027045e+00
-8.9715578565e-01 2.1902553016e+00 2.1683512958e-01
1.6687627325e+00 1.9498203190e+00 1.0250790086e+00
2.0888031584e+00 -2.8832365979e-01 1.1820346533e-01
-2.6580285168e+00 -3.8334652039e-01 6.3478070367e-01
-2.7455753207e+00 -4.0933677266e+00 1.6954128646e-01
1.5930533176e+00 -9.6029824623e-02 9.8476136643e-01
-1.1092890025e+00 -2.0053250297e+00 8.1530392630e-01
2.7316037943e+00 3.7015968654e-01 2.6654254588e-01
-4.0761819989e+00 1.5580016171e+00 -1.1021492209e-01
-1.1108436593e+00 9.7041029303e-01 1.4597915709e+00
2.5712397612e+00 1.0607475570e+00 6.1941747482e-01
-5.2343298270e-01 9.2803452667e-01 1.5502947095e+00
-5.8093528097e-01 3.0716012488e+00 -3.2447213182e-01
-1.6489897163e+00 -1.3913582096e+00 7.6771399004e-01
1.6331787236e+00 1.7636415100e+00 1.0117365527e+00
-8.9914692805e-01 -1.7160669466e+00 1.0458217075e+00
-1.3410145570e+00 9.6524355259e-01 1.3921977685e+00
2.4803426781e+00 1.7999482875e+00 8.4249249048e-01
4.0384654549e+00 -2.2437344842e+00 -9.6545614788e-02
3.9339266032e+00 -2.6807896343e+00 -5.6897419557e-02
-1.3523016037e+00 -2.2421675485e+00 5.3844271422e-01
3.9349291419e-01 -2.1329333974e+00 7.0105521188e-02
-7.0479370764e-01 3.3812472133e+00 -2.8505858497e-01
-2.3915265981e+00 5.6041902261e-02 6.5862527328e-01
-1.1118079111e+00 6.8024245130e-01 1.3847808755e+00
-3.2338731928e+00 3.2755676651e+00 -2.2850813965e-01
-2.2102669835e+00 -5.1629909255e-01 9.5184894893e-01
6.4316941992e-01 -1.6386232778e-01 1.9397472017e+00
-1.5429737256e+00 9.2552818822e-01 1.3596333036e+00
-1.6518627441e+00 -3.9700136898e+00 1.7984302411e-01
2.3445991366e+00 2.7664336137e+00 8.9701622183e-01
-2.5841856435e+00 -1.6523785637e-01 7.4076115167e-01
-1.3383854846e+00 1.4378890881e+00 1.4742426789e+00
-2.9015718709e+00 -1.1950804258e-01 5.4776082148e-01
8.2571300980e-01 2.0891615350e+00 5.0656079000e-01
4.0564613472e+00 1.9538694776e+00 -2.9095569004e-04
4.0348344688e-01 1.2873354041e+00 1.5009395082e+00
-2.6352965968e+00 2.4710752284e+00 -5.1909655439e-02
-2.6309415696e+00 1.6837551897e+00 -1.7768503631e-03
1.7885335061e+00 2.0818699185e+00 8.7513686823e-01
1.5553447628e+00 1.9626600625e+00 8.4675901434e-01
-2.5164178064e+00 2.3280306543e+00 3.1267633817e-02
-1.1817993848e+00 4.0032970396e+00 -4.9635154380e-02
1.7702255799e+00 1.2662661895e-01 1.4651599562e+00
-3.0063526032e+00 8.3462563506e-02 6.1988682106e-01
7.3471747889e-01 1.7363935948e-01 2.3012735090e+00
-1.7895925028e+00 -1.7802196221e+00 4.3239683915e-01
-3.3094205392e+00 2.2339088405e+00 -1.1259070045e-01
-1.3022786566e+00 8.0851672397e-01 1.3738164078e+00
1.3086386594e+00 -8.0699828709e-01 2.1262059187e-02
-2.1842364057e+00 3.2415278414e+00 1.3164594441e-01
-9.1718393150e-01 -1.8376760270e+00 1.0177464641e+00
3.7917176800e+00 -1.6027677588e+00 -3.3217607195e-02
2.9879788950e+00 4.3288600104e-01 -2.4567036353e-03
-3.9698308497e-01 7.0458276960e-01 1.6365138367e+00
2.5314648695e+00 6.4460681178e-01 5.4616601085e-01
-1.8502247870e+00 -9.4198711559e-01 7.9745721692e-01
3.0788246801e+00 -7.7242414800e-01 -6.2086739288e-01
6.3942894047e-01 4.0997205053e+00 1.5654991790e-01
1.2065557957e+00 9.6427612153e-01 2.1607913951e+00
-3.5020484287e+00 3.9630786349e+00 -3.0297878398e-02
1.2854110546e+00 7.1733990453e-01 2.2093092438e+00
2.2615050084e+00 1.6434961554e-01 4.6909695907e-01
-1.7898394292e+00 1.2437196574e+00 1.2407640309e+00
2.1146202012e+00 3.1214435797e+00 7.3329610229e-01
-1.5736990324e+00 4.0230331694e+00 -2.8079248424e-03
1.6003020756e+00 1.5301136896e+00 1.3040971498e+00
-2.3461322928e+00 1.3308864719e-01 7.7943472861e-01
1.3539274530e+00 1.1559191636e+00 1.8008940280e+00
-3.2359672848e+00 1.4406825225e+00 -1.1409786683e-01
-7.8949656210e-01 9.5065054677e-01 1.5313359810e+00
-2.1595541403e+00 1.4527055466e+00 7.5559296600e-01
1.6303056599e+00 2.2035589154e+00 8.8345255428e-01
5.6178116191e-01 -2.8230526425e-02 2.0915176279e+00
-1.7015718731e+00 -6.7609669724e-01 9.7382314045e-01
6.5316410216e-01 -4.0161325779e+00 8.2274096206e-02
-3.7205598435e-02 -3.9896535948e+00 2.7448573974e-01
3.9972376064e+00 1.5665690052e+00 1.5259348782e-01
-2.2232054343e+00 -1.6166763180e+00 2.3091572579e-01
4.3579797117e-01 1.0131866648e+00 2.1071683725e+00
6.2090705696e-01 1.0414942948e+00 2.0995375059e+00
2.8019591941e-01 5.6245105944e-01 2.2687527584e+00
5.7741395580e-01 -1.9312915974e+00 -5.3558128165e-02
-1.6068319980e+00 3.6914867875e+00 1.3753540318e-02
1.3273122499e+00 1.8926974820e+00 7.4048488794e-01
-2.1973833650e+00 -2.4373594263e+00 7.6947011639e-02
2.2309727133e+00 2.4522141670e+00 9.4360365511e-01
-1.6173118555e+00 2.2238030908e+00 6.5765607359e-01
-1.3434055398e+00 1.8307323668e+00 1.2046820882e+00
1.4314018454e+00 -3.1236153057e-01 1.0642705466e+00
3.1816158713e+00 -3.9990751932e+00 -1.5630518681e-01
5.6897972473e-01 -1.7069904151e-01 1.7934545162e+00
-3.8044367412e+00 3.6699100600e-01 5.2970430734e-01
1.7803193328e+00 2.4660914651e-01 1.6447850472e+00
1.3528961426e+00 1.9206383639e+00 8.8067063488e-01
-7.4162451600e-01 4.1052342205e+00 -2.8283545873e-02
-1.0135229514e-01 2.3880414551e+00 6.0968909190e-03
1.4714364520e+00 -1.5874754684e+00 -1.1993189602e+00
-1.1739830906e+00 -7.5496891660e-03 1.4709591456e+00
2.7616627546e+00 1.1976878324e+00 4.5389744029e-01
2.2112078935e+00 5.0648106774e-01 9.8011061335e-01
1.9772051702e+00 2.0247369742e+00 9.2710936533e-01
3.4635862232e-01 -1.1124634341e+00 9.4810285932e-01
3.6650320685e+00 -5.1890473558e-01 -2.1489321543e-01
-6.2250523307e-01 5.7057692224e-01 1.5963404103e+00
-2.5508653708e+00 1.5655147876e+00 -6.9315100782e-04
-2.4446411630e+00 7.8235709622e-01 4.4376935529e-01
1.4931024130e+00 -4.5900314424e-01 7.3013784650e-01
-2.2141667922e+00 6.3754053960e-01 6.6444481432e-01
7.7743985874e-01 4.5588301626e-01 2.5093476346e+00
1.4447590299e+00 -7.7625501807e-01 1.4167531859e-01
3.8919589431e+00 -2.0577764911e+00 -4.4355272511e-02
-1.5751834461e+00 -6.9721379725e-01 1.1757203049e+00
2.4004375655e+00 -8.4554510280e-01 -8.0007088427e-01
2.0424792249e+00 1.5560422815e+00 1.0962327172e+00
9.0225048864e-02 -6.5081040998e-01 1.4379816834e+00
-6.6556909405e-01 3.9531557403e-01 1.7341452490e+00
3.9292582262e+00 2.3826542309e+00 1.1131034232e-01
-1.1853329310e+00 1.9824935621e+00 8.8713117368e-01
-1.9469011234e-02 -4.1640590771e-01 1.6837458036e+00
1.0985003618e+00 1.1737785928e+00 1.6132596463e+00
1.8652324386e+00 -2.6364839584e-02 9.4163306589e-01
-2.8117953142e+00 1.8559738084e+00 -3.7092511349e-02
-2.5795143717e+00 1.8271568182e+00 6.4440461772e-02
2.1835546600e+00 -1.0324851593e+00 -9.3995775264e-01
-1.2972103085e+00 5.7162230955e-02 1.5322308302e+00
1.3918525641e+00 1.8894451485e+00 1.0623180256e+00
-2.2587994543e+00 1.2745935791e+00 3.1685047280e-01
2.5973638835e-01 -2.7232542023e-01 1.7941562035e+00
-1.6388171995e+00 2.5005454983e+00 2.7272334570e-01
2.2923108865e+00 4.3253826118e-01 7.2115593853e-01
3.4574313553e+00 7.3090348245e-01 2.2917275323e-01
-2.0585559171e+00 2.6946972855e+00 2.1220319811e-01
1.6920765187e+00 3.7252444263e+00 3.3991753054e-01
3.2409569915e+00 5.8906605206e-01 2.3567716464e-01
-8.4807176035e-01 1.8092845940e-01 1.6788400140e+00
2.4164791565e+00 9.5273090558e-01 6.8992828150e-01
3.1682190446e-01 2.2297342976e-02 2.1308887892e+00
-1.3651545870e+00 -1.4161074633e+00 1.0654901116e+00
-8.8890433125e-01 9.1450968518e-01 1.4753174917e+00
1.0423685340e-01 1.0198252443e+00 1.6766856471e+00
2.7994413586e+00 -5.4804441874e-02 -4.1651582643e-01
2.3588395566e+00 1.9011155329e+00 9.9845061705e-01
4.0096688185e-01 -1.2197266653e+00 7.5662361296e-01
3.5243008496e-01 -1.0803624645e-02 2.0470505344e+00
4.0179979414e+00 4.7889274356e-01 4.8189864473e-01
4.0034631794e+00 -3.5847177866e-01 1.6127194680e-01
-1.9782517413e+00 8.4295060643e-01 9.0245270737e-01
1.4201410376e+00 3.3245607445e-01 1.9469061433e+00
2.1900109653e+00 4.1890537117e-01 9.3492714861e-01
-1.6363574917e+00 8.2915724945e-01 1.4476253329e+00
-1.3532366550e+00 1.4212402839e+00 1.4205932933e+00
1.5514192555e+00 -3.7853369922e+00 -3.2780458588e-01
8.7385373522e-01 1.6721282989e+00 9.7096481277e-01
3.1711951555e+00 -1.1996066719e+00 -4.1324685842e-01
-1.2493889924e+00 3.8917835645e+00 1.0075989340e-01
-2.5868733638e+00 5.1370849802e-01 2.7159791769e-01
-1.3183550173e+00 1.3450192459e-01 1.4090991661e+00
-2.2046916943e+00 -2.3324991606e+00 7.9086746474e-02
-1.5676835739e+00 -5.3393607140e-01 1.2925257057e+00
-8.5197147553e-01 -4.5909052810e-01 1.2980247801e+00
2.7549543864e+00 1.5574891479e+00 6.4611121231e-01
3.2692856954e+00 2.3614291013e+00 6.3817786167e-01
2.8677969209e+00 3.2135886588e+00 4.0230765581e-01
-1.3538381704e+00 2.2006011342e-01 1.3956711126e+00
4.1236201958e+00 -1.8056130555e+00 -8.6515516882e-02
-1.4892993754e+00 3.1083952586e+00 8.6009399171e-02
-1.5091538464e+00 1.8455498812e+00 9.2984966051e-01
1.4651095021e+00 3.0684420785e-01 1.6423695377e+00
3.8113524766e+00 1.0480255625e+00 3.1648594562e-01
-1.1731567403e+00 1.1606863259e+00 1.5331770277e+00
2.2392095017e+00 5.0882253222e-01 9.4557572548e-01
5.0515829943e-01 -7.6678042664e-01 1.1308759200e+00
-2.1046704799e+00 2.0373463392e+00 2.8949866813e-01
-8.0661431521e-01 9.5873373374e-01 1.5531040379e+00
6.1147932001e-01 -2.3195166161e-01 1.7780444487e+00
2.3321989662e+00 1.8983262270e+00 9.9035708885e-01
-1.0381050995e+00 -1.3123870155e+00 1.1806944447e+00
2.2987724114e+00 -4.8409079002e-01 -2.6699026326e-01
-1.4073598059e-01 3.2273552876e-01 1.9666540362e+00
-3.3633559814e+00 2.4793887283e+00 -2.6489466304e-01
-2.6439377041e+00 2.9638748237e+00 3.1645661880e-03
9.8979896263e-01 -1.6285522455e-01 1.6527694805e+00
-4.1156931206e+00 1.2268289716e+00 1.3539438090e-01
-1.7378795529e+00 2.8341169757e+00 2.4768625405e-01
-2.3599684221e+00 3.4750790002e+00 8.5908371030e-02
-2.2384720651e-01 -1.0242936342e+00 1.2259346594e+00
4.0116686283e+00 1.8176420513e+00 2.3832164980e-01
-7.9079365311e-01 1.6013147649e+00 1.0967236798e+00
-2.9994597962e+00 -1.8486515661e-01 5.7643772182e-01
1.8746177684e+00 1.7498517200e+00 1.1949533288e+00
-1.4215513990e-01 2.6180846427e-01 1.9964657145e+00
1.4510556648e+00 -4.6674254584e-01 7.3144288378e-01
-3.8332830181e+00 4.1449014955e-01 6.3857320916e-01
-1.1931156460e+00 1.4846537795e+00 1.4789310640e+00
-9.6089351749e-01 1.1837604527e+00 1.4795320052e+00
-1.0961095113e+00 2.0341794393e+00 6.5176908205e-01
-1.4281136526e+00 7.4002195117e-01 1.4244250906e+00
1.4084224265e+00 2.0128041786e+00 7.6320350704e-01
8.1480555644e-01 5.4848808033e-01 2.5191975506e+00
-1.9037058253e+00 2.2084693975e+00 4.8921426795e-01
1.9089917842e+00 1.8909083038e-01 1.0237108587e+00
2.3523263253e+00 1.6368981877e+00 9.7916752155e-01
1.5846329854e+00 1.7293054222e+00 1.2975211859e+00
2.8385585810e+00 2.0271117308e+00 6.6633913820e-01
-1.6089256494e+00 -3.2161333900e-01 1.2782762619e+00
-1.0306516460e+00 9.6087892520e-01 1.4738547858e+00
4.3451731065e-01 -2.3974198400e+00 4.4224040901e-02
-3.2150639950e+00 -8.6358851102e-01 2.7295032255e-01
1.2106232934e-01 -1.5717588639e+00 7.6911137208e-01
-1.9788483409e-01 -4.6684974373e-02 1.9630885746e+00
1.7919723287e+00 1.3341433983e+00 1.4861243903e+00
4.6408998418e-01 -1.0372168839e+00 8.9689228776e-01
1.7764380773e+00 1.6958399735e+00 1.1376789853e+00
2.5680283570e+00 2.6008282877e+00 9.5738818961e-01
1.5490458718e+00 -1.1350653468e-01 1.2267773582e+00
2.0003437888e+00 3.5277331706e-01 9.5285083663e-01
-1.8918219907e+00 2.0054408356e+00 6.8369006047e-01
-1.7254029814e+00 6.2639486237e-01 1.0333957270e+00
6.2641110515e-02 -3.7860625219e-02 2.0724520010e+00
-1.0359917020e+00 1.4045839460e+00 1.3922060183e+00
1.8937851114e+00 1.6960946077e+00 1.1695503445e+00
-2.1204680289e+00 -2.8605411341e-01 9.2830813505e-01
-2.6120367131e+00 2.7987774787e+00 2.8674183005e-02
-3.3770735195e+00 7.7732339551e-01 1.1055031533e-01
6.9250829425e-01 6.1639075235e-01 2.5141582934e+00
1.0349390631e+00 1.6997529195e+00 1.0981046721e+00
1.4180701817e+00 3.5345329734e+00 3.2244889104e-01
8.4610016722e-01 -1.9865540795e+00 -5.3986182613e-01
2.5109989268e+00 5.4608749669e-01 2.7445361867e-01
-2.2160917534e+00 2.9970847845e+00 1.4553032406e-01
1.4631169878e+00 -1.8193758587e+00 -1.2286879365e+00
-2.4889015338e+00 9.5628281328e-01 1.5061599700e-02
-3.3579253402e-01 -2.2666787195e+00 7.7132622867e-01
3.0045042422e-01 -2.1551525471e-01 2.0663342508e+00
-2.5830655769e+00 1.8981187946e+00 -4.9917714037e-02
-8.2830590047e-01 -1.0516458938e+00 1.1947715447e+00
2.1467628629e+00 9.9052135266e-01 1.2452518037e+00
1.9865830774e-01 -9.2901298311e-01 1.1443623631e+00
2.1023025831e+00 1.2007835283e+00 1.2051365734e+00
9.2106308895e-01 -8.8015416373e-01 7.4083513235e-01
1.8814171852e+00 -1.5060126869e+00 -1.4181365354e+00
-6.6325082987e-02 -3.6914686018e+00 2.5256957454e-01
1.6013104168e-01 -1.8235143016e+00 5.4867199081e-01
-6.4449606283e-02 3.9520382100e+00 6.6251466058e-02
1.5916670616e+00 -3.9678261704e+00 -1.9330810051e-01
-9.4666687597e-01 -2.0586009004e+00 8.7115190125e-01
-2.7398397310e+00 2.3712734764e+00 -9.3570936640e-02
-2.2770048649e+00 1.3583908768e+00 5.2551351838e-01
1.2506457908e+00 -1.0893941873e+00 -2.9678086150e-01
-1.8407142108e-01 -2.7759366146e-01 1.6907595970e+00
-2.8053114022e+00 -5.5382523856e-01 5.0741177052e-01
-2.2876076317e+00 -2.2108360344e+00 -4.1552962050e-02
8.5950866642e-01 1.4150205760e+00 1.2794544889e+00
2.5380710400e+00 -4.0676082433e+00 -3.4560894451e-01
-1.0740757708e+00 2.4143668580e+00 1.3957382100e-01
2.1803583571e+00 1.4992161050e+00 1.0500092338e+00
-7.7491835461e-01 -7.7991131873e-01 1.3444337662e+00
2.8219949346e+00 3.0025207097e+00 6.9073545907e-01
-1.7941281491e+00 2.2468497566e+00 3.8724856775e-01
2.4366526422e+00 2.7240081461e+00 9.0690797515e-01
-3.7469302012e-01 2.7525442528e+00 -4.3828818630e-01
6.9051168859e-01 4.0336387034e+00 2.0979887820e-01
-2.7292454753e-02 1.8310453113e+00 8.6991217181e-01
-2.6225217775e+00 6.4488397881e-01 2.3867450587e-01
-1.2303442551e+00 -1.7916676895e+00 8.7588973593e-01
-1.2264330117e+00 2.6702401539e+00 2.2116770679e-02
-2.2918668112e+00 1.4859180859e+00 3.4837437173e-01
-2.5065845581e+00 1.4687480225e+00 3.8241805977e-01
-2.5844908953e+00 2.3907084565e-01 4.2452611112e-01
2.8278865560e+00 1.1718120791e+00 4.5108174181e-01
1.4197681688e+00 1.2187032630e+00 1.7777628085e+00
2.3167190935e+00 2.2392085322e+00 1.1183503952e+00
-6.9998171840e-01 -3.3085695316e-01 1.5609215937e+00
4.5110075655e-01 2.1535814639e+00 3.0459798702e-01
1.0491890082e+00 1.9218781716e+00 7.9314531173e-01
1.5732099564e+00 -2.9381226135e+00 -8.3334315620e-01
9.4336407560e-01 -1.6227129349e+00 -4.7281739738e-01
1.1150818475e+00 -4.6054017889e-01 1.0185426668e+00
1.8811253854e+00 9.4013314725e-01 1.7238905837e+00
2.4843184196e+00 1.4636020231e+00 7.5078599693e-01
-9.1094761953e-01 -2.7343277222e-01 1.3358680442e+00
1.3667441797e+00 2.0260771672e+00 7.7512754470e-01
-2.7331916554e+00 1.3592097222e+00 -4.9534551687e-02
4.1342464854e-01 -1.2420025620e+00 7.9065256292e-01
1.0810683601e+00 -8.4709364884e-01 5.1077103570e-01
-2.7271176384e-01 -7.4384209573e-01 1.2365382552e+00
-1.9774563907e+00 4.0221104018e-01 9.0061152769e-01
1.4682067409e+00 -8.9255260578e-01 -2.2357284785e-01
-2.2308562160e+00 3.0727010520e+00 2.7401403944e-01
2.3230697831e+00 1.0155298054e+00 9.1507743104e-01
-4.0189018405e+00 1.9891243164e+00 -2.6582489085e-01
-1.1721551580e+00 7.9758966926e-01 1.4925233113e+00
2.9570646475e+00 -4.0250931247e+00 -1.2793163516e-01
-2.5709727717e-01 -5.2147226269e-01 1.4866485658e+00
2.3211796463e+00 7.1663725116e-01 8.3580989522e-01
-2.0949594033e+00 1.0579056070e-01 9.8176115619e-01
-1.7654154970e-01 1.5074917767e+00 1.2863966889e+00
1.0620757719e+00 9.3390538090e-01 2.0737860514e+00
-1.0955868789e+00 1.1449467830e+00 1.4545020389e+00
2.8695228975e+00 -2.3982915791e+00 -2.9737272797e-01
-1.0764062186e+00 -1.1092218507e+00 1.2022620336e+00
-1.1520922853e-01 8.1854299390e-02 1.9414084026e+00
1.0464950506e-01 2.4120276471e+00 -2.9104645060e-02
-2.4141290271e+00 -7.7195296786e-01 4.4754118828e-01
-1.8718390035e+00 1.8848054567e+00 7.4154649200e-01
-9.7632693994e-01 1.6122155734e+00 1.1901574964e+00
2.9480913657e-01 4.4022292376e-02 2.0750426273e+00
1.9946702546e+00 7.4489321534e-01 1.2388791710e+00
6.4596235320e-01 1.6942482644e+00 1.0538299036e+00
-1.3697864383e+00 2.2669266135e-01 1.4108594826e+00
1.5104210239e+00 2.6036211661e+00 4.6747815089e-01
1.3792185131e+00 -2.1880909058e+00 -1.0136542136e+00
6.6665516126e-01 -4.0495564685e-01 1.5628532547e+00
1.8266765794e+00 -1.1052104897e+00 -8.8566859760e-01
-6.7482677198e-01 1.7336579332e+00 1.1571016724e+00
-1.4684211396e+00 5.6987693777e-01 1.3628100226e+00
-1.7464705512e+00 1.0036353969e+00 1.3097153709e+00
1.7089381276e+00 3.9707371787e-01 1.7659177367e+00
-1.2355320680e-02 -4.0199748477e+00 2.2046161091e-01
1.6886308956e+00 -2.1978589363e+00 -1.3722414583e+00
1.8646355472e+00 5.2138928102e-01 1.2515229068e+00
1.8965875405e+00 -9.3192636414e-01 -6.6240236166e-01
1.1588705711e+00 1.1623575322e+00 1.8368294213e+00
-1.5620184963e+00 1.2230527018e+00 1.4959911098e+00
9.5816504772e-01 -1.0736979413e+00 4.2268216923e-02
2.1036623732e+00 1.2079611370e+00 1.1662584670e+00
-3.5157014004e+00 3.9572225808e+00 1.4527248911e-02
-2.0517041945e-01 2.9815067167e+00 -4.0851906484e-01
3.4196822732e-01 -4.0134935858e+00 2.2582191845e-01
-6.7143347511e-01 -1.6123787738e+00 1.0606517914e+00
1.1665828944e+00 2.6094496056e-01 2.1654168449e+00
-3.1554600406e+00 -2.9709216185e+00 7.7013967968e-02
-1.4566399571e+00 2.9483354321e+00 7.6397622846e-02
-2.9080458776e+00 1.6847755395e+00 -1.2142290808e-01
-2.2482130168e+00 3.0750156602e+00 1.9652243164e-01
2.1958976534e+00 8.6299485208e-01 1.0507535961e+00
-2.3696698810e+00 9.5691850514e-01 3.9056859707e-01
-1.1567506759e+00 3.8562641626e+00 -2.4481537326e-02
1.9869090768e+00 1.4523540804e+00 1.2354369182e+00
7.2491207895e-01 1.7057456183e+00 9.3766719602e-01
-3.3574200809e+00 -9.5629987538e-01 4.1793703224e-01
8.7945495923e-01 1.2407321983e+00 1.5538553344e+00
2.3319050374e+00 1.4436209420e+00 9.6590838108e-01
-4.5492032497e-01 -3.7325282503e-01 1.4603789842e+00
-2.8515729235e+00 -1.5145021971e+00 1.8962772393e-01
1.5539412396e+00 -1.9423976426e-01 8.4592990843e-01
-4.4239164950e-01 2.1906388320e+00 1.9731015061e-01
1.5436226047e+00 1.1949051597e+00 1.5621218889e+00
-2.1955284018e+00 -4.0034370315e+00 1.0086311942e-01
-7.3509686872e-01 -8.6306008904e-02 1.7042701606e+00
-8.8166527003e-01 -5.1553782763e-01 1.4676395407e+00
2.1674559884e+00 9.9580153460e-01 1.0726801480e+00
-2.5245490689e+00 2.3110816668e+00 9.2227635617e-03
-1.2527793233e+00 1.0212199381e+00 1.3406881750e+00
1.4714544274e+00 4.6855281021e-01 1.9118003880e+00
2.4684313638e+00 1.7290449341e+00 8.0276496321e-01
-2.6912235621e-01 3.4597476873e-01 2.0101192022e+00
-1.1124226239e+00 4.9416002890e-01 1.4603916840e+00
-1.7064218889e+00 1.3790687476e+00 1.3180072496e+00
-1.5758326061e+00 -2.2779785304e-01 1.3909585938e+00
4.4348409577e-01 -1.6957779845e+00 3.3488733250e-01
2.2726403369e+00 1.5776526375e+00 9.5745187561e-01
-1.7520580665e-01 -2.2237398157e+00 5.6271101730e-01
1.9407609621e+00 -9.6973178149e-01 -8.9642822546e-01
1.5241753705e+00 1.0116460377e+00 1.9327285170e+00
8.6565634458e-02 2.0064930674e+00 5.8811644690e-01
1.2499120941e+00 -1.0381355654e+00 -2.4085824692e-01
-4.0860594505e+00 -1.6723053087e+00 9.8455381951e-02
-2.6526449243e+00 -1.1052449519e+00 2.5291906695e-01
-3.7392705683e+00 1.6189136018e+00 -7.0742825742e-02
-8.2594340746e-01 3.0278861676e+00 -1.8791898800e-01
3.0385440178e-01 9.1724264429e-01 2.0809182698e+00
-1.3889879948e+00 2.9859204994e+00 -3.7083123840e-03
-7.0929733025e-01 1.9496011218e-01 1.7067768167e+00
2.1527653918e-01 1.9800722348e+00 4.9163250277e-01
-2.7753936002e+00 3.1239465732e-01 4.0516635218e-01
1.5214300375e+00 -1.6645434023e-01 1.1276402443e+00
-4.4817546122e-01 -3.0822157459e-01 1.5231832429e+00
-4.8843171409e-01 -4.0214967059e+00 3.0170855360e-01
2.3180220490e+00 1.6050877216e+00 9.7522006622e-01
-2.5684979127e+00 4.4796181227e-01 4.7141072635e-01
-1.0664432042e+00 1.1012247382e-01 1.4060245284e+00
-1.4387174683e+00 -1.6038320623e-01 1.4146485314e+00
3.8268085158e-01 2.6446623882e-01 2.3147727348e+00
-1.5371042868e+00 1.2193510670e+00 1.6026522577e+00
1.7153584513e+00 2.0356314488e+00 7.9173697903e-01
-1.8831190673e+00 3.3999500080e+00 1.4016035957e-01
5.2827528466e-01 2.1100428008e+00 4.2324036766e-01
1.2986618817e+00 -1.9792910777e-01 9.2156584172e-01
-2.6289259668e+00 4.1844455451e-01 4.2590650802e-01
-3.4012429977e+00 2.1143862501e+00 -1.2041306058e-01
-2.8123277169e-01 4.9721989445e-01 1.9041754411e+00
-2.4076330788e+00 1.4146861262e+00 2.7153732528e-01
-9.3127623611e-01 5.7762761199e-01 1.5043476125e+00
1.1574367815e+00 2.7315298632e-01 2.1018414101e+00
-1.2463679373e+00 -3.8990432933e-01 1.2961441123e+00
-8.4846177353e-01 -2.7150074938e+00 4.5751136548e-01
-4.2205118626e-01 -1.3748842490e+00 1.2591937352e+00
-2.9190284098e+00 8.5381850326e-01 1.3239492090e-01
-2.1167226705e+00 1.7507692686e+00 6.5942042270e-01
1.5228080179e+00 -7.4083643419e-01 2.3898701240e-01
-2.5059674027e+00 1.9208342292e+00 4.7603230688e-02
-8.8158248855e-01 -2.1454357349e-01 1.5360761786e+00
-1.2328153079e+00 1.3296337215e+00 1.4940181515e+00
2.7104651634e+00 1.0773277301e+00 2.4442391010e-01
4.2061568430e-01 2.4784145363e+00 1.6053202938e-02
2.3123310527e+00 1.7996671388e+00 1.1218398070e+00
2.3694205852e+00 2.4443213496e+00 8.9434356655e-01
-1.3913169541e+00 -4.5738526971e-01 1.3136233408e+00
-1.7446703304e+00 6.3303864443e-01 1.1849605089e+00
2.7933325742e+00 2.5016309412e+00 7.5908161189e-01
-1.7997350311e+00 3.6808189795e+00 9.0444313775e-02
1.3690417429e-01 -1.2691112213e+00 9.0308423539e-01
6.7930067479e-01 -3.9395384068e+00 1.1050114377e-01
-6.3323163862e-01 1.3796968208e+00 1.2669139651e+00
2.0136951406e+00 2.6433631984e+00 8.4129616899e-01
5.3757315448e-01 -1.1384667524e+00 6.2882084901e-01
-2.7829291358e+00 -1.6500886384e+00 1.6870400113e-01
3.9068597433e-01 -8.6381016302e-01 1.2136726519e+00
1.9173647976e+00 2.8653872007e+00 5.6864880758e-01
-2.2647255597e+00 1.9107144695e+00 5.6172969451e-01
-1.9996600049e+00 9.4752134454e-01 9.3319867410e-01
4.3766452628e-01 -5.3946966674e-01 1.3213055997e+00
-2.8950345322e+00 2.5820239241e+00 -7.6039001382e-02
-1.2045217850e+00 -5.0783638921e-01 1.2833779093e+00
2.1773206979e+00 1.5924139000e+00 1.1933886714e+00
2.4390479144e-01 -5.8876887722e-01 1.4714740055e+00
1.6932203143e+00 5.1144466462e-01 1.6617630309e+00
-1.9896157649e+00 1.7723739861e+00 7.6360897048e-01
1.5887617829e+00 -5.1050354991e-01 2.6920044149e-01
1.5330409672e+00 2.8711190780e+00 3.9886919239e-01
4.2813615820e-01 3.0314222535e+00 -4.1313075209e-01
1.3286137116e+00 8.8263745161e-01 2.1576192252e+00
-2.9556613312e+00 2.4472593959e+00 -1.6452441855e-01
-1.6559226323e+00 3.0772722646e-01 1.2612784186e+00
-3.9060684993e+00 -2.8879695041e+00 6.2706301412e-02
-6.2423212204e-01 -1.1907279235e+00 1.3057498403e+00
-9.1793054609e-01 1.2191598499e+00 1.3676035168e+00
-3.4075038502e+00 -2.5401039842e+00 7.5318797213e-02
-9.3457030644e-01 5.2117387685e-01 1.4595478938e+00
3.1549878786e-01 -9.4185930612e-01 9.3230973302e-01
-3.4247613178e-01 1.3241429593e-02 1.7801734141e+00
9.7784988810e-03 1.5482290281e+00 1.2565507399e+00
-2.4840866493e+00 1.0298710177e+00 1.9392317913e-01
-1.8568473190e+00 4.3124236260e-01 1.0547322634e+00
-4.6920519715e-02 1.7111309660e+00 9.3430389383e-01
9.5046993497e-01 -8.7989900923e-01 5.2965582960e-01
-1.7245257757e-02 2.9189996268e+00 -3.7155389059e-01
-3.4592192647e+00 -1.1956187490e+00 8.9707199383e-02
-1.2272565061e+00 -6.5292285830e-01 1.2550461938e+00
-6.3157029745e-01 3.0797645993e-01 1.8510784893e+00
-3.7811657575e+00 4.0613705983e+00 -4.0929649256e-02
1.0426237779e+00 -1.7690463915e+00 -7.1589642458e-01
-1.1062667817e+00 2.5840019782e+00 9.5590199586e-02
-5.9685087191e-01 -1.7372966948e+00 1.1174708964e+00
-1.7170175689e+00 1.3102999256e+00 1.2357032702e+00
4.0077509183e+00 -1.8162405803e+00 -2.7603324207e-02
-1.5195219377e+00 -2.1285600320e+00 3.4294206654e-01
3.1939058548e+00 -1.3272386712e+00 -4.7684686408e-01
-1.3198588235e+00 -1.5425772683e+00 9.7974016189e-01
2.4642125600e+00 2.4852999950e+00 1.0778141020e+00
-5.9901992772e-01 -1.0262668720e-01 1.8366370161e+00
-5.3515183459e-01 -7.6368904069e-01 1.1890482091e+00
-2.5116225647e-01 4.6082018439e-01 1.9445302805e+00
-3.9886316971e+00 -1.7763700087e-01 5.3219984615e-01
1.7044229733e-01 -4.4448113334e-01 1.7191087721e+00
-1.8993542622e+00 1.8188590471e+00 8.2617375828e-01
-3.1020858337e+00 4.0703964731e-01 3.4695691627e-01
2.0320748202e+00 9.2297903115e-01 1.2934843586e+00
2.6580854318e+00 1.2924201337e+00 5.9455174596e-01
3.3934602411e-01 7.7986017692e-01 2.0931564920e+00
8.1790196473e-01 9.0707543826e-01 2.3697649974e+00
3.5813170630e-01 -1.1357528810e+00 8.8858217914e-01
7.9999357540e-02 -1.1703156007e+00 1.0408102512e+00
9.2393536480e-01 2.0734163477e-01 2.3920315293e+00
7.4808770476e-01 -2.8316291211e-01 1.3439122059e+00
-1.6664090389e+00 3.7155071345e+00 1.1321435221e-02
3.3061340264e+00 -4.7504760266e-01 -5.4836643727e-01
1.5797347712e+00 2.7757103350e+00 5.5366940143e-01
-6.0993912399e-01 1.5668466558e+00 1.1716978570e+00
-3.3600124746e+00 -3.8598638353e+00 1.9880712340e-01
8.1533512615e-01 6.1971112384e-01 2.4195488908e+00
-4.4461310801e-01 1.9194169146e+00 8.8413445234e-01
2.1409310511e+00 2.6462102386e+00 7.5902167256e-01
3.0569220266e+00 1.5803244994e+00 5.1537219636e-01
-5.4674330085e-01 9.8541970009e-01 1.4185219623e+00
1.1834007584e+00 -1.0307203689e+00 3.5059135225e-02
2.4383530570e+00 -1.2105832181e+00 -1.0685777224e+00
4.9372956540e-01 1.0769605142e+00 1.7474254311e+00
-1.9360918652e+00 1.4682899401e+00 8.8766658240e-01
-2.6609541342e+00 1.5746907879e+00 -2.0172876511e-02
7.7969084119e-01 -1.4983963529e-01 1.6863130032e+00
7.5992776925e-01 -1.0681411111e+00 6.2080927663e-01
-4.7829659968e-01 -1.5751245009e+00 1.0739698876e+00
-3.3688285438e-01 2.8859815824e+00 -3.1204624849e-01
1.7346922970e+00 -3.9723721033e-01 5.5171707701e-01
1.9496117682e-01 -2.4394646136e+00 8.8436372305e-02
-3.1855348115e-01 -1.9715160805e-01 1.8090641245e+00
8.2530814999e-01 -1.0166752257e+00 5.2270214453e-01
1.7409078807e+00 8.4493539989e-01 1.7044831727e+00
-2.4097878710e+00 -1.7725079150e+00 -7.3111740218e-03
-5.1821366743e-01 1.3968762068e+00 1.3514059341e+00
1.7209800478e+00 4.1278191070e-02 1.0773732853e+00
-8.6810126596e-02 6.9526370575e-01 1.9813127418e+00
2.0210914394e+00 1.0933065993e+00 1.2657097995e+00
-1.9014332146e-01 1.6985131994e+00 9.5966497746e-01
-1.6836921311e+00 2.1927985996e+00 6.4078554579e-01
-2.5122700828e+00 -9.6197994652e-01 1.7472425420e-01
-5.4241806244e-02 8.1683637426e-01 1.7315574688e+00
-2.0367362188e+00 -9.9251017402e-02 9.5603528977e-01
1.5526107238e-03 -1.4114355152e+00 1.0263441792e+00
1.2743130467e-01 -9.8431083547e-01 1.0809454227e+00
-1.4951299582e+00 -1.5155545851e+00 7.3058945255e-01
8.1433469594e-01 1.2219518532e+00 1.6108257108e+00
1.5222298119e+00 -8.6752744042e-01 -6.3783833326e-02
7.0174394957e-01 -1.3158629387e+00 2.3983273490e-02
-2.2062854979e+00 7.1698166570e-01 5.4091872075e-01
2.5538936772e+00 -8.2337959584e-01 -8.1450904079e-01
-3.1615632073e+00 -2.0597665975e+00 1.2212252125e-01
-4.4747399243e-01 -1.0364295327e+00 1.1774332154e+00
-1.7327084045e+00 1.8656849481e+00 9.1222076351e-01
-1.1581620222e+00 -4.7466441919e-01 1.2377201595e+00
2.1731350253e+00 -3.8595381464e+00 -3.7188246158e-01
6.6843451835e-01 2.1393633953e+00 6.0015823069e-01
-1.5629265344e+00 -2.0710044572e+00 3.1768571165e-01
2.7570070341e+00 1.8839538518e+00 5.9079776812e-01
-6.2201233708e-01 1.5204378355e+00 1.1992750359e+00
2.4335131142e+00 2.1271280733e+00 1.0344353151e+00
-6.7859394769e-01 -1.8889594274e+00 9.4705104735e-01
-4.9769376354e-01 2.0259954687e+00 3.6431271459e-01
1.7573457269e+00 -6.2782406204e-02 1.2022440895e+00
1.6359229828e+00 -3.9917468465e+00 -1.9664574343e-01
2.4778479526e+00 2.0437078416e-01 2.6880810843e-02
-4.0400784973e+00 -1.4205705554e-01 5.2525560113e-01
-5.1348140845e-01 -1.9443013861e-01 1.6667132984e+00
4.9009875098e-01 7.5607001126e-01 2.3452887107e+00
3.6847199528e+00 -9.5088500824e-01 -2.4137578077e-01
1.1471645865e+00 3.3974930855e+00 9.4699573772e-02
-1.0320566788e+00 1.1518255177e+00 1.3992150504e+00
1.2665266178e+00 -1.1060041005e+00 -3.7950455219e-01
-8.6493201815e-03 -8.1177620617e-01 1.1941709557e+00
-2.6640402273e+00 3.4936971444e+00 -1.1576121632e-02
-2.2815303489e+00 3.8853028014e+00 -5.9091094564e-02
-1.8060262421e+00 -9.0452026185e-02 1.1567452278e+00
3.0005919759e-01 -4.9414733956e-02 1.9376809429e+00
-9.5835850949e-01 -3.3433690659e-02 1.5878080046e+00
6.6612810714e-01 4.0119980482e+00 1.4300709983e-01
3.7632892285e-01 -1.1015988703e+00 7.5323875640e-01
5.0900475296e-01 -1.1817577439e-01 1.9475330002e+00
3.2354438902e-02 -1.2556979679e+00 1.0843542586e+00
1.4444317092e+00 1.8383996802e+00 1.0644375397e+00
-2.3457022531e+00 -2.6202187682e-02 7.7498799053e-01
9.6349336269e-01 -5.2986176578e-01 1.1844120486e+00
-9.6540761799e-01 3.2237108696e+00 -2.7161066583e-01
1.7868245314e+00 -5.1486004305e-01 1.7468028150e-01
-3.0846902668e+00 3.2020375500e-01 4.5377255966e-01
9.5896062942e-01 -2.4438000312e-01 1.4977555830e+00
2.4328389042e+00 1.8283078011e+00 9.5184449636e-01
7.6114883016e-01 -8.6840827238e-01 7.9301162351e-01
3.1757312399e+00 2.0724325251e+00 6.0284698419e-01
1.6962584047e+00 -1.0797534479e-01 1.0080382902e+00
2.6164219522e+00 -7.1821786393e-02 -2.2706827528e-01
1.7637667179e+00 1.1120531358e+00 1.4467603989e+00
1.6166485667e+00 2.0029429730e+00 9.6529126856e-01
3.4394243801e-01 2.2054288080e+00 2.1882993308e-01
6.3491893307e-01 1.9527978480e-01 2.3951977062e+00
9.7511657350e-01 3.1356648740e+00 -1.3661633207e-01
1.3345378225e+00 4.0311924462e-01 2.1030248625e+00
-2.1578658505e+00 3.3405777361e+00 1.6985655707e-01
1.5350436617e+00 2.2399399588e+00 6.9169824317e-01
2.3919942477e+00 4.2203456478e-01 4.5069229197e-01
-1.7216721936e+00 1.6627342360e+00 9.4194704034e-01
-3.9410061050e-01 -1.1048779485e+00 1.2226601006e+00
-1.2616068178e+00 2.7617515697e+00 1.2497586338e-01
-1.0615058768e-01 2.7859433055e+00 -3.4484699070e-01
-1.3844055495e+00 1.2675249850e+00 1.4952586361e+00
-3.4611234217e-01 5.2533446372e-01 1.8173706361e+00
-3.3471152652e-01 -1.2330430052e+00 1.1937693489e+00
-4.0189132704e+00 3.2412396862e-01 5.9922582363e-01
-3.4871085837e+00 3.0462990810e-01 5.3743793147e-01
1.8119240939e+00 1.5329629037e+00 1.2112242029e+00
-3.4381380338e-01 5.7759650927e-01 1.5598119536e+00
1.2866432573e+00 7.7692033759e-01 2.2100502695e+00
-2.6150545520e+00 7.5237505044e-01 1.0137694433e-01
1.4430560507e+00 -2.7442881614e+00 -9.7361971972e-01
-1.7661711511e-01 -1.5494818850e+00 1.0235098042e+00
4.0296607226e+00 -2.6231692951e+00 -2.8020196467e-02
-1.5917664096e+00 1.1478109182e+00 1.4615514908e+00
-1.3620010365e+00 -3.3759534642e+00 3.7818002279e-01
1.8879996506e+00 1.8326163613e+00 1.1944594485e+00
1.2968772988e+00 1.7894262707e+00 8.9261027804e-01
-2.8517589750e+00 1.0706089124e+00 -7.3848303937e-02
-4.2358201201e-01 2.5339837191e+00 -5.7779972900e-02
8.1406080067e-01 -1.2818503597e+00 2.2729175686e-01
-1.6957507298e+00 2.1690326024e-01 1.1994831897e+00
6.1877572215e-01 -1.0519122984e+00 5.8515476666e-01
3.9397423804e+00 1.4694890398e+00 2.0078095264e-01
2.1403877919e+00 3.3614543248e+00 6.2597466733e-01
-8.7798445220e-02 1.4453056172e-01 1.9402985275e+00
-8.5529428383e-01 3.5203032768e+00 -1.9283999252e-01
-1.0972971830e+00 1.9164516721e+00 8.3735491657e-01
2.1874074095e+00 1.7374815946e+00 1.0335539032e+00
-2.4630197256e+00 8.5783417085e-01 4.6728846297e-01
-1.7007655568e-01 2.0778313541e+00 2.9419972186e-01
1.5982362094e+00 3.2648888910e+00 4.9575102241e-01
2.9961810776e+00 1.7920375482e+00 5.3687624460e-01
-2.0754609040e+00 1.5592115616e+00 5.9997838930e-01
2.1907650467e+00 3.8631434521e-03 3.6075791096e-01
8.5299901424e-01 -1.6200161217e-01 1.6983580140e+00
-1.4681543169e+00 1.1771883380e+00 1.5232726057e+00
1.7055775959e+00 1.8318384531e+00 1.1501106903e+00
1.1081317974e+00 2.0915320208e-01 2.1646269050e+00
1.7931603542e+00 1.7974706953e+00 1.2702969995e+00
-1.2002289158e+00 2.0557212098e+00 8.7321096385e-01
-1.7112317179e+00 1.2833248161e+00 1.4896804325e+00
2.4367437109e+00 2.6345772342e+00 8.8319406392e-01
1.6660322918e+00 2.5332181096e-01 1.4931490361e+00
-2.2083099786e+00 -8.9776654200e-01 6.9823243834e-01
9.4472352435e-01 -7.0311068715e-01 8.2168137406e-01
-9.4531923321e-01 -1.4587384324e+00 1.1186294161e+00
2.3238417591e+00 -6.6305690972e-01 -5.9638439046e-01
1.2951954919e+00 1.4890192796e+00 1.5206804787e+00
4.8000326701e-01 -1.6567334800e+00 2.6458730999e-01
1.9957635181e-01 3.5702195105e+00 -3.2040494438e-01
1.9169983942e+00 1.8482770754e+00 1.0218755625e+00
9.8171232874e-01 1.9167143985e+00 6.6228392271e-01
-1.6084582550e+00 1.9068649793e-02 1.2498184300e+00
-9.8895469387e-01 6.9236105780e-01 1.4441464778e+00
1.4120095922e+00 -3.5318033305e-01 7.8648133674e-01
2.3097361959e+00 1.8475366287e+00 1.0395659318e+00
2.2672163489e+00 -4.0571781404e+00 -2.5972165462e-01
1.1516440877e+00 1.2425013084e+00 1.8207318723e+00
-3.4026944243e-01 -1.2910094392e+00 1.1274262940e+00
-2.2906668431e+00 7.0968292127e-01 5.2689445657e-01
2.5970004583e+00 6.4903584472e-01 4.7825117408e-01
-1.4453285216e+00 -1.2308682042e+00 9.0732837916e-01
-3.1596179040e+00 6.1539077769e-01 2.3091178571e-01
-7.6765928832e-01 1.7247557343e+00 1.0008265963e+00
-1.8691504672e+00 -7.0545441511e-02 1.1992974501e+00
-6.1263581016e-01 1.6619589875e+00 9.4646146343e-01
2.3849277092e+00 1.1496086523e+00 8.1292201904e-01
1.4267691063e+00 3.9003323814e+00 2.6806660619e-01
-1.0982219539e+00 -8.4382452267e-01 1.2533110888e+00
-2.6761618023e-01 8.7054362867e-02 1.9856600268e+00
-1.6346083941e+00 2.1999923368e+00 5.5838077824e-01
2.0685193933e+00 2.6673234520e+00 8.1834219718e-01
2.0143239257e+00 1.9437514286e+00 1.1292956694e+00
-1.3890157469e-02 -1.0077825856e+00 1.1532573823e+00
1.9343109868e+00 3.3400850028e+00 5.8914003985e-01
-9.6231859778e-01 3.8398927505e-01 1.5323659077e+00
3.3948460884e+00 1.2816089772e+00 2.5328624436e-01
-3.1301962077e-01 -2.6395039797e-03 1.8900497762e+00
-2.2818808164e+00 2.5192529335e+00 1.4848190442e-01
1.7764102640e+00 1.3865474899e+00 1.3475342882e+00
2.2852715289e+00 3.8132649817e-01 8.1035261641e-01
1.9426666100e-01 2.1896800085e-01 2.2684249963e+00
3.9311664171e+00 8.4623639821e-01 2.9442960171e-01
1.5833681126e-01 2.5496924713e-01 2.3740157491e+00
-1.2762299786e+00 -1.1552552019e+00 1.2752170537e+00
-1.6959958872e+00 8.6475251669e-01 1.4010044649e+00
2.7605494723e+00 1.8017787796e+00 6.4165142339e-01
-1.4874080399e+00 1.0591485922e-01 1.4272092365e+00
-4.0415638136e+00 3.1677928010e+00 -2.6626655334e-01
-5.9164257015e-01 -2.7742808861e-01 1.6292986135e+00
1.7498484841e+00 1.4772918590e-01 1.4238373214e+00
-1.8808610111e-01 -1.4678974422e-02 2.0611415168e+00
9.5959851715e-01 1.4378001741e+00 1.3006615641e+00
-2.2218506758e+00 -3.6777164195e-01 1.0093236888e+00
-3.0422553862e+00 1.5643625225e-01 5.0445804541e-01
5.6896416987e-01 -1.3517599726e-01 2.0598526714e+00
-2.7462762413e+00 -3.6483756575e-01 5.5734288360e-01
2.6317032286e+00 -7.1428614943e-01 -6.6441321671e-01
-1.5494035595e+00 1.4166327472e+00 1.3287957628e+00
-1.5883226408e+00 1.3191851051e+00 1.4308764643e+00
1.3214521342e+00 1.2501919607e+00 1.6213588021e+00
-1.5195061999e+00 1.1370054693e+00 1.5443298392e+00
-3.3116935832e-01 -6.3307061240e-01 1.4245138919e+00
1.1769562911e+00 -1.0838916568e+00 -2.6859433665e-01
-7.9896010552e-01 1.8112837244e+00 8.7858460590e-01
3.1241752336e+00 5.3018787848e-01 1.1004808077e-01
-1.0807114671e+00 -2.2732996890e+00 7.9385187321e-01
1.0341347535e+00 -3.0442331125e-01 1.5119481590e+00
-8.8053210744e-01 1.2163747865e-03 1.7310120701e+00
3.5417157291e-01 8.1385823932e-01 2.2180991339e+00
1.8764976901e+00 -8.5212030763e-01 -6.2467588180e-01
1.6122901616e+00 2.8104016135e+00 6.0278774166e-01
-3.0023830041e-01 3.9148520945e+00 5.2328461368e-02
1.6622877762e+00 8.7412073467e-01 1.6736583513e+00
-7.8975998398e-01 4.7590364752e-01 1.6032511666e+00
-1.4756976452e+00 -8.8940326493e-01 1.1586460000e+00
-7.3024648681e-01 -5.1681708868e-01 1.4425444801e+00
2.4732766363e+00 1.1004502458e+00 6.9105931010e-01
-2.3519092752e+00 3.4994378625e-01 5.3453496626e-01
2.1041466146e+00 -1.0698925460e+00 -1.0958758305e+00
-1.8305366222e-01 -6.0120938092e-01 1.4476935505e+00
2.5088939336e+00 1.0518973828e+00 4.6980605610e-01
-3.5296344654e-01 -9.6286840607e-01 1.1502209045e+00
-2.6035568552e+00 -5.4789718208e-01 5.9712912945e-01
-2.5325215343e+00 1.6848695074e+00 1.4521973995e-01
8.2732191102e-02 2.5243998563e-01 2.2611861971e+00
-1.8780729881e+00 -4.5487671619e-01 1.1329679264e+00
-1.7284138797e+00 2.1340227942e+00 5.5817297444e-01
6.6042573351e-02 2.6698384425e-01 2.2575312969e+00
2.5236130778e+00 2.6573104294e+00 8.3597467036e-01
2.4667310523e+00 -3.1886722809e-01 -2.5780907666e-01
-2.8534430030e+00 2.4059831338e+00 -3.9922466902e-02
9.9422384711e-01 -3.2335068602e+00 -4.2823840548e-01
6.7329640363e-01 -1.0676342374e-01 1.8110487547e+00
-4.0377535863e+00 2.3696663226e+00 -3.6022304723e-01
-1.5115586061e+00 -4.2344674078e-02 1.4217894620e+00
-3.7112808493e+00 1.9184419029e+00 9.7666830387e-03
-1.6123358361e+00 1.8081362600e-02 1.2828675303e+00
3.9896905328e+00 -3.8758128287e-01 5.9599283820e-02
-1.7551440696e+00 2.4140602396e+00 2.9147798383e-01
3.0794724415e+00 -9.1069361998e-01 -5.7746499003e-01
-2.5156555501e+00 2.8085070974e+00 9.1524002032e-02
-8.3976392243e-01 3.4455695422e-01 1.5516151076e+00
2.1056093881e-01 2.5099072343e+00 -9.9379132135e-02
-2.1832792845e+00 1.2483966698e+00 5.6805728082e-01
-2.0197969499e+00 -1.0176905239e+00 5.8025898540e-01
3.2494187178e+00 -8.7633006386e-01 -5.9427623938e-01
-2.6633089085e+00 -9.6403778999e-01 2.8450212501e-01
1.1624378421e+00 -2.3372160829e+00 -8.6816711951e-01
-1.9768126171e+00 -1.3984655642e+00 4.3960452655e-01
-2.5103329925e+00 -1.0243019974e+00 4.0095840094e-01
9.7391024217e-01 -1.3300206222e+00 -1.8393805591e-01
1.1276302996e+00 9.5571925539e-01 2.0828360067e+00
-3.0358330554e+00 9.2723948494e-01 5.1609514494e-02
6.1241185231e-01 -3.9575273524e+00 1.5616405552e-01
8.8261678129e-01 2.3954645728e-01 2.3768306403e+00
2.3358114469e-01 -9.6349370251e-01 1.0645556353e+00
-1.1819194911e+00 -7.8941827863e-01 1.2937602371e+00
-2.2151793331e-02 7.5999942587e-01 1.8625366143e+00
-2.3849511070e+00 1.2476500832e+00 4.3648755857e-01
2.1997904736e+00 2.0288898985e+00 9.9051934016e-01
2.7418842037e+00 1.3769648319e+00 6.3121407177e-01
-2.4835167407e+00 2.4328223221e-01 6.7012268312e-01
-1.1222760308e-01 1.0017374333e+00 1.4985598730e+00
1.7139280694e+00 1.3472249627e-01 1.4315544717e+00
3.6826434754e-01 5.0305750931e-01 2.3703337365e+00
-1.5835746641e+00 2.6157992567e-01 1.3656634379e+00
-2.3713671313e+00 1.8324920150e+00 8.8967908755e-02
4.1249332652e-01 -1.7038523499e+00 2.6552787700e-01
-2.2834317670e+00 7.5423939036e-01 6.0519622219e-01
2.0026627087e+00 2.0974836801e+00 9.5613320283e-01
-2.6800004218e-01 1.9524712464e-01 1.8645566146e+00
2.9146542415e+00 -1.7829725511e-01 -3.7167905426e-01
3.6267021946e+00 -1.4693971514e-01 -7.0809391165e-02
-1.3525758575e+00 3.8921305606e+00 8.4296738498e-02
-1.6962441901e+00 2.7293424282e+00 1.0096227484e-01
-7.8425588637e-02 -5.1028255799e-01 1.4032207561e+00
-4.0462632811e+00 3.2644782669e+00 -2.5302695776e-01
-1.0939194063e+00 -7.1398646776e-01 1.2469181459e+00
1.0990111818e+00 1.7407119515e+00 9.7650554263e-01
-1.7980452679e+00 1.5786075889e+00 1.1594954868e+00
-8.8550170544e-01 -2.1344114264e+00 8.4794014599e-01
-1.6115381007e+00 9.5841505457e-01 1.4026295523e+00
-1.0052287106e+00 3.0241710010e+00 -1.6587495140e-01
4.4545228606e-01 -4.3435088767e-01 1.4246313703e+00
1.7067893591e+00 2.0500734886e+00 9.8042122355e-01
1.8255211920e+00 1.5791697474e+00 1.2198556114e+00
5.1904296565e-01 -1.1528000846e-01 2.0017310175e+00
2.5062741880e+00 1.6165579515e+00 7.6697857493e-01
4.0915730477e+00 -1.0008160916e+00 -6.9323852735e-02
-1.8978028295e+00 6.6219620419e-01 1.0878917434e+00
1.0643515505e+00 1.7392815106e+00 9.3813883094e-01
5.4318993356e-01 -1.8782613043e-01 1.8326069457e+00
-8.1142260208e-01 -6.8680181438e-02 1.7087592837e+00
1.0787844870e+00 -9.4394418279e-01 2.3866497159e-01
2.0076713159e+00 1.2305862489e+00 1.3025380317e+00
-4.6408423729e-01 9.2686499765e-01 1.4578363541e+00
2.1178452957e+00 -1.7240990176e-01 1.1940789168e-01
-6.8349907086e-02 -4.8360594159e-01 1.6213110715e+00
-1.7422671246e+00 2.7154274508e+00 2.2252728008e-01
3.9764002498e+00 -1.2171088927e-01 3.2693936712e-01
1.3303329624e+00 2.0603171059e+00 6.7820453013e-01
8.8522047710e-01 2.6525966991e+00 -2.3234703846e-02
-1.6442041835e+00 -4.2593196702e-01 1.2533146826e+00
-4.1487431390e-01 1.1788915997e+00 1.3786574129e+00
1.3032994924e+00 9.1872730217e-01 2.0334637441e+00
-2.6086545068e+00 3.3768267021e+00 -2.5788476823e-03
-3.0310222135e-01 1.4206454725e+00 1.0705104557e+00
-5.1401776329e-01 -1.2235902564e-01 1.7296478627e+00
1.6305218636e+00 6.5308175346e-02 1.2973280498e+00
2.1682157019e+00 1.0465917660e+00 1.1876936367e+00
2.2594713305e+00 -1.5459536492e+00 -1.2980548166e+00
2.5288653945e+00 -2.6130176920e+00 -5.2940511118e-01
1.1976761581e+00 5.2638161470e-01 2.2168631843e+00
2.1554205236e+00 1.1963675578e+00 1.1567923371e+00
2.4322430048e+00 2.4036484636e+00 1.0189842206e+00
5.5573236253e-02 2.2317235705e+00 3.5145652324e-01
3.9815243939e+00 2.0274895450e+00 1.0648718732e-01
2.2946637379e+00 1.4044393006e+00 1.0516742566e+00
1.9319985572e+00 9.1552968535e-01 1.4828292292e+00
2.2470766455e+00 1.0572748926e+00 9.7203347949e-01
-2.2402824292e+00 1.7986008188e+00 3.5605004325e-01
1.9396007532e+00 1.9495136207e+00 9.4371517383e-01
7.3081283413e-01 -1.6382415443e+00 -3.1315085300e-01
5.0661582785e-02 5.5449026817e-01 2.1298139004e+00
1.7153558173e+00 1.9017877671e+00 8.9874746119e-01
-1.6458034654e+00 7.7137974086e-01 1.2906790865e+00
2.1692464092e+00 1.6594805152e+00 1.0082341313e+00
2.1630333599e-01 7.0634651040e-01 2.1589711459e+00
7.6770515918e-01 4.5311544190e-01 2.5231560824e+00
1.4918325510e+00 3.9714500243e+00 2.4360797848e-01
2.3373421852e+00 6.6999084850e-01 8.7938135739e-01
-3.9838859539e+00 2.2690454277e-02 5.6396822968e-01
-1.8328316612e+00 -3.8966574429e-01 1.1222275894e+00
2.6233714293e+00 8.8020397279e-01 5.8623486788e-01
-3.9889935524e+00 1.4022850949e+00 5.5064728486e-02
-1.0122219488e+00 -3.3549958517e-02 1.5480698662e+00
6.1601366235e-01 3.1939422496e+00 -4.7044863372e-01
3.3565232049e-01 -9.1854539136e-01 9.8590125164e-01
3.4236214140e+00 -6.5524691244e-01 -3.4958154520e-01
3.0727714374e+00 3.3482866491e+00 3.9762169088e-01
-1.2179065744e+00 3.9162094667e-01 1.3918443902e+00
1.7907545096e+00 -4.1450456799e+00 -3.0951096813e-01
-1.3242688653e+00 -4.2815207618e-01 1.2351028310e+00
-1.7805784046e-01 6.8998442491e-01 1.8794303365e+00
-1.5130856764e+00 1.7058459588e+00 1.4142494012e+00
-1.9400407192e+00 2.5314465075e+00 1.6727278567e-01
-1.3880567801e+00 9.7833963460e-01 1.4933528444e+00
-1.2867782176e+00 6.8460446746e-01 1.4436176904e+00
-9.9978961034e-01 1.3111040286e+00 1.4839682481e+00
2.6385258433e+00 1.7767202496e+00 7.5547630279e-01
1.2469107287e+00 -1.9950462350e-02 1.6089144977e+00
1.4781316209e+00 1.2574574180e+00 1.4009744571e+00
1.9097852815e+00 3.0178497242e+00 5.9087854583e-01
-1.9121446243e+00 -2.6555816933e-01 1.0601053247e+00
6.2235949224e-01 -1.0934471788e+00 5.0848633439e-01
2.3138603063e-01 -4.7040107936e-01 1.6361355956e+00
-5.0616113117e-01 -1.4926615238e+00 1.1360462641e+00
4.1368065144e-01 7.1332043663e-01 2.3339769284e+00
-8.0858991273e-01 -8.1460219491e-01 1.2206940948e+00
1.5584434752e+00 6.2552973087e-01 1.9378730620e+00
3.3913181010e-01 -1.2567086345e+00 8.0158118057e-01
1.7898757705e+00 5.5353890941e-01 1.5640571172e+00
-3.2261594802e+00 8.4595258172e-01 1.0635082684e-01
3.9391317403e-01 -2.1291035898e+00 3.4471199177e-02
1.5917861401e+00 -8.8296733043e-01 -3.4959250309e-01
-1.3443612948e+00 -2.5805344888e-02 1.3697459389e+00
-2.3690930742e+00 2.0176805610e+00 -5.4685714296e-02
9.4398093161e-01 2.6221271285e+00 -4.4897737706e-02
-8.2464704034e-01 -1.6225076490e+00 1.1202964337e+00
6.9795473848e-01 4.1919333782e-01 2.4700855298e+00
-3.9615652491e+00 2.0993205339e+00 -4.8148715769e-01
1.5639479342e+00 1.9272402892e+00 1.0235915270e+00
1.3845442302e-01 -1.1942299913e+00 1.0848073334e+00
-1.0398536723e+00 -1.0968153754e+00 1.2276969208e+00
1.4996970659e+00 2.3233582227e+00 5.3485507440e-01
-3.4132619580e+00 6.0590722665e-01 3.8616992035e-01
-2.7095741368e+00 2.5591007674e+00 -2.3465267412e-02
-5.9985817146e-01 -1.4144566457e+00 1.1529880804e+00
-1.2252106058e+00 5.8281619356e-02 1.4503609559e+00
1.2539366297e+00 -5.6298281538e-01 7.2349582760e-01
2.8212716830e+00 -4.4539707835e-01 -6.1310953324e-01
4.2582665273e-01 -1.8546839000e+00 3.7378720777e-01
1.2661998968e+00 -4.4922093214e-01 1.2036197260e+00
-1.1944342851e+00 2.2706689461e+00 4.3583393325e-01
2.0753819739e+00 1.2835279928e+00 1.1423652643e+00
-2.5940008336e+00 2.4153284883e+00 -4.1935560261e-02
1.6680867886e+00 3.1130235903e-01 1.5295491275e+00
2.3786597512e+00 3.1524128259e+00 7.9109983322e-01
-5.1875292933e-01 -2.5127274360e-02 1.8264424551e+00
4.0073907146e+00 -2.6618916609e+00 -1.0332446451e-01
1.5137040762e+00 2.3578761812e+00 7.0574890995e-01
-5.9052976054e-01 -1.1210091731e-01 1.6629660338e+00
-1.6869990365e+00 -5.0260198804e-01 1.0868905619e+00
1.2266180438e+00 1.3965286349e+00 1.4315503637e+00
6.2229306137e-01 2.8440705238e+00 -2.8937866387e-01
-2.2194199208e+00 4.8456562534e-02 7.6467304928e-01
-3.6554934069e-01 2.0242212449e-01 1.9902964777e+00
-6.1911162797e-01 1.0837110955e+00 1.4209868208e+00
2.1870276790e+00 8.1161553203e-01 1.0559759947e+00
1.6942850127e+00 3.0496156579e-01 1.5353732820e+00
2.0649552598e-01 1.9601853353e+00 4.6476565672e-01
2.6476337538e+00 1.9050338059e-01 6.1930756002e-02
5.4068115312e-01 6.6175679285e-01 2.6071274194e+00
4.1151307852e-01 -1.3345681120e-01 1.8802271733e+00
-2.3069458258e+00 7.3569409273e-01 4.2092303769e-01
3.3770887945e-01 -3.2591075784e-01 1.7827184869e+00
1.9297208918e+00 2.6745582256e-01 9.9567653917e-01
-9.6983646846e-01 -4.0596454673e+00 2.0832478426e-01
-2.3858092867e+00 3.3495791143e+00 1.4455046880e-01
-3.4390148925e-01 -9.2476849199e-01 1.2882167170e+00
7.0117316912e-01 4.7617299721e-02 2.1179351416e+00
-9.6495256993e-01 2.3510852551e-01 1.5210537545e+00
6.8422606364e-01 9.8779919209e-01 1.9599311309e+00
1.7187252427e+00 -1.6839474707e-01 9.8356148001e-01
1.5420524743e+00 1.5030126461e+00 1.4602360858e+00
-2.6196372407e+00 2.0364366458e+00 -8.7139544483e-02
-5.2865718490e-01 -6.2312761470e-01 1.2217119513e+00
-7.9572860798e-01 9.3531999975e-01 1.4256674258e+00
4.0659268652e+00 3.4541497597e-01 3.1664802689e-01
2.1885331573e+00 2.8510983232e+00 8.2173856987e-01
-1.3561159157e+00 2.3878423037e+00 3.8906071665e-01
2.2564079595e+00 -3.9357219303e-01 -2.9070988747e-01
-1.8797120139e+00 8.4898988803e-01 1.1885315392e+00
1.7804523314e-02 1.7541615315e-01 2.2297025405e+00
3.8826309039e+00 -1.2826225287e+00 -2.0131725041e-02
-9.9679656065e-01 -5.9617456888e-01 1.3241870437e+00
4.1853650497e-01 -1.5957055081e+00 4.0904397142e-01
2.0101950612e+00 -3.3322094769e+00 -4.6446376398e-01
-3.2531326385e+00 4.0485017876e+00 4.1211594827e-02
-1.6441951954e+00 3.8261223944e+00 -6.9993957599e-02
-1.3877845327e+00 2.6419404004e+00 2.1955565214e-01
-9.9052601299e-01 6.2248347406e-01 1.5366337450e+00
-1.0635404155e+00 1.1347608272e+00 1.5380622526e+00
-1.9179849911e+00 2.4935791933e+00 3.0953883184e-01
2.8068165608e+00 9.0723617690e-01 3.7972575045e-01
9.5877769389e-01 3.0307166988e-01 2.5078221411e+00
2.5040078476e+00 -6.3944763292e-01 -7.2014402377e-01
6.8754255507e-01 2.7144271050e+00 -2.4993085604e-01
-4.6960376356e-01 8.1663021972e-01 1.5891378614e+00
1.2648848443e+00 -1.6460930779e+00 -1.1306590108e+00
3.3965661841e+00 -1.4774981895e+00 -2.4108081830e-01
-2.2693892936e+00 -9.5023463697e-01 5.9892379315e-01
-8.7904012411e-02 2.3448422943e+00 -4.0762961803e-02
1.3360042598e+00 -1.4343294784e+00 -1.0183364271e+00
1.8199909121e+00 -1.2725694499e-01 8.3656064153e-01
1.0302112211e+00 -3.4684693004e-01 1.2378018034e+00
1.6977020861e+00 -3.4847479498e-01 6.5872079252e-01
-3.9661302326e+00 3.9647912201e+00 -1.7587137886e-01
-4.2092480736e-01 -3.0944620779e-01 1.7616655014e+00
-4.2450943201e-03 -1.1909150042e+00 1.0036536351e+00
-1.9402370570e+00 1.6403345737e+00 7.3395487055e-01
-1.9785061590e+00 2.9322378864e-01 9.7856249087e-01
1.4040699760e+00 5.1020424334e-01 2.0179513725e+00
-2.1122327409e+00 2.1364248139e-01 7.6920191253e-01
-1.6843184293e+00 3.0636470425e+00 1.9561372429e-01
-1.2029152803e+00 2.2682519570e+00 4.7410237165e-01
-1.2472041914e+00 -1.8527800419e+00 7.2315712643e-01
-3.4310027489e+00 6.2002045575e-01 2.5715504704e-01
1.8077302008e+00 2.0434927894e+00 9.4487329607e-01
-3.6407590463e+00 2.2555799327e+00 -2.3047366555e-01
4.6168906381e-01 -1.3006505996e+00 6.8012381746e-01
1.6214645450e-01 -1.7860789184e+00 6.7828486709e-01
1.6366329221e+00 -6.8190876301e-02 1.1283186316e+00
3.6072074103e-01 2.8954870392e+00 -2.8435492409e-01
-1.6098573107e+00 1.8818172977e+00 8.5483160664e-01
-3.5172626146e-01 3.1953297206e-01 1.9194792630e+00
1.6252492446e+00 -1.2293165176e+00 -9.1928231033e-01
-1.6405444574e+00 6.9437650866e-01 1.3208563387e+00
2.6305631206e+00 2.3999094915e+00 1.0415132242e+00
1.0676867735e+00 1.8165895867e+00 8.1075000654e-01
1.0754721279e+00 -1.2289713784e+00 -5.3599386135e-01
4.7181449095e-01 -5.2826497829e-01 1.5606075910e+00
1.0917685214e+00 8.2206279476e-01 2.2192157491e+00
-1.8061494521e+00 -4.7407728339e-01 1.0262196579e+00
-1.3608041655e+00 -4.1855513320e-01 1.3353079225e+00
3.6154600707e-01 8.0068716902e-01 2.0789701973e+00
2.2764266308e+00 -2.2937247146e+00 -9.7132923914e-01
1.4030182782e+00 2.3411870352e+00 5.2762680971e-01
3.9700854162e-02 -1.4410426165e+00 8.3318876065e-01
2.7994505957e+00 1.4919369589e+00 5.7540329917e-01
1.2532808332e+00 1.0966525839e+00 1.9673940130e+00
2.9135798897e+00 9.9157325252e-01 3.2801010423e-01
1.8888008074e-01 4.6080092823e-01 2.2551608091e+00
-1.1739103660e+00 4.0060348111e+00 -1.3075239720e-01
-1.4802897138e-01 -6.6800598165e-01 1.3968295140e+00
4.0459533166e+00 -2.6636689394e+00 -9.6003648255e-03
1.1754918074e+00 -5.9421309660e-01 5.9978090757e-01
1.5694103751e+00 7.6464262022e-01 2.0372490217e+00
1.6085108866e+00 4.0272926060e+00 1.6373282801e-01
1.2746702872e+00 -2.1416320996e+00 -1.1316897339e+00
1.4870157361e+00 1.5490771155e+00 1.3522200171e+00
-2.4114872843e+00 3.1689474025e+00 1.9429944122e-01
1.3120937609e+00 -4.0263305459e+00 -1.1081408658e-01
1.5771167164e+00 1.6307240030e+00 1.2680547619e+00
5.3711853870e-01 -8.3074408900e-01 9.1421216741e-01
6.6792831556e-01 3.3987725645e+00 -1.4130842048e-01
-4.1062199598e+00 3.9272980324e+00 -1.7092694930e-01
-1.8305516073e+00 -4.1093664961e+00 8.4570664500e-02
2.1553480385e+00 3.1534856060e+00 9.1071663806e-01
-1.5635996988e+00 1.8917367103e+00 1.1042977523e+00
8.0951894425e-01 -4.0617183397e+00 9.6460111190e-03
-4.0215599208e-01 8.2752489709e-01 1.5524203595e+00
3.6770254835e-01 -1.8061649635e+00 3.7735484927e-01
-2.1864045577e+00 1.3841293137e+00 8.0353332043e-01
-4.0167573477e+00 5.6869694211e-01 5.8968444082e-01
1.1473453082e+00 -1.7080255244e-01 1.6864021070e+00
-2.0984349422e+00 3.0406137441e+00 1.2478517880e-01
-3.9987666331e+00 -1.7613942249e-01 7.0080564343e-01
8.5871118260e-01 1.2633631888e+00 1.5777674038e+00
1.9438125056e-01 1.7249885382e+00 8.7674251637e-01
5.7358087512e-01 1.9792184456e-02 2.1652724215e+00
9.0607460525e-01 -1.6947470876e+00 -3.7508144494e-01
-2.9375676163e+00 1.4661944016e+00 -1.4016350952e-01
-9.4265095188e-01 6.7367667491e-02 1.7125650289e+00
1.3658636761e+00 3.7543780450e+00 2.5269466933e-01
2.5797456368e+00 3.4769679868e+00 4.8604617730e-01
-2.2539194388e+00 2.8300300182e+00 7.7725996132e-02
9.1570669760e-01 5.5348823211e-01 2.6223483279e+00
1.2295942343e+00 1.0057586821e+00 2.0936256321e+00
-1.5777322207e+00 2.3581826456e+00 5.4962164106e-01
-2.3796317417e+00 2.1188898965e+00 1.3867324752e-01
1.9702643305e+00 3.0477838132e+00 7.9383235325e-01
-1.6896505262e+00 9.7202167887e-01 1.4238679049e+00
7.6044791529e-01 -1.0434044028e+00 4.1768672130e-01
8.2070498561e-01 2.4014383123e+00 1.4008547414e-01
7.2213289312e-01 1.1289450607e+00 1.8292172655e+00
7.9517221875e-01 -9.9328848458e-01 3.8237293928e-01
2.0861372064e+00 6.4473971588e-01 1.1767853361e+00
1.5306011836e+00 1.0183545325e+00 1.7600089930e+00
-1.8068368232e+00 2.3695108647e+00 2.6706030650e-01
-2.2688948419e+00 1.3686417539e+00 5.5245142844e-01
6.8079947375e-01 -4.0172444012e-01 1.6252653942e+00
1.3949279336e+00 -1.0874037326e+00 -1.6641220626e-01
4.0656435774e+00 1.0000628261e+00 2.7859435355e-01
-2.9980615096e+00 8.4648539583e-01 6.4359010946e-02
-2.4554079560e+00 2.1785000178e+00 1.0645465638e-01
-1.5520466159e+00 -2.5003601227e-01 1.2577407997e+00
2.6683897019e+00 1.2875224604e+00 6.1975457256e-01
-1.3412774881e+00 8.3652396030e-01 1.5200998525e+00
-1.7253369905e+00 1.1594448800e-01 1.1284590392e+00
-2.3433070581e+00 -9.5612259888e-01 4.5479422532e-01
-5.0666174605e-01 3.6113162035e-01 1.7467287130e+00
-1.1877093706e+00 6.0514328817e-01 1.3663245700e+00
-1.8971794293e+00 -3.2751177315e+00 2.8169411585e-01
3.8452409964e+00 1.3747853239e+00 1.7342939215e-01
1.3631853987e+00 6.6599225999e-01 2.1105710448e+00
2.4156754045e+00 9.1814581105e-01 6.9630980220e-01
1.0596150548e+00 -3.6794685992e-01 1.3402775202e+00
-1.0319119321e+00 1.0041644400e+00 1.4340512730e+00
2.6680624429e-01 6.4711979845e-01 2.1726465284e+00
-4.9646182379e-01 -5.6730405094e-02 1.7416459971e+00
1.6309739102e+00 -3.0423273722e-01 7.9669539471e-01
-2.6715147323e+00 -1.5452295801e+00 6.0957171097e-02
-2.2665259749e+00 1.6446923983e+00 5.5705254122e-01
-1.5455272583e+00 1.7349722509e+00 1.1194374496e+00
-5.6051140306e-01 7.9688985737e-01 1.6226088657e+00
-2.6814759164e+00 9.4748931283e-01 5.9076477314e-02
-1.8416296923e-01 8.1844423329e-01 1.7619056055e+00
-1.4783203367e+00 1.6490392494e-01 1.3395680170e+00
-2.4904846940e+00 -1.7362858828e-01 7.7171001424e-01
1.3196772242e+00 1.0210772229e+00 1.9505832280e+00
5.2784684152e-01 -6.0151667712e-01 1.2935359440e+00
1.4293514078e+00 1.6028539637e+00 1.2546525975e+00
-1.0494561439e+00 1.3428089403e+00 1.4058436339e+00
-3.7795245005e-01 1.1143996604e+00 1.4128830971e+00
4.6319164310e-01 -1.7200382534e+00 2.2744177689e-01
1.4500643145e+00 1.4604707059e+00 1.4369688126e+00
-1.2374781879e+00 2.2027554430e+00 6.8398126698e-01
8.2286478850e-01 3.2043127576e-01 2.3227691122e+00
9.6770464061e-01 7.3034949246e-01 2.3535512026e+00
-1.8063613397e+00 8.9623786449e-01 1.1295638056e+00
2.2808816599e+00 2.2142744679e+00 9.2426568871e-01
1.2706497241e+00 -2.1502044557e-01 1.1520291673e+00
2.3149331219e+00 -1.4033375240e+00 -1.1726754334e+00
-1.7281584262e+00 1.0952095847e+00 1.3469037180e+00
5.2101985192e-01 2.5092546709e+00 -4.9334866587e-02
-9.7708283716e-01 6.0479939039e-01 1.4130843273e+00
1.8356654595e+00 2.1746711908e+00 9.4320566041e-01
-5.0370533154e-01 1.8969522202e+00 7.8124724379e-01
1.2816203324e+00 -9.5783897307e-01 -1.7300541361e-01
6.0570699710e-01 -4.3384437051e-02 2.0269837994e+00
1.2916042984e+00 2.5660121989e+00 2.9748530161e-01
2.5319445156e+00 1.1562051212e+00 7.0902961652e-01
-1.8061535766e+00 1.6819555771e-01 1.1493958590e+00
3.1385288621e+00 6.3445057674e-01 2.2139254382e-01
-1.1526032353e+00 3.7255506276e+00 -9.2893368357e-02
-3.0975644321e+00 -2.3495648938e+00 5.0453177510e-02
3.8032570352e+00 6.0550427047e-01 3.2416871096e-01
1.1333049234e+00 -4.8494597685e-01 1.0419936711e+00
9.1299380077e-01 -8.2952267321e-01 6.8381373249e-01
8.1136233213e-02 -2.0750327045e+00 5.8028130843e-01
1.6423531521e+00 2.2011122816e+00 8.3812546331e-01
2.8272578388e+00 2.6373952968e+00 6.8538545199e-01
9.5245960794e-01 -9.9251923111e-01 4.7759735162e-01
1.2227061436e+00 1.0786231128e+00 1.9570841081e+00
6.2616729967e-01 -2.7748183075e-01 1.8604760069e+00
-6.6950010130e-01 3.0442695782e+00 -3.7227058750e-01
-1.3038589441e+00 -1.3102237165e+00 1.0034921440e+00
-2.2237456775e+00 -1.0882552732e+00 5.3400620971e-01
-2.1541450682e-01 1.2341755652e+00 1.4799594545e+00
-1.3678811844e+00 3.8343860416e+00 1.7517847657e-02
-2.7883779420e+00 1.0486764125e+00 -1.5515049706e-02
2.0441819906e+00 2.3904899953e+00 8.5817294199e-01
-1.7946011428e-02 -6.5640268436e-02 1.9257475528e+00
1.2386024538e+00 -9.1440751366e-01 4.1644358712e-02
1.2919258554e+00 3.4232632004e+00 2.5715165413e-01
-1.3390734388e+00 1.5964748861e+00 1.3100579401e+00
1.2524693600e+00 2.2152785399e+00 6.8539578943e-01
2.3656204126e+00 9.2339066022e-01 8.9806922941e-01
9.4135047387e-01 8.2145449343e-01 2.3297913475e+00
-8.8777165111e-01 -5.7191895635e-01 1.4351075596e+00
9.2123212868e-01 8.3119272340e-01 2.3605691014e+00
-2.3293837243e+00 -1.5304484046e+00 3.6283859067e-01
2.2205302127e-01 7.4707541109e-01 2.0883273695e+00
-1.5267681454e+00 2.7338803367e+00 2.2293304874e-01
7.7634199891e-01 1.0466482210e-01 2.1692518867e+00
1.3270356499e+00 1.9775703653e+00 8.4548870771e-01
3.1210393727e-01 1.9268215056e+00 6.0951396855e-01
2.7004782113e-01 6.6894430760e-01 2.2400225699e+00
2.1801513266e+00 1.9519205610e+00 1.0129107302e+00
-8.8245793607e-01 9.1126243695e-01 1.5590954857e+00
1.5532100088e+00 -1.3407568926e+00 -9.6405426056e-01
2.4694521044e+00 -4.7467084357e-01 -5.9296111713e-01
1.4964967801e+00 1.2975468109e+00 1.5932469511e+00
-2.9693313868e-01 -2.8266829405e-01 1.6551963459e+00
-1.3286222192e+00 1.4069396923e+00 1.5620614868e+00
-2.3540734587e+00 1.5075855059e+00 2.8067148044e-01
-1.8511266913e+00 -3.6591068780e+00 1.1278933893e-01
-7.9056218380e-01 1.8431828237e+00 9.3162965964e-01
-1.2140343674e+00 1.8167583576e+00 1.0950356320e+00
1.7441158222e+00 5.3112001021e-01 1.6417051027e+00
-1.1275743120e+00 -1.3174840399e+00 1.1109311675e+00
-7.9737950707e-01 1.7112802610e-02 1.5502162757e+00
1.0006533525e+00 -1.5768140885e+00 -3.2534042744e-01
-1.0473877479e+00 5.0622277744e-01 1.5209289800e+00
-1.4800379306e+00 -8.7703578271e-01 1.0783297585e+00
-9.0827694792e-01 -3.1349275530e-01 1.4399456363e+00
-3.3949994941e+00 2.1095901958e+00 -1.8693329964e-01
-5.7976738126e-01 1.4227794364e+00 1.2977273478e+00
1.3242941503e+00 1.5141709412e+00 1.3335007208e+00
-1.6136137453e+00 1.1453918610e+00 1.3888097338e+00
-8.5051459894e-01 1.0029489423e+00 1.5166575771e+00
-7.5305640527e-01 6.9286859966e-01 1.5252218183e+00
-1.8167005180e+00 1.6763638781e+00 1.0044058479e+00
-2.6316719212e+00 1.3105412921e-01 5.2719748184e-01
-1.7375662473e+00 5.1885948126e-01 1.0424681138e+00
1.5785144849e+00 -6.8731329410e-01 2.3691909238e-01
-1.9110173248e+00 2.2938702720e+00 5.0625671232e-01
3.9324821824e+00 2.3737565833e+00 -1.0158380920e-01
-1.8995247498e+00 5.1475072064e-01 8.3754989304e-01
-1.1480125893e+00 1.5148213020e+00 1.4999627210e+00
6.6958918107e-02 -7.8673347165e-01 1.1287645769e+00
-2.0264291548e+00 -7.1838309822e-01 7.9791287990e-01
-1.4502483145e+00 8.9079242796e-01 1.4020938064e+00
-2.0298667965e-01 -2.1859083120e+00 7.2172577843e-01
-4.0094540254e+00 -2.4596179911e+00 -4.2795023431e-02
-1.4700607070e+00 1.4645793496e+00 1.5069213239e+00
4.7806305159e-01 2.1270962137e+00 3.2822064474e-01
1.5588678853e+00 2.2323816842e+00 7.6780662247e-01
2.8040421085e-01 -1.0726895058e+00 9.5867369517e-01
-3.1141866452e+00 -8.2480771618e-01 2.6747365649e-01
-4.5001734833e-01 2.0757330303e-01 1.8003313922e+00
-8.3870100458e-02 2.5335856849e-01 2.1345998791e+00
2.6343715805e+00 -3.9924657265e+00 -3.0838400361e-01
4.7420313733e-01 2.3395940868e+00 8.2962592682e-02
1.7254542678e+00 -1.8248826239e-01 1.1173479751e+00
-1.8933956397e+00 1.8016989971e+00 8.4661216573e-01
1.3507080661e+00 1.4475057424e+00 1.3901072084e+00
-6.8134610562e-01 -2.1089012788e+00 8.6662271199e-01
-3.6485379832e+00 2.5725413897e+00 -3.8237245312e-01
-1.7363216969e-01 1.2439659100e+00 1.3032680507e+00
1.0547345046e+00 -5.7806062127e-01 9.9692272974e-01
1.5339497695e+00 2.7364617292e+00 4.7499226074e-01
-1.4157361728e+00 4.4528897980e-01 1.3482564266e+00
1.7144495430e+00 2.9588588597e-01 1.6425406247e+00
1.7564805896e+00 1.6020453810e+00 1.2918627937e+00
2.4433489029e+00 2.9911345209e+00 8.6398697216e-01
-1.6467162272e+00 3.5065806533e+00 1.0064991439e-01
3.2746824764e+00 2.6029278096e+00 5.0591300356e-01
-1.4589072391e+00 -2.2615593003e-01 1.3618797055e+00
1.1385675240e+00 2.4267487406e+00 2.5193256697e-01
-1.2746593079e+00 8.0735258003e-02 1.4403639627e+00
7.6749785887e-01 -1.6943362508e+00 1.0222165372e-02
2.1082556373e+00 6.5876267551e-01 1.0821481293e+00
1.8641807542e+00 2.0896791535e+00 9.8590855656e-01
6.5544992243e-01 -1.2371347325e+00 5.3975180149e-01
8.1514794201e-01 -1.3965964255e-01 1.8527301049e+00
-2.3386413809e+00 6.3885308376e-01 4.9710062828e-01
1.1900724785e+00 1.0133521345e+00 2.2011809130e+00
-9.9945986725e-02 5.2115353899e-01 2.0028392476e+00
-2.0012741161e+00 1.2717216053e+00 9.6921993650e-01
4.0388931351e+00 -3.3302415188e-01 8.0729899075e-02
-1.2335272992e+00 -4.5848379872e-01 1.4650327392e+00
8.5028941146e-01 8.2910748634e-01 2.0355332137e+00
-2.2421356559e+00 3.2294155403e-01 7.1365211987e-01
1.8219747697e+00 1.0339742447e+00 1.4968879061e+00
-2.3071538953e+00 -6.1907816122e-01 7.1474300854e-01
-2.1552497233e+00 8.1960870928e-01 6.8703565087e-01
1.5691375565e+00 -7.8507764748e-01 -2.1558361347e-01
4.0005635218e+00 2.8067453776e+00 1.4855801329e-02
7.0054803328e-01 -5.8505772416e-01 1.2418848349e+00
-2.1795924931e+00 1.2423161983e+00 7.0040549460e-01
-1.9398854553e+00 1.2050459914e+00 1.0688676422e+00
