2.7668904647e+00 2.5552493272e+00 8.9542886489e-04
-1.7276003547e+00 -1.8939175582e+00 9.3686678353e-02
-2.5809250620e+00 -2.8395038739e+00 8.4969190592e-04
-1.2265337218e+00 6.0205547912e-01 -2.3178939627e+00
2.1862216105e+00 -2.3163001951e+00 -1.5988079935e-02
-7.0623559669e-01 4.7306277386e-01 -5.4823944723e-01
-1.8937992865e-02 1.7743421991e+00 7.5440800845e+00
-2.3703715193e+00 -1.3813678127e+00 3.1428948297e-03
-1.6966198980e+00 1.6284693097e+00 2.6060956622e-01
4.0280987258e-01 2.3707007062e+00 2.3065747910e+00
2.3418288852e+00 1.4725083434e+00 9.1689609593e-02
2.6597030559e+00 1.0479800265e+00 5.5300515169e-02
-1.6372990950e+00 -1.0607170424e+00 1.5027386590e-01
2.4158510860e-01 -1.2897218586e+00 -4.9567384105e+00
-2.8463544677e-01 -2.3352001903e+00 -1.9742808625e+00
2.6361608109e+00 -1.6434656289e+00 8.8292893423e-03
-2.4535372053e+00 1.0186340739e+00 -1.2629720252e-01
-1.0806288621e+00 -1.4730266748e+00 3.5696597270e-01
-2.1930227384e+00 1.1265368987e+00 -2.0994290974e-01
-7.8947381550e-01 -1.2345625217e+00 1.0662108192e+00
1.4651625794e+00 -3.0000000000e+00 -3.3246607817e-02
4.4736196544e-01 2.7181293714e+00 7.5119670100e-01
2.8887491390e+00 1.2397460034e+00 1.3534856803e-02
-2.6070110543e+00 2.1266148231e+00 2.9214485339e-03
-1.3361526111e-01 2.0686809401e+00 5.1558211982e+00
2.9556856910e+00 -2.7896215954e+00 -2.1385975334e-05
3.4584218586e-01 1.1035224046e+00 4.2208218055e+00
-4.3891699733e-01 3.0000000000e+00 2.4731130569e-01
-6.7544527238e-01 -7.0830348907e-01 3.3713574008e+00
2.3486577144e+00 9.3157656508e-01 2.2317015080e-01
-2.1277718496e+00 -1.9817581290e+00 3.4481648526e-02
-2.3007938270e+00 3.2862884340e-01 -5.5526887915e-01
-1.5890207496e+00 -2.1473530795e+00 3.6500238368e-02
-6.1608449827e-01 2.6796205290e+00 7.1887982298e-01
-2.1898858429e+00 1.8607303827e+00 2.9264265475e-02
2.1527993025e+00 -1.5650513576e-01 9.2358339966e-01
4.1173777274e-01 -1.6784758651e+00 -6.1768481741e+00
9.6020070938e-01 -1.4513048170e+00 -2.7800460909e+00
-1.9778157158e+00 1.0431629188e-01 -1.4222761438e+00
2.6187579596e+00 -1.4263267537e+00 2.2739757557e-02
2.4998049852e+00 2.0754663905e+00 1.3956825928e-02
1.4431530087e+00 1.2182803418e+00 1.5256871245e+00
2.6344558203e+00 -7.6718742566e-01 1.0133084454e-01
3.0256385639e-01 -4.7530926765e-01 5.4690220215e-01
2.9178622562e+00 -8.4795437118e-01 2.5451546170e-02
2.4968304578e-01 1.4433774865e+00 7.2840996851e+00
-1.6208264524e+00 -2.0775856499e+00 5.1924593636e-02
1.7421339936e+00 -2.9177317348e+00 -1.7928383479e-02
-9.5528476852e-01 2.4613133179e+00 8.4111540824e-01
-1.7503943055e+00 2.3706907407e+00 1.1758632918e-01
8.9711341329e-01 6.2450462023e-01 1.9251584117e+00
-3.0000000000e+00 9.1771785844e-01 -1.6168283718e-02
1.5042146252e+00 7.4782144179e-01 1.9883988484e+00
4.7642073100e-01 -2.5970883464e+00 -1.0569375135e+00
2.1824525325e+00 -2.9214929287e+00 -2.5105101668e-03
1.2000432736e+00 8.7282973376e-01 2.2056029600e+00
2.4142836649e+00 -3.8985426258e-02 4.0616099782e-01
5.9689494966e-01 1.8464268161e+00 4.9901032816e+00
-1.3444454966e+00 3.5490692817e-01 -2.9474735296e+00
1.3416175794e+00 -1.3846669846e+00 -6.6561032399e-01
-1.7686691284e-01 8.1046041687e-01 1.9712023323e+00
1.3556399511e+00 2.9445172506e+00 6.1074861843e-02
2.1627255773e+00 -1.1934078468e+00 1.9897346934e-01
-1.2960375878e+00 2.0441171396e+00 9.6029097300e-01
-1.5723644602e+00 -3.0000000000e+00 4.9738728365e-03
2.0013636265e-01 1.1786274922e+00 5.3669692495e+00
1.7147888735e+00 1.9586434187e+00 3.8216979508e-01
-2.5344477922e+00 2.6528234035e+00 1.6204824784e-03
2.3253776310e-01 -1.0192148694e+00 -2.1534465437e+00
-2.6106653788e+00 1.6749417366e+00 -4.1840902619e-03
-1.5057386341e+00 -5.7423039034e-01 -9.2319648284e-01
-6.4728079310e-01 -2.7331082583e+00 -3.0684169449e-01
2.1988445690e+00 -1.2903996800e+00 1.3091982665e-01
-2.4632678563e+00 1.1015720134e+00 -9.8966636283e-02
-6.9458047674e-01 -9.0072718931e-01 2.9667339828e+00
1.0136675235e-01 -6.7648780383e-01 1.0890893398e+00
-1.2942920637e+00 -6.7475292839e-01 3.2501802217e-02
3.2804477881e-01 6.4373867017e-01 5.1992736426e-01
-1.1716374024e+00 2.4752154704e+00 5.0587863778e-01
-1.0643720611e+00 2.9425650399e+00 1.2275584571e-01
-2.2027808529e+00 6.2588015818e-02 -7.9774149577e-01
1.4736187214e+00 2.5775702689e+00 1.7318599979e-01
7.2638172568e-02 -7.0027682108e-01 1.1693094574e+00
-1.6060476382e+00 2.9028478290e+00 3.3537973137e-02
-2.4105849993e+00 -1.4128098448e+00 3.9977724783e-03
-2.2054021604e+00 -2.2536767450e+00 1.6052827020e-02
9.5019879688e-01 -1.9162353882e+00 -2.5933309765e+00
1.4757085189e+00 1.5165651769e+00 1.2429202994e+00
-2.4930979234e+00 -5.3947152097e-01 -1.9232771473e-01
2.8286850512e+00 -2.4167710127e+00 -1.3635145088e-04
9.5170957851e-01 2.1184842324e+00 1.9698137373e+00
1.7537825769e+00 1.8456785303e-01 2.2691035200e+00
-1.3597979132e+00 2.5586184030e+00 2.4219377115e-01
1.3526789635e+00 -1.3905292676e-01 3.4966812075e+00
1.6453293380e+00 -3.7673551310e-01 2.4402592194e+00
1.6077822488e+00 -2.7852260480e+00 -4.9343582650e-02
5.1594755038e-01 3.3761508509e-01 3.2365785983e-01
2.7309249920e+00 -2.3496942240e+00 -3.5708380075e-04
-2.1288780837e+00 3.0000000000e+00 3.0922119533e-03
-3.1535304680e-01 -4.5191932671e-01 3.4046816410e+00
7.0474391486e-01 -1.5384743547e+00 -4.6816616772e+00
-1.5814392834e-01 -1.1280438626e+00 -1.1000815241e+00
-2.3867814439e+00 -2.0095834065e+00 1.3672770221e-02
-3.0000000000e+00 -1.0972139953e+00 -6.3275630080e-03
1.4910314086e+00 2.6360112601e+00 1.3541802489e-01
8.0009901385e-01 -2.3184910467e+00 -1.6152991877e+00
9.8257041477e-01 8.8796528528e-01 2.2544350390e+00
-1.3954064564e+00 -2.4352420436e+00 -2.1676086941e-02
2.0247025471e+00 -1.4973354774e+00 4.7279411249e-02
-2.8004613957e-01 -1.2249024393e+00 -1.3398612623e+00
-2.2592429589e+00 -2.3725311944e+00 1.0352059716e-02
-2.7497103431e+00 9.8844758659e-01 -4.3254865418e-02
1.3729842965e+00 -2.7801857704e+00 -1.0666802842e-01
-6.0286861204e-01 7.3205463672e-01 5.5464905519e-01
2.5469545456e+00 5.8093054680e-01 1.7565234678e-01
1.7857718453e+00 -1.8532189873e+00 -1.8269603169e-01
-2.1080387802e+00 -2.7945889119e+00 5.0053623432e-03
-1.8402164233e+00 5.1380762665e-02 -1.8715203348e+00
-1.6202498926e+00 2.5335895819e+00 1.1824963543e-01
7.9865752232e-01 8.9616379013e-01 2.1917679386e+00
2.6199161414e+00 -2.2940198810e+00 -9.5306353930e-04
-9.6798586299e-03 1.4266717705e+00 7.7147173498e+00
-2.7556202437e+00 1.3342978539e+00 -1.6195041990e-02
1.6368095751e+00 -1.3028035183e+00 1.1441838527e-01
1.7329428107e+00 -8.1039871262e-01 1.2372929377e+00
1.5983735592e+00 -3.2800715839e-01 2.6766076415e+00
-1.5503048016e+00 -1.4306045887e+00 3.3497709914e-01
2.9109320366e+00 -9.8921990252e-01 2.0456593748e-02
-2.7731997863e+00 -8.8475517378e-01 -3.1839734492e-02
2.5503401451e+00 2.7550763538e+00 1.3222999557e-03
1.9883187824e+00 2.2292712399e+00 8.3328038155e-02
-1.9351290397e+00 2.3757660718e+00 5.7081911607e-02
5.2464377220e-01 1.2605134761e+00 4.9910909168e+00
2.0984250859e+00 1.2524694349e+00 3.0366361307e-01
-1.2216033010e+00 2.9908026720e+00 6.9660048636e-02
1.5630522470e+00 -2.3232201610e+00 -2.3815999438e-01
-1.4806413175e+00 -1.8181734987e+00 1.1134532446e-01
-3.5093400242e-01 -8.9789963667e-01 2.4950771088e+00
-9.1351433031e-01 1.7369992581e-01 -1.5591676805e+00
2.6085211610e+00 1.3970703049e+00 3.5539794917e-02
-2.7903288163e+00 2.2990613104e+00 8.3803121861e-04
3.0000000000e+00 5.7042015579e-01 2.3710692833e-02
2.2072618217e+00 2.9335028343e+00 3.1907706169e-03
-2.2777295229e+00 -4.9329696301e-01 -4.1044390746e-01
-1.1030865155e+00 -2.6913052951e+00 -7.6695182674e-02
7.8754518232e-01 -2.1742487056e+00 -2.2787273776e+00
2.6647679664e+00 -2.6541298001e+00 -3.7052824908e-04
-3.0000000000e+00 5.4090316822e-01 -2.8278424340e-02
1.7609598914e+00 -1.2293076514e-01 2.3006597279e+00
8.2326909246e-02 -2.9629291334e+00 -2.9595893010e-01
-9.0476318588e-01 -7.4981399377e-01 2.3183448732e+00
3.9998739867e-01 -1.3690848971e+00 -5.5146859890e+00
5.8734341193e-01 2.2604522706e+00 2.5273567929e+00
-1.9909831497e+00 1.6949908662e+00 6.3027514747e-02
-3.2285874277e-01 -2.0968854253e+00 -3.0771831724e+00
5.5487191221e-02 -2.2724614993e+00 -2.9275186978e+00
2.8898462011e+00 -2.1702790819e+00 1.2032865034e-04
-4.8741352737e-01 -6.9766174383e-02 1.8041320312e+00
1.7479858662e+00 -1.0880542244e+00 5.7815254162e-01
8.0883641720e-01 -2.8532756404e+00 -2.8397892459e-01
1.6523984782e+00 -1.2006666787e+00 3.3988958235e-01
2.0879005077e+00 6.5047860509e-01 7.4006247598e-01
-1.6500655028e+00 6.8527659418e-01 -1.7035224694e+00
-1.2663747490e+00 -1.6016590268e+00 2.2906950308e-01
-6.3351441858e-01 -2.2344872672e+00 -1.3707517545e+00
2.5252727145e+00 -1.4062481335e+00 3.3827199187e-02
-3.3050404121e-01 -1.5523234610e+00 -3.7458113274e+00
2.3118621172e+00 -1.8384762573e+00 -2.6042435193e-03
1.2579565741e+00 -3.0000000000e+00 -6.0425595093e-02
2.8072322070e+00 2.0992932718e+00 2.8729501777e-03
-2.9919659567e-01 -3.0000000000e+00 -1.8939098567e-01
-4.2805765011e-01 1.2199746234e+00 5.0753595295e+00
1.5996423571e+00 2.4316410652e+00 1.8583577611e-01
1.1441232954e+00 1.1116208597e+00 2.3275796957e+00
1.2526140692e+00 -9.9686572805e-01 6.0220100785e-01
7.6411789016e-01 2.5104139752e+00 1.0219170568e+00
2.3218728731e+00 -1.8344005452e+00 -1.8242235929e-03
-3.0000000000e+00 -2.6937853177e+00 1.8542270306e-04
2.4912191946e-02 -2.2368551706e+00 -3.1414049310e+00
2.2162066499e+00 2.7362196917e+00 6.7572966985e-03
-2.1563668307e+00 2.4736337529e+00 1.7281372732e-02
-2.2682857741e+00 1.5174457192e+00 -2.4821965511e-02
-2.8602259371e+00 -2.1126426012e+00 1.4139795214e-03
7.5028808637e-01 9.2581856822e-01 2.2981431261e+00
-4.4437017387e-01 2.5617371988e+00 1.2786478569e+00
-3.0986269382e-01 -2.2838223466e+00 -2.1646796904e+00
-2.9447754503e+00 -1.3524616308e+00 -2.2619898741e-03
2.4984175129e+00 3.0000000000e+00 6.1976349549e-04
8.1257716164e-01 1.0907939194e+00 3.0127530716e+00
8.9059832919e-01 5.8400636968e-01 1.9124944132e+00
2.0386325810e+00 2.6626338520e+00 1.8537502164e-02
1.6351849865e+00 -2.8896263992e+00 -2.9849253672e-02
1.6060323061e+00 -1.1942494362e+00 3.3390384383e-01
-2.9232316825e-01 8.6311946294e-01 2.2808788237e+00
-2.8213583379e+00 -1.8540383987e+00 2.0709098828e-03
-2.5298311333e+00 2.3312355493e+00 3.7149232762e-03
1.9286206875e+00 -1.1784895869e+00 3.3368548000e-01
-1.1423750758e+00 -1.1923884104e+00 1.1163052016e+00
-1.0894736070e+00 -1.6724417669e+00 -1.1249555746e-01
2.4718446164e+00 -2.6170092379e-01 3.1125420232e-01
-2.0570966275e+00 1.6974935878e+00 4.1407703971e-02
1.6260948393e+00 -1.2591318857e+00 1.9593703429e-01
-1.3268148132e+00 8.8036995233e-02 -2.9752300969e+00
-2.0706056513e+00 -1.8778680295e+00 4.8149065068e-02
2.9568899396e+00 -6.2849260431e-01 2.8642117351e-02
-1.8143770837e+00 1.3830736263e+00 -5.2482764246e-02
1.8238653890e+00 3.0000000000e+00 1.1024404720e-02
2.6734903936e+00 -6.8831922664e-02 1.4822610464e-01
-1.1919565526e+00 -3.2246594100e-01 -1.2646844774e+00
-7.3453415340e-01 8.6346908120e-01 6.5378775222e-01
-1.2214705976e+00 -1.9610641610e+00 -1.5452421587e-01
-1.8262767712e-01 1.1962668527e+00 5.7265665692e+00
-8.5362701096e-01 2.1628841388e+00 2.1004147338e+00
9.0406533514e-01 -1.6277856926e-01 2.3971193868e+00
-1.8326222970e+00 1.6333552179e+00 1.3016950698e-01
6.3292879287e-01 8.3452107128e-01 1.7730082582e+00
1.6270816683e+00 1.5731128453e+00 8.1208565934e-01
-1.9584439722e+00 2.5862260959e-01 -1.4456683553e+00
-2.6859540208e+00 -7.8299834572e-01 -5.8186065903e-02
2.3352844039e+00 -2.0223631009e+00 -7.4001374840e-03
-9.0386199442e-01 -1.5661884280e-01 -3.6778729456e-01
2.8525833480e+00 7.0855966450e-01 4.0557160617e-02
1.7237552584e+00 7.3703853808e-01 1.4902625832e+00
1.6607864107e+00 2.0441829619e+00 3.8796143604e-01
1.5286766356e+00 -2.5252312453e+00 -1.5546059791e-01
2.1698032172e+00 -4.0324703392e-01 7.7519746165e-01
-1.4419633681e+00 1.9762982923e+00 6.8520075725e-01
1.0034265874e+00 -1.4826792979e+00 -2.5779371131e+00
-9.6443520696e-01 -1.1351793186e+00 1.5770785783e+00
2.8747524411e+00 -2.6735029292e+00 -6.4750150974e-05
2.7763914426e+00 2.6391648728e+00 6.3126291724e-04
1.2987690000e+00 5.9187863494e-01 2.6155717159e+00
-1.4451246362e+00 2.1387473873e+00 5.3424222864e-01
2.0264462691e+00 -1.0258992373e+00 4.4168585931e-01
1.7781102847e+00 -3.5863510632e-01 2.0099249807e+00
-7.7734388457e-01 2.3531784422e+00 1.5443118990e+00
-1.1438878343e-02 -1.9951386455e+00 -4.7649296164e+00
3.0042996821e-01 1.9689882326e+00 5.5940573860e+00
-2.7042798865e-01 -1.3321674731e+00 -2.5603354493e+00
2.8032374056e+00 -1.8952228408e+00 1.3743523812e-03
-1.6638065297e+00 9.5618711133e-01 -9.3084103866e-01
-1.1047516690e+00 1.2230000433e+00 1.0179056713e+00
-2.7013636103e+00 -1.8514035141e+00 3.8874508521e-03
6.0599836398e-01 -3.0000000000e+00 -2.0172351603e-01
1.9227178196e+00 3.0000000000e+00 7.6434610869e-03
6.6370047405e-01 -7.9296411362e-01 -3.3019243388e-01
1.4228432640e-01 -1.7776985611e+00 -6.2128480484e+00
-1.4563850323e-01 1.1585860511e+00 5.4002247243e+00
1.1061552490e+00 1.5212759565e+00 2.6978408970e+00
1.1128329662e+00 2.6604403721e+00 3.2867895893e-01
1.7705244196e+00 3.0000000000e+00 1.3327130784e-02
2.2663912498e-01 1.3331131137e+00 6.7047306461e+00
1.1677492925e+00 -2.2871815247e+00 -8.3317518022e-01
5.9802282743e-01 1.3518959786e+00 5.1809406241e+00
-2.4055889577e+00 1.2016033977e-01 -4.2149070470e-01
-1.8376101193e+00 -2.0640840641e+00 5.4800843014e-02
-8.5677078428e-01 -2.8536334329e+00 -1.0493614202e-01
-1.3672617084e+00 -7.5318138212e-01 6.6216608209e-02
-1.7353959367e+00 8.1475489666e-01 -1.2042755305e+00
-6.0494577210e-01 1.0595914136e+00 2.7718366655e+00
4.7523985959e-01 2.2312982275e+00 3.0377012408e+00
1.2496699389e+00 -1.6717678460e+00 -1.4314308835e+00
1.9036827088e+00 3.0000000000e+00 8.2141992871e-03
-2.9473012037e+00 -1.9257758507e+00 1.0339106882e-03
-1.2314875784e+00 -2.0749362327e-01 -1.9622604282e+00
2.4278623450e+00 -2.1467949649e+00 -4.1983862223e-03
2.2280776042e+00 2.9214449375e+00 3.0655928886e-03
9.3065842301e-01 1.8600884331e-01 2.5132876356e+00
-1.1390285406e+00 -2.8650734046e+00 -2.8932995047e-02
-1.3052152390e+00 2.1315101293e+00 8.1091466189e-01
-2.7285034579e+00 1.3262848663e+00 -1.8551301156e-02
-3.0000000000e+00 -1.3733922118e+00 -1.6281539434e-03
-3.0000000000e+00 1.6156907025e+00 -1.8383903688e-03
-2.7384333716e-01 1.3065105627e-01 1.3769225119e+00
2.9628127534e+00 1.7622107903e+00 2.9281235551e-03
1.2155905043e+00 -2.7188889610e+00 -2.0497424714e-01
-1.3536357485e+00 1.0250227926e+00 -6.6216302782e-01
-2.5971468404e+00 -2.8644064634e+00 7.3075957655e-04
-2.2212307596e+00 -2.4690765113e+00 9.1466687613e-03
2.8377028950e+00 2.7179633814e+00 3.3616409422e-04
1.9699336905e+00 -1.5177733010e+00 2.7972514395e-02
2.5121843438e+00 -2.4554003294e-02 2.8344991166e-01
6.8532082445e-01 1.3255561840e-01 1.1679323444e+00
4.7669917464e-02 2.6068939590e+00 1.3431901368e+00
3.5320713246e-01 1.6661584383e+00 7.0422912233e+00
-1.4371238804e+00 2.2529171213e+00 4.3677636867e-01
-2.9805060177e-01 1.7267996987e+00 7.1303025295e+00
-1.0942342231e-01 -3.6724324100e-01 2.4329279980e+00
-1.7307265109e+00 5.8340491260e-01 -1.7455418587e+00
-2.1403049886e+00 -1.2777792619e+00 6.9512423920e-03
2.1705062492e+00 -1.5821885183e+00 2.5432177732e-02
5.6059642515e-01 -5.6406749149e-01 3.6553352441e-01
-1.4384312194e+00 1.9277355478e+00 7.2909565879e-01
-2.8585025528e+00 -4.9838147870e-01 -4.8721679306e-02
1.8355323184e+00 -9.2529128824e-01 8.2295623689e-01
-3.5734027183e-01 -2.6245965062e-01 2.8197602212e+00
9.9124593829e-01 6.0080942021e-01 2.2238688075e+00
6.9988768322e-01 -1.6626471945e+00 -4.7218417245e+00
2.3692536966e+00 2.6578245108e+00 4.5394323546e-03
-1.6600439952e+00 1.2361825391e+00 -2.2464785424e-01
-1.9553962511e+00 9.0906994651e-01 -6.6172938029e-01
-1.1643584879e+00 -2.4778307781e+00 -1.1931454160e-01
1.8023570345e+00 1.2488617266e+00 6.9694418711e-01
-7.2971866577e-01 2.7346421244e+00 5.0656978361e-01
2.2134662187e+00 -2.9239582687e+00 -2.1209973892e-03
5.4398517613e-01 7.5464472343e-02 5.0135454196e-01
-1.4980374025e-01 -2.8526289280e-01 2.4004111137e+00
1.6948310676e-01 2.4285932449e+00 2.2522195645e+00
-2.4752161865e+00 -2.8373550713e+00 1.3100778057e-03
-8.1139077788e-03 -3.0000000000e+00 -2.4404093317e-01
-1.4000760337e+00 -2.4623030714e+00 -1.8614342227e-02
2.3625661494e-01 2.2077694949e+00 3.7873052764e+00
5.9956928597e-01 7.5950543888e-01 1.3664486995e+00
2.2809798927e+00 2.9637612826e+00 2.0230069793e-03
-2.0746577079e+00 -7.7322033441e-01 -3.4706492114e-01
1.4230595452e+00 2.7855619192e+00 9.5918472110e-02
-2.1940616787e+00 -2.4894266609e+00 9.3959391606e-03
1.5653024007e+00 -1.1464439820e+00 4.3819910560e-01
2.2770397893e-01 -2.7906452590e+00 -5.9793082316e-01
1.1062036214e+00 -3.0311600365e-01 3.0341562104e+00
3.0000000000e+00 5.3078178671e-01 2.4762413946e-02
2.3068158363e+00 6.8368404408e-01 3.6773890173e-01
-2.0583253577e-01 -8.6458654147e-01 1.9756192547e+00
-2.2992333033e+00 -3.0000000000e+00 1.4281754654e-03
-1.4694285107e+00 -6.2879655997e-02 -2.6985998424e+00
-5.5071343789e-01 -2.2779941154e+00 -1.4892846063e+00
2.8026990689e+00 8.6878075216e-03 8.4554278009e-02
-1.8402190386e+00 -1.1319710957e+00 3.3513149794e-02
-1.1750071677e+00 -6.5228505375e-01 4.7736674038e-01
1.1069157507e+00 2.5525553689e+00 4.7600113032e-01
-8.3877897493e-01 -2.6103748463e+00 -2.8601318418e-01
-2.8902770892e+00 -2.6886869867e+00 3.3049061932e-04
-3.0000000000e+00 -3.7829722860e-01 -2.9510701471e-02
-2.0358649165e+00 2.0325680459e-01 -1.2275161371e+00
-5.8872801501e-01 1.6203318963e+00 5.6592719949e+00
-1.4516571966e+00 2.3362003674e+00 3.4514703492e-01
-2.9490969210e+00 -8.5062816185e-01 -1.6642063498e-02
1.8123258358e+00 7.7718121772e-02 2.1044660628e+00
2.2870663379e+00 1.2479216438e+00 1.6397879954e-01
2.5766624752e+00 -2.5698513615e+00 -8.6249195010e-04
-1.7934611259e-01 1.7349077442e+00 7.5111457267e+00
6.9046484799e-01 -1.2242977553e+00 -3.3839837710e+00
3.0000000000e+00 9.2117988319e-01 1.4332465977e-02
1.7979957668e+00 3.0000000000e+00 1.2095148218e-02
8.7845005129e-01 -1.7968776147e+00 -3.3270218517e+00
-1.8966472281e+00 -2.6904547923e+00 1.0468782409e-02
-2.2430840155e-01 -1.2671269261e+00 -2.2274343940e+00
-1.6981475581e+00 -2.3126123105e+00 2.9001565961e-02
-3.0000000000e+00 -1.5075243123e+00 -3.9776349264e-04
2.2999646669e+00 -3.0000000000e+00 -9.7111933535e-04
-1.6042785471e+00 2.2641509443e+00 2.5083452788e-01
2.0919551736e+00 5.7281216831e-01 8.0049266529e-01
2.2412908129e-01 2.9320789614e+00 3.8046259940e-01
-5.3218506282e-01 -8.0612160239e-01 3.4569102340e+00
3.0744360927e-01 -5.2632736583e-02 1.7919704238e-01
8.4749971391e-02 2.5321932587e+00 1.6965184262e+00
-1.5186297402e+00 -6.4680105533e-01 -6.6555680400e-01
-4.9220686333e-01 4.2756186114e-01 4.2599555449e-01
2.9345202594e+00 -8.0614335202e-01 2.5102233875e-02
1.8541203746e+00 1.9373364234e+00 2.5082134025e-01
1.0616394113e+00 -2.5188816033e+00 -5.7088606640e-01
2.0204435660e+00 -1.0369458597e+00 4.3511983124e-01
1.0119581792e+00 -1.2467108597e+00 -1.6540998072e+00
-5.6819275449e-01 4.8614477271e-01 1.2464064311e-01
1.5149648226e+00 -1.4630759890e+00 -3.5357134343e-01
2.4939059865e+00 1.0127666336e+00 1.1495321249e-01
2.3673499830e+00 -2.7731924130e+00 -1.6550491281e-03
-2.8679100627e+00 -1.0239784534e+00 -1.4213693963e-02
2.2220488086e+00 2.2816261608e+00 2.8465719660e-02
-7.5790160384e-01 2.8036697093e-01 -7.4533099290e-01
2.4367103117e+00 -2.0618136100e+00 -3.4607045820e-03
-2.3094800944e+00 5.8467542965e-01 -4.3394035418e-01
1.1312150382e+00 -9.1014600636e-01 7.3766356228e-01
-7.3786200158e-02 -1.3998476920e+00 -4.6015238080e+00
-2.8530957891e+00 -8.2559733897e-01 -2.6818295216e-02
-4.9706734545e-01 1.9085397901e+00 5.1688864093e+00
-1.2664301062e+00 2.5345268888e+00 3.3498665826e-01
6.8918874120e-01 -2.7898590095e+00 -4.3010134689e-01
2.6206039300e+00 -3.0685881902e-01 1.7059661462e-01
-1.4329387839e+00 1.5688119388e+00 7.2923449351e-01
1.1873594819e+00 1.5712959509e+00 2.2771975372e+00
3.0000000000e+00 1.5321097794e+00 4.1140023088e-03
4.3099946488e-01 9.8010393680e-02 1.4858481993e-01
-1.5508228179e+00 -2.4338341834e+00 1.0322868174e-02
-1.8363303348e+00 5.7448628687e-01 -1.4712710451e+00
2.2808380292e+00 1.5836972649e+00 9.5816437513e-02
-2.5290630373e+00 -3.8782652734e-01 -2.0983987026e-01
3.7188861032e-01 -1.0491953031e+00 -2.7376301250e+00
-2.7979453527e+00 2.5269899736e+00 5.2627463377e-04
-1.9681925904e+00 -1.1751237743e+00 5.1212033122e-03
1.0715969083e+00 -6.3477928370e-01 1.9369150237e+00
2.2241420347e+00 -2.6135342303e+00 -6.1855261995e-03
-2.9550523345e+00 1.1958787537e-01 -4.5116736621e-02
-2.8561320358e+00 1.0159528367e+00 -2.5665870742e-02
3.0000000000e+00 6.2178690402e-01 2.2317964533e-02
3.7502028768e-02 2.0522102880e+00 5.3855946210e+00
-8.3593321118e-01 6.0964605983e-01 -9.8774544966e-01
2.0960157860e+00 -1.0743962278e+00 3.3099712020e-01
-1.4022931946e+00 -2.2182250689e+00 -2.6378276424e-02
8.0423106942e-01 -8.6457371966e-01 -2.5388150935e-01
-1.0282086190e+00 2.8646471177e+00 1.8201317725e-01
-1.7323475090e+00 -6.8139758341e-01 -6.7902705884e-01
6.1233600488e-01 -2.8307542253e+00 -4.0252386594e-01
6.3768276701e-01 -1.0154365549e+00 -1.9966917179e+00
2.0737264097e+00 -9.4158034741e-01 4.8062785820e-01
-4.8696566424e-01 3.1783665892e-01 5.8410852991e-01
-1.2021729820e-01 -2.4214026441e+00 -1.8396496609e+00
-1.8295499375e+00 2.1783408329e+00 1.3098267618e-01
-1.2259885890e+00 4.5085338588e-01 -2.7217686073e+00
-2.0813981788e+00 2.8161115434e+00 7.9246564585e-03
8.1251658910e-01 -2.6542964535e-01 1.8145374778e+00
1.7347120556e+00 -1.6815567137e+00 -1.9993020156e-01
6.5038085594e-01 1.2685319574e+00 4.4918330492e+00
1.5762492365e+00 -8.7365273731e-02 3.0147442527e+00
2.9825112572e+00 3.9364091305e-01 3.0677016868e-02
-1.7276018479e+00 -2.3368172487e+00 2.8035272786e-02
-2.1518716926e+00 2.4428823611e+00 1.9111029679e-02
1.5750345920e+00 2.5488869200e+00 1.4031744031e-01
5.6963073014e-02 -6.9709384802e-01 1.2810997382e+00
-2.4465371966e+00 6.1784484733e-01 -2.6299904480e-01
2.7485777429e+00 -2.6109397113e+00 -2.2132025758e-04
-2.6779320952e-01 2.8789893734e-01 9.8629573511e-01
-2.1105813285e+00 1.1230038381e+00 -2.6073377370e-01
-2.0729029724e+00 -2.2315590483e-01 -9.8922687780e-01
-2.4783942182e+00 -2.0091214851e+00 9.5052767957e-03
-3.0000000000e+00 1.5244235114e+00 -2.7823954687e-03
2.6958531206e+00 -1.5011323527e+00 1.3061343967e-02
-2.3167959645e+00 -2.7169932856e+00 3.3916650303e-03
1.7613890002e+00 -1.3214172641e+00 1.5538065993e-01
-1.6172227565e+00 -2.7053283683e+00 9.7183225104e-03
-1.2160706569e+00 -2.2891295784e+00 -1.4241652075e-01
1.4956448628e+00 -1.5036974130e+00 -4.5560236518e-01
1.5639665367e+00 -6.5864076044e-01 1.9758998157e+00
1.2583460603e+00 2.1618371198e+00 9.3855707484e-01
2.3150519077e+00 -2.8962152922e+00 -1.3836043898e-03
-6.1980657180e-01 -1.7348240529e+00 -2.2055114840e+00
-5.0476451491e-01 1.5876963242e+00 6.2550186289e+00
1.2718693662e+00 -4.6199625511e-01 2.8868690151e+00
-9.8976151198e-01 -2.2873551708e-02 -1.5123432125e+00
-2.1830280468e+00 -2.2745733199e-01 -7.4174164273e-01
-2.5790496224e+00 -3.0000000000e+00 4.9202327678e-04
1.9801720292e+00 -2.5627738689e+00 -2.3761727371e-02
3.1909738871e-01 1.9979216175e+00 5.3039387812e+00
2.9425978912e+00 2.8841762808e+00 9.5056993569e-05
-3.0000000000e+00 -1.1804468429e-01 -3.5428800175e-02
1.0817035176e+00 4.3460970907e-01 2.7330402701e+00
2.6955575974e+00 -3.1862529473e-01 1.2403212419e-01
6.9050720648e-01 1.5871225033e-01 1.1855137148e+00
2.2539524174e+00 -8.5636702336e-01 3.4348362162e-01
-1.3533615397e+00 3.0803044523e-01 -2.9990894555e+00
2.6078627403e+00 -2.1924711921e+00 -9.5982915379e-04
-2.7922028444e-02 -2.6286658297e+00 -1.0283144136e+00
-4.9258495268e-01 -1.2875078891e+00 -5.4296485042e-01
-2.7523948354e-01 -3.0000000000e+00 -1.9515452931e-01
-2.4687932560e+00 2.3738516630e+00 4.7586916314e-03
1.8575748329e+00 2.5030442011e+00 6.2910193631e-02
-5.1308571171e-01 -2.8132688484e+00 -2.9802588827e-01
-4.7079241031e-01 -1.3005425425e+00 -8.0378100872e-01
-2.5494003855e-01 2.7555706650e+00 7.5023882557e-01
1.4559728917e+00 -1.1398030278e+00 3.5858535231e-01
-1.2315227673e+00 1.2949443035e-01 -2.8943427297e+00
-2.0363600348e+00 -5.4332928990e-01 -6.8142678524e-01
5.5037268168e-01 8.9653431322e-01 2.1012438443e+00
1.1823118651e+00 2.1654180275e+00 1.1140983026e+00
3.0000000000e+00 1.2641407285e+00 7.4053787863e-03
-7.8796205112e-02 -2.2761726895e+00 -2.7331947640e+00
-2.5466211192e+00 2.1790731428e+00 4.1179673861e-03
-1.7368386651e+00 1.9348063895e+00 2.5319308023e-01
1.5393892269e+00 -4.0277586912e-01 2.7037223178e+00
-2.9286978508e+00 4.5098558288e-01 -4.3205088164e-02
-2.5227029175e+00 2.4440105139e+00 3.0590996626e-03
1.2200824482e+00 8.4216109420e-01 2.2161351198e+00
-1.7769265619e+00 -8.9547826657e-01 -2.2077101955e-01
1.1167543128e+00 -1.8014940012e+00 -1.9867527762e+00
2.6531475385e+00 -5.4389276909e-02 1.6157441025e-01
1.2186606988e+00 1.0118088062e+00 2.1366535335e+00
-2.3787363597e+00 -2.2866831418e+00 8.4332938970e-03
2.7635639887e-01 8.8298435695e-01 2.1471775609e+00
1.4348979254e+00 -9.8956317662e-01 8.9559737558e-01
-1.1021572265e+00 1.1236661189e+00 5.1499024725e-01
-2.1615527287e+00 5.1590913099e-01 -7.2818719297e-01
4.3193035204e-01 -7.5924113336e-01 -4.6938465192e-01
9.0161569046e-02 8.4888847778e-01 2.0748205246e+00
-2.3402258544e+00 -1.1190583728e+00 -4.6408875084e-02
1.2265953155e+00 -2.7396298440e+00 -1.8493409992e-01
2.8548104473e+00 2.7406083522e+00 2.8008602220e-04
7.2760584545e-01 1.4839799288e+00 4.8406521580e+00
2.1805189511e+00 -1.4000795779e+00 8.5876522031e-02
-3.0000000000e+00 2.9795697608e+00 3.5019386554e-05
1.7261945721e+00 1.0200950454e+00 1.0606863314e+00
1.0772756584e+00 1.6357831042e+00 2.7495499044e+00
-1.7137490431e+00 -5.3198268125e-01 -1.1010036203e+00
-4.9264849487e-02 9.1583297698e-01 2.8457208212e+00
-2.9001247514e+00 -2.0588750793e+00 1.2272952459e-03
4.3939592275e-01 1.0549106617e+00 3.5287573124e+00
2.6968505029e+00 -6.2924380802e-01 9.3863958363e-02
-7.4021648819e-01 9.2488921183e-01 1.0271319609e+00
-3.0000000000e+00 1.4259247572e-01 -3.6301191661e-02
-1.2874880597e+00 -1.1490031132e+00 8.6950796018e-01
5.0231614998e-01 2.3053868818e+00 2.4893862384e+00
9.0359884661e-01 1.1520222599e+00 3.0294347333e+00
-1.6378861190e+00 1.5690258328e-01 -2.5550316405e+00
-2.2399136853e+00 5.2256169836e-01 -5.7588762514e-01
-2.7103068677e+00 -5.8507694999e-01 -7.9330807677e-02
4.4601935950e-01 1.3614908462e+00 6.0026159915e+00
-5.8128724570e-02 -3.0000000000e+00 -2.3756407569e-01
-4.8988820463e-01 1.3660423360e+00 5.7456827115e+00
-1.0309508737e+00 -6.4160254349e-01 1.2539690309e+00
1.0584064310e+00 -1.4704581155e-01 3.1058777807e+00
1.2000873798e+00 -1.5036894751e+00 -1.5088917514e+00
-2.4600820534e+00 2.5932700024e+00 2.8591689568e-03
1.0020466314e+00 1.6926726126e+00 3.0683696506e+00
-1.6352604352e+00 2.1326339515e+00 2.9030000690e-01
7.7432601642e-01 1.8892215485e+00 3.7710113488e+00
-8.6913737415e-01 3.9340933923e-01 -1.4789842586e+00
5.8383701213e-02 -1.8646598765e+00 -5.6939110347e+00
-3.2122109379e-01 -2.4686928489e+00 -1.3187655040e+00
-1.0368508500e+00 -9.9272991629e-01 1.7392521790e+00
9.7436956363e-01 -1.7851501448e+00 -2.7809205622e+00
1.6142445393e+00 -2.7573531266e+00 -5.3487403150e-02
8.9928568711e-01 -1.0968856119e+00 -1.3807387888e+00
3.7600694554e-01 2.5082906842e+00 1.5958586321e+00
-4.6732271252e-01 1.3767794646e+00 5.9441410908e+00
1.8456730782e+00 1.5217892916e+00 4.6080239709e-01
5.0110487107e-01 -5.8002145269e-01 2.3944459343e-01
2.6137347731e+00 6.3475315077e-01 1.2634182084e-01
-2.7116636786e+00 1.1363623740e+00 -3.5439786785e-02
-3.9539135575e-01 1.3565987187e+00 6.2449160814e+00
6.3917277213e-01 -9.8519546040e-01 -1.7504132572e+00
2.5540550325e-01 1.9303645728e+00 6.0380336475e+00
2.9290999234e+00 -2.4874268601e+00 -4.3405369229e-05
1.7703709536e+00 1.6070025545e+00 5.2367912603e-01
2.0403040900e+00 2.5721236580e+00 2.5146044702e-02
2.8252302942e+00 1.4236119536e+00 1.2537604331e-02
1.3979936252e+00 -1.3688227161e+00 -4.5319747238e-01
-1.0086396071e+00 -4.9469620256e-01 7.1158889589e-01
-2.8808474760e+00 8.5321719144e-01 -3.1796530310e-02
-2.7161294125e+00 -1.9079560320e+00 3.5507636173e-03
6.2738583905e-01 1.0333027894e+00 3.0101811997e+00
-2.4938929861e+00 2.9620313492e+00 6.5052066189e-04
-4.6316748680e-01 2.1751594058e+00 3.4609410387e+00
-7.2344959574e-01 -4.3725193858e-02 4.2405339376e-01
1.8906568068e+00 -3.0000000000e+00 -6.9626250742e-03
-2.7051764281e+00 2.9189403276e+00 2.5124255994e-04
6.8774218715e-01 8.1388515484e-01 1.7474595126e+00
1.4682574697e+00 1.4815898138e+00 1.2909832709e+00
-1.0519906642e+00 -1.9819866361e+00 -4.6617534131e-01
6.5273063184e-01 1.5039224488e+00 5.3323159743e+00
1.2420888136e+00 5.5857332631e-01 2.6967649964e+00
1.2505511452e-01 -2.8335547013e+00 -5.0772640912e-01
1.0804411766e+00 -1.6297841685e+00 -2.2803633526e+00
-2.6817145660e+00 -2.2866855804e+00 2.4624019368e-03
-1.4323863089e+00 -7.0060730941e-01 -3.0301727141e-01
1.5284609080e+00 -2.1047503269e+00 -4.1435980838e-01
5.8495924531e-01 -2.1117749075e+00 -3.3371381269e+00
3.9812678129e-02 1.5638744283e+00 8.0812686890e+00
-1.1622790375e+00 -1.1966828158e+00 1.0721101965e+00
-2.1034843117e+00 6.4790472745e-01 -7.3249075824e-01
6.1621686591e-01 -3.0000000000e+00 -1.9951054388e-01
2.2667969595e+00 2.3124598686e+00 2.1595303531e-02
2.1054672674e+00 -1.4887426130e+00 5.5004009224e-02
2.2062044715e+00 -2.6490260913e+00 -6.0708129819e-03
-5.9460531989e-01 1.1855780384e+00 3.8518548103e+00
-1.1378946137e+00 1.5070262797e+00 1.8186159402e+00
3.5878060744e-01 -3.0000000000e+00 -2.4383559856e-01
1.8658648878e+00 -1.1833585933e+00 3.5522127112e-01
4.2995472085e-02 1.5602748825e+00 8.0762826682e+00
2.6217096509e+00 1.7270056378e+00 1.7234512015e-02
3.0000000000e+00 -3.0000000000e+00 -5.8641878726e-06
9.9181211596e-01 1.2062372917e+00 2.9055802974e+00
-2.9924912339e+00 -2.2514876096e+00 5.6735141471e-04
-1.0212360817e+00 9.1229572840e-01 -3.8438339007e-01
-1.0747756290e+00 8.6362175543e-01 -8.4709385297e-01
5.0779311910e-01 2.8891317364e+00 3.6881999655e-01
2.1161059743e+00 8.6545067006e-01 5.1349923925e-01
1.8854918486e-01 -2.5093533371e+00 -1.5741555465e+00
1.2051840557e+00 -7.0343187706e-01 1.9331908730e+00
-2.8610018717e+00 1.0936651025e+00 -2.0936404407e-02
-1.3181462533e+00 1.1331625891e+00 -1.3058528080e-01
-1.2865315838e+00 -1.1319629399e+00 8.8061361243e-01
-7.0468457257e-01 -2.9053428225e+00 -1.3161655026e-01
-5.8309731954e-01 1.6746199657e+00 5.6275606478e+00
1.9554365847e+00 2.5240953486e+00 4.0929200658e-02
8.6325187015e-01 1.3226237725e+00 3.7273165278e+00
3.0000000000e+00 -1.0662503812e+00 1.1381008060e-02
2.1011929128e+00 3.7295476967e-01 9.3947448889e-01
2.3654353110e-01 -2.7095615369e+00 -8.0610874543e-01
-1.1068007677e-01 -1.1050612437e+00 -1.1686977086e+00
-2.0306158223e+00 -2.7081301776e+00 7.7980968599e-03
1.1038816944e+00 2.4502509281e+00 6.5304339726e-01
1.8718496959e+00 6.2193541829e-02 1.8752907340e+00
3.0000000000e+00 2.5050606156e+00 2.9046794261e-04
-2.2158052018e+00 2.4907728424e+00 1.2581959541e-02
2.0673078960e+00 2.2024751805e-01 1.1283199814e+00
2.6510129356e-01 -1.5152275137e-01 3.5544508179e-01
1.5847206111e+00 1.4103089128e-01 2.9364651486e+00
-7.1855136645e-02 -1.2990605485e+00 -3.6725835860e+00
-2.0358927023e+00 1.4574931390e+00 -4.0120156966e-02
-2.8989727060e+00 -2.2338388858e+00 9.5676198796e-04
4.0776101798e-01 -5.1777912710e-02 2.0061200032e-01
1.6641121630e+00 6.1279289335e-01 1.8849347557e+00
8.0662399098e-02 -7.6003094143e-01 8.1888386098e-01
-1.5620518628e+00 -8.6088557009e-01 -8.2195478601e-02
-2.2879312821e+00 -2.7198810474e+00 3.6991585639e-03
1.2028664224e+00 -2.8024930149e+00 -1.5541452842e-01
1.4888469911e+00 2.9685056857e+00 3.7897360962e-02
-5.8731127145e-01 2.4363680282e+00 1.6045980483e+00
2.2612221278e+00 2.4280914927e+00 1.5812360290e-02
-1.1388768742e+00 1.0681813299e+00 7.0981609667e-02
3.0000000000e+00 -2.8753574580e+00 -9.9286043341e-06
1.0802947068e+00 2.3823739027e+00 8.3013469331e-01
-6.6792544117e-01 3.0000000000e+00 1.9179205528e-01
8.0219822851e-01 -1.6033376644e+00 -4.0731921345e+00
1.7927098327e+00 1.9052507519e-01 2.1130321589e+00
3.5474533204e-01 1.8623600780e+00 6.1483487549e+00
2.7169427933e+00 -1.8447028770e+00 2.3140271795e-03
-2.3421694518e-01 2.7654085767e+00 7.3072218494e-01
1.8209328923e+00 1.9875878358e+00 2.5637771860e-01
-2.2611775159e+00 -2.8911121327e-01 -5.6173305002e-01
-2.9779813719e+00 1.4478218748e+00 -4.1685784289e-03
2.8455750343e+00 1.5786118142e+00 8.1322544653e-03
1.0134771199e+00 -4.6448545799e-01 2.3519763854e+00
-2.8858648795e+00 2.3829033489e+00 4.0854991784e-04
1.3068201501e+00 -2.9485084102e+00 -6.5970809445e-02
2.0421535144e+00 -9.7164855586e-01 4.8545431838e-01
1.5683761441e+00 -2.9195643435e+00 -3.3331399130e-02
-1.5903864712e+00 2.8319934424e-01 -2.6319357160e+00
3.8532268787e-01 -5.9697279289e-01 2.1887592020e-01
1.0487313541e+00 -1.9758961989e+00 -1.9570563772e+00
1.5153583418e+00 8.4273477455e-01 1.7839478575e+00
-1.4530333783e+00 1.7257468003e+00 7.5944029155e-01
-2.1997409008e+00 -1.3919773747e+00 2.1178491567e-02
1.4255159415e+00 -2.2026229497e-01 3.2980133408e+00
-2.1409873327e+00 9.5137312316e-01 -3.8560049568e-01
-1.3796387020e+00 -8.7692462659e-01 3.7857532272e-01
-4.7160970504e-01 -2.2927224162e+00 -1.6677317194e+00
1.1245906580e+00 -1.3499773155e-01 3.3218732162e+00
-2.1297942349e+00 -9.7695906622e-01 -1.3881028686e-01
-2.4328472170e+00 -2.0309509716e+00 1.1077829435e-02
2.6643474172e+00 1.6508099208e+00 1.6595114674e-02
2.4783625564e+00 1.8673550101e+00 2.4624543796e-02
-1.6835015774e+00 -2.5626616841e+00 1.5187773908e-02
-3.0000000000e+00 1.8789432993e+00 -2.8510887718e-04
9.9919615546e-01 1.6475168479e+00 3.1574081386e+00
-9.7803710076e-01 2.3324938340e+00 1.1367859326e+00
2.4243045692e+00 5.3311019725e-01 2.9282585647e-01
-8.5659905073e-01 3.0000000000e+00 1.4366439118e-01
2.7792057196e-01 -1.5127191288e+00 -6.3631876958e+00
-2.8888410897e+00 8.8085946025e-01 -2.9158364917e-02
1.1554763505e-01 -2.2276291502e+00 -3.2761783747e+00
1.6968688588e-01 6.8600870996e-01 8.0984964937e-01
1.9666490691e+00 -1.1673914653e+00 3.2691897148e-01
1.2915065241e+00 1.9586638564e+00 1.2500916829e+00
1.2949686831e+00 2.1337649383e+00 9.0886660409e-01
1.1624351324e+00 1.1711166171e+00 2.3256944020e+00
-9.4747086323e-01 -2.8182478235e+00 -8.8507702652e-02
-2.0650833690e-01 1.6767928915e+00 7.6461002046e+00
2.9885945269e+00 -1.2413079802e+00 8.0305758268e-03
-1.8545290554e+00 7.6393770715e-02 -1.8298397374e+00
2.0699934891e+00 2.3529857171e+00 4.3738025777e-02
1.2394657980e+00 -6.9817286973e-01 2.0021636017e+00
-1.5060811641e+00 2.1299886437e+00 4.4862671438e-01
-3.0000000000e+00 -1.4188356800e+00 -1.1446654707e-03
1.3067008830e+00 2.7885726170e-01 3.3158176862e+00
7.6116618398e-01 1.3490889251e+00 4.3165608535e+00
4.4580464613e-02 -1.1110176775e-01 1.0424473304e+00
-2.6732140024e+00 1.9785625780e+00 1.4472150120e-03
2.3183772218e+00 5.6241383428e-01 4.0897910875e-01
2.8376777359e-01 1.7775992760e+00 6.9331015071e+00
-3.0000000000e+00 -2.6379125744e+00 2.1843616034e-04
2.0197550052e+00 -1.5373750979e+00 2.7555750382e-02
1.1112416228e+00 -1.4672317807e+00 -1.9007600224e+00
1.1860543732e+00 1.6580755489e+00 2.1880359535e+00
2.2279358640e+00 -2.1500498867e+00 -1.5836590948e-02
2.0798974764e+00 6.8079292730e-01 7.2862279697e-01
-3.0000000000e+00 2.1989488185e+00 1.9692818460e-04
2.5880598228e+00 -1.7405073564e+00 5.8959595558e-03
4.0465051402e-01 2.7369426521e+00 7.2765033163e-01
-2.4981508796e+00 2.3648319197e+00 4.1429543018e-03
-2.4579010971e-01 -1.2294832026e+00 -1.6451059474e+00
-4.7055799506e-01 -9.0955874694e-01 2.8300117968e+00
-1.2102835695e+00 5.4821270779e-01 -2.4627535801e+00
-2.3108938135e+00 -2.1542784751e+00 1.4066392086e-02
1.1505066945e+00 -8.6106176886e-02 3.4200202872e+00
-1.7037827082e+00 -2.1156975702e+00 5.0891983722e-02
1.8073374557e+00 2.4226709821e+00 9.5888565104e-02
7.6560524067e-01 -1.1218998509e+00 -2.2557314416e+00
-1.4477768285e+00 1.8452995763e+00 7.5293632497e-01
-2.5744084585e+00 -2.9968099734e+00 5.0751440527e-04
2.5219749794e+00 -1.7990916323e+00 4.0941912403e-03
1.8702122400e-01 -2.9977922270e+00 -2.5702845662e-01
-2.5311818420e-01 -2.6777566204e+00 -7.2822772965e-01
-1.3864118018e+00 -3.0000000000e+00 1.4404136493e-03
-1.3669468214e+00 2.2525528553e-02 -2.8979563667e+00
-2.6932672501e+00 1.6913726761e-01 -1.4166524031e-01
-4.0973507950e-01 1.3492136296e+00 6.1224100531e+00
-6.0181765304e-01 -7.4711734237e-01 3.5477204462e+00
3.0000000000e+00 1.0807035208e+00 1.0718166124e-02
-1.7929793009e+00 -1.7334505565e+00 1.2103143501e-01
-2.0953818968e+00 -1.3589502621e+00 3.5047925541e-02
1.3068052416e+00 -4.2528989301e-01 2.9951215194e+00
-1.7952668109e+00 -1.8342914945e+00 9.8658978946e-02
-2.6050158816e+00 -1.9392039138e+00 5.9185303711e-03
-2.4013040949e+00 -3.4773243365e-01 -3.4146063246e-01
-1.5503744755e+00 -1.9286855041e+00 7.9027811262e-02
-2.2843707335e+00 -1.0911260383e+00 -5.9902335323e-02
3.6451475861e-01 1.3642348840e+00 6.3962707646e+00
4.2195629578e-01 -1.0220574865e+00 -2.4881742480e+00
2.0711588061e+00 -2.7196855242e-01 1.1059824645e+00
2.7457355614e+00 2.1283034069e+00 3.6609950722e-03
-1.2284335718e+00 1.7467316272e+00 1.5195235773e+00
9.0926532969e-01 3.0000000000e+00 1.3149551093e-01
7.3861538793e-02 -4.7791616549e-01 1.5538342096e+00
1.2120714328e+00 -1.9339428612e+00 -1.3816640467e+00
9.3001069604e-01 -3.0000000000e+00 -1.2584381151e-01
-3.6280328855e-01 1.9232289215e+00 5.7105947177e+00
-1.6765187214e+00 -1.7788540209e+00 1.3210281300e-01
9.6712620339e-01 7.0854308282e-03 2.7843494772e+00
1.1228389201e+00 6.9914519571e-01 2.3595241380e+00
2.6449385221e+00 6.8617521247e-02 1.6620907090e-01
2.4776578076e+00 -2.1563752942e+00 -2.8724391833e-03
-2.8347119562e+00 1.8309514682e+00 -5.8324867893e-04
-6.5257645897e-01 1.6680509498e+00 5.1470757793e+00
-1.9770019244e+00 2.9385285824e+00 7.5334426090e-03
-2.5151264564e+00 -1.8298798450e+00 9.5455250359e-03
2.2956152806e+00 -2.8435936380e+00 -1.8942389973e-03
1.1135542198e+00 1.8402772070e-01 3.2393969962e+00
7.3196717668e-01 8.9185648989e-01 2.1358392178e+00
7.9444806785e-01 -9.2272896655e-01 -6.7972980923e-01
1.5504790613e+00 1.4313237132e+00 1.0978867532e+00
1.4051345335e+00 -2.5209876561e+00 -2.3285078957e-01
8.3489824813e-01 1.0716032833e-01 2.0439167024e+00
6.0387324854e-01 -2.1408160910e+00 -3.0966115940e+00
2.0374610364e+00 -2.4392080692e+00 -2.5725315435e-02
-2.6282353920e+00 -5.9118127555e-01 -1.0798607080e-01
-1.6529089815e-01 -2.4377524909e+00 -1.6970949530e+00
-3.0000000000e+00 -1.2609202179e+00 -3.1579862749e-03
2.2489693014e+00 -1.9145463954e+00 -1.1189283114e-02
-1.9932719866e-01 -2.1900439817e-01 2.3740881081e+00
1.0216460170e+00 -6.9547966115e-01 1.5151226707e+00
1.0855597829e+00 1.6123567915e+00 2.7341783332e+00
-1.7609448340e+00 1.1992527333e+00 -3.1689311938e-01
-2.4151485344e+00 2.3817949450e+00 6.1956818669e-03
2.5387210198e-01 -2.5459659037e+00 -1.3924459140e+00
-1.5374897387e+00 -1.7700711393e+00 1.4459770986e-01
-4.9366516337e-01 -1.7248624448e+00 -3.0272901769e+00
3.0000000000e+00 3.6578317360e-01 2.8736425851e-02
-2.5384865052e+00 1.4883057803e+00 -1.8125050874e-02
9.0305018721e-01 -2.0886551916e+00 -2.2065931039e+00
-2.1554547186e+00 -1.9103913765e+00 3.5471938741e-02
2.8360755240e+00 1.4284293018e+00 1.1779633976e-02
1.2461798427e+00 2.1471896480e+00 9.9625980377e-01
-2.6913324334e+00 -9.6891940217e-01 -3.3655368777e-02
2.6840074240e+00 -3.0000000000e+00 -8.9884319988e-05
9.4940779294e-01 2.3848574175e-01 2.5507018825e+00
2.7489952564e+00 7.4141482287e-01 6.1886893703e-02
-2.7044232233e+00 -4.0057435070e-02 -1.3527226240e-01
-1.6816159975e+00 -9.5998947931e-01 -4.1246335615e-02
-5.0056583691e-01 -1.2243108451e+00 1.1531776769e-01
-1.6881094005e+00 2.4617810101e+00 1.1556509792e-01
-1.2422418456e+00 2.9201891705e+00 8.9062072547e-02
-2.6713393775e+00 1.4505499219e+00 -1.4160219425e-02
-4.3892545559e-01 -2.3869291925e+00 -1.3960385725e+00
1.7358176159e+00 1.8007504633e+00 4.5717772553e-01
-2.7905779976e+00 3.0000000000e+00 1.1193372151e-04
1.3989497802e+00 -1.1894869544e-01 3.4537257668e+00
-1.0628831305e+00 -9.0316946948e-01 1.6685026358e+00
2.6578365055e+00 2.7277608281e+00 8.4961238288e-04
-2.5002326255e+00 -2.2493616839e+00 5.7561370075e-03
5.9410317369e-01 -5.3302647829e-02 7.5220353449e-01
1.4901391080e+00 -2.4444893003e+00 -2.2267196398e-01
1.2704197461e+00 6.7889876439e-01 2.4381965571e+00
2.0967638701e+00 2.6548883990e+00 1.5060654742e-02
-4.8529623343e-01 -3.0000000000e+00 -1.4122505601e-01
2.1782490346e+00 -7.2314671718e-01 5.3371204535e-01
-2.2551052672e+00 3.0000000000e+00 1.7624363528e-03
9.9520842090e-01 -6.1442607089e-01 1.7758052584e+00
1.6652850975e+00 1.5079768660e+00 7.7675428512e-01
6.2816030966e-01 -2.4434275354e+00 -1.4619618381e+00
-2.1501093408e+00 1.8351897887e-01 -9.1704539355e-01
2.6503355015e+00 1.8440302954e+00 1.1702514579e-02
-1.2333666092e+00 2.3501041954e+00 6.1000615078e-01
2.6774599417e+00 -2.6516902942e+00 -3.4044630101e-04
-2.6688619033e-02 3.8140698722e-01 4.7267106692e-01
-2.4393844333e+00 6.2575481137e-01 -2.6707709410e-01
-2.6627965345e+00 1.2704616053e+00 -2.8923418047e-02
2.3536189325e+00 -8.2667924787e-01 2.6255816019e-01
1.8821657789e+00 -2.7943435074e+00 -1.6593692639e-02
1.1961620553e+00 -2.7340048011e+00 -2.0382053869e-01
7.6347459411e-01 2.8742420307e+00 2.8332660887e-01
1.8801385284e+00 -2.3650581527e+00 -6.2993970866e-02
-1.2682138924e-01 -2.3708546742e+00 -2.0965914275e+00
-9.0290221118e-01 -9.0987685722e-01 2.3440132261e+00
1.9815114982e+00 2.9560115407e+00 7.3694632247e-03
-3.0000000000e+00 -1.8318257076e+00 7.2764562754e-04
6.7041194713e-01 7.3703211751e-01 1.4240123064e+00
1.4476143600e+00 -1.0331174772e+00 7.3650247063e-01
-1.3290902761e+00 -2.0521494687e-01 -2.2203890614e+00
1.8303580419e+00 -2.0838557333e+00 -1.3053544815e-01
-1.5273486315e+00 1.8677339621e+00 5.6990949818e-01
1.1373069721e+00 2.8369672760e+00 1.6221225188e-01
1.1456248134e+00 3.0000000000e+00 8.1139632130e-02
-1.4126596383e-01 2.6847902909e+00 1.0126936264e+00
-1.7660825844e+00 1.5309297271e+00 1.2192741710e-01
-2.8533079349e+00 -2.0120119643e+00 1.6430796908e-03
1.4372482794e+00 -2.9663600315e-01 3.1528561195e+00
-1.2736680791e+00 1.9850476642e+00 1.1079864525e+00
2.4178888748e+00 2.7154305729e+00 2.9264476508e-03
-6.1748448612e-01 3.0000000000e+00 2.0468726889e-01
2.4990634819e+00 2.9643568635e+00 7.2240213249e-04
-6.3183662439e-01 1.3561370680e+00 4.7316227121e+00
-1.1658150362e+00 1.8114880130e+00 1.7414375244e+00
1.5357587306e+00 9.2508133068e-02 3.1320209311e+00
2.9917221281e+00 2.4973851586e+00 3.1281492211e-04
-1.9439538661e-02 2.7546255480e+00 8.0300035771e-01
1.6296469311e+00 9.6347226637e-01 1.3432407906e+00
-3.3334499367e-01 -2.3085719720e+00 -1.9823038600e+00
1.1282472012e-01 -2.3183276559e+00 -2.6545337645e+00
-1.5648477751e+00 -8.0762820476e-01 -2.2126842581e-01
1.0939737156e-01 -1.9000539868e-01 9.2767314096e-01
-2.4276314777e+00 -8.3528713711e-01 -1.2230508891e-01
1.4647817715e+00 -3.0504614359e-01 3.0813146717e+00
-6.0405769128e-02 -3.8500623609e-01 2.2129694720e+00
-9.9270044063e-02 -1.8477512250e+00 -5.2665552195e+00
6.0900233523e-01 -1.7022787339e+00 -5.2085306630e+00
-1.9935114657e+00 2.0806802418e+00 7.6357579769e-02
-2.1910099454e+00 -1.7232507573e+00 3.8073955831e-02
-5.7583923721e-02 3.0000000000e+00 2.9889045987e-01
2.0375405216e+00 3.0000000000e+00 4.8764982115e-03
1.3090111335e+00 -1.9700117664e+00 -1.0095369761e+00
2.9691037421e+00 -2.4266670240e+00 -1.5309362312e-05
2.2854528227e+00 -1.4376052479e+00 5.8496552188e-02
8.1711776280e-01 -2.7778823572e+00 -3.7479191342e-01
-6.0899094024e-01 -2.2506170864e+00 -1.4000331291e+00
1.6122271030e+00 -4.8395434135e-01 2.3229137845e+00
6.7063387974e-02 -3.0000000000e+00 -2.5095981726e-01
3.1043786134e-01 -2.7136939857e+00 -7.7825086571e-01
-2.5326833606e+00 -1.3827498582e+00 -2.0708471674e-03
-1.8129153680e+00 5.4287728472e-01 -1.5907322180e+00
1.5877205903e+00 3.3397475979e-02 2.9872150036e+00
-4.2178171715e-01 -1.4672825494e+00 -2.5499201902e+00
1.7217646512e+00 -1.7123450998e+00 -2.2530257113e-01
-2.4680845488e+00 -1.4219832230e+00 2.2402229166e-03
7.4434575042e-01 -2.7317538363e+00 -4.9548906688e-01
4.7916161402e-01 5.8571679782e-01 4.9460025055e-01
8.1821942542e-01 -8.1211153495e-01 1.2445948604e-01
9.1433522579e-01 -1.9799410244e-01 2.4191859470e+00
1.8471220283e+00 -1.7975392378e+00 -1.2966098496e-01
-1.0289401157e+00 -4.4823133568e-01 3.2870370616e-01
-6.8754839159e-01 -2.9201330873e+00 -1.2896329492e-01
-2.9149790961e+00 -1.9107145200e+00 1.2414059864e-03
-2.0448007597e+00 1.8958594797e+00 6.5682418939e-02
2.6687828054e+00 -1.1895315365e+00 3.8044709673e-02
2.8179174861e+00 -1.4106431744e-01 7.7803940559e-02
1.2775248531e+00 1.6083169789e+00 1.8528726123e+00
-3.2199958037e-01 4.9083749651e-01 7.6818197265e-01
-2.2790076308e+00 1.1037679238e+00 -1.7698183181e-01
-1.3788993917e+00 8.0756886907e-01 -1.6118775962e+00
-1.3154162377e+00 1.0532749412e+00 -4.7630072310e-01
-5.0900046289e-01 -2.6597671283e+00 -5.3465782595e-01
1.1953108643e+00 -8.1987458307e-01 1.3688202690e+00
-2.3353349712e+00 -3.0055049628e-01 -4.4349744226e-01
-2.4872207814e+00 -2.6512620973e+00 2.2211209812e-03
1.6068013567e+00 -1.8568469880e+00 -3.9897954078e-01
-1.9382233610e+00 1.0276594535e+00 -5.0515809790e-01
7.8870510068e-01 -1.0315112108e-02 1.8002352361e+00
2.8733854033e+00 -1.3616201506e+00 9.9069400107e-03
1.5266856515e+00 5.3098392720e-01 2.4239013539e+00
-1.9780975969e+00 1.7649136836e+00 8.1309346991e-02
4.9955568925e-02 4.7392604501e-01 3.3110722220e-01
-1.3120679682e+00 -3.0000000000e+00 -1.5788904551e-03
1.9263355821e+00 2.7748791502e+00 1.8971508553e-02
-3.0000000000e+00 -1.4628631560e+00 -7.4308887371e-04
-2.3831418325e+00 -2.5461524366e+00 4.3930119000e-03
-2.8882967491e+00 -5.8807929125e-01 -3.7315178694e-02
4.9443822504e-01 -1.0508412373e+00 -2.6819503618e+00
1.6781068948e-02 2.3662441460e+00 2.7442820539e+00
9.7735829587e-01 5.7775947105e-01 2.2064647682e+00
1.5138787430e+00 -3.9826362523e-01 2.7781117050e+00
-2.0865388215e+00 -1.3511171613e+00 3.5521867080e-02
2.9674326379e-01 -2.5361501741e+00 -1.4183302805e+00
-2.0632128097e+00 2.0280433041e+00 5.8392747748e-02
-1.1304496240e+00 3.0000000000e+00 8.3094363275e-02
8.3353138371e-01 5.1743981574e-01 1.7120960680e+00
2.8848338138e+00 -4.9518630420e-01 4.6515570245e-02
5.6471749623e-01 -1.1386316524e+00 -3.2741077164e+00
-2.5022236614e+00 2.4649836934e+00 3.2460147789e-03
-7.0662632119e-03 1.3000774667e+00 6.8463966763e+00
-2.1689902954e+00 2.3630111973e+00 2.1429619128e-02
-2.2805951906e-01 -2.0643680594e+00 -3.6328457277e+00
2.1706389030e+00 1.5818840914e+00 1.4506413117e-01
-1.5350522692e+00 -2.8000193084e+00 6.0143673247e-03
5.5382072769e-01 4.3237498176e-01 4.8474314625e-01
7.5180835089e-01 -8.2234803415e-02 1.5795281542e+00
7.9696562412e-01 -8.5670144124e-01 -2.3379324074e-01
1.7635537456e+00 -4.1408023525e-02 2.3157490096e+00
2.9396517613e+00 4.3372732407e-01 3.6588787409e-02
-6.4100128522e-01 2.4953620321e+00 1.2651683817e+00
-5.5902128641e-01 -2.0689964135e+00 -2.1455808008e+00
-7.6045016126e-01 -4.3055577368e-01 2.0996417576e+00
1.2626218808e+00 -1.6164017715e+00 -1.3524402713e+00
2.4582498911e+00 1.1854665392e-01 3.4062787099e-01
2.4853380460e+00 4.8326110777e-01 2.4620821990e-01
1.7890199252e+00 -6.5012950697e-03 2.2149913137e+00
3.8219679641e-01 2.6502246163e+00 1.0058595470e+00
2.5281653477e+00 -2.6889042622e+00 -8.3868123828e-04
3.0000000000e+00 2.2894014210e+00 5.8331208272e-04
1.4454697009e+00 5.3235784686e-01 2.5921590190e+00
-2.2693804674e+00 1.1743779945e+00 -1.4651632937e-01
-2.1155722792e+00 -2.4222577758e+00 1.3795952592e-02
1.5358330972e+00 -3.0000000000e+00 -2.6471610403e-02
-1.9828047612e+00 3.0000000000e+00 5.6872499968e-03
1.9588129006e-01 -2.8851584218e+00 -4.1339527501e-01
2.5163253995e+00 1.2047268940e-01 2.7398531276e-01
-2.8703581514e+00 3.0000000000e+00 7.0452413119e-05
-8.3017961650e-01 -5.7970715902e-01 2.3043964966e+00
-1.1051410901e+00 2.3274993619e+00 8.7783887949e-01
1.6295873231e-01 -1.9251351291e+00 -5.4664057151e+00
-1.4182015554e+00 1.9667763525e-01 -3.0152026783e+00
-1.5143979139e+00 3.0544622705e-01 -2.7968690675e+00
2.2849947130e+00 7.6940161657e-01 3.5203705041e-01
-1.9722420391e+00 1.7860548373e+00 8.6658253014e-02
2.8306997761e+00 -2.2983242584e+00 -8.9840787858e-05
2.7018031427e-02 -3.0000000000e+00 -2.4770800757e-01
-2.4652927719e+00 -2.9666800422e+00 8.7773573465e-04
2.3847754448e-01 1.0693966914e+00 4.1075103603e+00
-1.1433223589e+00 -2.9465348941e+00 -1.8217653529e-02
1.0475134928e+00 -6.9862986594e-02 3.1178801310e+00
-1.0912283642e+00 -1.8930790094e+00 -3.5666792792e-01
-7.4384756112e-01 -2.1307365261e+00 -1.2542267148e+00
-2.2698657950e+00 8.8556594468e-01 -3.0754849098e-01
2.3025472129e-01 -2.1253071946e+00 -4.0207960981e+00
-1.5229668493e+00 2.3209499326e+00 2.8742130954e-01
2.5310415241e+00 -4.1630635703e-01 2.2620239313e-01
-3.7246633370e-02 2.5384725309e+00 1.6738385759e+00
-3.0000000000e+00 -7.4184355633e-01 -1.6930293351e-02
2.8135571348e+00 7.7145287515e-01 4.4384273574e-02
9.0893203502e-01 6.8830458081e-01 1.9674692230e+00
1.3221407287e+00 -1.3618531011e-01 3.5222853008e+00
-1.5471720760e+00 1.8570683258e+00 5.3507606489e-01
3.0000000000e+00 -2.9351428067e+00 -7.8365289224e-06
-1.2762330218e+00 5.8509708552e-02 -2.8781664071e+00
1.5783298925e+00 1.5623684120e+00 9.3215947242e-01
2.9382471676e+00 2.0324688902e+00 1.7016126460e-03
-1.1566632452e+00 -2.4791312467e+00 -1.2374788366e-01
-9.2133135413e-01 -2.8010984438e+00 -1.0497263976e-01
2.0577275184e+00 -1.3788446154e+00 1.1394216642e-01
8.9746359077e-01 1.3925538984e-01 2.3767458840e+00
1.7466379321e+00 1.9187972075e+00 3.6925718846e-01
-7.1226415908e-01 2.6621728669e+00 6.7153134112e-01
2.3918664837e+00 1.0516202226e+00 1.5739825039e-01
6.7818592964e-01 2.7714559971e+00 4.7692463124e-01
1.7420069148e-01 1.1789281514e+00 5.4284382042e+00
-1.5772457316e+00 1.1760831582e+00 -3.2842395589e-01
-1.9361835829e+00 6.6678073110e-01 -1.0683948680e+00
2.5006307206e+00 -1.2406747747e+00 6.2624081158e-02
-1.1803617755e+00 1.3205213133e+00 1.0915163935e+00
2.2326488996e+00 -2.9375460591e+00 -1.8148517522e-03
-4.6067340520e-01 2.1588644907e+00 3.5854024845e+00
-2.3904298892e+00 -2.1814887765e+00 1.0050518410e-02
-1.8923724316e+00 2.9533251201e+00 9.8792868211e-03
-6.2289432760e-01 7.9403417317e-01 7.7757219081e-01
-2.2682008901e+00 -1.1656326691e-01 -6.2529425035e-01
3.4064825232e-01 -2.8236451027e+00 -5.0921341602e-01
2.0498158868e+00 2.8031559339e+00 1.0495520241e-02
-2.1480711319e+00 -2.9839522203e+00 2.4280953564e-03
1.5141585453e+00 3.0000000000e+00 3.0682086967e-02
-1.3330220829e+00 1.7692694200e+00 1.1145096008e+00
1.4111648121e+00 -5.3928764449e-01 2.5886520312e+00
2.9308670658e+00 -1.8647786899e+00 1.1017996816e-03
-8.5267160056e-03 2.6983950966e+00 9.8451170481e-01
-1.4580648063e+00 2.8234584674e+00 7.2619886662e-02
1.4860787713e-01 6.0764182167e-01 4.8021567469e-01
6.6369167295e-01 3.6298451372e-01 9.5189394482e-01
-7.7304249983e-01 -1.3417569233e+00 3.3125477626e-01
-1.7650107063e+00 5.7408847543e-01 -1.6701353693e+00
5.6422031555e-01 -4.6902397704e-02 6.2287426463e-01
-1.2658432438e+00 -2.3051705062e+00 -9.9801401509e-02
1.7419681075e+00 4.2802129883e-01 1.9933630239e+00
-3.0000000000e+00 2.2277712774e+00 2.0317613300e-04
1.8206625206e+00 -4.1741970245e-01 1.7796791864e+00
-1.6391689269e+00 2.8218305883e+00 4.1378965974e-02
-8.2629307281e-01 -2.5019206841e+00 -4.2168405362e-01
-2.6251376253e+00 7.7334761685e-01 -1.0798038672e-01
-2.9077431671e+00 1.0449291507e+00 -1.9044093220e-02
1.9580335152e+00 1.0506552476e+00 6.0287915766e-01
6.8632841113e-01 -2.6023146426e+00 -8.3797661698e-01
2.2911027677e+00 1.1889348583e+00 1.7837224803e-01
7.8790547326e-01 2.9492328398e-02 1.7920839077e+00
-2.9546938422e+00 1.2101346105e+00 -1.0080227721e-02
8.9654919131e-01 2.7788688452e+00 3.2960563547e-01
2.1691071599e+00 5.6187349516e-01 6.5183863636e-01
2.7493182134e+00 -1.1659005857e+00 2.8871462500e-02
-2.5209047635e+00 -2.1911756482e+00 5.9378365140e-03
1.1644997444e+00 1.8047069652e+00 2.0328806014e+00
-1.1449372093e+00 -2.4415600291e+00 -1.4664986145e-01
-6.4914455299e-01 -1.3154371964e+00 4.7209835156e-02
1.1819914902e+00 -2.9178006104e+00 -1.0366302739e-01
-7.8742820765e-01 1.7182876041e+00 4.1003304927e+00
3.0000000000e+00 -1.6333769464e+00 2.2567993096e-03
2.0888771917e+00 -6.1698813341e-01 7.8820983147e-01
1.8678943928e+00 -1.7373301771e+00 -1.0447336393e-01
2.9622193202e+00 2.5663503385e+00 2.9153661892e-04
-2.4205899435e+00 -1.8432700106e+00 1.4318949205e-02
-2.9571148672e+00 4.5599021403e-01 -3.7652729050e-02
-1.8459875327e+00 -2.6471444892e+00 1.2490660968e-02
3.0000000000e+00 -9.1781576884e-01 1.5156460805e-02
1.7369953719e+00 3.0000000000e+00 1.4972051907e-02
2.5190635713e+00 2.0434626269e-01 2.6333535326e-01
-8.0178942797e-01 1.5478152026e+00 4.0639593418e+00
-7.0997686820e-01 -9.0913853773e-02 7.2154966281e-01
2.5104592376e+00 2.7647664929e+00 1.5517595078e-03
-2.3172382965e-01 8.6475240605e-01 2.3674754905e+00
-2.7441745343e+00 -2.4534303934e+00 1.2681393325e-03
2.4761151144e+00 2.0665219137e+00 1.5913416655e-02
-2.8402778088e+00 8.0934838203e-01 -4.1170243611e-02
-1.9292021529e+00 6.5589987124e-01 -1.1011173152e+00
-8.6928653213e-01 3.0000000000e+00 1.4053677919e-01
-3.0000000000e+00 1.1205228804e+00 -1.0334837707e-02
5.7843459903e-01 -1.5843200971e+00 -5.4907035278e+00
1.1435763397e+00 -8.5860489514e-01 1.0501034775e+00
2.3847699426e+00 -8.9070516892e-02 4.4850541061e-01
5.6108063907e-01 2.2902192806e+00 2.4275175264e+00
-9.0064725233e-01 -1.3527976244e+00 5.7745816589e-01
-9.4364613614e-01 2.6701034440e+00 4.4390428099e-01
2.3584998460e+00 -2.5276780151e+00 -3.7779019089e-03
-5.7868413395e-02 2.1025892091e+00 4.9243358236e+00
-2.9017509941e+00 -1.6992546667e+00 1.0049151720e-03
1.2425446302e+00 -6.4137246255e-01 2.2413952501e+00
1.1058473021e+00 -1.7886210140e+00 -2.0574384574e+00
4.6221629863e-02 -1.7489417867e+00 -6.1207107432e+00
2.2031685594e+00 2.7173270396e+00 7.6728497219e-03
1.3753050075e+00 -2.9756682331e+00 -4.8443521991e-02
-2.4863056055e+00 1.3267904214e+00 -4.4209339503e-02
2.1668338093e+00 2.2979098463e-01 8.5267825837e-01
5.4960073739e-01 -1.2800836137e+00 -4.4452513693e+00
-7.5069517043e-01 -5.1380516952e-01 2.5417343763e+00
2.0267724338e+00 -1.7189121206e+00 -2.9686023161e-02
-9.6509296204e-01 -2.3667761818e+00 -3.8691339459e-01
-1.8826319837e+00 -5.5782376681e-01 -8.6369846239e-01
8.3355160919e-02 -3.2357962845e-01 1.3156764566e+00
-1.2005118455e+00 2.4543111792e+00 5.0085829559e-01
2.0218840132e+00 9.7481473838e-01 5.6791921926e-01
-2.3104571705e+00 2.0305421815e+00 1.6667738622e-02
-2.8127309497e+00 3.0000000000e+00 9.8566540887e-05
-5.4614034733e-01 2.2814994258e+00 2.5138727318e+00
1.2043918106e+00 2.9281010803e-01 3.2486904089e+00
-1.9066343174e+00 -7.9781908410e-01 -3.9503016458e-01
1.2582109203e-01 -1.4840862374e-01 7.7706808347e-01
-3.8105346660e-01 1.4103936030e+00 6.6114051220e+00
-2.9289256637e+00 1.8660797741e+00 -3.5630086342e-04
2.3263480545e-01 -2.4816169024e+00 -1.7007713582e+00
-2.4163444765e+00 1.7543491514e+00 2.0016592748e-03
-1.6231074720e+00 -1.8282538789e+00 1.1959839554e-01
2.0427002362e-01 5.0391129698e-01 1.3034477369e-01
2.0151886787e+00 1.0351768847e+00 5.3014324817e-01
1.6155197048e+00 -9.1862675333e-01 1.1072668948e+00
-2.2028582598e+00 -1.5527695780e+00 3.4960224476e-02
-1.3364509343e+00 -2.9050883547e+00 -2.9640713731e-03
9.4049913132e-01 -4.4351624895e-01 2.1222934547e+00
-3.0000000000e+00 -2.3623283748e-01 -3.3280924713e-02
-1.8012427498e+00 -5.9440436283e-01 -8.6661356439e-01
-1.9461458004e+00 -1.1256557808e+00 -1.8480616611e-02
6.6621006361e-01 2.6956074490e+00 6.3870410961e-01
-1.0265042712e-01 -5.8475618357e-01 2.5878961091e+00
7.8991794433e-01 -1.3820999193e+00 -3.6755897374e+00
2.8139737263e+00 2.3376152969e+00 1.4106531545e-03
-2.3389901831e-01 -2.7550368952e+00 -5.6063979903e-01
-2.9399411700e+00 -2.2161090827e+00 7.9784366200e-04
-1.4297399343e+00 -2.0961048053e+00 -3.2342305040e-03
2.1548328825e+00 1.5290367604e+00 1.6667803100e-01
2.6747481248e+00 -1.5379427493e+00 1.2261574240e-02
-1.1247876242e+00 -2.2432268861e+00 -2.5536973594e-01
2.1535422066e+00 -2.3966409452e+00 -1.6052764072e-02
6.7023673503e-01 -1.3963272939e+00 -4.4937472694e+00
-2.0947113252e+00 1.2422149749e+00 -1.7358339745e-01
-2.1630524581e+00 -2.8783727048e+00 3.3063146270e-03
1.1506558333e+00 -2.3562877341e+00 -7.3348716314e-01
8.0112332680e-01 7.2078628578e-01 1.7126384112e+00
1.3143322883e+00 2.8481458388e+00 1.0098053179e-01
8.9808471784e-01 -1.7357003934e+00 -3.3299007999e+00
-1.7703919979e+00 -1.8229653645e+00 1.0522340620e-01
-8.6315196586e-01 7.7653513398e-01 -4.5698342985e-01
2.2702492242e+00 2.4392648801e+00 1.4690778186e-02
4.9345917353e-01 1.4072897281e+00 5.9913090577e+00
-1.4715630345e+00 2.7856156980e+00 8.0538931184e-02
-8.8801117074e-01 -9.4140694360e-01 2.3435404212e+00
2.4177867041e+00 -2.5204636266e+00 -2.7090736904e-03
-2.6011560223e+00 -2.0304903108e+00 5.4563330985e-03
6.8134789529e-01 3.1117866466e-01 1.0603397852e+00
9.3461183467e-01 -2.1897328556e+00 -1.7155817394e+00
-1.0595537718e+00 -8.0061060741e-02 -1.7144705977e+00
-1.3663553434e+00 2.6223517397e+00 1.9383011557e-01
1.9156932200e+00 -2.9651981958e+00 -7.2660787850e-03
5.1588766581e-01 -3.0000000000e+00 -2.1991536820e-01
-7.9162692814e-01 -2.7521617409e+00 -1.9543492593e-01
-2.0786731706e-01 -1.4671716358e-01 2.1545572810e+00
-3.9368441469e-01 -1.6585189264e+00 -3.6362293206e+00
-6.6517214041e-01 1.3214455740e+00 4.3073192526e+00
9.0724872656e-01 2.4531261511e+00 9.5580036781e-01
2.2726078144e+00 -1.3024530545e+00 1.0428057468e-01
1.4814328250e+00 1.9961386495e+00 7.1790716242e-01
1.2424005577e+00 -1.5176523951e+00 -1.3337970862e+00
1.1309141133e+00 -1.8299081844e+00 -1.8800974218e+00
-2.7203228660e+00 -1.1997943418e+00 -1.1690199089e-02
-6.0734167412e-01 -1.7767499340e+00 -2.3218752036e+00
-6.8035540926e-01 -2.8888370533e+00 -1.5063548023e-01
-3.4277897682e-01 -2.0109421587e+00 -3.3940072897e+00
-2.1712766012e+00 2.4986936560e+00 1.5096511674e-02
4.6777456278e-01 -1.1931253709e+00 -4.0135905292e+00
-2.2588916985e+00 -5.9917557405e-01 -3.5630974832e-01
-1.3700161326e+00 8.3415690548e-01 -1.5009946957e+00
-1.3304701751e+00 -1.0207816974e+00 7.4740513112e-01
-1.0134544643e+00 -1.2427220915e+00 1.1285049937e+00
2.2780659755e+00 -3.5097187510e-01 5.7783467933e-01
2.4612266744e+00 2.8662432915e+00 1.3155398711e-03
-1.1780617166e-01 -1.4224069570e+00 -4.4918840792e+00
2.4280212266e+00 -2.1579540321e+00 -4.2124999779e-03
-2.1139817733e+00 2.9077418153e-01 -9.7566265696e-01
2.7494059193e+00 -2.0284445409e+00 4.6083766079e-04
1.5242595250e+00 2.3689904301e+00 2.7856079016e-01
2.3590563499e+00 6.0640911050e-01 3.3928605140e-01
1.5143659971e-01 4.8488609696e-01 1.6272586562e-01
2.7987108048e+00 -3.3491695517e-01 7.8174605048e-02
-2.9037924506e+00 -2.8300623375e+00 1.9796430693e-04
-2.8555171709e+00 4.6088531231e-01 -5.9870369274e-02
-2.5114127508e+00 2.1361980826e+00 5.1904856369e-03
2.9174906030e+00 1.4764489010e+00 7.1126772686e-03
-3.0000000000e+00 8.4288262317e-01 -1.8554421168e-02
-2.1982457757e+00 1.5892663636e+00 -6.3263450643e-03
4.4761820500e-01 -1.8435005367e+00 -5.4579706425e+00
2.3108163520e-01 -4.0895020788e-01 7.6032010218e-01
-1.8422874307e+00 1.7229635635e+00 1.5246660616e-01
7.7112712191e-02 7.0598938784e-02 5.5538436532e-01
-8.3508658586e-01 -1.7582644416e-01 2.2982428197e-01
2.0368527940e+00 -1.6722350069e-01 1.2598863629e+00
1.5927123499e+00 2.8129876874e+00 5.2083695685e-02
-9.1016281435e-01 2.2674920838e+00 1.5147491118e+00
1.6865237033e+00 -7.2668633433e-01 1.5366389292e+00
1.4050164062e+00 2.7550281358e+00 1.1316034384e-01
-1.7283874894e-01 2.7960528109e+00 6.6758943235e-01
-2.5757328468e-01 1.7033634445e+00 7.3830728692e+00
-9.7520927545e-02 1.2095534335e+00 5.9731975150e+00
1.7593816959e+00 2.0898960516e+00 2.5803198724e-01
3.0000000000e+00 7.9502981984e-01 1.7583376670e-02
3.0000000000e+00 -2.3024115183e+00 3.5865552026e-05
1.1332386457e+00 3.0000000000e+00 8.3446891808e-02
-2.4605552301e-01 2.9351320022e+00 3.7190073419e-01
-2.4825881841e+00 -5.8998525164e-01 -1.8250487109e-01
1.4822443418e+00 -1.0723828846e-01 3.2862124519e+00
-1.2980990245e+00 -2.7407764473e+00 -1.6960534843e-02
-1.9126067386e+00 2.4888089730e+00 4.6482525986e-02
2.8035001615e+00 5.2409112625e-02 8.3910410218e-02
2.8525723708e+00 2.5379911330e+00 5.9654792908e-04
-9.1074510272e-01 2.2608091004e+00 1.5365032938e+00
3.2094106780e-02 2.6943732293e+00 9.9761621550e-01
1.2042629389e+00 -7.2534962929e-01 1.8338080795e+00
4.8289193851e-03 5.4480021908e-01 5.3245748263e-01
-5.6475853863e-01 1.0792149274e+00 3.1528083530e+00
-2.8289273238e+00 2.9840326599e+00 9.5847746260e-05
7.4896641184e-02 -2.1617350972e+00 -3.7262914496e+00
-1.3632820455e+00 -1.0584469930e+00 6.8265369009e-01
1.7810885354e+00 -4.7325227467e-01 1.8234417613e+00
-2.3749926914e+00 5.0052937741e-01 -3.8266798324e-01
-1.7363508843e+00 1.9242846070e+00 2.5537537348e-01
2.0166610884e+00 2.2167464690e+00 7.7144368957e-02
7.5929947179e-01 8.1668296498e-01 1.8679761416e+00
1.9532302942e-01 1.7309516131e+00 7.4571260372e+00
2.7607870273e+00 -2.2620395527e+00 -2.1080973478e-04
-1.1088594746e-01 -1.1623835794e+00 -1.8518333754e+00
2.0909817714e+00 -9.9527555591e-01 4.0825259747e-01
-9.7139695953e-01 -2.5328642030e+00 -2.3608511880e-01
2.1757129386e+00 1.7218406474e+00 1.1339550281e-01
1.4953275884e+00 1.8644454069e+00 8.4534930365e-01
1.1786840910e+00 -2.4423025831e+00 -5.4413288002e-01
-1.1610808895e+00 2.8023534241e+00 1.7292937568e-01
1.5993740688e+00 -1.8361806260e+00 -4.1336071604e-01
2.0158363220e+00 -9.6767220122e-01 5.2075046918e-01
1.4333530501e+00 4.3438107495e-01 2.8457220319e+00
-1.5269992518e+00 -1.8184525060e+00 1.1966251748e-01
2.9419723048e+00 1.1149937219e+00 1.3389281780e-02
4.2865855820e-02 2.8229447930e+00 6.1910839555e-01
1.9004365721e+00 2.4526189773e+00 6.2780229426e-02
1.7755920940e-01 -1.0728325384e+00 -2.5183951173e+00
2.2107355548e+00 -1.1365822563e+00 2.0797128829e-01
2.7170253546e+00 -5.5905394798e-01 9.3111506174e-02
1.5650251645e-01 1.2358786564e-01 2.3949328212e-01
3.1866564573e-01 2.3634224985e+00 2.4975692005e+00
-3.0000000000e+00 -3.0000000000e+00 6.6712802967e-05
1.0741770670e+00 -5.6827238419e-01 2.2056146315e+00
-1.7916159787e+00 2.7920298461e-01 -1.9937002683e+00
-2.1412189655e+00 -7.4425111891e-01 -3.3317023171e-01
-2.8494313583e+00 1.8017910507e+00 -8.3323569455e-04
1.6791112437e+00 -1.9073224220e+00 -2.9082323093e-01
-2.4118510075e+00 -1.2528037910e+00 -1.4994567782e-02
-1.4220617219e-02 -2.5488601698e+00 -1.3423973345e+00
1.2597428985e+00 -2.4659304771e+00 -4.1342452528e-01
1.0503368027e+00 -1.3882266656e+00 -2.0305161076e+00
-1.5060896745e+00 2.6369171524e+00 1.2273651219e-01
-1.1743268133e+00 -6.4544579971e-01 4.5181991637e-01
1.8901039108e-01 5.2146348476e-01 1.8149461275e-01
-2.0310855974e+00 -2.5509023041e+00 1.2040573451e-02
1.5857732732e-01 -2.6607558079e+00 -9.6408551881e-01
-5.3398319065e-01 1.7582144258e-01 7.4165969873e-01
2.9972512943e-01 -1.8179184936e+00 -5.9862757174e+00
3.0000000000e+00 2.1268149859e+00 9.3648818175e-04
-1.3065850819e+00 -7.8601889787e-01 3.8285542147e-01
1.5685394065e+00 -9.7667614973e-01 9.5671647597e-01
-2.2383689336e+00 -1.3418719828e+00 8.2362137542e-03
-1.0516422659e+00 2.4119700081e-01 -2.3902330853e+00
2.6975372190e+00 2.0494030858e+00 5.7281894973e-03
1.0975618012e+00 2.1237818193e+00 1.4603202429e+00
2.8348476903e+00 1.0466581777e+00 2.5436844856e-02
6.7884639398e-01 -2.8136052988e+00 -3.9796327039e-01
-1.8400527621e+00 7.9828180864e-01 -1.0459300295e+00
-2.3199532585e+00 4.4591708907e-01 -4.8148075590e-01
-2.2770578798e+00 7.5152283362e-01 -3.8243098717e-01
2.9112679885e+00 2.2485522981e+00 1.0837325726e-03
2.8973379785e+00 1.0128925869e+00 2.0148292138e-02
-6.2704322379e-03 -1.3776364367e+00 -4.8201493692e+00
5.3501158811e-01 7.2710266454e-01 1.1099298867e+00
4.8764757021e-01 2.6365893832e+00 9.6148320068e-01
1.9346526917e+00 -3.0000000000e+00 -5.7657557410e-03
-2.6635941428e+00 2.6873419152e+00 7.2269284334e-04
1.5183777819e+00 2.4663354256e+00 2.1489608332e-01
-1.5692498356e+00 3.7074061841e-01 -2.5842268723e+00
1.8673721917e+00 5.7707783426e-01 1.3655491044e+00
1.7988931706e+00 1.2513206432e+00 7.0111637086e-01
-1.9204711298e+00 -4.9220401936e-01 -9.3848282035e-01
-2.1485099755e+00 -1.2197858434e+00 -1.2124426348e-02
8.3893987862e-01 1.6982325732e+00 4.0230710500e+00
-3.0842618051e-01 2.7474190986e+00 7.5015375261e-01
-1.5438360533e+00 1.6317747444e+00 5.1195660702e-01
2.3811049887e+00 2.3862938992e+00 1.0491529346e-02
3.0000000000e+00 -1.5873985687e+00 2.6696084461e-03
-8.4055805986e-01 2.6034719171e+00 6.6905370676e-01
2.0337987311e+00 2.0267755035e+00 1.1091757589e-01
6.2917573514e-01 8.1563601344e-02 8.8690038570e-01
2.8419331222e+00 2.3056657156e+00 1.3362337550e-03
2.1615217952e+00 8.4503846343e-02 9.0924852919e-01
-6.9956865158e-01 2.6490212649e-02 3.0752340544e-01
1.8926176809e+00 5.2029332651e-01 1.3730237571e+00
2.3467269247e+00 1.2134202033e+00 1.4056756041e-01
-7.0406743145e-01 -1.6931320381e+00 -1.6288138145e+00
4.8691013913e-01 -3.0000000000e+00 -2.2516281543e-01
-3.0000000000e+00 -2.1056105967e+00 6.7904339889e-04
-2.1039062040e+00 -5.8879472938e-01 -5.3556669712e-01
-1.0052377466e+00 -2.7302056953e-02 -1.5919635323e+00
-3.0000000000e+00 -6.2096134565e-01 -2.1254459613e-02
-2.5741679272e+00 7.5981265375e-01 -1.3457733589e-01
-2.2175909751e+00 9.8655363714e-01 -2.8756483149e-01
-1.6375166510e+00 -3.9292177948e-01 -1.5913559493e+00
1.3614166160e+00 -2.4055127806e+00 -3.6796682247e-01
-2.6146781746e+00 2.5742486598e+00 1.3285174428e-03
1.1084043535e+00 2.6136409304e+00 3.8903752448e-01
8.4425885559e-01 1.5709965451e+00 4.1552161205e+00
-2.9290063567e+00 -2.0025475051e+00 1.1061834102e-03
-1.5450308465e+00 1.0557403818e+00 -6.7845985950e-01
-5.1112195167e-01 2.4185082557e+00 1.8351854235e+00
-2.4366922197e-01 1.8384469271e+00 6.7450934957e+00
1.3112523301e+00 -2.2727619188e-01 3.4161313811e+00
2.8552736967e+00 -1.2935714016e+00 1.3040316478e-02
4.0538946884e-01 9.1838648924e-01 2.3348538938e+00
-1.2558278325e+00 2.1714146424e+00 8.5877955578e-01
9.4225695239e-01 6.7466467590e-01 2.0522671459e+00
-1.0435173853e+00 1.9899902029e+00 1.9368917882e+00
1.6785060825e+00 -4.9372181549e-01 2.1074950401e+00
-2.8418656205e+00 -6.7520632814e-01 -3.9098671692e-02
-1.1263723558e+00 -1.0018958294e+00 1.4131035543e+00
-2.0652279913e-01 -2.2549580314e+00 -2.5910502948e+00
3.5457551977e-01 -2.6605028139e+00 -9.2149842772e-01
-3.0000000000e+00 2.0584642413e+00 1.0056146419e-04
-3.0000000000e+00 -1.7379784367e-01 -3.4541333774e-02
2.2140824321e+00 9.6633196484e-01 3.2935845780e-01
1.6207527078e+00 2.8634470833e+00 3.9037670081e-02
3.9027307731e-01 2.7453839565e+00 7.1361574691e-01
-1.3407174333e+00 4.1796648527e-01 -2.8470597609e+00
1.9450777707e+00 -2.3716838220e+00 -4.6562466285e-02
5.1353207363e-01 -2.0939033977e+00 -3.6883033839e+00
2.7340738405e-01 5.2238714805e-01 1.2753772951e-01
-1.7009676309e-02 -4.4785280684e-01 2.0635067863e+00
-4.3417120171e-01 -2.7121841446e+00 -5.0407333759e-01
3.1276497844e-01 -2.4733316784e-01 3.9269721810e-01
-1.8034396817e+00 -2.1352362757e+00 4.7484784432e-02
-2.6750530648e+00 2.8465816953e+00 3.9129053803e-04
4.9526319089e-01 -2.7182874128e+00 -6.8633876659e-01
-2.4565228796e+00 2.0068918509e+00 7.0730954526e-03
-2.4224816724e-01 -3.1860955121e-01 2.8382651207e+00
2.4182065339e+00 -1.8520599895e+00 8.2418965715e-04
-2.8210362732e+00 -1.4047032546e+00 -1.9767990297e-03
1.3671697602e+00 2.7271301104e+00 1.3910205181e-01
-1.0336674563e+00 1.0527023033e+00 4.0123123158e-01
6.4405558974e-01 9.1102323531e-01 2.2026059752e+00
-5.9571727755e-01 -2.7259544657e+00 -3.5377599845e-01
-1.3553586730e+00 -1.6013303375e+00 2.6092195403e-01
1.1719495455e+00 1.9316183660e+00 1.7153174871e+00
-2.5407673617e-01 2.9731532160e+00 3.1555187024e-01
-2.8933384188e+00 -7.5423222113e-01 -2.6623267824e-02
-1.4315064427e-01 -1.6554833197e+00 -5.3558587239e+00
-1.4079701514e+00 2.3534909196e-01 -3.0156304730e+00
1.6578444876e+00 7.4026323113e-01 1.6499885423e+00
-2.5567698088e+00 2.8001734457e+00 8.7698656863e-04
5.1951330384e-01 9.7619287356e-01 2.7145426460e+00
-3.8791246891e-01 -2.4720681162e+00 -1.1924568605e+00
1.7900961517e+00 1.5348084005e-01 2.1517447322e+00
-2.6587119457e+00 1.6290881541e+00 -5.5301362013e-03
-1.7860866198e-02 -1.7844414021e-01 1.4918084329e+00
-2.6709910251e+00 2.2738522703e+00 1.7996453453e-03
-2.4646767345e+00 -5.1662728440e-01 -2.2000056018e-01
-1.9308343231e+00 -1.9729002227e+00 5.7579450073e-02
5.5473180127e-01 -7.9729571457e-01 -6.1769715789e-01
-2.5434484019e+00 1.5666158394e+00 -1.1236090893e-02
-2.4523884849e+00 2.6172620851e+00 2.7676668301e-03
-2.0656652954e+00 -2.2940189915e+00 2.1269436397e-02
1.1044410223e+00 -2.7112999238e+00 -2.7505184806e-01
-1.3530731945e+00 -2.0230968735e+00 -3.5846682098e-02
-6.8038436266e-01 -1.6997326576e+00 -1.7791504276e+00
2.4678321067e+00 2.8115077859e+00 1.5899115895e-03
1.2017499926e-01 1.1282296957e+00 4.9819952021e+00
1.3869364768e+00 -1.6743032465e+00 -9.1172935240e-01
3.7391707849e-01 1.3385489372e+00 6.1908676946e+00
-3.9395004791e-01 1.4231867046e+00 6.5992618232e+00
2.5337580363e-01 1.8913231610e+00 6.3344009604e+00
2.7621546553e+00 -1.4678105472e+00 1.1361048359e-02
1.2681249466e+00 6.5292698347e-01 2.4915310187e+00
-1.7254100255e+00 1.9171149803e-01 -2.2682499555e+00
1.0350166171e+00 -2.4597715899e+00 -7.1959737640e-01
1.2576462317e+00 1.7111210258e-01 3.4787549603e+00
1.2239544550e+00 -1.5367464343e+00 -1.4464446409e+00
-1.2290343859e+00 -6.2830686109e-01 1.1126780431e-01
-7.8347808735e-01 7.7916481359e-01 -6.4685058502e-02
1.9215955710e+00 1.4684146854e+00 3.9050870088e-01
-6.6768254856e-01 -1.2418446473e+00 7.0482026096e-01
2.7515137228e+00 1.0183151253e+00 3.9129405969e-02
-2.4435960702e+00 -1.6885660032e+00 1.3077748299e-02
-6.7694758316e-01 2.1680622959e-01 -1.2471777891e-01
-1.5098070616e+00 -2.5951658612e+00 4.5046369455e-03
2.2097786199e+00 -2.6913156196e+00 -5.1823947797e-03
-1.1886505004e+00 -8.7796610409e-01 1.0866349952e+00
1.7103723821e+00 -2.9835408121e+00 -1.5341836883e-02
1.3668038743e+00 1.4774011191e+00 1.6221335381e+00
-3.0000000000e+00 5.3240931383e-01 -2.8531147304e-02
-2.3962940251e+00 -2.4876106618e+00 4.8933661966e-03
4.1482422982e-01 6.1373490313e-01 4.6918593376e-01
8.7926884846e-01 -9.3062053466e-03 2.3235777897e+00
-1.8469512641e+00 -2.6680102749e+00 1.1807828127e-02
-7.4292101681e-01 2.4700517323e+00 1.1820860407e+00
-2.8208610707e-01 2.6011689371e+00 1.2672509881e+00
1.8084601068e+00 -2.4426144116e+00 -6.9970689714e-02
2.6679939965e+00 7.4056876226e-01 8.7786801492e-02
3.6566243684e-01 -3.6853018309e-01 4.2666472423e-01
-2.2311586475e+00 1.1856267365e+00 -1.5660003031e-01
-6.3690478438e-01 -1.0087436007e+00 2.4197584031e+00
2.1936280115e+00 -9.0774606794e-01 3.7335343801e-01
1.9278454543e+00 2.0370136759e+00 1.6053369764e-01
2.1236306015e+00 3.8582521380e-01 8.7446614260e-01
2.7851975569e+00 1.4522494122e+00 1.4284442339e-02
1.8399924565e+00 -2.8702860483e+00 -1.4738522829e-02
-2.7541735513e+00 -2.5559133581e+00 9.2888625615e-04
-8.0187855384e-01 2.6134579542e+00 6.9030676950e-01
-2.4926152958e+00 7.7093174365e-01 -1.7932464090e-01
1.4329754096e+00 1.6344418800e+00 1.2705155230e+00
1.2046491886e+00 2.4999536581e+00 4.4856794406e-01
1.8219434987e+00 2.4105778258e+00 9.4330778508e-02
7.3960516150e-02 2.5570756441e+00 1.5723594275e+00
-1.7458078956e+00 2.6907864918e+00 4.6178432725e-02
-2.3397899322e+00 -3.0308869506e-01 -4.3623568000e-01
-2.9775733222e+00 -6.5604143109e-01 -2.2178743215e-02
2.2804008559e+00 4.0271153294e-01 5.3901724715e-01
-1.6357209425e+00 -2.1686633176e+00 3.9421043810e-02
2.6223395201e+00 9.5440486522e-01 7.6100535084e-02
1.2408320887e+00 2.0479198233e+00 1.2191545134e+00
3.9052013806e-02 1.4700496055e+00 7.8813298057e+00
2.7837507498e+00 -2.7813717238e+00 -1.0158320812e-04
1.5914515708e+00 -8.9497626794e-01 1.2013905769e+00
-2.7675264570e+00 -2.1804761719e+00 2.0178383021e-03
2.9838675638e-02 5.3932639681e-01 4.7401707488e-01
6.6516654148e-01 1.8627554139e+00 4.5158768987e+00
1.3745593352e+00 -2.9953980773e+00 -4.4610623861e-02
-1.3730955756e+00 -8.5870399204e-01 3.5556105873e-01
-2.9217120521e+00 -6.4721240829e-01 -2.9045608573e-02
-1.7924932180e+00 -2.6407435680e-01 -1.6453635870e+00
-7.2425028588e-01 6.1586143020e-01 -4.1679943118e-01
-1.7114981577e+00 2.4214421590e+00 1.1875799391e-01
1.3751809684e+00 1.9561755729e+00 1.0180021374e+00
-1.6706574852e+00 3.5747271966e-01 -2.3133171655e+00
-2.7137441713e+00 1.0881791754e+00 -3.9801644995e-02
6.9309186522e-01 1.6236421005e+00 5.0845046086e+00
-1.3453683484e+00 -1.3810268898e-01 -2.4833609910e+00
-2.5238165946e+00 2.9932642827e+00 4.9035243419e-04
-2.7782246123e+00 4.3839755086e-01 -8.5796429330e-02
1.0882796651e+00 -2.3372245712e+00 -8.9014798450e-01
-7.3575367508e-01 2.7483102252e+00 4.7760955189e-01
2.7769119502e+00 -1.5419965213e-01 9.3274193478e-02
9.1820033119e-01 2.8671670362e+00 2.2503518733e-01
3.7495021368e-01 -7.0678008516e-01 -1.4340652661e-01
1.6382282053e+00 -2.6386996360e+00 -7.4379384355e-02
-2.9819166734e+00 1.9698040932e+00 -2.8377673588e-05
-1.3503381327e-01 -9.1399144239e-01 1.0868332184e+00
2.0366579878e+00 7.4615510609e-01 7.5120779214e-01
8.5280301961e-01 -2.4750080371e+00 -9.7275487388e-01
2.8671605135e+00 1.3349347791e+00 1.2344202049e-02
-1.5332015952e+00 1.0969924830e+00 -5.4156719846e-01
1.0408692501e+00 2.7642008151e+00 2.6389609910e-01
-2.6096143346e+00 -3.0000000000e+00 4.3216341303e-04
5.0597931612e-01 2.6476817161e+00 9.0933502171e-01
1.1154088817e+00 -3.9735263780e-01 2.8465417086e+00
-1.4740304179e+00 -5.2422081404e-01 -1.0847098783e+00
2.8223437235e+00 2.4184627496e+00 1.0475338740e-03
2.4329907943e+00 -2.0531281682e+00 -3.4939172318e-03
1.4367392217e+00 -1.8029022426e+00 -7.6714177349e-01
1.5524591514e+00 -8.9118721813e-01 1.2454327768e+00
8.7731259358e-01 -4.9917876335e-02 2.3077360241e+00
2.7453908043e-01 -2.7366008113e+00 -7.2442967112e-01
-1.4328255784e-01 -4.9767087965e-01 2.8231530095e+00
1.5502999416e+00 2.2610330639e+00 3.4033958629e-01
4.2553538635e-01 2.5271057575e+00 1.4484412023e+00
-5.2111868627e-01 -2.4351743093e+00 -1.0620148613e+00
2.8758598532e-03 -2.3884121791e+00 -2.1553183657e+00
-4.7731137600e-01 1.5643581959e+00 6.4315874562e+00
-2.1456787616e+00 -1.5304895205e+00 4.3983188604e-02
-2.7823021531e+00 -2.1197475112e+00 2.0677221699e-03
-1.8969008060e+00 -2.9782236904e+00 4.4795800413e-03
-1.6253258150e-01 1.7242085999e+00 7.6001047015e+00
2.7755438068e+00 -3.4668422800e-01 8.6088885922e-02
3.4357783756e-01 2.2310543789e+00 3.3827735074e+00
1.4403267423e+00 2.5436734662e+00 2.1242817718e-01
-1.4264040263e+00 -7.2237007976e-01 -2.1003900411e-01
-7.9675197336e-01 2.3979972692e+00 1.3303527938e+00
2.0682257482e+00 -1.5888083090e+00 1.4787231526e-02
-1.2436018683e-01 2.2101185697e+00 3.9270761699e+00
7.1106565147e-01 6.7032336650e-01 1.3550086543e+00
2.8676868234e-01 -8.6344164000e-01 -8.9548381007e-01
1.9252566895e+00 -1.0397285168e-01 1.6684831041e+00
3.0000000000e+00 1.3184191622e+00 6.5998728470e-03
2.9025370018e+00 -2.8945915838e+00 -2.4595380027e-05
-2.7623370290e+00 2.8222443676e+00 2.6213925592e-04
3.0000000000e+00 1.6980016286e+00 2.7987562372e-03
-1.2260946113e+00 -2.7978523166e-02 -2.5822115128e+00
-1.9687609149e+00 -1.0749995819e+00 -6.2104521194e-02
-2.0245022835e+00 1.8903200189e+00 7.2484074124e-02
1.5332037683e+00 1.7363101716e+00 8.9197638008e-01
-1.5367368895e+00 -1.3895733847e+00 3.6503481658e-01
1.5149133921e+00 1.9361367167e+00 7.2094215726e-01
-8.7645933112e-01 1.7536677867e+00 3.4329984123e+00
1.5299628317e+00 1.2207141652e+00 1.2987803383e+00
-1.2726310270e+00 -8.5433260503e-01 6.9591723739e-01
5.6065398899e-01 -2.6729859758e+00 -7.6004894555e-01
-1.8261992615e+00 -1.3949796630e+00 1.4605614414e-01
-1.8197220115e+00 2.3292624973e+00 1.0025753794e-01
-2.2360799886e+00 -2.3624576853e+00 1.1393983592e-02
-9.5659857712e-01 -2.5334792880e+00 -2.4882627351e-01
1.4454635936e+00 -2.4059107319e+00 -2.8502226740e-01
1.7102285711e+00 -2.5619704199e+00 -7.2958185523e-02
-2.1150688860e+00 -1.2280795581e+00 -4.7446149841e-03
9.4388042011e-01 2.6153685763e-01 2.4970678074e+00
1.2771977074e+00 -4.4912139342e-01 2.9262403595e+00
2.2293954634e+00 8.6503064771e-01 3.6619225432e-01
7.3048713168e-01 2.4407667801e-01 1.3628467689e+00
1.2465293628e+00 2.5992442879e-01 3.3432937525e+00
8.6868782942e-01 1.6026178230e+00 3.9834635497e+00
-2.0550094965e+00 -1.9946692462e+00 4.1264957374e-02
-1.4503556695e+00 3.0000000000e+00 3.6144398575e-02
-7.1833063863e-01 2.1582078870e+00 2.6359459087e+00
-9.6038275082e-01 2.2925742745e+00 1.2975106165e+00
-1.3962415304e-01 1.9723948576e+00 5.9857704924e+00
-1.5753787713e+00 -3.5042783647e-01 -1.7825368931e+00
-2.4510276538e+00 -2.9416628354e+00 1.0120886205e-03
-1.5431970666e+00 -4.1915323245e-01 -1.5483570432e+00
-2.5750510655e-01 -1.0640316812e-02 1.7982674751e+00
2.6211674034e-01 -1.2409903833e+00 -4.5351673803e+00
1.6910057910e+00 -4.5809521934e-01 2.1406463137e+00
-1.4270986273e+00 1.8641791003e+00 7.9546677917e-01
1.8586674743e+00 2.2304282640e+00 1.3373402024e-01
2.8611445557e-01 -1.1235699211e+00 -3.3874397910e+00
2.0673005818e+00 2.0942542479e+00 8.4484241461e-02
-2.9322997312e+00 -2.4211096947e+00 5.4672995939e-04
-2.1119708536e+00 1.8280721820e+00 4.3366075235e-02
2.8060424724e-01 2.9074085765e+00 4.0939937118e-01
-2.4846264535e+00 7.4087966954e-01 -1.9355525542e-01
-1.3409894281e+00 -2.0732476640e+00 -5.3912689952e-02
2.9036870823e+00 9.0470907948e-01 2.3619909112e-02
-9.4221258675e-01 -3.0000000000e+00 -3.8488401172e-02
2.2809838149e-01 4.0294064153e-01 -1.2322223200e-02
-1.2395316744e+00 -9.4464870165e-01 9.7517526195e-01
-9.9872292443e-01 -1.5636339460e+00 -5.6440471956e-02
3.6969764618e-01 9.2806997486e-01 2.4553252990e+00
7.9994540013e-01 -2.3689146183e-02 1.8660540324e+00
-7.1356593143e-01 -2.8417236756e+00 -1.6887839055e-01
-2.5457301320e+00 1.6185769373e+00 -7.6115804961e-03
9.7941580680e-02 3.0722924992e-01 2.0354774311e-01
-1.4741405366e+00 -2.0660890996e+00 2.0824769280e-02
-7.8855372811e-01 3.0000000000e+00 1.6076987882e-01
-2.5554304519e+00 -2.6677992803e+00 1.6122999777e-03
-2.5176485341e+00 -3.0000000000e+00 6.3362924596e-04
6.8113073727e-01 -4.8076950572e-01 8.9977997145e-01
-2.1052588976e+00 -1.5368282089e+00 5.2663115101e-02
-1.2472247851e-01 -1.5621059513e+00 -5.2503093218e+00
4.6432042143e-01 7.1747124915e-01 9.6373531508e-01
9.7937204924e-01 2.6614623833e+00 4.3168965457e-01
4.7031229110e-02 -1.9937330568e+00 -4.8941177709e+00
1.1184284741e+00 -2.4957572967e+00 -5.3863161547e-01
-2.0539714869e+00 -2.1153784095e+00 3.2570939363e-02
-1.1707204286e+00 8.5855179830e-01 -1.1398866431e+00
-1.5778590117e+00 -1.9111581444e+00 8.8737744055e-02
1.5546580740e+00 -9.8809002631e-01 9.2367865522e-01
-1.2842634314e+00 2.7326172991e+00 1.6513631826e-01
-3.0000000000e+00 1.0909858296e+00 -1.1111072264e-02
4.4944774495e-02 7.8077003418e-01 1.5794556868e+00
-2.6128852346e-01 -7.2528948690e-01 3.1016419065e+00
1.0336732160e+00 1.2110736109e-01 3.0342219761e+00
3.0000000000e+00 1.7801443990e+00 2.2982712416e-03
2.9389227757e+00 2.3458305829e+00 6.9267192992e-04
-2.2282984347e+00 1.6421480415e+00 1.4542496258e-03
2.3156058861e+00 2.4018736078e-01 5.3459732806e-01
9.9179967382e-01 2.5435455448e+00 6.2147962847e-01
-1.2788325624e-01 -1.1653206156e+00 -1.7644839968e+00
1.8679940872e+00 1.4463921102e+00 4.7010611260e-01
3.0000000000e+00 2.1682859275e+00 8.3312781964e-04
-2.6211743790e+00 3.0000000000e+00 2.8589029259e-04
-1.6295572338e+00 8.0956632037e-01 -1.3942970295e+00
-2.5385663698e+00 -1.7249176180e+00 8.4651117455e-03
1.9908333936e+00 1.6228887139e+00 2.5584077454e-01
-2.2925415602e+00 2.0107175491e+00 1.8395655537e-02
1.5218472893e+00 2.5734628671e+00 1.5232237411e-01
-1.4676569437e+00 -1.0749054540e+00 4.5108001515e-01
1.7738631595e+00 6.4116853238e-01 1.5259078274e+00
3.8398474791e-01 -2.8168140963e+00 -5.1199290978e-01
-6.2003542424e-01 -1.0453217526e+00 2.1424359043e+00
-6.7108356862e-01 -1.1415641477e+00 1.5046941142e+00
9.2734011798e-01 -3.6499353020e-01 2.2402321011e+00
-3.0000000000e+00 1.1982778146e+00 -8.4310365480e-03
1.3464570768e+00 -1.8439356878e+00 -1.0136994828e+00
-1.6775063852e+00 2.1266010974e+00 2.5252282522e-01
-2.6929567648e+00 2.2503346107e+00 1.6151280075e-03
2.2474460470e+00 -2.6944674056e+00 -4.2093747671e-03
7.5780661169e-01 -8.1625160672e-01 -1.3966414955e-01
1.7217814230e+00 7.1084434453e-01 1.5420781808e+00
1.0915469845e+00 4.5825597877e-01 2.7121141590e+00
-1.7612777555e+00 1.3094796840e-01 -2.1561007815e+00
1.8971594552e+00 2.9085169485e+00 1.2433380295e-02
1.3462528142e-01 1.4539547849e+00 7.6705404427e+00
1.3661621815e+00 7.4617404837e-01 2.2252247415e+00
-2.5074816955e+00 -2.5745804682e+00 2.5493337632e-03
-2.7681705060e+00 -2.8146454916e+00 4.0210908672e-04
1.6543292760e+00 -1.7869250309e+00 -3.2804310955e-01
2.1443207352e+00 1.7990350853e+00 1.1192744081e-01
-2.2742133545e+00 2.5962293305e+00 7.0748934012e-03
1.8452706200e+00 -2.9772172316e+00 -9.2790341971e-03
2.9359800110e+00 1.3305922575e+00 8.8856747336e-03
2.6533758246e+00 2.9830141005e+00 3.0430387085e-04
1.2630262652e+00 -1.3832149423e+00 -9.5237616313e-01
-1.4700643864e-01 1.4868331542e+00 7.8139210396e+00
-2.1076945560e+00 2.7234379761e+00 9.9037220323e-03
-6.9205429079e-01 -3.7239332036e-01 2.2448014532e+00
-2.3419728548e+00 2.2236801910e+00 1.2019270429e-02
1.6575642117e+00 2.0070330401e+00 4.1983330479e-01
-2.6986783846e+00 2.0756215275e+00 1.5469068655e-03
2.8169920042e+00 -4.7678404249e-01 6.4744252933e-02
1.5340226649e+00 -1.0179294407e+00 8.2657502951e-01
3.0000000000e+00 9.2963772556e-01 1.4125372314e-02
-1.1923224293e+00 2.5302063014e+00 4.0864728740e-01
4.5145420788e-01 -1.7517535411e+00 -5.8368194352e+00
3.0000000000e+00 2.3919036329e+00 4.2324536752e-04
2.3706102334e+00 2.1162972949e+00 2.2751622175e-02
9.1109664564e-01 -8.1250524988e-01 5.0114874546e-01
2.2449612454e+00 2.6298481716e+00 8.7746808815e-03
-2.0158587194e+00 -4.7634342366e-01 -8.0835191681e-01
2.8626387029e+00 -1.0401536021e+00 2.3147968487e-02
-1.3613534398e+00 2.1909119556e+00 6.1969280528e-01
-3.0000000000e+00 9.2911523119e-01 -1.5813248954e-02
2.2104900966e+00 -9.8241601453e-01 3.0476240798e-01
8.1201941218e-01 -1.3054513293e+00 -3.1684737004e+00
2.7434256780e+00 1.2270613601e-01 1.0804640314e-01
-1.8413959580e+00 -1.0889268677e+00 -2.9452265317e-03
2.9936182031e+00 1.6986007272e+00 2.8915277300e-03
-5.9926613971e-01 -1.7924889719e+00 -2.3780494896e+00
-2.5499825404e+00 -3.0000000000e+00 5.5532372784e-04
-2.6415179286e+00 -4.6757401368e-01 -1.2449342188e-01
-2.1573579680e+00 2.4085416219e+00 2.0311642204e-02
-2.0899538975e+00 -1.8473532293e+00 4.7490222847e-02
-2.1938672590e+00 -2.9336785847e+00 2.5163120737e-03
5.1620954302e-01 -2.4825961834e+00 -1.4607788025e+00
-2.5817134184e+00 -2.7495423138e+00 1.1294751031e-03
-1.9461732164e+00 -2.6348300565e-01 -1.2598234370e+00
4.9232818429e-01 1.5563535743e+00 6.3700679128e+00
-2.0381155013e+00 3.0000000000e+00 4.5389357164e-03
2.3686955824e+00 -2.3813792010e+00 -4.9858265425e-03
-1.4039744760e+00 1.0755803616e+00 -5.1522443577e-01
-2.8657581052e+00 1.5836903605e+00 -3.6908935986e-03
6.8579148382e-01 1.7741793118e+00 4.7663721349e+00
3.0000000000e+00 -3.0367456654e-01 3.0619048480e-02
-2.1418597933e+00 4.0079092820e-01 -8.4832378973e-01
9.2448854494e-01 -1.8109057229e+00 -3.0190592710e+00
1.0734134833e+00 1.4857440996e-01 3.1559070848e+00
-2.6329131010e+00 -1.2484282360e+00 -1.1176970805e-02
2.2342624794e+00 -2.1679112914e+00 -1.5037613298e-02
1.0251095865e-01 -4.2287869113e-01 1.3585090347e+00
-3.7490101459e-01 -2.9459378197e+00 -2.1641431007e-01
2.1928611719e+00 1.7335356141e+00 1.0412788482e-01
1.5153918792e+00 3.0000000000e+00 3.0568682687e-02
3.0000000000e+00 2.4624686420e+00 3.3564540157e-04
-4.0389482559e-01 -1.8812020115e+00 -3.5055569886e+00
1.7681928642e+00 1.5248479860e+00 5.7565740782e-01
-1.2288200361e+00 -4.1139970369e-01 -9.6324324379e-01
-3.3230082127e-01 4.9376601840e-01 7.5962141243e-01
-1.5001035427e+00 2.9633826512e+00 3.6430808948e-02
-3.0000000000e+00 2.0243630904e+00 5.4936047413e-05
-1.7670676820e+00 1.3681042986e+00 -4.9935122813e-02
-1.4225004720e+00 -1.9418390895e+00 3.2389044278e-02
-1.2282078108e+00 -3.0000000000e+00 -6.4689514231e-03
-2.6937685575e+00 1.2526007687e-01 -1.4252844614e-01
-8.0449863655e-02 -1.5263912414e+00 -5.3721040318e+00
-2.0014490489e+00 -1.0407747695e+00 -9.4872256355e-02
1.3673236900e+00 -2.1499436793e+00 -6.4503167690e-01
1.9795333511e+00 -2.8273570555e+00 -9.5943361944e-03
-8.1590221162e-01 1.6533261694e+00 3.9827604306e+00
2.7357702660e+00 -2.6324683475e-01 1.0739871534e-01
-4.8525208307e-01 -2.9994554329e+00 -1.4158786867e-01
-2.4104798589e-01 1.2494328591e+00 6.0866818748e+00
-1.4908253038e-01 1.5182909240e+00 7.8867210129e+00
-2.6213994525e+00 2.7160031664e+00 8.3017173825e-04
-2.5765200735e+00 -4.3349580139e-02 -2.2434326065e-01
-3.0000000000e+00 3.0000000000e+00 3.2235359613e-05
-1.4432173794e+00 -3.0000000000e+00 3.0500743880e-03
4.5129815136e-01 2.9904826113e+00 2.5489316611e-01
1.5514293399e+00 2.4220787190e+00 2.2147805849e-01
2.5747583333e+00 1.3388291271e+00 4.5925468062e-02
-1.6505120497e+00 7.0043914729e-01 -1.6625122138e+00
-1.7804239745e+00 -2.7006288606e+00 1.1359215635e-02
2.8615409353e+00 1.0044947658e+00 2.4244192283e-02
-1.0822188224e+00 1.3094577280e+00 1.5218202798e+00
2.6076464455e-01 1.8220305953e-01 3.5454350988e-03
-2.7169370218e+00 -1.6167938479e+00 2.4231920445e-03
2.3381385673e+00 -2.4332791449e+00 -5.3632901277e-03
-2.6610445170e+00 5.6445891690e-01 -1.2403276094e-01
-2.0749755776e+00 1.5947492723e+00 1.1256209881e-02
-2.2380103710e+00 9.8088412492e-01 -2.7483669332e-01
-1.7458636203e+00 2.1850684248e+00 1.7804968369e-01
1.0755605156e+00 -2.3702661333e+00 -8.4180592205e-01
-1.4571359439e+00 7.2908106396e-01 -1.8755613582e+00
-1.0343253391e+00 -1.0047025121e+00 1.7331808282e+00
2.0917392910e+00 -1.2690156117e+00 1.7869355529e-01
6.1759822985e-01 -2.0411323734e+00 -3.6398168502e+00
1.6216438605e+00 2.0063284820e+00 4.6927896525e-01
2.3980061082e+00 2.5593106244e+00 5.6010266177e-03
-1.1880351265e+00 2.2247325204e+00 9.1463466652e-01
-1.1428866321e+00 -1.5017237783e+00 3.3850599787e-01
2.7688790783e+00 2.3719222388e-02 9.8276225502e-02
-9.4643060017e-01 2.0921094392e+00 2.0184422517e+00
3.0000000000e+00 2.7501050098e-01 3.0500182710e-02
-1.5000347364e+00 -2.3877617247e+00 3.0008463173e-03
2.5549336335e+00 2.4954605967e+00 3.2615423038e-03
1.0998964399e+00 2.3705889717e+00 8.2161900384e-01
-1.1708266995e+00 6.2491235071e-01 -2.1545696644e+00
-2.2846428960e+00 -5.4642540012e-01 -3.6713073198e-01
-1.1044385078e+00 -1.8026722124e+00 -2.6236027015e-01
2.4724308850e+00 -1.3623131184e+00 4.6985204466e-02
2.4704451762e+00 -3.9208846512e-01 2.8944982410e-01
-5.6290274945e-01 -9.0518300091e-01 3.0067704910e+00
1.0322456412e+00 1.2894068165e+00 2.9116909422e+00
-8.7124818220e-01 -1.5290506048e+00 -3.1127106832e-01
2.4709195955e-01 -2.6850703618e+00 -8.7766052017e-01
-2.7168327676e+00 8.2551735581e-01 -6.8191822384e-02
7.9612148951e-01 -8.4868430483e-01 -1.8684055203e-01
-2.5114032590e+00 1.7443339441e+00 -8.7741913735e-04
-4.7552844999e-01 2.0869318901e+00 4.0496289437e+00
2.4504164102e+00 5.3276507213e-01 2.6652228407e-01
-1.4118060577e+00 3.7339354074e-01 -2.8762121446e+00
1.1195859041e+00 -2.4005522622e-01 3.1801103431e+00
-1.7904062927e+00 1.5917052819e+00 1.4257583648e-01
9.2212780113e-01 1.2550590830e+00 3.2825202488e+00
-5.9804478451e-01 -1.9523716750e+00 -2.2437381406e+00
8.2540808454e-01 1.1740878003e+00 3.3479979067e+00
2.9316686303e+00 2.2535057889e+00 9.5405005240e-04
1.2387826124e+00 -2.7836535220e+00 -1.5230967679e-01
-2.3760280202e+00 2.9286404251e+00 1.3386103322e-03
1.7725905743e+00 -1.9091523512e+00 -1.9351514818e-01
2.1497975859e+00 8.1320521827e-01 5.0215472111e-01
-2.3947027262e+00 -2.4385942532e+00 5.5750117157e-03
7.8296029841e-01 6.7225287006e-02 1.7546003128e+00
2.2812595589e+00 -5.2777774563e-01 4.9461964753e-01
-2.2539963876e-01 2.7094932186e+00 8.9972885557e-01
-2.3463097317e+00 1.9234098287e+00 1.2636313361e-02
3.8562868624e-01 -2.6254024711e+00 -1.0219499140e+00
1.0668321965e+00 1.0380891896e+00 2.4049573662e+00
-2.6996249557e+00 6.1694058711e-01 -9.9617028490e-02
1.1349061242e+00 1.1119210204e+00 2.3499116415e+00
2.1410796897e+00 -2.3896967732e+00 -1.7389752889e-02
1.7632711584e+00 1.8553038609e-01 2.2314371762e+00
-7.7593591609e-01 -1.0939586706e+00 1.9314407377e+00
-1.7197493013e-01 3.0000000000e+00 2.9116130218e-01
-1.9969547778e+00 -1.0879777067e+00 -5.7916599024e-02
-1.5260071873e+00 -2.8434807593e-01 -2.0362424727e+00
-7.0285950615e-01 -3.0000000000e+00 -8.5955984701e-02
-1.8865031348e+00 -2.1615785373e+00 4.0718262891e-02
2.9950754528e+00 -2.9023886849e+00 -9.4607489638e-06
2.8345738982e+00 -9.3843905563e-01 3.2105957170e-02
8.8467557664e-01 -3.4579528163e-01 2.0743881021e+00
-1.1070661560e+00 4.7618341967e-01 -2.4200419051e+00
1.7025819304e+00 -5.9213057404e-01 1.8233782573e+00
-2.3279684487e+00 2.9883401851e+00 1.3182144799e-03
1.1977309676e+00 -1.7865727588e+00 -1.6221960567e+00
9.8976221477e-01 -3.5584894966e-01 2.5281679198e+00
2.5477932506e+00 -2.6946549907e+00 -7.2566553428e-04
4.8108970896e-01 5.6822367750e-01 4.5508365390e-01
1.3982257568e+00 -1.9708222552e+00 -7.6793630601e-01
-2.4872169003e+00 -2.3386371343e+00 4.9971186146e-03
-2.0277073398e-01 -1.4215548119e+00 -3.8800879802e+00
-2.2547145857e+00 -2.8121114481e+00 3.0979090376e-03
2.1842690396e+00 2.3941257668e+00 2.4338928476e-02
1.3836054465e+00 1.3724755140e+00 1.6232955959e+00
-1.8285877571e+00 -4.5533961061e-01 -1.1615875954e+00
2.7554726687e+00 2.2934285920e+00 2.1959199201e-03
4.4450729200e-01 1.6940237719e+00 6.4912760974e+00
1.3290353354e+00 1.6335506986e+00 1.6260377014e+00
1.3011947827e+00 -2.6335423354e+00 -2.1968757335e-01
7.5331907383e-01 2.5994882298e+00 7.8398641685e-01
-1.5256545598e+00 -2.2772855046e+00 1.1861568445e-02
8.1916318220e-01 6.3329660560e-01 1.6647372567e+00
-2.3321285194e+00 1.6800194374e+00 -2.3868098520e-04
2.8234515517e+00 5.6360669385e-02 7.6599067990e-02
2.8011750738e+00 2.5915648313e-01 7.9110981479e-02
6.6125027183e-01 2.3424055968e+00 1.8899284645e+00
-2.1430295496e+00 2.9294845586e-01 -9.0110799380e-01
3.2111411380e-01 1.5004996305e+00 7.1875186582e+00
-1.8729800911e+00 -2.9685781060e-01 -1.3900931829e+00
1.8824168328e+00 -1.2679466792e+00 2.3758284015e-01
-1.5394860042e+00 1.1957036747e+00 -2.4570652727e-01
-2.9022637542e+00 -2.4018764821e+00 6.6629335973e-04
-1.4459801728e+00 -2.9613093387e+00 3.0460764625e-03
2.9944427594e+00 1.1936435541e+00 8.8134524533e-03
3.0000000000e+00 3.5108840935e-01 2.9046330248e-02
1.1277739979e+00 3.7445548401e-01 2.9619976607e+00
2.0671320960e+00 1.2156543237e+00 3.5251986573e-01
-5.2349990359e-01 2.1671853399e+00 3.3118744075e+00
-2.7993107728e+00 -8.7180188446e-01 -2.9721312868e-02
-3.0000000000e+00 1.4525159206e+00 -3.7090371570e-03
5.1950805771e-02 -4.6085150898e-01 1.6713580069e+00
1.2797338195e+00 4.5921201355e-01 2.9331597062e+00
-1.0089709257e+00 -2.1554395704e+00 -4.9448204465e-01
-6.2338200968e-01 -1.5566736177e+00 -1.6574643919e+00
-1.9440430151e-02 -1.0260155473e+00 -8.8306515524e-01
-1.8041427804e+00 1.4005890732e+00 -2.8311159348e-02
-2.4361282882e+00 7.5391135831e-01 -2.2541903471e-01
-2.9964716909e-01 -2.4428113385e+00 -1.4585150397e+00
-6.3828067436e-01 -1.1511556352e+00 1.3500979344e+00
-1.6131494305e+00 -3.0000000000e+00 5.1992002403e-03
2.8887729461e+00 1.0507389852e+00 1.9578990182e-02
-2.1845999885e+00 -1.7190023366e+00 3.9076525073e-02
-7.9633369791e-01 -1.6101531154e-01 4.4082473733e-01
1.7039978748e+00 4.0123555277e-01 2.1662854046e+00
-2.5773845319e+00 2.0785097364e+00 3.4806347014e-03
1.6534715608e+00 -3.0000000000e+00 -1.7620800157e-02
-3.4999005039e-01 9.1244530383e-01 2.5678204299e+00
1.1604333647e+00 -1.5039996398e+00 -1.7089656966e+00
-2.7172486043e+00 -7.0314919471e-01 -6.1701304207e-02
-3.0000000000e+00 -9.8625614387e-01 -9.1382393767e-03
-1.3250473917e+00 -1.7265104793e-01 -2.3352977821e+00
-3.0000000000e+00 1.3682641885e+00 -5.0176341363e-03
2.3520134814e-01 1.4689544906e+00 7.4378493365e+00
-2.2727131907e+00 -7.4822273296e-02 -6.2858217575e-01
2.0581079176e+00 1.2714155290e+00 3.3438895912e-01
-4.6062586987e-02 1.3130325149e+00 6.9534257968e+00
2.7244348268e+00 9.5492354607e-01 4.9269918266e-02
-1.4391096415e+00 -1.9062132726e+00 5.4544829849e-02
-2.9737259681e+00 -1.3702323944e-02 -4.1292489706e-02
-2.3272385805e+00 -6.2219907202e-01 -2.8006260028e-01
-2.4705530908e+00 -2.0675056495e+00 9.0166932199e-03
1.0191758715e+00 8.4682613139e-01 2.2263912627e+00
2.1477431981e+00 -5.0253230940e-01 7.5878264209e-01
5.3015197926e-01 -1.7557987614e+00 -5.4778894584e+00
2.8630931417e+00 3.0000000000e+00 9.0369410452e-05
4.7816072260e-01 -1.5504010953e+00 -5.9550101722e+00
1.6675267441e+00 1.4779648754e+00 7.9250404050e-01
3.4201182758e-01 -6.3280389354e-01 1.9874163679e-01
-7.7718097247e-01 -2.9965254430e+00 -7.0474983295e-02
1.5261776975e-01 -7.6485354170e-01 3.7072563991e-01
-3.0000000000e+00 1.4322497495e-01 -3.6296657466e-02
2.4756652932e+00 -1.2219051232e+00 7.2074707286e-02
3.0000000000e+00 -1.5541584686e+00 3.0001472457e-03
-2.1559494998e+00 8.9918390674e-01 -4.1545934076e-01
2.4318927793e+00 -3.0000000000e+00 -4.5939537221e-04
2.7890183067e+00 2.7103947484e+00 4.5200101481e-04
1.2892113809e+00 1.4761874437e-01 3.5106204655e+00
-1.3588694187e+00 -3.0000000000e+00 4.5173340158e-04
1.2861945578e-01 1.9910032638e+00 5.8365137548e+00
6.9278863759e-01 2.7722865008e+00 4.6607158061e-01
-1.1484825879e+00 2.4844570066e+00 5.2015839314e-01
2.6637499586e+00 -2.4927216998e+00 -5.5067433328e-04
1.4466038117e+00 -8.2054123121e-02 3.3857478145e+00
1.3711573710e+00 2.4782900089e+00 3.1435580881e-01
-2.3850889270e+00 2.3617214149e+00 7.5432080623e-03
-1.3469372173e+00 -3.0000000000e+00 -2.2652533672e-05
9.7013070215e-01 -1.0473433199e+00 -7.0632136688e-01
1.7869863197e+00 1.8140322228e+00 3.8182179275e-01
-1.1713427091e+00 4.7318710750e-01 -2.5842625774e+00
-1.9806359636e+00 -5.9544762760e-01 -6.7540202499e-01
4.6345932183e-01 2.1265746946e+00 3.8117556119e+00
1.1763858039e-01 -3.0000000000e+00 -2.5361116690e-01
-2.4847126685e+00 2.6764979785e+00 1.9476499510e-03
-1.5203157265e+00 2.2258700222e+00 3.5775088162e-01
-2.7743993583e+00 -1.0524567120e+00 -1.8508284456e-02
-9.7352453571e-02 1.6449284356e+00 7.9766327662e+00
-2.2223045759e+00 3.0000000000e+00 2.0461717098e-03
1.5793834667e+00 2.9021208052e+00 3.8024853495e-02
1.2045390195e+00 -6.9130174009e-01 1.9853557682e+00
-1.0449328403e+00 2.7602922624e+00 2.6229804033e-01
2.6571551384e+00 1.3034114205e+00 3.4558151203e-02
-1.5415289773e+00 4.1121080116e-01 -2.5866039274e+00
9.1071437929e-01 2.3277090652e+00 1.3333601156e+00
2.0288061057e+00 2.1096839648e+00 9.4659432021e-02
2.9310436482e+00 1.7404675835e+00 3.6448734264e-03
-1.6271952412e+00 -2.7023847514e+00 1.0034328943e-02
-2.4335647809e+00 2.5815946740e+00 3.3877503701e-03
3.9989627960e-02 1.7229357816e+00 7.7801177532e+00
2.8947397026e+00 -1.6078987513e+00 3.9450931534e-03
-1.5905294245e+00 -1.1043752816e+00 2.5870378239e-01
-8.6989842056e-01 3.5845325255e-01 -1.4846749976e+00
-2.3837085783e+00 -9.9281764992e-01 -7.9717729809e-02
2.7645298052e+00 2.3273971622e+00 1.8928587804e-03
9.8680624387e-01 -1.5235441929e+00 -2.7603225928e+00
1.3319228774e+00 -2.0310388127e+00 -8.7078180917e-01
-1.4118603675e+00 1.3720478527e+00 4.4898030223e-01
-1.3174150588e+00 1.4285423067e+00 8.6803205094e-01
-2.6238794350e+00 1.2213861215e+00 -3.9198671187e-02
-2.6501876159e+00 -1.9489408258e-01 -1.5752454773e-01
-1.4651208511e+00 -7.9714157002e-01 -6.2332488821e-02
-6.2794065037e-01 1.5563350298e+00 5.3707751491e+00
-5.8438152323e-01 -1.4595253079e+00 -1.3623143895e+00
-2.3574752792e+00 2.1355289226e+00 1.2276576980e-02
-2.1289413010e-01 1.3436279319e+00 6.9208049468e+00
1.7713764077e-01 1.6966393654e-01 1.4021924872e-01
2.9745972706e-01 -1.2274024078e+00 -4.4464705618e+00
2.6291447408e+00 -1.2514337130e+00 3.7747563801e-02
-1.0594636670e+00 7.2653883975e-01 -1.4734424666e+00
-1.2319141532e+00 -2.6302847648e+00 -4.7249938587e-02
7.0898958727e-01 2.7544746706e+00 4.8687679533e-01
-1.9887858141e+00 -2.7318771996e+00 7.9532439772e-03
-4.6460498981e-01 1.2364917437e+00 5.0168368249e+00
4.6003939360e-01 -5.4022033612e-01 2.9768185582e-01
2.3545503369e+00 -2.8552819957e-01 4.6644859458e-01
2.0994156855e+00 -2.9776287494e+00 -2.9871012197e-03
1.0538767431e+00 1.6496920191e+00 2.8544833351e+00
8.5086034981e-01 -1.6167705998e+00 -3.7432517583e+00
-1.5575766565e+00 -2.5028994084e+00 9.7484005826e-03
1.6810095448e+00 1.0717506976e+00 1.0961243180e+00
3.0000000000e+00 1.2808768153e+00 7.1487990750e-03
-4.7043858452e-01 -1.2160201238e+00 2.8718953490e-02
-2.1818549784e+00 -2.1210834108e+00 2.2729533921e-02
1.1225816215e+00 -1.8164231425e+00 -1.9385919155e+00
2.1064810903e+00 2.8194993495e-01 9.8365234150e-01
7.6640325652e-01 -1.2738282837e+00 -3.2720545981e+00
2.7072092987e+00 -2.9268454823e-01 1.1972034313e-01
1.1234103325e+00 2.7091515914e+00 2.7045301983e-01
3.6193701168e-01 -2.7639810803e+00 -6.3311490470e-01
1.3493007732e+00 1.2127217876e+00 1.7896093827e+00
1.7843430996e+00 -3.0000000000e+00 -1.0750205011e-02
5.2083888526e-01 -9.6664846897e-01 -1.9049085056e+00
-1.4399652514e+00 -1.0964669914e+00 5.2415135204e-01
-7.5763072086e-01 -1.4454923321e+00 -3.5490707453e-01
7.2900077893e-01 -1.1943614242e+00 -2.9687735732e+00
-1.8062596231e+00 -1.5065308994e+00 1.5589959874e-01
5.0609402462e-01 2.2316371380e+00 2.9457549667e+00
1.7995324091e+00 8.6158136208e-01 1.1119394036e+00
1.2061554285e+00 -1.2914905436e+00 -8.8886021022e-01
-2.7781996253e+00 -9.7895837553e-02 -9.7516956754e-02
7.7830463022e-01 -2.3613766296e+00 -1.4982472435e+00
5.4940180771e-01 1.9589223404e+00 4.6050351761e+00
2.7596294915e+00 1.9091793805e+00 5.8997017433e-03
2.4605732417e+00 -8.1097070768e-01 1.8541324602e-01
3.2809244570e-01 6.0323761472e-01 3.6273932732e-01
-1.0344681483e+00 2.7924342745e-01 -2.3290674917e+00
3.0000000000e+00 -3.8247702571e-01 2.9148927078e-02
-1.5984391161e+00 -1.9085983546e+00 9.1466449354e-02
1.4603230580e+00 2.4353978699e+00 2.7854757786e-01
3.0000000000e+00 1.9063851380e-01 3.1776457988e-02
-2.8259556766e+00 -2.0487512787e+00 1.8231469570e-03
-1.5329543255e+00 -2.0215470503e+00 4.8728764933e-02
-1.4262279590e+00 1.7912120547e+00 8.2623079288e-01
-4.3219707878e-01 -1.1140871708e+00 8.6739064126e-01
-1.5887676421e+00 2.5342003994e+00 1.3091311924e-01
1.3352702986e+00 -4.1859927528e-01 3.0038203228e+00
-1.3567792512e+00 -2.5513047361e+00 -2.2927117717e-02
-3.0000000000e+00 2.7672236848e+00 7.6338874035e-05
1.7355329326e+00 2.7678793314e+00 3.8749405321e-02
2.0803314809e+00 -4.8022463192e-01 9.3240685853e-01
3.0000000000e+00 -1.9019377095e+00 7.0662418412e-04
-1.6265380119e+00 2.6655508936e+00 7.5883249578e-02
-1.9940803346e+00 -6.4909179470e-01 -5.7635355500e-01
-1.0295895620e+00 2.4879647554e+00 6.7003138126e-01
3.0110217999e-01 2.5762112191e-01 -5.3842287711e-02
2.6704832725e+00 1.7670644075e+00 1.2589315863e-02
-1.5579535394e+00 3.0000000000e+00 2.6066537118e-02
-1.8643549330e+00 1.3043212543e+00 -1.5669144843e-01
-1.3632438310e+00 -2.3930214747e+00 -3.5895797173e-02
2.9734645709e+00 1.9004805809e-01 3.6249123546e-02
-8.5162382611e-01 2.6638298534e+00 5.3597176364e-01
-2.6963825112e+00 1.6415879655e-01 -1.4002169118e-01
-4.0685929926e-01 2.9369774035e+00 3.3222577144e-01
8.9176262734e-01 -1.0815512924e+00 -1.3173504824e+00
2.3306765037e+00 9.1794766118e-01 2.4252502380e-01
1.2621885456e-01 -7.8966810398e-02 6.4470334763e-01
2.1730708427e+00 -1.8377250782e+00 -1.5609446796e-02
1.4878363563e+00 1.6826369358e+00 1.0619176660e+00
-2.6503524544e+00 3.0000000000e+00 2.4431712218e-04
-1.7596877351e+00 -1.8306785673e+00 1.0509373237e-01
1.9890891341e+00 2.5069012521e-01 1.3542353213e+00
-1.5678215579e-01 6.6019205687e-01 1.1078978807e+00
-7.1942137839e-01 -2.9071468167e+00 -1.2551684661e-01
-6.1708697621e-01 -1.8789582457e+00 -2.2425828147e+00
2.8187438988e+00 -2.2943570255e+00 -1.0697454718e-04
6.9874309323e-01 -1.5316685135e+00 -4.7111235395e+00
1.2933312915e+00 9.8033073270e-01 2.0182155380e+00
4.7290011934e-01 1.8498728185e+00 5.6566770602e+00
-9.7744800281e-01 -2.5014984653e+00 -2.5451759069e-01
-1.4038906699e+00 -2.9187389558e+00 1.1632013353e-03
1.1887083516e+00 -2.8716917099e+00 -1.2291009854e-01
3.0000000000e+00 7.0249638301e-01 2.0100206459e-02
-2.5196844882e+00 1.1270771258e+00 -7.5727557837e-02
-1.4039458914e+00 2.4288367139e+00 3.1256505950e-01
-3.3125172525e-01 -1.1842108674e+00 -5.1529455714e-01
-1.5807855639e+00 -1.1748277782e+00 3.1901437016e-01
2.5194309703e+00 -1.3134151184e+00 4.7118843564e-02
2.6159976731e+00 -3.0000000000e+00 -1.4391098240e-04
1.4371681167e+00 4.0086527157e-01 2.9145762331e+00
1.5106088459e+00 1.0395036337e-01 3.1991088748e+00
-1.3611715236e+00 -7.0039256697e-01 -1.0345876825e-01
-4.5568526334e-01 2.9900847303e+00 2.5428444146e-01
1.0942126727e+00 -5.1990814453e-03 3.2944422560e+00
6.8684883465e-02 1.8183279647e+00 7.2431162040e+00
-2.4766850141e+00 1.7015329906e+00 -2.5488380300e-03
-9.4083183706e-01 -1.0552467282e-01 -8.6401994912e-01
-4.1702460886e-01 -3.5840316228e-03 1.7298377260e+00
-3.3959649330e-01 6.1679826880e-01 9.2292954818e-01
1.9248497087e+00 -1.0870464134e+00 4.5719951513e-01
1.1196368722e+00 2.5468621424e+00 4.7129932444e-01
2.4519246943e+00 -2.8219265134e+00 -8.4355245256e-04
4.7357242648e-01 1.6936158743e+00 6.3272531083e+00
1.1540009390e+00 -2.1703812214e+00 -1.1085601070e+00
-8.8617969772e-01 1.8333387822e+00 3.1848000041e+00
2.8838504245e+00 -1.7794477441e+00 1.9909295104e-03
5.8946074613e-01 2.6525688236e+00 8.1650368647e-01
-2.6867400248e+00 -3.0000000000e+00 3.0810486451e-04
-2.7048048107e-01 3.0000000000e+00 2.7874529553e-01
-1.7504832586e+00 -5.5000875566e-01 -1.0220716424e+00
-3.2898703131e-01 -3.0000000000e+00 -1.8202365089e-01
-1.7604840786e-01 -4.7683116486e-01 2.9641801206e+00
-1.3896384084e+00 -6.4947807104e-01 -3.8857475329e-01
-1.1706929863e+00 2.2738459583e+00 8.5572572888e-01
-2.8593761238e+00 -1.6349359201e+00 9.7578608111e-04
1.1940770702e+00 1.8773196698e+00 1.7550555657e+00
2.0752747908e+00 -2.7378249264e+00 -8.5964191356e-03
-8.4466535976e-01 2.4118679525e+00 1.1828381442e+00
4.7196084748e-01 -2.8188842919e+00 -4.7980654569e-01
-1.5588188335e+00 -4.6709319818e-01 -1.3705367470e+00
1.0031541883e+00 1.7489674856e+00 2.9466117198e+00
2.5603660739e-01 2.7773702215e+00 6.9109099492e-01
-1.0568775681e+00 2.3533125362e+00 9.1553089480e-01
1.2745276777e+00 1.4032715116e+00 1.9954600635e+00
-8.7443915059e-01 1.2552304379e+00 2.4879194589e+00
-1.0868903573e+00 -1.5878067442e+00 5.9374637831e-02
1.0583146178e-01 7.7506978290e-01 1.4562377226e+00
3.0000000000e+00 4.0922357069e-01 2.7771766834e-02
1.9354248728e+00 2.7057945393e+00 2.3720946132e-02
-6.4429184292e-01 -1.3423832628e+00 -1.8429312295e-01
1.3949759286e+00 -1.1228273932e+00 3.2908805133e-01
-2.3739985755e+00 5.5413816109e-01 -3.6352605367e-01
1.8394566585e+00 -2.8195822408e-01 1.8770299558e+00
6.0591995831e-01 -4.5570598752e-01 6.7880986772e-01
9.5340924058e-03 -4.3496563517e-01 1.8943046429e+00
1.1526154369e+00 1.8750292843e+00 1.9270842727e+00
-1.0566866130e+00 3.0000000000e+00 9.7749379735e-02
-2.8376238435e+00 -1.4870361460e+00 -4.5948388644e-04
1.4237593789e+00 1.4370499905e+00 1.4581719201e+00
-7.7115785747e-01 1.2022035251e+00 2.8357588905e+00
1.8528410933e+00 2.1429885258e+00 1.6740331084e-01
1.6994541661e+00 2.1858884282e+00 2.5513584710e-01
-1.9872850778e+00 1.1109876847e+00 -3.5353380694e-01
1.7149493371e+00 -2.3832081803e+00 -1.1820628554e-01
2.5368037217e+00 6.2326480435e-01 1.7386401852e-01
2.8096791431e+00 1.8678457197e+00 5.0510333356e-03
2.8590861865e+00 9.9774124275e-01 2.4824810802e-02
3.0000000000e+00 -3.4081548406e-01 2.9961264308e-02
-2.4199640126e+00 -7.9664254527e-01 -1.3971792641e-01
-1.0403031081e+00 1.3691672705e+00 1.9884498900e+00
1.3673076352e+00 -1.2755947223e+00 -2.7400531673e-01
-1.1103547443e+00 1.1725881425e+00 7.3991151890e-01
-3.0000000000e+00 7.5173866836e-01 -2.1541059252e-02
2.3344051244e+00 8.6033689958e-01 2.6167061599e-01
2.9211110708e+00 -4.1406835580e-01 4.1899657536e-02
2.1994974764e+00 2.1519794898e+00 4.3519240302e-02
5.1987907789e-01 1.1517213758e+00 4.1750875679e+00
9.6646460265e-01 -1.5997086754e+00 -2.9692826724e+00
-5.0572021479e-01 8.7170628738e-01 1.7572201311e+00
-3.0000000000e+00 2.8560206265e+00 5.6156576641e-05
-1.0133609801e+00 -1.8996066139e+00 -5.5147037950e-01
2.0808056910e+00 1.2391633313e+00 3.2689254157e-01
-5.0034740380e-01 -2.1382119134e+00 -2.1625807557e+00
-3.0000000000e+00 2.1931114552e+00 1.9521759127e-04
-8.4086422525e-01 -1.9922880426e+00 -1.0965016149e+00
-1.8997675801e+00 -2.1151896514e-01 -1.4520123539e+00
2.8051707167e+00 -2.4676032144e+00 -1.7301314370e-04
6.1317863568e-02 -2.9351504251e+00 -3.3135880538e-01
1.0397521197e+00 -2.4403779734e+00 -7.5271360294e-01
-5.7813172986e-01 1.4552996104e+00 5.5335082382e+00
3.0000000000e+00 -8.4721031715e-01 1.7077911406e-02
-9.7155178156e-01 2.2889621865e+00 1.2801018966e+00
-2.5822867676e+00 1.5786413671e-01 -2.2080373996e-01
1.6835780317e+00 -1.0823009855e+00 6.1895015556e-01
-7.8688391315e-01 1.9837750671e+00 3.1915933292e+00
1.2960862523e+00 -1.5155127521e+00 -1.1018905195e+00
6.1748344669e-01 7.7772973819e-01 1.4783268705e+00
2.1221365120e+00 6.3295760986e-01 6.8770777236e-01
3.0000000000e+00 -8.7998431071e-01 1.6178756183e-02
1.5595993010e+00 1.5749470672e+00 9.6842833335e-01
-1.7461309463e+00 -2.1146406779e+00 5.1405714798e-02
-1.5453041843e-01 -2.5751597087e+00 -1.1308967203e+00
-9.2334997439e-01 2.7815103247e+00 3.0853984516e-01
-1.1862707871e+00 2.8866072340e+00 1.1711844436e-01
-2.0050034770e+00 2.0100775129e+00 7.7357136983e-02
-1.4915702641e+00 -2.4162943716e+00 1.1954828929e-03
2.5851159695e-01 -7.1977760190e-01 1.1733898732e-01
2.4473706521e+00 1.2576739619e-01 3.5374818838e-01
-1.1124905518e-01 2.9207143636e+00 4.1428774934e-01
2.4095568308e+00 -2.8846380815e+00 -8.4939399738e-04
1.3067232326e+00 2.5971157811e-01 3.3497151412e+00
1.4998091036e-01 -2.3881996692e-01 8.5040806774e-01
-1.5576173972e-01 1.8908532682e+00 6.6108800080e+00
1.7449292276e+00 8.3732722505e-01 1.2720269803e+00
-1.6592989584e-01 -9.3440240560e-01 1.1030465595e+00
-2.8260770720e+00 -4.1019321236e-01 -6.2751487722e-02
9.9813675017e-01 -1.1170296547e+00 -1.0030073693e+00
1.2561619084e+00 -2.7229885073e+00 -1.8188007920e-01
2.1316193638e+00 -3.0000000000e+00 -2.3189974470e-03
1.1434970173e+00 2.4707405132e+00 5.6365050708e-01
-1.1823004067e+00 1.0390244093e+00 -2.2662952324e-01
1.9718408131e+00 1.8498118065e+00 1.9352170602e-01
-2.4017720116e+00 2.5295990811e+00 4.6107085885e-03
4.8768836533e-01 2.2851430233e+00 2.6517938436e+00
1.0454083707e+00 3.0000000000e+00 1.0092229161e-01
1.4989660313e+00 -2.4446719177e+00 -2.1626665330e-01
-1.7619349978e+00 -3.3949951767e-01 -1.5498309369e+00
-6.0224624040e-03 -1.2873535584e+00 -3.9668907258e+00
-6.4534587285e-01 -2.0350460504e+00 -1.8442914150e+00
-5.3893382214e-01 2.6533600607e+00 8.6097893969e-01
1.0970762238e+00 -1.7283466881e-01 3.2069131953e+00
-6.3343128847e-01 4.3989510121e-03 8.0929940848e-01
-7.3643111472e-01 2.8961982752e+00 2.6922407200e-01
-2.7126402567e-01 -3.2008298315e-02 1.8872837298e+00
2.5058102943e+00 -1.9375068599e+00 -5.5870927213e-06
1.4272538494e+00 -3.9488041124e-02 3.4414782171e+00
-2.7839215994e+00 -2.2271830994e+00 1.7169153215e-03
4.7108331033e-01 -3.0000000000e+00 -2.2788471297e-01
2.8711339689e-01 -2.4650260115e-01 4.3552673835e-01
-2.5219597423e+00 -4.9168036293e-01 -1.8743840171e-01
8.3271290087e-01 -2.4153933357e+00 -1.1908126345e+00
-2.1706204090e+00 2.0994995227e+00 3.2934435877e-02
-2.8253022898e+00 6.3865220436e-01 -5.6586530519e-02
2.5221445578e+00 1.2031011040e+00 7.3453446999e-02
-1.7424997292e+00 3.0000000000e+00 1.4081686639e-02
1.8104386061e+00 2.2400300288e-01 2.0153380692e+00
-2.1200451961e+00 2.2066577208e-01 -9.8558430023e-01
1.0286349877e-01 -1.4154404731e+00 -5.6105889759e+00
1.8450506353e+00 -1.5191957263e-02 1.9911511183e+00
-2.1316503731e+00 2.5044141424e+00 1.7746053498e-02
-3.4714131698e-01 7.9917867976e-01 1.7296425718e+00
2.6891823925e+00 -1.8203299289e+00 2.8752614764e-03
1.4720719186e+00 3.0000000000e+00 3.4752417936e-02
1.2898507573e+00 -5.1238762489e-01 2.7354710563e+00
-8.1390317118e-02 3.0000000000e+00 2.9790782684e-01
1.0907505988e+00 1.6755449580e+00 2.6236620220e+00
1.7115273852e+00 4.7845807403e-01 2.0049223751e+00
3.0000000000e+00 1.7584518709e-01 3.1959935420e-02
1.2519734086e+00 -1.7806652785e+00 -1.3958521783e+00
-7.4157772284e-01 -1.9614467694e+00 -1.5298187430e+00
1.1818539108e+00 -3.0000000000e+00 -7.3308512151e-02
2.1126140710e+00 1.2960801813e+00 2.7230085952e-01
2.7949721312e+00 -4.8462140495e-01 7.1026394694e-02
-1.9274890446e+00 -1.6341475952e+00 9.8365310280e-02
1.9868045661e+00 2.2140504791e-01 1.3813041348e+00
2.9323221238e+00 -1.8072381017e+00 1.4527070704e-03
-9.2921501037e-01 -2.5044187242e+00 -3.0031206400e-01
2.5781957771e+00 8.3847030425e-02 2.1720015095e-01
2.9650957493e-01 1.1099700389e+00 4.4099576864e+00
-3.0000000000e+00 2.1052021610e+00 1.4717890547e-04
-2.4551812919e+00 -8.4599212795e-01 -1.0901383921e-01
3.0000000000e+00 -2.3415548870e+00 1.9147693133e-05
-5.9388105340e-01 -1.5257781140e+00 -1.6927123744e+00
-2.6750871274e+00 -1.5444844633e+00 1.9715202769e-03
2.3123613554e+00 1.6408662369e+00 7.6763503790e-02
1.7320952969e+00 1.8861468841e+00 4.0761238663e-01
-2.2735879440e+00 -3.1932282527e-01 -5.2498444901e-01
-2.6115033195e+00 2.5439925469e+00 1.4687772543e-03
-3.0000000000e+00 -2.1272768090e-01 -3.3787051648e-02
-8.2891418909e-01 1.1114590021e+00 1.8544792771e+00
-8.0232586369e-01 5.0259601840e-01 -1.0355096933e+00
2.8316505192e+00 6.5562892046e-01 4.7918127055e-02
2.2768242119e+00 -1.9469437714e+00 -9.8653935657e-03
7.6665474911e-01 3.4898330808e-01 1.4893590576e+00
-1.1899257355e+00 2.4530965298e+00 5.1573667480e-01
-2.8795584292e+00 3.7088967784e-01 -5.7624339789e-02
2.2532906177e+00 1.5021855891e+00 1.2177602205e-01
1.0081743579e-01 6.8936448821e-01 9.1703050260e-01
2.1133041452e+00 -2.3268243735e+00 -2.2944669600e-02
1.3539727875e+00 -2.4509304007e+00 -3.3203924825e-01
2.9092537484e+00 -4.9189293626e-01 4.1555700341e-02
-1.0989235362e+00 -1.1850851908e+00 1.2084713964e+00
2.7908049763e+00 -5.4612269112e-01 6.8231190739e-02
-1.6008101056e+00 1.0735466447e+00 -6.2592918205e-01
-1.1875855635e+00 1.7539492055e+00 1.6938070039e+00
-1.1281468718e+00 1.0196584076e+00 -1.5842315525e-01
7.6383366600e-01 1.9160674639e+00 3.7075947048e+00
9.0685753478e-01 -1.4002472692e+00 -2.9716616415e+00
3.0000000000e+00 2.6500950922e-01 3.0670965327e-02
1.8966700283e+00 -8.0321792447e-01 9.4152804007e-01
-2.6299391038e+00 1.7707611362e+00 -1.1083539536e-03
1.9378888877e+00 2.4751596173e+00 5.0987724478e-02
-2.1441852559e-02 -3.4238678339e-01 1.9126048789e+00
7.4926858536e-01 -2.4716663454e+00 -1.1536895992e+00
1.3273994480e+00 5.5060615618e-01 2.6970804063e+00
-5.6540107973e-01 -8.9223035562e-01 3.0793303658e+00
1.3630100218e+00 -2.1537931270e+00 -6.4878797763e-01
9.1556977920e-01 2.0265076923e+00 2.4745315615e+00
2.3065171634e+00 -1.6658134859e+00 1.2977727964e-02
-8.9785444409e-01 1.6169144898e+00 3.4163651254e+00
2.9708721393e+00 -9.3452717497e-01 1.6981049073e-02
1.7420811977e+00 2.0328006041e+00 3.0592036678e-01
9.0482304637e-01 1.6498743566e+00 3.7058449902e+00
-2.3778237242e+00 -2.6471680578e+00 3.3755543399e-03
1.4327406135e+00 -2.5300231941e-02 3.4327187395e+00
2.6070548585e-01 -2.7444219093e+00 -7.0643174731e-01
7.4049671800e-01 2.8571789725e+00 3.1389118509e-01
-3.0000000000e+00 -8.3218295508e-01 -1.3841923444e-02
1.1221746224e-01 2.1245701446e+00 4.6802793507e+00
8.9177300580e-02 -6.1612736198e-01 1.3423014403e+00
1.3726982153e-01 1.8713700097e+00 6.7778814408e+00
5.9529279893e-01 2.8108567796e+00 4.5623154472e-01
1.3412956229e+00 -2.3486639509e+00 -4.5181554922e-01
-1.8551098996e+00 1.2392209323e-01 -1.8326073712e+00
-2.2710448264e+00 2.4572797741e+00 1.0598963934e-02
-1.4031095421e+00 -2.4131486060e+00 -2.0686652072e-02
-2.5199661246e+00 3.0000000000e+00 4.8622835515e-04
2.9722903791e+00 1.1891282008e+00 9.9435223269e-03
-2.1191726386e+00 -1.3904680715e+00 3.5411265214e-02
-4.2327241945e-01 -2.2186664574e+00 -2.1229188691e+00
-3.0000000000e+00 2.5335644253e+00 1.4698770843e-04
-2.3768637074e+00 -6.3378064952e-01 -2.3568193800e-01
2.6434826198e+00 1.7964857858e+00 1.3420393348e-02
-2.7357791166e+00 1.1136395180e-01 -1.1990753579e-01
-1.9562602893e+00 -3.3911658546e-02 -1.4521918745e+00
3.0000000000e+00 -1.1846085626e+00 8.7314287903e-03
-5.8558439015e-02 2.3405266442e+00 2.9240065521e+00
-2.8765895873e+00 -1.1615492745e+00 -8.1189007985e-03
3.0000000000e+00 1.4050281079e+00 5.4679678367e-03
2.1024755833e+00 9.3996694125e-01 4.7866823414e-01
-1.5732919338e+00 2.4446504425e+00 1.7823105665e-01
-4.2287445875e-01 -1.8535477134e+00 -3.4462244924e+00
-2.9645805234e+00 1.4794949704e+00 -3.9098102745e-03
-5.6716359712e-01 -5.0316427860e-01 3.3885121656e+00
2.7917164380e+00 2.1159602116e+00 2.9811818405e-03
2.7599386873e+00 -1.7768381697e-01 9.9888985154e-02
2.9168406582e+00 -2.2889392362e+00 9.2224269030e-06
-1.8029879807e+00 -2.7315387396e+00 1.0349096392e-02
1.2353321632e+00 3.2370972752e-01 3.2180532981e+00
2.5185897704e+00 3.0964310503e-01 2.4944059498e-01
1.0587023712e+00 2.8277047322e+00 1.9959138707e-01
2.4473887360e+00 -1.0160006088e+00 1.3248021427e-01
2.7676724083e+00 2.1192184753e+00 3.3489464402e-03
-2.5057897132e+00 3.0000000000e+00 5.2287211266e-04
-1.8076202080e+00 -1.4525629990e+00 1.5822688052e-01
-2.6806475114e+00 -9.7737643177e-01 -3.4000434275e-02
3.0000000000e+00 5.0535554319e-01 2.5422301261e-02
-6.1323895439e-01 -1.3828746693e+00 -6.5190295756e-01
-1.6545835324e+00 -1.2402452029e-01 -2.2547078176e+00
-6.1373132098e-01 5.0305325205e-01 -6.9102339762e-02
-1.6511951057e+00 -2.0203236091e+00 6.5689578092e-02
2.9795888571e+00 1.0155593909e+00 1.3418477415e-02
-9.2633316009e-01 -1.1983457170e+00 1.3518119778e+00
9.9055675610e-01 1.2826033472e+00 3.0698450786e+00
1.5482988618e-01 -2.2713331930e+00 -2.9787045307e+00
-2.8981431279e+00 -2.8853390394e+00 1.6913680855e-04
-1.9128427808e+00 2.8383907870e-01 -1.5794952735e+00
-1.8577754352e-01 -1.3793063629e+00 -3.6480272777e+00
9.4920964090e-01 -8.3506981908e-01 5.2375689251e-01
-1.6298514347e+00 -2.0774159324e+00 5.2871944471e-02
-6.1245121846e-01 -6.2052142938e-01 3.5146233717e+00
-1.0456400835e+00 -2.5885920536e+00 -1.4603522514e-01
-2.8583706673e+00 -2.1519241046e+00 1.3485858299e-03
2.3679733537e+00 -2.5013758567e+00 -3.8276370791e-03
1.1932192910e+00 -2.5236730382e+00 -4.1384413653e-01
2.8333275764e+00 1.2970145499e+00 1.5700501399e-02
1.9930851771e+00 -2.8607766333e+00 -7.9265742756e-03
5.2659091963e-01 -1.6566987073e+00 -5.7298013317e+00
2.2021540936e+00 3.0000000000e+00 2.4478055062e-03
-1.1938630954e+00 -1.5195499996e+00 3.3361061686e-01
6.9931085699e-02 -4.7622352845e-01 1.5757472441e+00
-2.6665752915e+00 1.3081850984e+00 -2.5108220420e-02
-1.7898518691e+00 8.0686507168e-01 -1.1232151850e+00
4.4420868080e-01 1.1946112254e+00 4.7874300762e+00
-2.3335731952e+00 -1.0467358433e-02 -5.3044288348e-01
3.5814294061e-01 -3.0000000000e+00 -2.4390768788e-01
-2.2208367554e+00 6.7404037255e-01 -5.0882537912e-01
1.4091937708e-01 -1.5676858782e+00 -6.4058770697e+00
-2.2920683122e+00 1.0215640949e+00 -2.1207311736e-01
-2.7655950582e+00 -3.0000000000e+00 2.1453946470e-04
-5.0560839532e-01 -7.2145063758e-01 3.6893210566e+00
2.2706350037e+00 1.1481809848e+00 2.0467992797e-01
-1.7901173879e+00 -2.1718299507e+00 4.3572890616e-02
-2.3552398520e+00 2.7404350011e+00 3.0017184223e-03
-1.3339745207e+00 -1.9704920212e+00 -3.6426067404e-02
-5.1216899046e-01 -2.2919182127e+00 -1.5538041763e+00
8.8653111212e-01 -3.7677039145e-01 2.0275214523e+00
1.8391932380e+00 -2.9253442950e+00 -1.1829797459e-02
8.4842613993e-01 -6.9535982660e-02 2.1399833096e+00
1.6679655043e+00 -1.5865006778e+00 -2.2824950399e-01
1.8688896620e+00 -2.1648603365e+00 -9.8329921450e-02
2.1681952877e+00 -2.7407190393e+00 -5.3998548044e-03
2.3122458780e+00 1.8995965300e-01 5.5290205332e-01
-1.8248044991e+00 1.5068845924e+00 6.0229960742e-02
-1.1595325488e+00 -1.4910578137e+00 3.7608375230e-01
-2.6043938604e+00 7.3285295735e-02 -2.0452549644e-01
4.9634486679e-02 -1.0474242120e+00 -1.5711447524e+00
1.6347110289e+00 2.5976116625e-01 2.6277667119e+00
-2.4600312422e+00 -1.8077887027e+00 1.2306783295e-02
-2.4583529910e+00 1.4111742495e+00 -3.3577893634e-02
-2.4745077487e+00 2.7237326614e+00 1.7554614744e-03
2.6113565897e+00 -3.9111118041e-01 1.6785833157e-01
-2.8333690060e+00 -1.9617644782e-01 -7.3211584648e-02
2.7887395336e+00 9.3603237606e-01 3.8235025757e-02
8.9487149655e-02 4.1692233306e-01 2.0765721235e-01
-6.4969337769e-01 6.8466056134e-01 1.5408013754e-01
3.0000000000e+00 -1.2878423539e-01 3.2737466594e-02
-5.3076984795e-01 2.7204163927e+00 6.8633204038e-01
-2.7349558165e+00 -2.6008515961e+00 8.9690065499e-04
-2.7910456649e-01 -2.0143089097e+00 -3.6799573314e+00
-2.5732632060e+00 1.0099519695e-01 -2.3033535579e-01
-1.4717399120e+00 -1.4443049561e+00 3.8497399147e-01
-3.9308428588e-01 4.8532236593e-02 1.5842489508e+00
1.2379219897e+00 2.6400791164e+00 2.6366703406e-01
-1.9082342716e+00 6.2747928901e-01 -1.1955858690e+00
9.6337067349e-01 1.8267220634e+00 2.9565465038e+00
-6.8426366279e-01 -1.5135738223e+00 -1.0857872239e+00
-2.1327638083e+00 1.0672040535e+00 -2.9253981130e-01
4.6246360626e-01 8.1617690357e-01 1.5345190026e+00
-2.1447860982e+00 -1.2525142131e+00 -1.0566188023e-03
2.9149287604e+00 3.5730626330e-01 4.3814839034e-02
-3.2626791129e-01 1.8769537088e+00 6.1837446264e+00
-1.3330488620e+00 3.9901077476e-01 -2.8821330337e+00
1.2388504308e+00 -2.3684312315e+00 -5.6959975467e-01
1.7375244687e+00 1.6093052366e+00 5.7523878936e-01
3.0000000000e+00 1.7864885104e+00 2.2631195347e-03
-7.7394187325e-01 -1.7070852689e+00 -1.2840313073e+00
-3.6531273373e-01 -7.3285238613e-01 3.4694981556e+00
-8.3147925513e-01 -1.0600980082e+00 2.0720451872e+00
-2.1123458028e+00 2.0994202644e+00 4.3530260505e-02
-2.6612219461e-01 2.7706105501e+00 7.0532733782e-01
-2.9103171403e+00 -2.6675886535e+00 3.1819426654e-04
2.3531413304e+00 -1.7726968781e-02 5.0257376062e-01
-1.2440521790e+00 1.7422341010e+00 1.4563659612e+00
1.7588316367e+00 1.8248380370e+00 4.1102802669e-01
-2.2419986750e+00 1.0213657036e+00 -2.4609959433e-01
2.8561526723e+00 -4.3855319957e-01 5.5854430046e-02
7.1939197681e-01 -2.0019620671e-01 1.3636763970e+00
1.2872678447e+00 2.2292921643e+00 7.5403756547e-01
2.4783882383e+00 -7.5206068459e-01 1.9015499446e-01
-2.6010042373e+00 -1.4010413901e-01 -1.9686371587e-01
3.4062939559e-01 1.1719600947e+00 4.9170009268e+00
-2.8339683104e+00 -8.9104163907e-01 -2.4491204727e-02
2.2285491617e+00 9.6629443722e-02 7.4274380861e-01
5.9452108322e-01 -9.6595243063e-01 -1.7353296978e+00
2.0780733138e+00 2.8103447823e+00 9.0985598250e-03
-4.8386273526e-01 2.0483699572e+00 4.2914409236e+00
-2.9289521363e+00 3.0000000000e+00 4.9705312036e-05
-3.0000000000e+00 2.7703827504e+00 7.5546912925e-05
3.0000000000e+00 3.8175625978e-01 2.8389878864e-02
-2.5634361249e+00 1.0451408156e+00 -7.9737039516e-02
-2.5397525816e-01 -2.2406438621e+00 -2.5455090665e+00
5.7748671429e-01 2.0808111286e+00 3.6876573882e+00
5.2894358917e-01 2.0591020394e-01 3.9514403294e-01
1.8231643059e+00 1.9384451916e+00 2.7792588929e-01
-1.4068729543e+00 -1.9691957036e+00 1.4388276668e-02
7.8376637489e-01 -5.2155334618e-01 1.2291143554e+00
-1.6840907419e-01 -1.0956528825e-01 1.9141028776e+00
-9.5833617866e-01 -2.2111391211e+00 -5.5213411827e-01
1.9126068781e+00 -1.1620316489e+00 3.6308195990e-01
2.4040513419e+00 -1.1913412375e+00 9.9946327899e-02
-2.1802260059e+00 -1.8860848411e+00 3.3859316727e-02
2.7252744889e-01 1.5914744633e+00 7.5007635493e+00
-1.3073601651e+00 -6.1588365639e-02 -2.6616579647e+00
-2.1832402037e+00 3.0000000000e+00 2.4371489658e-03
-2.5427105843e+00 -6.3631590236e-01 -1.3571513625e-01
-1.9776392104e+00 -8.9947546365e-02 -1.3519322100e+00
-2.8007478493e+00 1.1704227082e-01 -9.0752195503e-02
-2.4835003065e-01 2.1890104671e+00 3.9224402307e+00
2.6468779856e+00 -7.7944217136e-01 9.4550384269e-02
-2.8776512121e+00 2.8813989318e+00 1.0769624936e-04
-2.2240860406e-01 -2.2542792255e+00 -2.5544631902e+00
3.0000000000e+00 1.6793542643e+00 2.9249663627e-03
-8.4333425691e-02 -1.6526440315e+00 -5.6847998579e+00
2.4192956028e+00 -2.6769732072e+00 -1.7027559188e-03
-5.6631461548e-01 -1.2237394038e+00 4.5277367832e-01
-1.8599681845e+00 1.0596744881e+00 -5.2419686973e-01
-1.4502079324e+00 -2.2523430621e+00 -7.8436507972e-03
6.5697305629e-01 2.0559795291e+00 3.4963919438e+00
-5.6418062636e-02 1.2843486509e+00 6.7063679769e+00
2.8039279638e-01 -2.4388813906e+00 -1.9022483107e+00
-2.7361652909e+00 -3.7380132546e-01 -9.5587326300e-02
-1.4481049360e+00 3.2093834528e-01 -2.9003189445e+00
-1.5928120624e+00 3.1471011409e-01 -2.5937884086e+00
2.7750453704e+00 8.8204021807e-01 4.4490039488e-02
1.5164197677e+00 -7.8076662808e-01 1.6538678559e+00
-1.4370484629e-01 -1.3732055840e+00 -3.8988939900e+00
3.1986312867e-01 1.6891432141e+00 7.1388772967e+00
-2.9548207695e+00 -7.5273702597e-02 -4.4517526943e-02
-6.3362890232e-02 1.4313596515e-01 9.0051819511e-01
1.0461968655e+00 -1.1644322899e+00 -1.0385437558e+00
-7.3375171949e-01 1.5582770699e+00 4.5821042811e+00
-2.4740202290e+00 -6.0490147748e-01 -1.8269544299e-01
-2.6319754008e+00 -3.0000000000e+00 3.9241412033e-04
-1.5297030268e+00 1.6780041250e+00 5.6472403128e-01
-1.1897667970e+00 -1.3567337453e-01 -2.1083961498e+00
2.2189309401e+00 2.3345416547e+00 2.4939667464e-02
7.4362898811e-02 1.7168046896e+00 7.7716798538e+00
-2.9280557599e+00 1.0603028875e+00 -1.6742118965e-02
1.5152793663e+00 2.6295274594e+00 1.2887231774e-01
-1.7963320125e+00 8.7987099951e-02 -2.0314761514e+00
2.6031878869e+00 5.3119096431e-01 1.4841342101e-01
-1.7572567669e+00 1.3948202704e+00 -1.0155868156e-02
1.8236822153e+00 1.9753333867e+00 2.5978882975e-01
-1.3090644444e+00 -1.9623512182e+00 -5.5625733022e-02
8.9421955536e-01 -2.9141168569e+00 -1.9285144624e-01
-1.5193103898e+00 -1.9008322371e-01 -2.3351568301e+00
-4.1573679808e-01 -2.2171081405e-01 2.6208913247e+00
-8.0799185561e-01 -3.9068487343e-01 1.5700874749e+00
7.6396724671e-01 -5.2616286458e-01 1.1323136613e+00
1.5555942393e+00 -2.2564704055e+00 -2.8397642670e-01
-1.1152428401e+00 -1.8425812633e+00 -2.7444930942e-01
-1.0929755284e-01 2.6164658340e+00 1.2890650828e+00
1.6867635053e-01 -2.9877343004e+00 -2.6861593338e-01
1.2494914740e+00 1.6264420704e+00 1.9488435021e+00
-4.6568792978e-01 -1.2241518639e+00 -8.1282569014e-02
6.5124340254e-01 6.5394128817e-01 1.1342495052e+00
1.0111047085e+00 3.8865679305e-01 2.5942950757e+00
2.7410067903e+00 1.5139018354e+00 1.5456293284e-02
-6.7011454669e-01 9.8862916059e-01 1.8571899553e+00
1.7255894093e+00 -2.2215109068e+00 -1.6241972256e-01
1.2213643503e+00 -1.3943339039e+00 -1.1609226789e+00
1.0968595672e-01 -1.5077693326e+00 -6.1429763123e+00
-1.9090194763e+00 -1.1994590173e-01 -1.5320719014e+00
-2.0074403898e+00 -2.0235528430e+00 4.3928161261e-02
1.4667622530e+00 -2.4034718980e+00 -2.6819946513e-01
-2.5258540922e+00 1.1457393420e+00 -7.0308775369e-02
-2.9856809202e+00 -1.4831837951e+00 -5.8911596298e-04
-2.8312771986e+00 -1.6328905150e+00 1.1876232583e-03
-1.4942854840e+00 -6.1027325204e-01 -7.6751154851e-01
-1.9742978691e+00 -8.1350101256e-01 -3.4796642174e-01
-2.3823849870e+00 1.3239470089e-01 -4.5524955393e-01
-3.3080290465e-01 5.1456371989e-01 7.7114455147e-01
2.9154903178e+00 6.2707925419e-01 3.3517690941e-02
-2.8381309179e+00 3.0000000000e+00 8.5081722792e-05
6.6619636888e-01 -1.3505948512e+00 -4.2979473650e+00
5.3964501459e-01 2.7390935294e+00 6.3582176329e-01
-2.2505051892e+00 -6.3839116661e-01 -3.3522382905e-01
2.0282691622e-01 -1.0872734204e+00 -2.7742927727e+00
-3.0000000000e+00 -2.9415762170e+00 8.2372769547e-05
-1.8163733508e+00 2.1773682111e+00 1.3811415832e-01
-9.3568721907e-01 -5.7999315089e-01 1.6123043335e+00
5.9205729583e-01 3.2164872012e-01 6.2534876577e-01
-1.4271589277e+00 -1.9797036644e-01 -2.3438537892e+00
8.4922696777e-01 -2.9058004425e+00 -2.1547197263e-01
-1.6503241052e+00 -2.6267476558e+00 1.2371527795e-02
3.3780939200e-02 -1.2258787919e+00 -3.5351084829e+00
2.9226483188e+00 -1.4983877125e+00 5.1654103582e-03
-3.7188316733e-01 -1.5769853016e+00 -3.5412283423e+00
-2.1415938405e+00 2.5834690079e+00 1.3487098829e-02
-4.1892538823e-01 1.7878114733e-01 1.1174340710e+00
-1.1897901032e+00 1.5239754508e-01 -2.8191766462e+00
-3.0342867534e-01 1.8831108142e+00 6.2317128945e+00
-2.2339226960e+00 -1.4626795284e+00 2.4428519764e-02
-1.9692253629e+00 -2.6111020895e+00 1.1568685134e-02
-1.1173614137e+00 -8.5286230280e-01 1.3678565033e+00
-5.6666901065e-01 6.7011726635e-01 4.5980563006e-01
7.8563238316e-01 7.4801231673e-01 1.7280589707e+00
1.0213229196e+00 2.7068027683e+00 3.3872784936e-01
-1.9349925903e+00 4.4133458667e-01 -1.3697561454e+00
2.9614278342e+00 -9.2673337487e-01 1.8032980620e-02
-2.9806705022e+00 -2.1076902720e+00 7.5301659962e-04
-1.4095276116e-01 -3.0000000000e+00 -2.2385418976e-01
2.7330170328e-01 -3.2842667920e-01 5.6022530139e-01
-2.0332595287e+00 -3.0000000000e+00 3.1217088756e-03
2.9865787493e+00 7.2300558950e-03 3.5399321519e-02
-1.9375516189e+00 -1.5558805766e+00 9.9799838116e-02
1.0694140360e+00 2.7001616828e+00 3.1399447628e-01
1.2496172235e+00 2.1883702001e+00 9.0590915924e-01
-2.1608704556e+00 -2.7247505673e-01 -7.5589690951e-01
-2.8669320240e+00 -1.3669992756e+00 -2.5570969861e-03
-1.8717990281e+00 -1.0365245723e+00 -6.8137277988e-02
8.2037859755e-01 1.2752930501e+00 3.7712358628e+00
-2.5887335397e+00 2.3342289272e+00 2.6599630666e-03
2.9363631585e+00 -1.8473986282e+00 1.1783337894e-03
-1.1160737136e+00 3.0000000000e+00 8.5841249924e-02
2.0961298902e+00 -3.0000000000e+00 -2.7552145589e-03
-1.6483823494e+00 -3.0000000000e+00 5.2835178789e-03
-1.6690295105e+00 -2.8335705581e+00 8.0485746372e-03
2.9268060536e+00 4.3677570460e-01 3.8825948186e-02
-1.2078462686e+00 -8.2106400476e-01 8.8651858346e-01
5.5683780126e-01 -6.1695653888e-01 2.1212664067e-01
-6.0739557656e-01 -1.4138657890e+00 -9.1124248475e-01
2.2756970505e+00 -2.7234782037e+00 -3.2777549140e-03
1.3532433670e+00 -6.5599537735e-01 2.2257268350e+00
-1.5189036573e+00 2.7383615810e+00 8.2993643756e-02
-2.5006929961e+00 2.9860917481e+00 5.6884775678e-04
2.1564846077e+00 -2.7167357266e-01 8.7441624901e-01
3.0000000000e+00 -1.7672794740e+00 1.3195231811e-03
3.3853824086e-01 2.7589712385e+00 7.0477645294e-01
1.7860023507e+00 -2.2933705976e+00 -1.1003297311e-01
-2.0873921627e+00 8.2787210696e-01 -5.7373408677e-01
2.8183631638e+00 2.6287089248e+00 5.2195925701e-04
-2.9957626620e+00 2.1380997848e-01 -3.6330069818e-02
-6.8232916649e-01 -2.6629786296e+00 -3.6530717119e-01
-1.8242494415e+00 9.9068056715e-01 -6.8576869090e-01
-3.0000000000e+00 1.9742621058e+00 -3.3044043274e-05
-1.1167524177e+00 -2.7583730118e+00 -5.4066023692e-02
2.0189329874e+00 2.3248006742e-01 1.2700521890e+00
2.3387949238e+00 -2.3754845835e+00 -6.0316947578e-03
-3.0000000000e+00 -2.1716753754e+00 6.2131575953e-04
3.9456727305e-01 -1.7835484106e+00 -5.9154125583e+00
1.6990555111e+00 -9.9008713741e-01 8.3759973188e-01
-3.7208862987e-01 4.8236695284e-01 7.0642554694e-01
-1.2961162479e+00 -1.7583481921e+00 5.9473231967e-02
-9.7715054513e-02 -5.8017670585e-01 2.5631474047e+00
-6.6076321829e-01 1.0318583001e+00 2.2419209542e+00
-4.7719969839e-01 -1.5051052310e+00 -2.3822869825e+00
-2.3538674493e+00 -5.2101133221e-01 -3.1253129455e-01
-9.4749733212e-01 1.1947580725e+00 1.6914385650e+00
-2.2790167595e-01 -2.1782358953e+00 -2.9764906196e+00
-1.5511124955e-01 9.5495204549e-02 1.2791465833e+00
-2.1336137095e+00 -2.7033147524e+00 6.1478372896e-03
-2.0884931826e+00 3.5816702260e-01 -1.0064988005e+00
-8.6380393232e-02 -2.3349427991e-02 1.3743240559e+00
6.4864261288e-02 -2.4559256963e+00 -1.8237345262e+00
-5.4908446421e-01 1.9186628560e+00 4.8289214844e+00
-9.0734177389e-01 -2.5183836027e+00 -3.1004818280e-01
1.3298231933e+00 8.2853310822e-01 2.1275670139e+00
2.4194331713e+00 -2.0466058242e+00 -3.8739869871e-03
2.7997232998e+00 -1.4251608629e+00 1.1218575517e-02
2.2222294231e+00 2.8040074747e+00 5.0723373628e-03
-2.3360045742e+00 -2.9103149167e+00 1.7155852449e-03
2.8309604291e+00 -2.1918829470e-01 7.1529357475e-02
1.8784765205e+00 7.3590405865e-01 1.1077145133e+00
2.6889390413e-01 2.9247473122e+00 3.8365239042e-01
-2.2438843644e+00 -6.7986361417e-01 -3.0987153595e-01
-1.0392625383e-01 1.1315246032e+00 5.1511594193e+00
-2.7128088859e-01 2.2158740931e-01 1.1343145387e+00
-3.4027649662e-01 -1.8296327982e-01 2.4985820813e+00
-2.7038947558e+00 2.2507376335e+00 1.5094939311e-03
-3.0000000000e+00 8.2042007813e-01 -1.9285135632e-02
2.3634194841e+00 3.0000000000e+00 1.1837741285e-03
2.1371198642e+00 -8.8043657053e-01 4.6092178962e-01
9.0781222869e-01 1.2128758038e+00 3.2130566977e+00
-2.8426403880e+00 5.6246373094e-01 -5.7352082639e-02
-2.9051896537e+00 -1.3697532779e+00 -2.2500296653e-03
-1.7924392356e-01 2.2810014905e-01 1.0150010200e+00
-1.8506476787e+00 6.0111200062e-01 -1.3873394304e+00
5.0014993769e-01 2.0145877573e+00 4.4663823954e+00
-2.6474781447e+00 1.7128220403e+00 -2.7309318961e-03
-1.7894441178e+00 -1.2047262150e+00 1.1498141217e-01
-4.4906135065e-02 2.3604818461e+00 2.7814593736e+00
-1.1856820818e-01 1.2616120926e+00 6.4514033044e+00
-1.3776835155e+00 -1.6328643031e+00 2.2985772924e-01
-5.1971022118e-01 -1.2874495794e+00 -3.8056111775e-01
2.3782403572e+00 2.6873632304e+00 3.9107876708e-03
-1.4987573433e+00 -1.9318751546e+00 6.6089336183e-02
1.3305801371e-02 -5.0123200434e-02 1.0389637707e+00
6.6035882921e-01 6.7577045858e-01 1.2156675649e+00
2.6883305175e+00 2.8732569693e-01 1.2758599693e-01
-1.9894228094e-01 1.9539742117e+00 6.0189321334e+00
2.6386822256e+00 -6.8036303885e-01 1.1234051556e-01
-1.1543659501e+00 9.0022610920e-01 -8.8555271396e-01
-3.0000000000e+00 4.1494567408e-02 -3.6616652353e-02
2.6587608692e+00 -7.2426465750e-01 9.7494176361e-02
-6.8521774879e-01 3.0587847412e-01 -3.4326768418e-01
3.0000000000e+00 -1.3135086919e+00 6.2859637305e-03
8.1992953030e-01 -2.8072438463e+00 -3.3381384317e-01
-2.4057424511e+00 4.9211997150e-01 -3.4748540626e-01
-1.0685951894e+00 -2.6887973021e+00 -9.1164551271e-02
-1.0315824583e+00 -9.8831812070e-02 -1.4791332490e+00
-1.4069456427e+00 1.4033240178e-01 -3.0138736429e+00
-2.8832421625e+00 -1.6546484914e+00 9.2557804263e-04
-1.8069789070e+00 -2.3158347278e-01 -1.6695939299e+00
-2.8417489071e+00 1.8109896986e+00 -7.5659465266e-04
1.1288623110e+00 2.4015598254e+00 7.0921917304e-01
2.6546833332e+00 -1.8011891815e-01 1.5669162074e-01
-4.7955713498e-01 1.1852844719e+00 4.5149717719e+00
1.8667649373e+00 2.0380583362e+00 1.9886164556e-01
2.3149948918e+00 -2.2252436290e+00 -8.7392293741e-03
-2.3024999785e+00 9.7862729786e-01 -2.2770524134e-01
2.8775476898e+00 1.4786145238e+00 8.6382492671e-03
6.8034841141e-01 6.9002485914e-01 1.3097799516e+00
-3.6837277777e-01 2.7755346946e+00 6.4888741776e-01
3.0000000000e+00 2.0183049309e+00 1.2579066016e-03
-1.0179492257e+00 2.9154981240e+00 1.5136638094e-01
2.7987089736e+00 -2.9144806440e+00 -5.4790381786e-05
-1.2072798802e+00 2.0177355632e+00 1.2626586026e+00
-3.0000000000e+00 -1.9727828314e+00 7.5741031507e-04
2.6252774063e-01 -2.9659883969e-01 5.5276976076e-01
1.0405050063e+00 -1.8187020197e+00 -2.3521647002e+00
-1.9538217860e+00 6.8895082387e-01 -9.9568912025e-01
5.5736256467e-01 -1.3627052772e+00 -4.9343488216e+00
2.3492074026e-01 2.5060806541e+00 1.7509173664e+00
1.1205654349e+00 -1.3894987129e+00 -1.6413134812e+00
-2.1641139713e+00 1.8821668961e+00 3.4828117363e-02
-1.9018821869e+00 2.5257573445e+00 4.3617499328e-02
1.9151242389e+00 2.6067594236e+00 3.6295419422e-02
1.1233877913e-01 -1.6067194608e+00 -6.4072796585e+00
4.0129332464e-01 -8.3175028371e-01 -8.9680804982e-01
4.3928203279e-01 -5.7600453479e-01 2.2613696554e-01
-9.5022867411e-01 -7.7960253795e-01 2.1148176168e+00
4.2695101748e-01 -7.3994862384e-02 2.4231878450e-01
1.1786210201e+00 -1.6538504864e+00 -1.7591446263e+00
2.3885613094e+00 -1.2874266874e+00 7.8717642853e-02
4.1871336519e-02 -5.1738758698e-01 1.7452594169e+00
2.5298358675e+00 -3.0000000000e+00 -2.5242493352e-04
1.6548954789e-01 3.2721784919e-01 5.5286288105e-02
-7.4609125507e-01 1.9357868668e+00 3.6314318663e+00
-1.5297960844e+00 -9.2347018064e-01 1.1126998869e-01
1.3058212511e-01 1.2677882252e+00 6.4007939583e+00
-2.1736991081e-01 -1.7746691542e+00 -4.8661286697e+00
1.3832438999e+00 -2.7322596342e+00 -1.2344887509e-01
-3.0000000000e+00 2.4969105574e+00 1.5900321585e-04
-2.3540848391e+00 -1.2098278667e+00 -2.3293036783e-02
-1.9131435368e+00 2.1926999556e+00 9.1416055317e-02
2.0621411115e-02 -2.6168808244e+00 -1.0917088984e+00
1.9856561274e+00 -2.5445692723e-01 1.3831215177e+00
2.5897744613e+00 -2.9280732208e+00 -2.3321949768e-04
-7.6953158636e-01 -4.9549259876e-01 2.3458628629e+00
-2.3066682929e+00 -2.2476107435e+00 1.1793375717e-02
1.1839806650e-01 -9.1411334620e-01 -5.8228661555e-01
-6.0273664135e-01 -4.5681248019e-01 3.0907751634e+00
-2.2254027949e+00 2.6218804030e+00 8.2041211996e-03
-3.9396460391e-01 -2.3347485166e+00 -1.7092882626e+00
-5.1833825243e-01 -1.2413743139e+00 4.6598364676e-02
9.1029502398e-01 -1.2966682811e+00 -2.5059075403e+00
-1.2628421719e+00 -2.6260916077e+00 -3.8765479917e-02
-1.5052129285e+00 -9.7858694770e-01 2.5802576298e-01
2.8499142652e+00 -2.4989141571e+00 -1.0913112595e-04
1.6307368937e+00 -8.5293224458e-01 1.2851573255e+00
2.4852888922e+00 1.3606996356e+00 6.3710167048e-02
2.4810911814e+00 -2.2213467039e-01 3.0595398944e-01
9.9639894553e-02 -1.0964285295e+00 -2.4158243993e+00
-1.5342416908e+00 7.9215699052e-01 -1.5779706971e+00
-2.2954156588e+00 -1.0167466430e+00 -8.7411583732e-02
-1.6390919481e+00 -2.7845447224e-01 -1.9294780969e+00
1.4330324612e+00 4.8818171121e-01 2.7199670859e+00
-2.0207002036e+00 1.0640154564e+00 -3.8358717649e-01
-2.2826016483e+00 1.3743959599e+00 -6.3040507075e-02
-2.3203445971e+00 -2.6144412614e+00 4.5184481476e-03
2.9169315727e+00 2.5549862882e+00 3.9263279256e-04
4.1131989136e-01 -3.7557878674e-01 4.0715061357e-01
7.6123553488e-01 -1.3785070751e+00 -3.8468907489e+00
2.1195643518e+00 2.5182979785e+00 2.1756405635e-02
-2.2727588828e+00 -1.6502338881e+00 2.7693875921e-02
-2.4058555789e+00 -5.0801117925e-01 -2.7098737997e-01
1.2917669511e+00 -4.1528425187e-01 3.0227894560e+00
1.2235983135e+00 4.9569796980e-01 2.8319459974e+00
2.2416182802e+00 7.0518889114e-01 4.4094889847e-01
1.8497014656e+00 -2.3231472393e+00 -7.9033687721e-02
-5.4298770772e-01 -2.7766696989e+00 -3.2494254384e-01
-2.8420332588e+00 2.2538019693e+00 6.2178500396e-04
2.1737926353e-01 -3.0000000000e+00 -2.5399172378e-01
-2.0871398430e+00 1.1962681242e+00 -2.1237090254e-01
2.8251613017e-01 1.8330942268e+00 6.6236947774e+00
1.5255245894e+00 2.4318431625e+00 2.3274484814e-01
-2.0852954418e-01 2.4798309477e+00 1.9167913137e+00
-2.5815016644e+00 7.8659268198e-01 -1.2530928531e-01
1.6789983437e+00 2.8036564109e+00 4.0874404312e-02
2.5108027909e+00 2.1797940522e+00 1.0196307734e-02
-2.8961049412e+00 -2.2200023961e+00 9.9500991536e-04
-1.9810582322e+00 1.6715133189e+00 6.1134037902e-02
-2.1813444553e+00 1.4081702817e+00 -6.2622707714e-02
2.1771974067e+00 -5.6650696445e-01 6.5294202807e-01
1.3802449038e+00 3.2614081576e-01 3.1637893168e+00
8.7378034090e-01 -1.6875516431e+00 -3.5511724839e+00
1.2649468611e+00 3.4123677526e-01 3.1959405968e+00
2.7827692477e+00 1.4730354328e+00 1.3832064079e-02
2.0521521243e+00 -2.5161155477e+00 -1.9505691663e-02
-1.7946293248e+00 -2.4605723579e-01 -1.6746375521e+00
1.8570329076e-02 -8.0135856772e-01 9.5704234975e-01
9.0518247008e-01 1.8393689244e+00 3.2324876752e+00
3.0000000000e+00 -2.7622594397e-01 3.1061946037e-02
1.3867900952e+00 -1.6367723158e+00 -8.9489311068e-01
1.3987981721e+00 8.6103232719e-01 1.9749410664e+00
-3.0000000000e+00 1.7285493579e+00 -9.8634653209e-04
8.5153879105e-01 -7.1703937211e-01 7.6912818887e-01
-1.3667219730e+00 -4.9060986332e-01 -1.0289539710e+00
2.8039767421e+00 -8.1867450318e-01 4.5229148073e-02
2.2657684645e+00 -2.1976671577e+00 -1.2125664104e-02
-2.3446924165e+00 -1.1884988065e+00 -2.8197591751e-02
-2.2715673050e+00 5.6063149071e-01 -5.0229470185e-01
2.8384494465e+00 1.2734148522e+00 1.6080783047e-02
-2.5431894861e+00 -1.2950165527e+00 -8.9888488803e-03
1.7539271919e+00 1.3660975035e+00 6.9986089584e-01
2.4790034194e+00 3.0000000000e+00 6.8169776188e-04
-1.2567804797e+00 1.3015621518e+00 7.1643284509e-01
-3.0000000000e+00 -6.6605554391e-01 -1.9629767862e-02
-1.3383678636e+00 8.9617732292e-01 -1.2170143640e+00
-1.4054007066e+00 -7.9282653460e-01 7.8335027925e-02
-1.1204619786e+00 1.2633415751e+00 1.1320435074e+00
2.2558670277e-01 1.5425074211e+00 7.6522795206e+00
-1.9480675631e+00 -2.0926095934e+00 4.3106594041e-02
-1.1634990749e+00 -2.3107216077e+00 -1.8391837974e-01
-1.4116768983e+00 -1.2304841237e-01 -2.5728981136e+00
-2.3459633795e+00 1.2678330735e+00 -8.4923420567e-02
1.7786657021e+00 -3.0000000000e+00 -1.0993253006e-02
7.6351471727e-01 -1.2271782458e+00 -2.9984345561e+00
1.5936917103e+00 1.6574857217e+00 8.2113319100e-01
2.3743496104e-01 -1.5531968230e+00 -6.4762021283e+00
-3.1720466942e-01 1.0584817986e+00 4.0114655260e+00
-7.5923957465e-02 2.1269488072e+00 4.6945597474e+00
2.1967755817e+00 3.9263067981e-01 7.0413367178e-01
7.6509255243e-03 -1.3358719958e+00 -4.5251775144e+00
-7.3064712736e-01 -1.6101399897e+00 -1.2476348203e+00
-2.7199386820e+00 8.1394725931e-01 -6.8663960755e-02
-1.9616267522e+00 2.6339155943e+00 2.4629539766e-02
1.7063831931e-01 -1.4022478116e+00 -5.7176023023e+00
5.3307865389e-01 7.9685241357e-01 1.4631001699e+00
2.5016907438e+00 -8.2557556382e-01 1.5559779976e-01
2.1196315050e+00 -4.9971386147e-02 1.0326045945e+00
-2.7138811784e+00 1.9076816723e+00 5.0921061901e-04
1.7567404264e+00 -1.7438872258e+00 -1.9623201111e-01
-2.7299881724e+00 1.2649651210e+00 -2.2614765878e-02
-7.0646998207e-01 -1.1698976907e+00 1.3632056299e+00
-1.5156758570e+00 5.0485955793e-01 -2.4509033227e+00
-2.0336253062e+00 -1.6281782036e+00 6.9980138444e-02
1.1698639999e+00 -9.0416535805e-02 3.4570894489e+00
2.4447470415e+00 -2.7443572436e+00 -1.1667355272e-03
-1.1327989637e+00 -2.5339267252e+00 -1.1758653408e-01
-2.8709237985e+00 -1.3983440085e+00 -1.9196893693e-03
-1.3760483072e+00 3.0000000000e+00 4.4677234560e-02
-2.7827964010e+00 2.0812579192e+00 8.4758714772e-04
-2.1764868803e+00 5.1275683961e-01 -7.0026861061e-01
-1.1457551750e+00 2.2620203084e+00 9.3297481885e-01
1.5725613447e+00 1.9756113058e+00 5.7304899887e-01
2.5839548837e+00 2.4573820796e+00 3.1947824969e-03
-3.0000000000e+00 1.6227782698e+00 -1.7751650813e-03
2.1698462518e-01 1.7195798685e+00 7.4361525897e+00
-1.1076784329e+00 -1.8413431120e+00 -2.8920170375e-01
3.4428769165e-02 1.4707986007e+00 7.8877313289e+00
-1.2221349454e+00 -2.7562600062e+00 -2.9047006475e-02
-1.3288027112e+00 -5.6313698589e-01 -5.8061568710e-01
-2.6397585910e+00 2.6788195937e+00 8.4698337693e-04
-2.3198058103e+00 3.9960680704e-01 -4.9933955356e-01
1.3994448774e+00 -9.6180020506e-01 9.8317213472e-01
1.6110868969e+00 -1.5359642205e+00 -2.6790220990e-01
-2.4765287546e+00 2.4386513746e+00 3.9596606786e-03
1.6866191243e+00 -1.9675182326e+00 -2.7094148791e-01
-2.8313238194e+00 2.0049932054e+00 4.0107084990e-04
-2.1843967396e+00 -1.3350786952e+00 1.3771439742e-02
1.7995253370e+00 1.3705441724e+00 6.1802304623e-01
-1.6792359941e+00 -9.9266619007e-01 1.1769473198e-02
7.7218731736e-01 2.5981313943e+00 7.6532641445e-01
3.2727223462e-01 1.2943581893e+00 6.0560561351e+00
-2.9119367362e+00 8.1814226273e-02 -5.5342403902e-02
1.9315629970e+00 2.1530649113e+00 1.2343326951e-01
7.8166099398e-02 9.0865439988e-02 5.1813002899e-01
-2.2056841902e+00 2.4400973315e+00 1.5052478204e-02
2.6596522953e+00 -1.7290492629e+00 5.3187187710e-03
3.0000000000e+00 -2.2182457888e+00 8.9879905163e-05
1.0236754358e+00 8.5545143674e-01 2.2343170390e+00
8.4448155545e-01 -1.1054404284e+00 -1.7260470151e+00
-1.4693047016e+00 3.0000000000e+00 3.4181083183e-02
-6.2967221626e-01 -1.7152092390e+00 -2.1147000458e+00
3.0000000000e+00 -2.2924031904e+00 4.0900639820e-05
-1.6607823707e+00 1.1969719695e+00 -3.1171035388e-01
-3.0349804884e-01 -2.6391885491e+00 -7.8580943395e-01
-1.1061342144e+00 7.6625602735e-01 -1.4298544647e+00
-7.3851554742e-01 -4.1082614015e-01 2.1449913493e+00
1.4305035468e+00 3.5832757379e-01 3.0186653329e+00
-1.6377568735e+00 7.6521604238e-01 -1.5088109913e+00
1.7519218429e+00 -1.6120495847e+00 -1.4829429227e-01
2.0036917439e+00 3.0000000000e+00 5.5822513594e-03
-2.1264953788e+00 -1.7191545060e+00 4.8185677637e-02
1.3031581637e+00 -2.3591042024e+00 -4.9028540944e-01
1.3419472175e+00 -2.4800488163e+00 -3.1634534902e-01
1.6905946101e+00 -2.0419325708e-01 2.5162610736e+00
1.9461203254e+00 -2.3684600925e+00 -4.6696137617e-02
1.7482025598e+00 -2.5371303739e+00 -6.8017739330e-02
-2.7912747731e-01 -8.7504602344e-01 2.3177820293e+00
1.1832590365e+00 2.4605081374e+00 5.3037736370e-01
2.5578797390e+00 1.7984880276e+00 1.9880565857e-02
-2.2119662376e+00 1.7757013687e+00 2.0133349765e-02
2.1848928934e+00 4.9985412027e-02 8.5397684652e-01
1.7456370647e+00 -9.1761272804e-02 2.3750936461e+00
-1.4467250708e+00 2.4929563736e+00 2.3013499715e-01
1.1539115484e+00 -1.6592221450e+00 -1.8848717441e+00
2.9561494441e+00 1.8719777918e+00 2.3242809610e-03
-2.9241587917e-01 2.9612407011e+00 3.2505066595e-01
2.8431251532e-01 7.0986721260e-01 8.5312958111e-01
4.2943486580e-01 -1.2298814501e-01 2.7875461686e-01
-1.9982305112e+00 -1.9952280692e-01 -1.1996772804e+00
2.0229548942e+00 1.2308042673e+00 3.9312377510e-01
-1.0405987437e+00 1.9325370366e+00 2.0982870459e+00
-2.7447973103e+00 1.4620564150e+00 -1.0300355318e-02
-2.8463900799e+00 2.4612603564e+00 4.5504367226e-04
-4.8604418245e-01 -1.4982949856e-01 2.1522801532e+00
-1.4399734321e-01 -2.5991954787e-01 2.2995247123e+00
-2.8924989423e-01 5.3131900891e-01 8.1497008262e-01
6.5365487695e-01 -1.0223980342e+00 -1.9942748247e+00
-2.8719709679e+00 1.7482600290e+00 -1.3007904487e-03
1.4699905222e+00 -4.9585631756e-01 2.6289560961e+00
-1.3019096946e+00 -8.1371537702e-01 4.8129645370e-01
2.3297187967e+00 -2.4445839780e+00 -5.4885406093e-03
7.9815409534e-01 2.3522390682e+00 1.5130741536e+00
-2.4564851378e+00 -2.9576766303e+00 9.3730163076e-04
-1.9135174445e+00 1.2621188220e-01 -1.6332749726e+00
-1.1025536810e+00 5.8176100514e-02 -2.3544815622e+00
-1.5733711682e+00 -1.4808485929e+00 2.9488502524e-01
-3.9559448974e-02 9.3075363854e-02 9.2642775183e-01
-1.0280691718e+00 -5.8653951796e-01 1.0367872576e+00
2.2846565042e-01 8.2231231293e-01 1.6756285588e+00
-1.8131840386e+00 3.0000000000e+00 1.0919206719e-02
-4.1134692423e-01 -1.8731671595e+00 -3.4785535899e+00
-1.7404699753e-01 1.5778002293e+00 7.8845319288e+00
-1.7171800499e+00 2.7620285426e-01 -2.2481011763e+00
1.8931265684e+00 7.2014007134e-01 1.0944147676e+00
-2.9708431776e+00 2.8695951010e+00 6.4024909285e-05
6.6464657624e-01 -8.6647468375e-01 -7.9125269892e-01
-2.6945540250e+00 1.7680574824e+00 -1.3537659666e-03
9.8988826564e-01 2.5114192043e+00 6.8894113493e-01
6.2751398326e-02 2.2117254413e+00 3.9565314214e+00
2.0609637489e+00 -9.9901010050e-01 4.3550547836e-01
2.5192681843e+00 2.1318599768e+00 1.1080294554e-02
1.2229190493e+00 -8.6993538974e-01 1.1738182955e+00
3.0000000000e+00 8.5729387837e-01 1.5944170887e-02
-3.0000000000e+00 2.5435188140e+00 1.4369700924e-04
-2.1534652003e+00 1.3423265376e+00 -9.6381881817e-02
2.6314751301e-01 -1.5541994515e+00 -6.4747595076e+00
2.7938753004e+00 -1.6152437406e+00 5.7685712234e-03
-2.4879559971e+00 1.6833835486e+00 -3.7540121710e-03
-2.7675414016e+00 9.4766793749e-01 -4.3712199978e-02
-1.6987163166e-01 1.5607791805e+00 7.8901817548e+00
-2.9753474792e+00 2.7957279844e-01 -3.8952862692e-02
1.8960477916e+00 -9.4838018606e-01 6.9932674094e-01
1.9781897239e+00 2.4439731447e+00 4.8091963565e-02
-1.7356116817e+00 -2.9026736057e+00 6.7833127810e-03
-2.1674077010e+00 -7.8188500801e-01 -2.8134219350e-01
1.4681989790e+00 -6.0226572674e-01 2.3146731711e+00
1.3454254874e+00 2.7331295913e+00 1.4424446927e-01
-1.8688114632e-01 -2.4912127076e+00 -1.4270879405e+00
-2.5333968526e+00 1.3060602576e+00 -4.0891044642e-02
2.1642547476e+00 -2.0888413117e+00 -2.3904263105e-02
1.4304576484e+00 -7.9921912092e-01 1.6477904635e+00
-1.7922493320e+00 1.8737113718e+00 2.0781057516e-01
-6.9202373393e-01 -2.7118826008e+00 -2.9836356587e-01
-1.8102776790e+00 -3.0000000000e+00 4.7785464204e-03
2.0481755673e+00 1.7807113180e+00 1.6500149974e-01
2.2900480659e+00 2.0140420703e+00 4.0833261487e-02
2.5412381639e+00 -1.9942866225e+00 -4.3840375293e-04
1.9535327221e+00 -1.6027127876e+00 -1.7466470572e-02
-6.1547554897e-01 -1.7108519491e+00 -2.1964360210e+00
5.9136873638e-01 1.7900025516e+00 5.2828983232e+00
-7.2943472347e-03 -2.4930637518e+00 -1.5972961566e+00
-3.0000000000e+00 2.3134442604e+00 2.0430490297e-04
-1.5857111500e+00 -3.0000000000e+00 5.0641525377e-03
2.3138932938e+00 -2.1204840453e-01 5.5229021546e-01
-1.7368072063e+00 2.3629585914e+00 1.2589784271e-01
-2.3163329673e+00 -4.8179956344e-01 -3.7328556567e-01
3.6374828362e-01 -1.4842140956e+00 -6.1593373839e+00
1.8089300920e-01 2.5284011833e+00 1.6729943954e+00
-2.5369720717e+00 -8.7515730832e-01 -7.7080635401e-02
-2.0849947556e+00 1.7212592197e+00 3.8138191127e-02
1.5220838274e+00 -1.6805545394e+00 -5.4519144003e-01
-7.5858273205e-02 8.4158744861e-01 2.1857618508e+00
9.6479225268e-01 3.0000000000e+00 1.1856577107e-01
-2.2146008684e+00 2.8686949400e+00 3.6148531930e-03
-1.7592980224e+00 -3.0000000000e+00 5.0551432419e-03
-3.0276851421e-01 1.4057723378e+00 6.9697528379e+00
1.4461041333e+00 5.3163853283e-01 2.5927384171e+00
-3.1260066060e-01 -1.9665027161e+00 -3.7354406805e+00
2.1009848182e+00 -2.0689361174e+00 -3.4620016962e-02
2.8961880544e+00 -9.3396109251e-01 2.4328877503e-02
-2.9609354431e+00 1.7174318313e+00 -1.2189399407e-03
1.8949864113e+00 -1.3577923477e+00 1.3729243209e-01
-1.5143976770e-01 2.9854347756e+00 3.1211045918e-01
2.1516047799e+00 7.2493797444e-01 5.6350572893e-01
2.7720234735e+00 1.4297832131e+00 1.5929120471e-02
1.6344953075e+00 -1.1822910341e+00 3.7627174891e-01
7.8406116996e-01 1.2542255194e+00 3.8434163056e+00
1.2230677584e+00 1.0865253332e+00 2.1322194225e+00
2.8254830984e+00 -1.4861386449e+00 8.2162450807e-03
-2.4253865735e-01 1.2845315966e+00 6.3821600159e+00
6.5126789895e-03 -2.9102675672e-01 1.6488012272e+00
2.2129154287e+00 -1.9751202012e+00 -1.6959904609e-02
2.4446555858e+00 -1.6197476248e+00 1.6295221823e-02
-8.0421841753e-02 2.5594399805e+00 1.5594674522e+00
-1.3742042492e+00 2.2215850989e+00 5.6125855075e-01
-3.0000000000e+00 8.4968123204e-01 -1.8334333285e-02
-3.0000000000e+00 6.8732389694e-01 -2.3658475480e-02
2.3444666690e+00 1.3284347050e+00 1.1634784787e-01
-3.0000000000e+00 -2.0618498066e+00 7.1197613639e-04
-1.4754132831e+00 1.8906910874e+00 6.6812570822e-01
1.2908366214e+00 -2.6759247601e+00 -1.9567113923e-01
-1.3779791707e+00 -1.7340690719e+00 1.3365322814e-01
-1.1089544338e+00 -1.8394947139e+00 -2.8510775947e-01
8.2075621030e-01 1.1321357632e+00 3.1792743232e+00
1.3745531314e+00 -1.0516362693e+00 5.8121782010e-01
3.0000000000e+00 2.8708522101e+00 7.1975098462e-05
-2.5780997329e+00 -2.3843105173e+00 3.1129505577e-03
6.5560385534e-01 1.1370660811e+00 3.6598917457e+00
1.7548979199e+00 2.0877238926e+00 2.6306409148e-01
4.3038022735e-01 -5.1192177189e-01 3.3878442039e-01
1.3760329617e+00 -6.1159232063e-01 2.3789340538e+00
-1.9561801136e+00 1.4884336845e+00 -8.3918879898e-03
7.7101443948e-01 -2.7243707887e+00 -4.8972080112e-01
2.3210034884e+00 -1.5860722860e-01 5.4894929570e-01
8.2041806269e-01 -2.9097777031e+00 -2.2211744173e-01
-9.8847813527e-01 -1.7897426027e+00 -5.4654649778e-01
-6.7282456188e-01 -1.8813345190e+00 -1.9357969861e+00
-2.3666386522e+00 2.2636479658e+00 9.9539150890e-03
2.0772093685e+00 -2.8155025118e+00 -6.3994542390e-03
1.2580047186e+00 2.9072777469e+00 9.1828345461e-02
-1.5089250111e+00 5.1451719566e-01 -2.4411834043e+00
1.8109550366e+00 1.1541299585e+00 7.5828488872e-01
-9.1746700705e-01 2.9675270581e-02 -1.2194498773e+00
-5.9852426079e-01 2.6965079686e+00 6.9214905161e-01
2.3626890257e+00 3.0000000000e+00 1.1878116817e-03
-2.2084982578e+00 6.5367078250e-01 -5.4246852563e-01
-1.8682333429e+00 -5.0130255148e-01 -1.0004991270e+00
2.1049058848e+00 2.6637791600e+00 1.4111783131e-02
4.7879215566e-01 5.2185339792e-02 2.8788383481e-01
1.8609216955e+00 3.1501536846e-02 1.9247810530e+00
-1.3043777875e+00 2.8212934280e-01 -3.0153176235e+00
1.7868223198e+00 -9.9024149277e-01 7.5313067081e-01
-2.0955915350e+00 -5.2820011904e-01 -6.1767665670e-01
8.7481104642e-01 1.6106635913e+00 3.9381607070e+00
-7.0536497441e-01 1.7638076537e+00 4.5567386819e+00
-7.4664171583e-01 2.5450016780e+00 9.3775930030e-01
-5.7513481633e-01 1.0571973421e+00 2.9125473383e+00
2.4073560059e+00 -3.2706179723e-01 3.7953064063e-01
-1.0932935961e+00 1.6364125529e+00 2.1948034322e+00
8.9021566568e-01 -5.8479136554e-01 1.4833965800e+00
-1.7233416958e-02 6.2525420470e-01 8.0478585873e-01
-5.8721939090e-01 1.5023754395e-02 1.0273958030e+00
-1.9236549494e+00 2.6382027824e+00 2.8259307805e-02
4.1982676967e-01 -2.8674664126e+00 -4.1067930003e-01
-4.0880738249e-01 1.4244958539e+00 6.5213486611e+00
-1.7682702827e+00 1.2610338573e+00 -2.0922500267e-01
1.1120391670e+00 -2.9490379584e+00 -1.0742860511e-01
-2.3832223363e+00 -8.0600479208e-01 -1.5170758890e-01
2.8570020192e+00 -2.8983323462e+00 -3.6208150630e-05
-9.4672661243e-01 -1.9118636225e+00 -7.5326991474e-01
1.0734045511e+00 -1.5756681335e+00 -2.2897064561e+00
-2.7913844641e+00 2.4593701606e+00 6.3928459518e-04
1.5888381942e+00 -2.3695684974e+00 -1.9448068839e-01
2.9640279865e+00 -9.6783444047e-01 1.6512282528e-02
-1.9448416119e+00 1.2581565492e-01 -1.5289613487e+00
2.3344531264e+00 2.5435801435e+00 7.9065288889e-03
2.2206893899e+00 1.9474370736e+00 6.2649782862e-02
-1.8787057957e+00 2.9362970616e+00 1.1169266525e-02
-1.8218229057e-01 -2.7627201496e-01 2.5018770398e+00
-1.2309176098e+00 1.7401525802e+00 1.5117886492e+00
2.4901943923e+00 -1.3804644746e+00 4.1625528806e-02
-1.8482206350e+00 2.7643935205e+00 2.4434161330e-02
2.7492222053e+00 -1.9685497939e+00 8.6411506833e-04
-2.8534275009e-02 2.1190409486e+00 4.7880487297e+00
2.7733865930e+00 -1.8508457814e+00 1.9487298609e-03
-2.1448804371e+00 -2.8066844632e+00 4.3676864518e-03
6.4115754239e-01 -3.0000000000e+00 -1.9400543407e-01
1.6083832654e+00 1.6906298738e+00 7.6206746952e-01
-1.5202931230e+00 -2.4439907817e-01 -2.1705057500e+00
1.4945413968e+00 -2.9526057471e-02 3.2834296317e+00
1.3275619883e+00 -3.0000000000e+00 -5.0018056757e-02
-2.3814063455e-01 8.9178988088e-01 2.5885941235e+00
-3.0000000000e+00 1.8079939082e+00 -5.6258573031e-04
-9.3772410505e-01 4.6038555656e-01 -1.7841009368e+00
2.6379966795e+00 2.2172688439e+00 4.9712777645e-03
2.5356322198e+00 2.5311760762e+00 3.1867904692e-03
-2.8230415707e+00 -4.6137469265e-01 -5.9729665912e-02
-3.0000000000e+00 2.5981294857e+00 1.2575021912e-04
1.9841729108e+00 1.2019357238e+00 4.5694966705e-01
-1.3137868592e+00 1.4511321423e-01 -3.0194497063e+00
-2.2871540599e-01 2.2682303629e+00 3.3223578582e+00
2.3666809051e+00 -4.0247933980e-01 4.1567544679e-01
-1.4004050879e+00 9.7154539750e-01 -9.3695052136e-01
-2.3485482143e+00 -2.1368385902e+00 1.2740433433e-02
2.5604456020e+00 -1.3501608550e+00 3.6260083862e-02
-3.0000000000e+00 -9.7687454662e-01 -9.3995423593e-03
2.9418619568e+00 3.2622057240e-01 3.9328056637e-02
2.8946162178e+00 -5.3306204569e-01 4.2841009602e-02
2.3929389594e+00 4.5247014156e-01 3.5404188331e-01
-4.7322725543e-01 4.6806537041e-01 4.7174975745e-01
2.0519123615e+00 -1.7783566958e+00 -3.3147996008e-02
-2.9214168117e+00 -1.1383509429e+00 -7.5033195161e-03
1.6303828689e+00 -9.6892828281e-01 9.4766263802e-01
-2.5212610698e+00 -1.6166811062e-04 -2.7851538418e-01
2.1338701058e+00 2.4231037505e+00 2.7555751413e-02
1.3515362308e-01 1.0765486831e-01 3.1691376615e-01
-2.7810126905e+00 5.2835036817e-01 -7.7983836431e-02
2.4538709716e+00 2.4996265700e+00 5.2491281524e-03
-2.7940121245e+00 4.0785339332e-01 -8.2090521581e-02
2.3264147732e+00 -3.9781224146e-01 4.7783992600e-01
-4.6543264666e-01 -2.5043345803e+00 -9.5926310012e-01
3.0000000000e+00 -1.8133812474e+00 1.0769486753e-03
9.6273541662e-01 2.4135440543e+00 9.6512111269e-01
-8.5762121967e-01 8.1686780639e-01 -2.1977515998e-01
-2.3577211950e+00 5.1090725178e-02 -4.9501805782e-01
-3.0000000000e+00 -2.0124229146e-01 -3.4020677263e-02
-4.7271949344e-01 1.2153641870e+00 4.8020949269e+00
2.6111645956e+00 -3.0000000000e+00 -1.4866266023e-04
1.3580979865e+00 3.0000000000e+00 4.7852198325e-02
-2.5217907906e-01 -1.9170720431e-01 2.4217791115e+00
2.8737887077e+00 -3.2006675774e-02 6.0990154830e-02
2.4893523935e-01 6.0355200026e-01 3.7148799592e-01
-3.0000000000e+00 -7.7512561232e-01 -1.5771390021e-02
-7.1967726183e-01 2.1291793102e-01 -3.8088630627e-01
1.6621570639e+00 -2.1904071716e+00 -2.2017026246e-01
2.4290175343e-01 2.5168266117e+00 1.6883503474e+00
-1.5545015977e+00 1.7771994547e+00 5.3196279630e-01
-3.0000000000e+00 -3.8233498526e-01 -2.9388123451e-02
9.6439183198e-01 -9.7570153877e-01 -2.7564125932e-01
-2.0200769178e+00 6.2505179252e-01 -9.3193704137e-01
2.1719953965e+00 -2.4851531451e+00 -1.1729684420e-02
-2.4724387036e+00 1.7529001170e+00 2.5394477990e-04
2.2522458861e+00 -1.1639930979e-01 6.9189351088e-01
-2.2834008388e+00 -2.6108093730e+00 5.1539253106e-03
1.3217891469e+00 4.8340435559e-01 2.8624151253e+00
5.7702888404e-01 2.2513052327e+00 2.6118558660e+00
2.7289164605e+00 4.3500504276e-01 9.6193286325e-02
-8.1383505501e-01 4.9545781510e-01 -1.1055355958e+00
-1.5546355294e+00 -2.0139087224e+00 5.5376913980e-02
-5.2328398463e-01 4.5429579039e-01 3.0328200762e-01
-8.7771006837e-02 -2.0821887483e+00 -3.9935642415e+00
1.4293102451e+00 -2.1560577080e+00 -5.2685396497e-01
-3.7842594320e-02 2.8519626192e+00 5.5292719027e-01
2.3895314179e+00 2.1489555716e+00 1.9297277129e-02
-2.7600811482e+00 -1.3830885163e+00 -2.7512558428e-03
-2.6640138043e+00 2.1381208521e+00 2.0374998276e-03
-1.3997416635e+00 4.4971734540e-01 -2.7487883723e+00
-1.1109149352e+00 2.6670689418e+00 3.1686461953e-01
-5.7281407159e-01 2.2782519420e+00 2.4578838015e+00
2.7056311257e+00 -1.3822979888e+00 1.8916221846e-02
-2.1380250621e+00 4.6282012646e-01 -8.1641853424e-01
-2.1956147333e+00 1.2047146619e+00 -1.6044290346e-01
-1.2853939397e+00 -8.2013306124e-01 5.6166623281e-01
2.3363909236e+00 -3.0000000000e+00 -7.9469132268e-04
1.5167809017e+00 -7.2162925808e-01 1.8540062968e+00
2.9406362315e+00 4.9676365102e-01 3.4332316049e-02
-2.1581334006e+00 -2.0413820583e+00 2.8372773526e-02
1.7525181419e+00 1.2642426697e+00 7.7502557628e-01
-2.2774415732e+00 -2.1808456556e+00 1.4938194569e-02
-1.5332193210e+00 -9.6715728737e-01 1.8451805696e-01
4.8521481653e-01 3.0000000000e+00 2.3699056372e-01
1.5960208693e+00 -1.5383673423e+00 -2.9521930079e-01
-1.6334678301e+00 -2.2379507444e+00 3.1366400823e-02
-1.6042881939e+00 1.6591794339e+00 4.1262230903e-01
1.1917615979e+00 4.5832013731e-02 3.5130396935e+00
1.0145249802e+00 2.7336559236e+00 3.1165273778e-01
1.3650330526e+00 -1.9832083399e+00 -8.3959446077e-01
1.2763598980e+00 1.4570940569e+00 1.9691466327e+00
2.4879100352e+00 -1.3429732617e+00 4.7680437055e-02
-2.4054359799e+00 -2.4248325700e+00 5.5489180772e-03
6.3380139588e-01 2.4308005592e+00 1.5444358781e+00
-1.5395851234e+00 -6.3452733384e-01 -7.3640130295e-01
2.0296642210e+00 1.9948355345e+00 1.2016983692e-01
-3.0000000000e+00 -9.8060415101e-01 -9.2952379440e-03
1.1563778112e+00 -1.5361140416e-01 3.3785606161e+00
-1.0044778120e+00 3.0000000000e+00 1.0892978339e-01
-1.8985750787e+00 2.4215429415e+00 5.8912399116e-02
-1.9665214347e+00 -2.1860894812e-03 -1.4353635901e+00
2.2934699070e+00 8.9682559223e-01 2.8393992845e-01
3.2725211645e-02 4.2251762239e-01 3.3277170524e-01
-9.5959672808e-02 -1.8209643047e+00 -5.3805929917e+00
5.4485838160e-01 -1.4912585345e+00 -5.5277190953e+00
-1.5698363531e-01 -4.1833368603e-01 2.7764663871e+00
2.2875484894e-02 2.5831878417e+00 1.4538093509e+00
-2.2012460614e+00 2.4532064853e+00 1.4859482793e-02
1.8965457274e+00 2.5788162456e+00 4.2724146274e-02
2.7238644725e+00 -6.3193381717e-01 8.3336465218e-02
2.2283309433e+00 3.0120708501e-01 6.8236808618e-01
3.8009862522e-01 -2.4592589684e+00 -1.7213422235e+00
1.1281813528e+00 -2.3836068539e+00 -7.2081492204e-01
-1.0698713146e+00 4.3941897064e-01 -2.3674874206e+00
-2.0857817849e+00 3.0000000000e+00 3.7182540401e-03
-2.6032851317e+00 2.8664999566e+00 5.3607293194e-04
1.6688247921e+00 -1.1092598146e+00 5.5690163270e-01
2.2621451734e+00 1.4487375543e+00 1.2867142202e-01
3.2333168633e-01 -7.9719025093e-01 -5.2652396111e-01
1.0997214862e+00 2.2167589955e+00 1.1971081399e+00
-2.1677105031e-02 2.3457701275e+00 2.8934280588e+00
-1.7880783880e+00 2.2003149975e+00 1.4777843069e-01
-2.7246353202e+00 -1.1716300690e-01 -1.2129170742e-01
1.6860612776e+00 1.3005475449e+00 8.7815241835e-01
-2.6211932819e-01 1.4374594027e+00 7.2849927649e+00
1.9657355176e+00 2.9453582677e+00 8.2006932818e-03
-6.9938040241e-01 -4.1737009656e-01 2.4203632817e+00
-1.8337533253e+00 -1.0719727812e+00 -1.4588049827e-02
7.4115721816e-01 -2.0852125020e-01 1.4755801906e+00
1.4409024410e+00 -1.3782317695e+00 -3.6263058988e-01
3.5119644854e-01 1.7064165051e+00 6.9392202787e+00
-3.1298162459e-01 -2.6046615635e+00 -8.7262171350e-01
2.6165409454e+00 -1.6444222470e+00 9.3223604342e-03
-1.4774517977e+00 7.4730542799e-01 -1.7926662648e+00
2.0410881506e+00 -2.2343440830e+00 -3.9139306924e-02
2.1119001078e+00 3.0000000000e+00 3.5953305336e-03
-1.9401977858e+00 2.7237293145e-01 -1.4969935882e+00
2.4990946151e+00 2.1418570533e+00 1.1879241805e-02
-8.4725934725e-01 -2.6416402903e+00 -2.4978414049e-01
-1.5066515268e+00 4.9168546536e-01 -2.4988771962e+00
-2.9839613584e+00 1.1235919853e+00 -1.1065105822e-02
-1.7514606839e+00 5.8320238353e-01 -1.6895993904e+00
1.4776080865e+00 -5.6567981326e-01 2.4135284847e+00
6.1725158192e-01 -2.1943115203e+00 -2.7396060193e+00
-3.0000000000e+00 5.5878276227e-01 -2.7739452359e-02
2.5346285847e+00 -1.3245065366e+00 4.3139426163e-02
1.7298017796e-01 1.6589713200e+00 7.7574033396e+00
2.4082638182e+00 1.1151516519e+00 1.3302613133e-01
-2.8674720005e+00 -7.6025763093e-01 -2.9384167430e-02
1.8145030779e+00 2.7765785200e+00 2.8447617357e-02
-6.6126743696e-02 -9.4893793431e-01 2.6861223977e-01
-2.0105401305e+00 -1.2413218219e+00 2.3314655455e-02
1.6569560590e+00 -1.4172929693e+00 -5.9489309459e-02
1.2851433193e+00 2.3787041269e+00 5.2190348498e-01
-2.4775469379e+00 -1.4717333300e+00 4.8924535871e-03
-4.3869844291e-01 -2.0932673225e+00 -2.5978424539e+00
1.2308921711e+00 -7.5342361253e-02 3.5503049960e+00
-3.0000000000e+00 4.3492512910e-01 -3.1246495632e-02
-2.4848415755e+00 1.1459165662e+00 -8.1199501140e-02
-1.2711634327e+00 -1.8536008953e+00 -4.1282951156e-02
1.3500972390e+00 -4.1131762905e-02 3.5563860721e+00
-1.2960649285e+00 2.6765458703e+00 1.9520368322e-01
-3.0000000000e+00 -1.2169972143e+00 -3.8946819628e-03
-2.2827186521e+00 1.0846564138e+00 -1.8476681263e-01
8.1754051876e-01 1.7994145227e+00 3.8713452993e+00
2.9964100883e+00 -2.5482034091e+00 -1.7647965785e-05
-1.2265841396e+00 5.9343384354e-01 -2.3461071142e+00
-2.1075502931e+00 2.2804278692e+00 3.3709401686e-02
7.7583496268e-01 1.7067635164e+00 4.4006669071e+00
2.7249166489e+00 3.0000000000e+00 1.9323262541e-04
-1.8753863863e+00 -2.7490428428e+00 9.1640883775e-03
2.3901707337e+00 8.3258920930e-02 4.3814673835e-01
5.4833128419e-01 -1.4159045357e+00 -5.2423824313e+00
-9.9365248180e-01 2.5822289298e-01 -2.1223747508e+00
1.7786118868e+00 8.0141938139e-02 2.2380023326e+00
1.6871664089e+00 -1.7738337408e+00 -2.8173446640e-01
2.7828158848e+00 -1.0384352301e+00 3.3288922900e-02
1.4146413956e+00 2.6195793559e+00 1.7811755987e-01
3.1086637457e-01 -2.3650824126e+00 -2.3009075799e+00
2.9072933776e+00 8.6937137128e-01 2.4612731809e-02
-4.1569057084e-01 -2.5791229644e+00 -8.2236948535e-01
-5.6093845942e-01 2.9389335907e+00 2.8376033504e-01
-2.0230958887e+00 -1.9998653164e+00 4.4313820371e-02
3.0000000000e+00 -2.2866619721e+00 4.3941134108e-05
-1.1797496717e+00 -1.4355138726e+00 5.1493688729e-01
2.6445606163e+00 1.4621365140e+00 2.6686951668e-02
1.2150500382e+00 -6.0245900015e-01 2.3639094580e+00
-2.5818590531e+00 -2.9755571027e+00 5.3085749692e-04
-8.1501123135e-01 -2.9820447329e+00 -6.7007649653e-02
-2.3166221480e+00 -2.2402916018e+00 1.1582496158e-02
1.3716843933e+00 -2.3085581681e+00 -4.5577884680e-01
2.6775733595e+00 -2.9974866134e+00 -9.5139373857e-05
-2.5398126388e+00 -7.2912794430e-01 -1.1238539592e-01
-2.4535428846e+00 7.1935039976e-01 -2.2352032774e-01
1.4796644156e+00 -8.1205445242e-01 1.5744595128e+00
2.8247907180e+00 1.2075508939e+00 1.9579369517e-02
1.4797761235e+00 1.1919125427e+00 1.4471553298e+00
9.4299896615e-01 2.0140696030e+00 2.4037148413e+00
3.0000000000e+00 -7.0442081272e-01 2.1062627713e-02
1.4331738161e+00 -6.1641856006e-01 2.3136217337e+00
-1.1540868371e-01 1.1922028758e+00 5.7816366412e+00
-1.8978982994e+00 -8.2994654011e-01 -3.4541059591e-01
2.4973821831e+00 -2.1714729796e+00 -2.4818850856e-03
-2.2716817426e+00 1.8929815507e-01 -6.4292806454e-01
2.2474256074e+00 2.1493612899e+00 3.5829880116e-02
3.0000000000e+00 2.5336602530e+00 2.6307204076e-04
-2.2968897715e+00 4.3697241763e-01 -5.2201025545e-01
-1.7631633832e+00 6.1608060939e-01 -1.5921011121e+00
-9.7265682601e-01 -1.2303217387e+00 1.1960669849e+00
2.5723519292e+00 1.0283048488e+00 8.2188159914e-02
-2.6465072348e+00 -9.8108693360e-01 -3.7859634957e-02
1.3989525872e+00 -2.8710894132e+00 -6.9550995225e-02
-1.8242538100e+00 -3.0000000000e+00 4.6904961946e-03
-1.4518254209e+00 -3.0000000000e+00 3.2478950593e-03
-1.5699471131e+00 -5.3311429864e-01 -1.1293924971e+00
-2.5243506681e+00 2.3770160960e+00 3.5085470063e-03
1.6629687980e+00 7.1131646451e-01 1.6925185589e+00
-1.8932099460e+00 -2.8198252790e+00 7.3019383647e-03
1.9581365911e+00 7.9001202823e-01 8.6215853555e-01
1.0249038724e+00 1.3629169179e+00 3.0419520002e+00
2.6176553045e-02 -2.1281642487e+00 -3.9129011624e+00
-2.6042060940e+00 -2.0162391619e-01 -1.8770073462e-01
-2.8497650028e+00 2.7088982785e+00 2.3120174054e-04
1.8856149721e+00 -2.1145618893e+00 -9.7988553184e-02
-2.2583413229e+00 -1.8365387328e+00 2.7284185328e-02
5.9888903243e-01 -2.0539844467e+00 -3.6379058336e+00
8.8360909293e-01 -1.9046163277e-01 2.2661651267e+00
-2.5507410781e+00 1.8967553021e+00 2.6520879238e-03
5.0133924372e-01 -8.5571708730e-01 -1.0681864627e+00
3.1901143992e-01 -1.0989837946e-01 2.3140063481e-01
-1.5675615872e+00 1.6192620528e+00 4.5691356453e-01
2.7549574790e+00 3.0000000000e+00 1.6432142158e-04
-1.0244579208e+00 -6.4883708036e-01 1.3223177731e+00
1.0637539708e+00 -2.8214071061e+00 -2.0000574283e-01
-1.8862172149e+00 -1.8099927753e+00 8.6490992540e-02
2.8874273910e+00 1.7504156169e+00 4.4661609768e-03
-1.7653372521e-02 -1.6810209756e+00 -6.0043574213e+00
-2.5505516786e+00 2.9606512667e+00 4.8857751833e-04
8.3992150104e-01 1.1895683653e+00 3.3645366303e+00
-3.0000000000e+00 -2.1522708378e+00 6.3901954680e-04
-2.3941807356e+00 1.5886304690e+00 -1.1807999375e-02
6.9008771204e-01 2.0383635352e+00 3.4469674032e+00
4.9231323386e-01 3.2250362664e-01 2.4536038207e-01
-2.0199948349e+00 -2.9954261052e+00 3.2732546152e-03
-2.1365772326e+00 -5.5291766865e-01 -5.3497923674e-01
-3.0000000000e+00 1.8125889056e+00 -5.4192817522e-04
-4.5214748244e-01 -3.0000000000e+00 -1.5002621010e-01
1.2632627580e+00 -2.7275718556e+00 -1.7558258803e-01
2.8294074770e+00 -1.2749157174e+00 1.5395867723e-02
1.3023029322e+00 2.2105012333e-01 3.4136466574e+00
1.3177057081e+00 3.0000000000e+00 5.3268575816e-02
8.6240202611e-01 1.7155079156e+00 3.8395698237e+00
2.0444925230e+00 -9.6524914374e-01 4.8984907312e-01
-1.7132477521e+00 -1.4129657151e-01 -2.0753080252e+00
2.3750039064e+00 1.2637769722e+00 1.1618854458e-01
-6.9094140608e-01 -2.9195720638e+00 -1.2815077267e-01
-1.0624298245e+00 1.8604489811e+00 2.1534510125e+00
8.1833036569e-01 -1.0953656098e+00 -1.7923614648e+00
6.7064385251e-01 3.9180481564e-01 9.7914320493e-01
-2.3903983249e+00 -2.8097441939e+00 1.9683471636e-03
-4.2040795118e-01 -2.5684445374e+00 -8.4506550941e-01
7.3586975223e-01 1.2805465321e+00 4.1685053358e+00
2.6400375454e+00 1.1366236874e-01 1.6801111798e-01
-2.7676125051e+00 2.4191407810e+00 8.0078801363e-04
1.6034767826e+00 2.8259501903e+00 4.7861234400e-02
1.6886001064e+00 2.3682678657e+00 1.6724021182e-01
-7.8216093073e-01 -1.3320786945e+00 4.2053691436e-01
-2.9540174567e+00 1.3494538844e+00 -6.5947980976e-03
-9.4305652351e-01 1.1304030586e+00 1.3261701294e+00
1.4050009165e+00 -2.2688427150e+00 -4.5163893923e-01
-2.4734784775e+00 -2.9161987266e+00 1.0131637978e-03
-2.4222251072e+00 1.9169768619e+00 7.6297999773e-03
-2.5851824638e+00 1.6358091171e+00 -6.1633206999e-03
7.4691385648e-01 6.5627726716e-01 1.4444959197e+00
-1.5674987860e+00 -8.8727184446e-01 -3.0841823141e-02
-6.2824233501e-01 2.4481694272e+00 1.4758122109e+00
-1.4901469704e+00 2.2296812031e+00 3.9030867687e-01
7.4990600658e-01 -7.6397541818e-01 1.2893558444e-01
1.9233848133e+00 -1.4222913061e+00 8.2724849631e-02
2.0820456406e+00 9.3087777796e-01 5.1383789536e-01
9.3555035038e-01 1.1236080608e+00 2.8546137245e+00
3.0000000000e+00 2.8928499609e+00 6.5576827229e-05
-3.6981671864e-01 2.5516380882e+00 1.4030266068e+00
-2.0309503617e+00 1.7137673883e-01 -1.2502186089e+00
-3.5114731561e-01 8.1086639159e-01 1.7979337602e+00
-1.5052711560e+00 2.3538304261e-01 -2.8711595242e+00
2.2121253784e+00 -1.1752672341e+00 1.8533859724e-01
-1.5864189008e+00 4.5611501483e-01 -2.3941844097e+00
-2.8845497225e+00 8.2500009916e-01 -3.2846865290e-02
2.4615584689e+00 8.5198880057e-01 1.6860020984e-01
2.1424623908e+00 -3.0000000000e+00 -2.1983902926e-03
-1.7441272763e+00 -1.7488471690e+00 1.2869476219e-01
2.4987445461e+00 1.0364496390e+00 1.0834517836e-01
-1.9541752657e+00 3.7994363232e-01 -1.3728244780e+00
-7.3479198195e-01 -2.9302236384e+00 -1.0855326479e-01
1.4519866731e-02 2.0029306632e+00 5.8316569479e+00
-1.7192988429e+00 5.2011110532e-01 -1.9029551305e+00
-1.3026626076e+00 -1.8106807659e+00 2.0708377774e-02
-2.2637176299e+00 1.4480714197e+00 -4.2752792380e-02
-2.5146865160e+00 1.9707414308e-01 -2.8211341214e-01
6.8700800508e-01 5.4507529104e-01 1.0913853786e+00
-2.2071329658e+00 1.6398306926e+00 3.0021671758e-03
2.5456091493e+00 -6.8720317679e-01 1.6139128382e-01
2.0243966147e+00 2.6772969561e+00 1.8616790941e-02
-2.4202285643e+00 2.7754139113e+00 1.9286265746e-03
2.4627070572e+00 -2.7214782365e+00 -1.1324320667e-03
-3.5544656885e-01 8.5785394572e-01 2.1206192792e+00
2.5149415564e+00 -2.0424451843e+00 -1.4050238489e-03
-1.1738237567e+00 1.5216144660e+00 1.6605672505e+00
1.3645202001e+00 -4.2313105282e-01 2.9716121698e+00
5.8310300779e-01 1.2677884249e+00 4.7855166500e+00
8.0896276825e-01 -3.0791610582e-01 1.7484630272e+00
-1.1587306489e+00 -1.9218431706e+00 -2.3714667051e-01
-1.8013709184e+00 -2.4634494495e-01 -1.6571972769e+00
2.7939518919e+00 7.6017427006e-01 4.9313661972e-02
1.8920852628e+00 1.0610942016e+00 7.0078730097e-01
-2.9687105196e+00 -1.9242535521e+00 9.1566651173e-04
1.6968539971e+00 -1.3532002228e-01 2.5460197800e+00
6.3641556048e-01 5.1961920634e-01 8.6599386238e-01
1.4047159441e+00 1.9659625030e+00 9.2835369155e-01
2.2284073102e+00 3.0000000000e+00 2.1823012536e-03
1.1813600751e+00 -1.7353874320e+00 -1.7322660000e+00
2.6875243148e+00 -2.3048993642e+00 -5.2532017707e-04
-1.8918754307e+00 -1.5998162696e+00 1.1269397016e-01
-1.9883360689e+00 2.4419224506e-01 -1.3578841617e+00
-1.6622137322e+00 8.6283934085e-01 -1.1939461558e+00
9.5783171156e-01 -2.8104896399e+00 -2.5894449996e-01
-2.9839331023e+00 -1.1619663775e+00 -5.2774006729e-03
7.1775478427e-01 -6.8951850014e-01 3.8008740992e-01
-1.0614744477e+00 -2.8587280500e+00 -4.5180194228e-02
1.7243882340e+00 -1.6582090578e+00 -2.0134823400e-01
1.6204478441e+00 -1.5270675336e+00 -2.4408341781e-01
-1.1986081249e+00 2.5353623157e+00 3.9614326993e-01
-1.3350445352e+00 8.3930602616e-01 -1.4645841007e+00
-2.3129871606e+00 1.0028165073e+00 -2.0821561648e-01
-1.2208055936e+00 -1.0947676449e+00 1.0686289158e+00
-9.8564295424e-01 -1.4441841698e+00 3.2264364554e-01
-1.2006189510e+00 8.2858858277e-01 -1.3495576962e+00
1.9909683695e+00 -2.0059731166e+00 -6.4510151346e-02
2.9159074439e+00 1.4364518931e+00 7.8237415923e-03
-1.6649386155e+00 -2.6923366148e+00 1.1032172395e-02
6.2204325013e-02 2.2736555219e+00 3.4410912143e+00
4.4720266906e-01 2.4367354835e+00 1.8555029182e+00
2.9387596749e+00 -4.5843105303e-01 3.7137324867e-02
1.2307636029e+00 -2.4580874777e+00 -4.5621171152e-01
-2.3439207211e+00 -1.6526635134e+00 2.0267557977e-02
2.6012941234e+00 1.0301964178e+00 7.2822336818e-02
1.6781061252e+00 2.8407946317e+00 3.5447574801e-02
-1.5348986297e+00 2.4106903688e+00 2.2091032359e-01
2.4568472684e+00 -2.2754420044e+00 -3.3011833179e-03
-2.3404583257e+00 5.1979827675e-01 -4.2104939814e-01
5.7783887194e-01 -1.1664945249e+00 -3.4594994975e+00
-2.4665401148e+00 2.7880233499e+00 1.4607262039e-03
-2.7504007805e+00 -2.5590420575e+00 9.3730969817e-04
3.0000000000e+00 -9.3941807751e-01 1.4581780945e-02
-2.4519029990e+00 -7.6761771951e-01 -1.3676912206e-01
-2.2815886921e+00 1.5471042585e+00 -1.8429055755e-02
-1.4119359882e+00 -4.4913254637e-01 -1.3145341411e+00
-1.6932098612e+00 -1.7861534789e+00 1.2730792595e-01
-1.3603259162e+00 -7.6338115645e-01 1.2250436914e-01
1.3574030842e+00 -4.3345925071e-01 2.9498736274e+00
-2.7288411748e+00 3.0000000000e+00 1.5865807905e-04
-2.1712564009e+00 1.7840908070e+00 2.7366070145e-02
-1.3575244033e+00 -2.2196049276e+00 -4.9719604954e-02
9.6671614293e-01 -1.3943885679e+00 -2.5632336963e+00
3.9706963904e-01 2.8320427185e+00 5.1136287989e-01
-9.9740874307e-01 -2.5991514721e+00 -1.7145903085e-01
-3.3577399418e-01 -8.2736505398e-01 2.9188371906e+00
4.6888810859e-01 2.5130165469e+00 1.4549086516e+00
-2.8322956365e+00 1.0172274310e+00 -2.8442189586e-02
-2.7428408289e+00 1.2056640639e+00 -2.5713336379e-02
-1.0080913187e+00 2.4595725632e+00 7.6078648613e-01
1.4581107578e+00 -4.0661283401e-01 2.8808863212e+00
6.9828154343e-01 2.7798634594e+00 4.4957489650e-01
1.3948398195e+00 -1.1618827200e+00 1.8240251961e-01
-2.0521675920e+00 -1.4916958935e+00 6.3262223843e-02
2.1803160122e+00 -2.8359287636e+00 -3.5699269526e-03
1.7447272875e+00 -1.9859357831e+00 -2.0930458313e-01
-1.5049411450e+00 -1.6350488658e-01 -2.4224747028e+00
-2.0892206722e+00 -1.7242422821e+00 5.4541160882e-02
2.9878784221e+00 -4.6825837247e-01 2.8952063222e-02
1.1699420357e+00 -1.1707090832e+00 -5.1675638277e-01
-1.8917795315e-01 -9.1451164674e-01 1.4443406607e+00
-2.2227203611e+00 -1.4517562679e+00 2.4980723520e-02
-1.2787222121e-01 -2.1483939459e+00 -3.4510778733e+00
-7.3999300441e-01 2.0484277283e+00 3.1136468234e+00
-2.7433947911e+00 -3.9412610082e-01 -9.0719252331e-02
2.1636050947e+00 -3.4559829579e-01 8.2153136196e-01
-9.8302449278e-01 -1.0252329134e+00 1.8608468213e+00
-1.9668199439e+00 5.8490687879e-01 -1.1087046192e+00
1.5807253458e+00 1.2226399348e+00 1.1739687506e+00
-2.6331033703e+00 -6.6327376797e-01 -9.2572258975e-02
-2.2162689025e+00 -1.3398008101e+00 1.0422849827e-02
-6.8428225111e-01 2.0016337344e+00 3.6348376715e+00
2.3463600375e+00 -1.2799220172e+00 9.1634744719e-02
9.2800098385e-01 1.7967427435e+00 3.2385824153e+00
9.1096627552e-01 2.5675645044e+00 6.7047977392e-01
-4.9245887080e-01 -2.4407932328e+00 -1.1014105935e+00
-2.6410916813e+00 2.3011641481e+00 2.0732169495e-03
3.6960936372e-02 -1.9271578846e+00 -5.3005257964e+00
8.3976939669e-01 2.1391650527e+00 2.2997499121e+00
1.2305794588e+00 1.5837832640e+00 2.0736469786e+00
1.5964265125e+00 1.2472722449e+00 1.1173054918e+00
-7.3957136632e-01 -2.7406472224e+00 -2.3652020605e-01
-1.7868552657e+00 3.0818731174e-01 -1.9859789399e+00
5.8857302205e-01 -8.0951344668e-01 -6.2771412916e-01
-3.0000000000e+00 2.7357797262e+00 8.4513014279e-05
2.0011704699e+00 -1.9907815240e+00 -6.1405095178e-02
-2.9158592693e+00 -1.9058411766e+00 1.2356036578e-03
1.3730255702e+00 -1.5959545153e+00 -9.1142732761e-01
8.5501576776e-02 -1.8102928324e+00 -6.0014383854e+00
2.9331256157e+00 -9.0992279550e-01 2.1304081858e-02
1.3366832064e+00 1.7741473903e+00 1.4173109892e+00
-1.6691907807e+00 -1.3347375424e+00 2.5430327296e-01
4.0635670664e-01 -4.1433172954e-01 4.0882307362e-01
-2.2343265202e+00 -7.1028494047e-01 -2.9434948466e-01
-2.0881681948e+00 -1.2217681206e+00 -2.5938716495e-03
-1.4813122613e+00 1.3310783636e+00 1.9601332689e-01
3.0000000000e+00 2.3978999458e+00 4.1513632852e-04
1.8388103137e+00 3.0000000000e+00 1.0443350857e-02
1.0012043208e+00 -1.9752651454e+00 -2.1705735181e+00
-1.7717386073e+00 1.8127344275e-01 -2.1134021370e+00
1.1377459677e+00 -1.3981332912e+00 -1.5770585466e+00
-8.4784313615e-01 -3.0000000000e+00 -5.5015104803e-02
-8.3837556047e-01 -1.5532634070e+00 -5.2986944405e-01
-3.0000000000e+00 -4.0302560479e-01 -2.8748883222e-02
1.7105458938e+00 2.1605943275e+00 2.6048913009e-01
4.4047916440e-01 -2.2873076418e+00 -2.6085179973e+00
-8.1174723670e-01 -6.7978122657e-01 2.7083944535e+00
-2.6914604199e+00 2.7122955901e+00 5.7090537899e-04
-9.9633232034e-01 4.5382706647e-01 -2.0599798607e+00
3.0000000000e+00 -1.4646490382e+00 4.0331150414e-03
-2.9564694309e+00 2.0452363523e+00 1.4711103770e-04
1.3311323693e-01 -3.0000000000e+00 -2.5409273143e-01
-1.6231076353e+00 -2.4875873623e+00 1.5350252447e-02
1.1653453252e+00 -2.6384511710e+00 -3.0691344787e-01
-9.0751924571e-01 8.8552645333e-01 -5.6872578551e-02
-1.1688712809e+00 -2.9470138693e+00 -1.5267664819e-02
-1.9522360823e+00 1.5021183852e+00 8.5084354340e-04
-2.5683010582e+00 1.1005400983e-01 -2.3456273146e-01
-1.9021174818e+00 -1.7983300720e+00 8.5059349951e-02
2.4085914349e+00 1.5298069948e+00 6.3707587426e-02
2.3828589835e+00 -9.7324115343e-01 1.8117593267e-01
5.3319911643e-01 -2.7254117282e+00 -6.4743525338e-01
-2.4078742000e+00 -2.8612250129e+00 1.5624817819e-03
-9.0388231711e-01 -2.5973951523e-01 1.6058961329e-01
2.0867346964e+00 -1.8412425876e+00 -3.1667571857e-02
-1.7464811798e+00 -6.2061211776e-01 -8.3525019459e-01
5.7074855864e-01 3.0000000000e+00 2.1657292292e-01
2.7171174744e+00 -2.5257743395e+00 -3.4203012383e-04
2.5138158302e+00 -2.0485639160e+00 -1.4848532191e-03
3.0000000000e+00 -1.0342884323e+00 1.2156059274e-02
1.0174694212e+00 9.9842862320e-01 2.4120258951e+00
2.7996360051e+00 -2.2382690227e+00 -8.8557920825e-05
2.7518373808e+00 2.1929810040e+00 2.9784767375e-03
-1.6906197506e+00 -2.0267477420e+00 6.5735361515e-02
1.6762109972e-01 1.3012079529e+00 6.6141919395e+00
1.7919235269e-01 -1.1990784335e+00 -3.9075548994e+00
1.3022847164e+00 3.0000000000e+00 5.5447566873e-02
2.5699133962e+00 2.0193135074e+00 1.1485182273e-02
-1.4217091258e+00 2.2372632247e+00 4.7290698650e-01
-2.3332147340e+00 -1.0581477653e+00 -6.6136815611e-02
2.9404070847e+00 -1.5582715900e+00 3.8806426672e-03
-1.8989235849e-01 -1.5116337222e+00 -4.5816239746e+00
-2.4794079265e+00 -2.4711159242e-01 -2.8781384378e-01
2.4804410588e+00 2.5485137667e+00 3.9317563498e-03
-6.9046808446e-01 -1.5957786274e+00 -1.4183678577e+00
1.3724399180e+00 -2.7901929507e-01 3.2841562001e+00
2.8655478238e+00 -1.8021678278e+00 1.9063108227e-03
1.7453695126e-01 -9.3545980542e-01 -1.0763687221e+00
2.5296586914e-01 1.7017204423e+00 7.3754013846e+00
-1.9798352075e+00 -1.4291578722e+00 8.0139463827e-02
-1.6081299135e+00 1.5087925974e+00 2.8702836073e-01
-2.9521324598e+00 1.7186543192e+00 -1.2477305760e-03
7.0118394683e-02 -2.6789125818e-02 7.5915771315e-01
1.2082711001e-01 6.3312267263e-01 6.1874560071e-01
-1.0649839381e+00 -2.5145190333e+00 -1.7160406991e-01
-2.8721072872e+00 2.6620368409e+00 2.3347180384e-04
-8.8913461039e-03 -1.5748196105e+00 -5.9252049504e+00
-2.0618784708e+00 1.9503301204e-01 -1.1533434232e+00
-2.5831433818e+00 9.5984251476e-02 -2.2185662445e-01
2.5952592093e+00 8.2536935118e-01 1.0459356351e-01
1.0149308628e+00 1.4648830136e+00 3.1675944648e+00
-3.8895917088e-01 2.9421481224e+00 3.2979885645e-01
1.5947367309e+00 -2.2097187613e+00 -2.7220041233e-01
-2.0491566170e+00 -2.0432853009e-02 -1.1799573486e+00
-2.1172798499e+00 -2.5213448547e+00 1.0641345193e-02
-2.6163330937e+00 1.9514583808e+00 2.0424884067e-03
6.7912839756e-01 1.9270424055e+00 4.1138275499e+00
3.0000000000e+00 -1.6898018808e+00 1.8163626054e-03
2.5237632078e+00 3.4336136410e-01 2.3911843549e-01
-9.5831539381e-01 -2.6596748844e+00 -1.6029111220e-01
1.1164085977e+00 -2.7445088861e+00 -2.3740967940e-01
2.2517409382e+00 1.0363614215e-01 6.9011151128e-01
-5.5765281195e-01 -6.8638245111e-02 1.5160439737e+00
-1.2789847063e+00 -2.4203206279e+00 -6.9625096470e-02
1.0334396587e-01 -1.1690459045e+00 -3.2632457444e+00
-2.4358307773e+00 -1.6786148003e+00 1.3471570644e-02
3.0000000000e+00 -2.2989973463e+00 3.7546019261e-05
1.9115753182e+00 3.6534496057e-01 1.5069510259e+00
-2.5913361144e+00 -1.2758277198e+00 -9.9705859602e-03
4.4406464712e-01 2.6553334249e+00 9.3931992688e-01
-2.2998986236e+00 1.1348775966e+00 -1.5191275524e-01
-1.8260028099e+00 1.5934619187e-01 -1.9301652618e+00
2.7739616677e+00 -1.1842820982e+00 2.4821977457e-02
9.4486609285e-01 -1.9411611191e+00 -2.5435629168e+00
8.6317531476e-01 -2.3845435614e+00 -1.2302648369e+00
4.2088880561e-01 1.6240250575e+00 6.7620497206e+00
-1.8271016298e+00 -1.2529645014e+00 1.1181659627e-01
5.1369376955e-01 8.6121156107e-01 1.8542042891e+00
7.0940421099e-01 -1.7659663862e+00 -4.4494994509e+00
2.2060535114e+00 -9.5809441615e-01 3.2522791381e-01
2.8683296755e+00 -3.0000000000e+00 -2.1292041936e-05
9.9541211648e-01 -1.8475355950e+00 -2.5356133674e+00
-1.8670541041e+00 1.5458592502e+00 6.2342484573e-02
1.5356592278e-01 -5.8050499369e-01 1.0490588141e+00
1.2328047685e+00 -2.2802753069e+00 -7.1770121007e-01
1.2414436238e+00 -8.0859409258e-01 1.5041477717e+00
4.4779861494e-01 3.5092050918e-01 1.2465176515e-01
1.9637300221e+00 2.0574355136e+00 1.3514356496e-01
-2.1914685462e+00 -1.4861016315e+00 3.2852886193e-02
-1.8973985863e-01 1.2423772213e+00 6.1535796136e+00
-8.8774145508e-01 2.4201904094e+00 1.0717173021e+00
6.7513629503e-01 3.0000000000e+00 1.9024073936e-01
5.6332217911e-01 2.2258874303e+00 2.8083510898e+00
-2.9177753145e+00 9.6350044278e-01 -2.1721108070e-02
1.4615488846e+00 -8.4389055022e-01 1.4649588891e+00
2.3015257224e+00 -2.5502078649e+00 -4.9093623343e-03
2.9371957797e+00 1.6426823865e+00 4.4298737045e-03
-4.9081832554e-01 -7.7160956479e-01 3.5598573948e+00
-2.9275562917e+00 1.5933802896e+00 -2.7611472609e-03
-2.8216274148e-01 5.7176550469e-01 8.7463065192e-01
-1.9933335736e-01 2.6989323261e+00 9.4459163572e-01
-7.5979064760e-01 8.5365493476e-01 4.6760180093e-01
3.5441088836e-01 -1.0724490387e+00 -2.9547125223e+00
-1.5317475041e+00 1.7921577902e+00 5.7677948400e-01
-8.6340884157e-01 -7.5116242998e-01 2.5434521170e+00
2.7696843776e+00 -3.5457535460e-01 8.7914554608e-02
-2.2841285729e+00 -1.0528008236e+00 -7.4460904946e-02
-1.4496168434e+00 2.1742722672e+00 4.9367840183e-01
-1.7078859626e+00 -2.5924694834e+00 1.4600316909e-02
4.5904987479e-01 -4.3993545925e-01 4.0981899513e-01
1.9739649857e+00 -1.4704574076e+00 5.6185365545e-02
-5.4020120370e-01 -1.0172437764e+00 2.1957879201e+00
4.9545796179e-01 -1.9359322852e+00 -4.7617877237e+00
-4.8832051887e-01 5.1911354583e-01 4.3875990063e-01
-1.6294768011e+00 -2.9221744020e+00 6.3367948157e-03
-9.7367627519e-01 2.7492415185e+00 3.1589323085e-01
-3.0000000000e+00 1.0065763269e+00 -1.3476349373e-02
-5.8092240445e-01 -2.2127351927e-01 2.1050326482e+00
-2.5442461606e+00 3.0000000000e+00 4.2891125606e-04
-1.9808438785e+00 2.5809908890e+00 2.6934372329e-02
-1.6789659627e+00 2.7514870507e+00 4.7034543378e-02
1.9555643137e+00 3.0000000000e+00 6.7390511376e-03
-1.0292147288e+00 2.9215615284e+00 1.4424542290e-01
2.7209746036e+00 -2.2605344285e+00 -3.4465692437e-04
2.1227824478e+00 -6.0010012778e-01 7.3359049597e-01
-4.6550850834e-01 -2.6994271902e+00 -5.0125253192e-01
-3.0000000000e+00 -2.0648670945e+00 7.0988491726e-04
5.5732160226e-01 1.2536986366e+00 4.8052057707e+00
-9.0592185842e-01 3.0000000000e+00 1.3164187109e-01
1.3608726940e+00 -6.2490591563e-01 2.3385972968e+00
-2.7818820583e+00 -1.9704600605e+00 2.4545399674e-03
-8.7492827935e-01 -1.9150116965e+00 -1.0038536146e+00
2.9839628404e+00 -1.3389120681e+00 6.3314336522e-03
-8.3731186904e-01 -2.1037603768e+00 -9.8881946422e-01
-2.5718785747e+00 -2.7386162431e-01 -2.0106951326e-01
1.8925143379e+00 -6.4687522934e-01 1.2100024662e+00
-1.7558349267e+00 7.7987844512e-01 -1.2491844702e+00
-1.4006360860e+00 -9.4042101144e-01 4.4518078029e-01
1.9488791972e+00 2.8050021540e+00 1.5499131639e-02
2.7145739257e+00 2.7936565901e+00 4.8770645556e-04
-1.6998803404e+00 5.4359934917e-01 -1.9117578473e+00
-2.6248638305e+00 2.0835486146e+00 2.5705795009e-03
-1.7809014033e+00 5.2820784050e-02 -2.0726393048e+00
2.8044631843e+00 2.3375974105e+00 1.4845309165e-03
5.9371891204e-01 -3.0000000000e+00 -2.0434716997e-01
1.3275796698e+00 1.7898374730e-01 3.4603295784e+00
-9.2601195497e-01 -1.5468560361e+00 -1.9863762573e-01
-9.7860185947e-01 2.7051846537e+00 3.6678851642e-01
7.7867099676e-01 2.1624376969e+00 2.4179420876e+00
3.4240676380e-01 -3.0000000000e+00 -2.4561523577e-01
-2.5766427951e+00 -1.2186401479e+00 -1.5544890726e-02
-1.8669330545e+00 -1.4781307052e+00 1.2881634408e-01
5.5089067398e-01 -3.0000000000e+00 -2.1315898814e-01
4.5447616337e-01 -1.4398807508e+00 -5.7353623790e+00
-1.3834918284e+00 3.0000000000e+00 4.3760904457e-02
-1.0105985379e+00 -2.7014086173e+00 -1.1151198607e-01
2.8179332825e+00 -2.5086510555e+00 -1.4783625973e-04
-2.1575548121e+00 5.0959096601e-02 -9.0483501252e-01
1.6218029682e+00 2.0138517012e+00 4.6274528690e-01
-1.2687145650e+00 1.6358385257e+00 1.3478923050e+00
2.5480336236e+00 -2.4647665752e-01 2.3471639608e-01
-2.1064404511e+00 1.4899306399e+00 -3.0289897694e-02
2.3859503946e+00 1.6226452397e-01 4.3524342733e-01
-1.9594709389e+00 -9.7204925495e-01 -1.5570462460e-01
-1.1744159779e+00 2.0540618914e+00 1.2985312816e+00
-2.2359323025e+00 -1.9315321535e+00 2.6397609495e-02
-7.2101572696e-01 -3.4130066245e-01 1.9041032093e+00
4.1375116154e-01 -3.4560327611e-01 4.0009196730e-01
-1.2421286871e+00 -6.1293235245e-01 -1.6568495386e-02
2.1545184392e+00 1.8175045143e+00 1.0419697208e-01
-2.5089384639e+00 1.4077018288e+00 -2.9351064651e-02
2.7290927230e+00 -2.4006839665e+00 -3.6252550038e-04
1.9841135273e+00 2.7823261992e+00 1.4764667877e-02
1.1623033520e+00 1.4216037109e+00 2.4517503661e+00
-3.2131404631e-02 7.2901817385e-01 1.3303961608e+00
1.7703936101e-01 1.8584028450e+00 6.7836379416e+00
4.2164910092e-01 1.8922392260e+00 5.6545651106e+00
-4.1560598039e-01 -2.7488741158e+00 -4.5296019790e-01
2.1548160983e+00 2.6837476142e-01 8.6544584149e-01
7.2612267812e-01 1.3158412606e+00 4.3676458004e+00
2.4392451500e+00 -2.2562167365e+00 -3.7861230893e-03
1.2944128501e+00 -1.6340003167e+00 -1.2301766316e+00
-1.8768313146e-01 -7.1126344928e-01 2.7750366737e+00
-9.2043213367e-01 -2.9439027606e+00 -5.5377494281e-02
1.9878124163e+00 2.6314018917e+00 2.5271511065e-02
1.1436543310e+00 1.2116050232e+00 2.4150709525e+00
-1.2696426225e+00 2.2728261552e+00 6.6859921122e-01
2.0742258376e+00 8.2451817981e-01 6.1142809578e-01
-1.6008164143e+00 -2.2337427699e+00 2.8112767088e-02
-2.7693490627e+00 1.9592200933e+00 5.1210653436e-04
-1.7086844567e+00 -2.4056517109e+00 2.3033823034e-02
-1.1120355380e+00 1.8942824046e+00 1.8571295516e+00
-2.8940460381e-01 -2.6851648552e+00 -6.8065305907e-01
-6.0737544131e-01 -7.0572788032e-01 3.5747326432e+00
7.5308096541e-01 6.9572295683e-01 1.5324557911e+00
1.1896397079e+00 2.9723637440e+00 8.2528695888e-02
-4.0149890987e-02 2.9460586497e+00 3.7682670839e-01
-2.9028117811e+00 -2.8478641749e+00 1.8752538457e-04
-5.0921452178e-01 -2.7086578112e+00 -4.4833390962e-01
-1.9608889329e+00 2.5598273805e-01 -1.4391855973e+00
-1.2631780190e+00 -1.9457144319e+00 -9.7315562018e-02
1.7218417766e+00 -2.5089423884e+00 -8.1840251648e-02
-1.6754126791e+00 -2.5529641374e+00 1.5320932418e-02
8.4106525621e-01 -2.8791259495e+00 -2.4332196249e-01
-6.0833094746e-01 2.7281416741e+00 6.1073875587e-01
5.8713454874e-01 -1.9245330995e+00 -4.4381372984e+00
3.7419665429e-01 6.3134708217e-01 4.9188358271e-01
-2.2597249815e+00 4.5231985361e-01 -5.7859596938e-01
-8.0747176910e-01 -2.6891452064e+00 -2.3722500620e-01
2.6691338622e+00 2.9010193906e+00 3.9915563252e-04
-1.2352579589e+00 8.0611730597e-01 -1.5127362563e+00
2.6259204859e+00 2.5558087409e+00 1.8664759361e-03
2.2132774848e+00 -1.3715553694e+00 9.1712224992e-02
2.1327207386e+00 1.2659002992e-01 9.7732122583e-01
2.1245799103e+00 2.9145665845e+00 4.9187974321e-03
-2.6820562293e+00 -4.1562634241e-02 -1.4816806807e-01
-2.0524142217e+00 -1.5575044230e+00 6.5822107144e-02
1.0110363868e+00 -1.7219440148e+00 -2.6542932214e+00
-2.3898303453e+00 -2.0695695732e+00 1.2317382397e-02
1.7654006359e+00 1.5962641167e+00 5.3778830663e-01
-1.2520991426e-01 1.4726404193e+00 7.8118303984e+00
-6.4644699110e-01 -1.5687471472e+00 -1.5688883799e+00
-1.8494925351e+00 -2.1640574595e+00 4.2373693217e-02
-8.8134133292e-01 -2.2196429852e+00 -7.1236554992e-01
-2.0437998635e+00 -3.8646186738e-01 -8.7914237514e-01
-2.1404737750e-01 -6.4988980154e-01 3.0993992898e+00
-3.9227393147e-01 -2.9707390146e+00 -1.8899420642e-01
1.0186700693e+00 -1.9246265635e+00 -2.2289119031e+00
-2.0194514309e+00 2.7168986794e+00 1.4713594025e-02
-2.5622035828e+00 -6.3810037956e-01 -1.2619074404e-01
-2.4366521072e+00 2.9583530806e+00 8.8086080639e-04
-2.9292394738e+00 1.2923945059e+00 -8.8712891902e-03
1.6302367053e+00 -1.0927980877e+00 6.0270166399e-01
-1.9331193033e-01 -2.6479628900e+00 -8.5791975841e-01
-2.0534286217e+00 1.0497115222e+00 -3.7203669043e-01
1.2072997952e+00 2.4661393051e+00 4.9308896808e-01
-2.6773170671e+00 -1.3149141291e+00 -6.1273953452e-03
-2.4076938158e+00 4.7712980584e-02 -4.1883761796e-01
-2.6590879877e+00 3.0000000000e+00 2.3300704296e-04
2.6206471559e+00 -2.8089457324e+00 -3.0235611620e-04
2.3831081409e+00 2.6742800834e+00 4.0106147182e-03
-2.7019207401e+00 -1.1900175393e-01 -1.3309989035e-01
-1.3061303398e+00 1.0840420004e-01 -2.9821084339e+00
-3.0000000000e+00 7.0732181463e-01 -2.3003161293e-02
-2.9414405810e+00 2.4124494559e+00 2.7212444365e-04
2.8286322059e+00 2.9010338907e-01 6.8613865423e-02
-8.2597569787e-01 -2.4587964105e+00 -4.7928599860e-01
1.7919690502e+00 -8.3997797107e-01 1.0647498904e+00
3.0000000000e+00 -2.1086060794e+00 2.1216478001e-04
2.6443664420e+00 5.6276241577e-01 1.2123547201e-01
7.3414572323e-01 -1.4035730870e+00 -4.1261013515e+00
2.0746884341e+00 -3.1011564896e-01 1.0736221175e+00
-1.6747738249e+00 -2.2809306902e+00 3.0502393612e-02
1.6355816784e+00 1.3676003322e+00 9.3783633289e-01
2.2212815439e-01 -2.7026566749e+00 -8.2827923701e-01
2.7553553100e-01 2.1705538050e+00 4.0125708931e+00
-2.7640828984e+00 2.4723533107e+00 7.3191057859e-04
3.6300302024e-01 -1.2834370221e+00 -4.9457408306e+00
-2.2011752886e+00 2.8576672274e+00 4.0077959352e-03
2.1836566382e+00 1.0302824262e+00 3.2782863237e-01
7.2630626646e-01 -1.9245557295e+00 -3.7461932261e+00
5.8795136885e-01 -1.2047934849e+00 -3.7262887446e+00
-4.4921787994e-01 -2.7899239996e+00 -3.6633731432e-01
-2.0616093852e+00 1.6379876565e+00 2.6543329658e-02
-5.8119237680e-01 1.7203676180e+00 5.5315585789e+00
-1.2382124650e+00 -2.7426649682e+00 -2.7639690301e-02
2.5940551917e+00 2.6928987012e+00 1.3439129011e-03
-2.4737342796e+00 8.1933588234e-03 -3.3126868091e-01
4.9504465787e-01 -1.0796884426e+00 -2.9410389364e+00
-1.3867844043e+00 -7.8480274313e-01 1.0817535370e-01
2.9516228623e+00 -2.2497873604e+00 5.5370352935e-05
2.1343418102e-02 -2.1033221360e+00 -4.0837977691e+00
1.4936289484e+00 2.8587256145e+00 5.8835243378e-02
2.9449279797e+00 -2.9046403654e+00 -1.5816777275e-05
-2.4026350037e+00 -1.6293504995e+00 1.5034764034e-02
2.6669532821e+00 -8.4799392229e-01 7.8073962102e-02
-1.4585866121e+00 -2.1594316842e+00 1.2069867072e-03
1.1214981866e+00 -1.3231604684e+00 -1.4057808866e+00
2.9128902222e+00 2.1395366278e-01 4.8138621025e-02
5.8809318023e-01 -2.2400904360e-02 7.1840871314e-01
1.5409675311e+00 1.1045454820e+00 1.3730328061e+00
4.8725141119e-01 3.6469304085e-01 2.3506342538e-01
1.7074404042e+00 -3.0632790486e-02 2.5413918616e+00
1.8327775482e+00 -6.8009339817e-02 2.0339427089e+00
1.6735360671e-01 -1.3924550693e+00 -5.6415509008e+00
1.9886232423e+00 6.8730806116e-02 1.4421738008e+00
-2.8720560744e-01 2.9053846380e+00 4.1136579020e-01
-2.7819362158e+00 -1.1591770842e+00 -1.1619287064e-02
-1.4550973482e+00 -6.7027139753e-01 -4.6726124472e-01
2.8594777169e-01 -2.2035579030e+00 -3.3984920190e+00
-2.9256863116e+00 -1.0648126165e+00 -9.7361664259e-03
7.7897807492e-01 1.4089352142e+00 4.3928276014e+00
6.0495806697e-01 1.5995145950e+00 5.6742014330e+00
2.1070300518e+00 3.7265645850e-01 9.2479565263e-01
-2.8315827512e+00 1.3549128551e-01 -7.9049979528e-02
1.5614994843e+00 6.9519387874e-01 1.9738689561e+00
1.3496397952e+00 -3.0000000000e+00 -4.6991602729e-02
-9.5662706658e-01 -2.8539238678e-01 -7.8938576456e-02
-2.5475180272e+00 -2.7772738401e+00 1.1921448223e-03
-1.3095719926e-01 1.1305689991e+00 5.1196309396e+00
5.7419370576e-01 1.3593815021e+00 5.3414038469e+00
2.4092270197e+00 1.2186910181e+00 1.1064817644e-01
-8.5916586213e-01 -2.9721129372e+00 -6.0547729904e-02
1.5501284851e+00 2.4303192693e+00 2.1714951750e-01
4.4743282687e-01 1.4182104740e+00 6.2810259557e+00
9.3599651153e-01 -1.9524599571e-01 2.5305207630e+00
-7.1198212550e-01 -1.9514233396e+00 -1.6764970345e+00
-2.3046605965e+00 1.6083461971e+00 -8.1748836923e-03
-4.4109618382e-02 2.1186602692e+00 4.7863561847e+00
9.7646616358e-03 -3.0000000000e+00 -2.4600053692e-01
5.9818420419e-01 1.6910814468e+00 5.5757443120e+00
1.1356432525e+00 1.2687967471e+00 2.4907517714e+00
-2.4420487730e+00 -1.7687345222e+00 1.3447713226e-02
-1.9240100690e+00 -1.3786991727e+00 9.5002526594e-02
3.2928500146e-01 -1.2868935746e+00 -4.9922066957e+00
-8.6384723543e-01 -1.8338565184e+00 -1.0290495619e+00
-2.4383899344e+00 -8.2069067951e-01 -1.2351098863e-01
1.1807761332e+00 -1.3918481599e+00 -1.3424651022e+00
-2.8356022090e+00 -1.7376549324e+00 1.7018524690e-03
-2.2841326556e+00 1.0286778880e+00 -2.1337613829e-01
-2.6259561293e+00 -1.1625383527e+00 -1.8882841864e-02
1.0482640948e+00 -2.4582048834e+00 -7.0270519746e-01
-7.5815551566e-01 7.4402825712e-01 -1.1316904578e-01
-1.5998510646e+00 -6.4591289258e-03 -2.5676004390e+00
1.4797136595e-01 8.2456511194e-01 1.7899383882e+00
2.8187507860e+00 2.4041336941e+00 1.1180241696e-03
1.2844071471e+00 1.6209748469e+00 1.8118018668e+00
7.3262555833e-01 -1.0335388237e+00 -1.7540909285e+00
-5.0905724920e-01 -1.1935461056e+00 4.6183355297e-01
1.1511842661e+00 1.4179607522e+00 2.5003484502e+00
-7.3703136510e-01 2.0477152289e+00 3.1313399052e+00
-2.1354033578e+00 4.7714348093e-01 -8.1202323099e-01
1.3857074833e+00 3.0000000000e+00 4.4388267170e-02
-7.0951719215e-01 -7.0255723448e-01 3.2379015681e+00
-1.5880139823e+00 2.2943080285e+00 2.4772514520e-01
-2.2563004613e+00 6.7051967567e-02 -6.8169200321e-01
-2.2666147340e+00 -2.3953119639e+00 9.5717734352e-03
-1.0347791091e+00 2.6948532807e+00 3.3934725510e-01
-5.2530683751e-01 -1.6609580266e+00 -2.6930965002e+00
8.9204715589e-01 4.1149081122e-01 2.0637823633e+00
7.2180274126e-01 6.7523896135e-01 1.3981326559e+00
1.8266355490e+00 -1.3580338783e-01 2.0344387216e+00
1.9297730402e+00 1.5702484801e+00 3.3526395818e-01
1.0088211135e+00 -1.2759560987e+00 -1.8153380016e+00
-9.7440088693e-01 3.9545947359e-01 -2.0240074959e+00
2.1850322104e+00 -4.5292946200e-01 7.1245725176e-01
2.8342979411e+00 5.3021979094e-01 5.4805032396e-02
2.0003695494e+00 3.0000000000e+00 5.6561173785e-03
2.9047764953e+00 -4.1535931650e-01 4.5256969941e-02
2.6042284295e+00 -1.2052552498e+00 4.7121818082e-02
-2.1484535708e+00 2.2210135994e-02 -9.2379202202e-01
-1.9453003377e+00 -9.9329896452e-01 -1.3213473217e-01
3.0000000000e+00 -1.6535039650e+00 2.0916010645e-03
1.2699046363e+00 2.3158027199e+00 6.3911656439e-01
-2.0475131578e-01 -2.1554818532e+00 -3.1829588871e+00
-2.8759545450e-02 1.9945638906e+00 5.9028689239e+00
1.9566665054e+00 -2.1343092025e+00 -6.8501887507e-02
2.6939991707e+00 -2.6752541024e+00 -2.8171253560e-04
1.7103579095e-01 -4.8973307972e-03 3.7556733879e-01
2.2409691159e+00 -4.0659545705e-01 6.2453795673e-01
2.9810499704e+00 -2.5206876908e+00 -2.1335972281e-05
6.4746562828e-01 6.3753261043e-01 1.0849055611e+00
-9.3287789352e-01 1.9392636010e+00 2.6049660087e+00
1.7466611605e+00 1.3306133810e+00 7.3747538369e-01
-5.1326294452e-01 -2.2353900354e+00 -1.7547246853e+00
1.6700053354e+00 -1.9193434476e-02 2.6888226932e+00
-3.8075375521e-01 -9.9703698266e-01 1.7764744305e+00
-1.8141971251e-02 -2.8699381286e+00 -4.2122004151e-01
8.2798167102e-01 2.4096792517e+00 1.2372032661e+00
2.4438096683e+00 -2.4462492087e+00 -2.7489766128e-03
-9.8613362957e-03 1.1753801851e+00 5.6350854911e+00
1.9512541657e+00 2.0397882289e+00 1.4667835514e-01
-2.9400962349e+00 1.5500427775e+00 -3.2179285201e-03
-2.3250913226e+00 -1.9448481573e-01 -5.0087931649e-01
-1.9232006347e+00 -2.6905456809e+00 1.0059291250e-02
2.1473326017e-01 2.7976098894e+00 6.5275257940e-01
3.9277509157e-01 2.4233649250e+00 2.0160143347e+00
-1.0066084879e+00 2.7560671845e+00 2.8843406868e-01
1.8896870466e+00 -2.8571236461e+00 -1.2628204990e-02
1.3850604402e+00 1.1302804113e+00 1.7295353390e+00
3.4475625317e-01 2.0708547024e+00 4.6377039376e+00
-1.6707303508e+00 1.2633896536e+00 -1.7334007121e-01
-2.6072286923e+00 1.6203445069e+00 -6.6531689333e-03
3.4044690175e-01 2.2021651653e+00 3.6099475913e+00
-1.5925231918e-01 6.6049427953e-01 1.1107380183e+00
2.9109626657e-01 1.6564670810e+00 7.3471882895e+00
3.9191043503e-01 1.8720904049e+00 5.9212893540e+00
3.4436192844e-01 -2.3203425954e+00 -2.5427371124e+00
1.7971170647e+00 1.2834380406e+00 6.8071194432e-01
-1.6388837545e+00 -6.6048837211e-01 -7.2490611947e-01
-1.0812364090e+00 -5.9593667286e-01 7.5088159541e-01
-2.2272607175e+00 1.6516978843e+00 3.1003896810e-03
1.0423992509e+00 4.7264420886e-01 2.5534077244e+00
8.8892390832e-01 -2.8571501116e+00 -2.4494811414e-01
2.9837949739e+00 -1.0086427766e+00 1.3858387946e-02
7.5223647489e-01 -2.2963201521e+00 -1.8318433887e+00
-2.3193214074e+00 2.9155225748e+00 1.8514399554e-03
1.6150203184e+00 2.4360953652e+00 1.7482847517e-01
-2.7214297864e+00 2.4142787411e+00 1.0649350563e-03
-1.1920496471e+00 -2.3846411612e+00 -1.3275678644e-01
1.7785114515e+00 -1.4940314058e+00 -3.8426407979e-02
1.1725409459e+00 2.5620743431e+00 3.9851292631e-01
-2.4794940339e+00 1.2539289775e+00 -5.8956630751e-02
-2.3843902397e+00 5.2798411071e-01 -3.6081053024e-01
7.4525995108e-01 -3.0569330349e-02 1.5463361586e+00
-2.7145372845e+00 3.0000000000e+00 1.7181337987e-04
-1.8586079348e+00 -5.8421039405e-01 -8.3579686559e-01
-1.2699496612e+00 -1.3772199528e+00 6.0742960557e-01
-1.5825946828e+00 6.2031387600e-01 -2.0203442667e+00
1.5261372109e+00 -7.6869498372e-01 1.6840774962e+00
-5.9674981630e-01 9.7632987169e-01 2.1422943793e+00
-3.0000000000e+00 -7.8688182364e-01 -1.5367408024e-02
2.2292459416e+00 4.0237142036e-01 6.3319210255e-01
-2.8461861615e+00 1.2475546699e+00 -1.4691213932e-02
-6.8559584161e-01 -1.5959881568e+00 -1.4471859707e+00
1.9962509674e+00 -1.5845046600e+00 2.6138838340e-03
1.1917152290e+00 2.4560348429e+00 5.2685078114e-01
-1.1551405882e+00 1.3692113994e+00 1.3780366852e+00
2.5482209409e-01 -1.4670814513e+00 -6.1919768339e+00
-1.0146927159e+00 -2.2345516758e+00 -4.2520056660e-01
-7.3615257630e-03 -2.7156771117e+00 -7.6544403573e-01
-1.8103195051e+00 -3.0000000000e+00 4.7782896829e-03
8.6005256513e-01 -9.1804166242e-01 -3.6279218920e-01
-6.3886741922e-01 -2.0565037771e+00 -1.8242718957e+00
-8.6251972727e-01 1.0058805014e+00 9.3814616411e-01
2.4867654508e+00 -4.8566657557e-01 2.5244257371e-01
-7.9306201303e-01 -6.8570503903e-01 2.8207265966e+00
3.0000000000e+00 4.8936856556e-02 3.2995043308e-02
-4.3935178768e-01 -2.1278100828e+00 -2.4523959663e+00
2.6738564358e+00 -2.5486944207e+00 -4.5495263376e-04
-6.3792483763e-01 2.7942654677e+00 4.6049052268e-01
-1.0191694020e+00 2.9955696533e+00 1.0776269171e-01
-3.6822496616e-01 2.0542106919e+00 4.6960107878e+00
-2.1315978255e+00 2.5783927424e-01 -9.4352602093e-01
-2.9969838428e+00 2.1369221409e+00 1.7435571552e-04
-1.1035147645e+00 4.0489655739e-01 -2.5275727476e+00
2.7716402662e+00 1.2878336736e+00 2.1339562416e-02
2.1740029814e+00 8.4504839445e-01 4.4674668960e-01
-5.4992091373e-01 2.2335592157e+00 2.7947562187e+00
-1.3077742898e+00 1.6616464995e+00 1.2056096325e+00
2.0034304425e+00 -2.6169933390e+00 -1.8067043604e-02
-9.0083164036e-01 2.2939535979e+00 1.4483461511e+00
-1.0984217505e+00 -1.0052999856e+00 1.5100961100e+00
2.3626498476e+00 1.6894865793e+00 5.7428876098e-02
-1.9116737649e+00 1.5139444186e+00 2.1799745939e-02
8.9684610329e-01 -2.1943541606e+00 -1.8220293021e+00
2.9871501890e+00 1.9079098088e+00 1.7963704297e-03
1.7975048977e+00 2.0992251089e+00 2.2270959463e-01
8.8687324471e-01 2.9341983429e+00 1.8105974542e-01
3.6606392540e-01 1.6408102681e+00 7.0278788071e+00
-2.9268090286e+00 -2.9586281495e+00 1.1324002031e-04
1.6124513420e+00 -4.6919649420e-01 2.3555608724e+00
1.6080178684e+00 4.4428518613e-01 2.3933589705e+00
-1.7566851526e+00 -3.3266578446e-01 -1.5762914273e+00
-2.0511865779e+00 3.9378232579e-01 -1.0815670061e+00
-2.9144556933e+00 -1.2127274620e+00 -5.5695696734e-03
-2.7058196754e+00 -1.9692033058e+00 3.5827875179e-03
1.8130362535e+00 2.0086662518e+00 2.5312423433e-01
-3.2897489851e-01 -8.8453095675e-01 2.4966374050e+00
2.6916495720e+00 -6.0479974207e-01 9.8723633574e-02
-1.5814233309e+00 1.6394611645e+00 4.4316488888e-01
2.1312336715e+00 -1.2138542946e+00 2.0058069803e-01
-2.3333262341e+00 1.4176766766e+00 -4.4828675569e-02
7.5261201496e-01 5.8068984456e-01 1.3821761223e+00
-9.4981729293e-01 -2.9916187256e+00 -3.8913511430e-02
-2.3925016369e+00 1.9919494149e+00 1.0317654412e-02
1.3902658297e+00 4.5061897200e-01 2.8752016149e+00
3.0000000000e+00 1.3575844961e+00 6.0654029599e-03
-2.9085740288e+00 9.1297989072e-01 -2.5069370707e-02
-5.9388498661e-01 -2.0208964126e+00 -2.1156356833e+00
6.1922311584e-01 -2.6556934260e+00 -7.5901210730e-01
-2.4195407420e+00 -2.8378691564e-01 -3.4279608774e-01
-1.0836792674e+00 1.9871822442e+00 1.7770726398e+00
9.5882993900e-01 1.5208252571e+00 3.4825314145e+00
-2.5352741087e+00 2.6591181151e+00 1.5818839970e-03
5.2399138032e-01 -1.8832467172e-01 5.2058581978e-01
8.5517134392e-02 7.7238026558e-01 1.4638417363e+00
2.3456692999e-01 -2.7594189256e+00 -6.7188952488e-01
-2.0793425576e+00 -1.5107931729e+00 5.7437219795e-02
-7.5409993922e-01 -1.0404930700e+00 2.2399317236e+00
-7.2810424617e-01 -1.2362821030e+00 9.2614684241e-01
2.3521598258e+00 2.9849853113e+00 1.3325567063e-03
-2.2798879415e+00 4.7485347412e-01 -5.3313126277e-01
-2.5678301727e+00 1.4824946636e+00 -1.7130576222e-02
-1.9889482612e+00 2.6441654311e+00 2.1321324746e-02
-1.1462641081e+00 -2.4810751709e+00 -1.2978957876e-01
3.0962742193e-01 8.7921081665e-02 4.7613096125e-02
7.8430247940e-01 8.7485154486e-01 2.1031593174e+00
-9.5847625137e-01 2.8378649889e-01 -1.9527919641e+00
-1.0132816146e+00 1.6280640449e+00 2.6617248732e+00
4.2580811076e-03 1.9824889129e+00 6.0117323599e+00
-9.6468793368e-01 1.2331562138e+00 1.8085451682e+00
-1.0858443774e+00 -2.8623858227e+00 -3.9305105494e-02
2.8027593454e+00 -2.2915110928e+00 -1.3504953907e-04
2.3776549140e-02 9.5160631514e-02 6.9847565953e-01
-1.7907233275e+00 2.6298455058e+00 4.8173786017e-02
5.4369703995e-01 1.7704214038e+00 5.6488951858e+00
2.9820642894e+00 1.1703301993e+00 9.8339786173e-03
1.9543080663e-01 2.5930888322e+00 1.3555318787e+00
-2.8145679572e+00 -7.4161005743e-01 -3.8289314309e-02
9.6497422065e-01 2.3645793616e+00 1.0970785028e+00
2.1284171210e-02 2.3370008120e+00 2.9585104772e+00
-2.1284003010e+00 -1.3640316603e+00 2.8941059741e-02
-2.5049561736e+00 1.5675042125e+00 -1.2155047587e-02
-1.4511180217e+00 -7.5343083466e-01 -1.6529405753e-01
-1.5852606435e+00 1.3078240614e+00 -1.1562253333e-02
-7.6342091148e-01 1.6243617883e+00 4.3784397491e+00
-2.5718698104e+00 -5.1344726321e-01 -1.5144331708e-01
7.8017212502e-01 1.4293302200e+00 4.4311757044e+00
2.3868992585e+00 2.0280947899e+00 2.6030770373e-02
-3.2381527405e-01 -2.9565458504e+00 -2.2221176377e-01
-7.4996241054e-01 -4.1190249308e-01 2.0758663165e+00
-1.1122847110e+00 -2.9636025953e+00 -2.0099663044e-02
2.0780951827e+00 -9.6336389298e-01 4.5334687343e-01
-2.9522386821e+00 9.0679990773e-01 -2.0712157618e-02
-6.1916820891e-01 2.3673652237e+00 1.8619457304e+00
-1.6579139287e+00 -3.9076079096e-01 -1.5764331719e+00
1.4573423892e+00 1.3896062121e+00 1.3846177995e+00
-8.7767722095e-01 1.1016013909e+00 1.5043311667e+00
9.8390810566e-01 2.9757030694e+00 1.2686005861e-01
1.8996224554e+00 6.2464251976e-01 1.2095112216e+00
1.3672484620e+00 -9.4810822242e-01 1.0135358281e+00
1.8712307779e+00 1.6503910714e+00 3.6458241695e-01
9.1096172397e-02 1.8580538121e+00 6.9477652784e+00
-5.3652037893e-01 -2.8455111040e+00 -2.4991169153e-01
2.1485082221e+00 2.8302643607e+00 6.2753811404e-03
1.5834741504e+00 -5.8541519727e-01 2.1432490872e+00
-2.3151614156e+00 -8.5850421955e-01 -1.5559608080e-01
2.8729288426e+00 6.6355065535e-01 3.9163034978e-02
-2.2536502782e+00 -1.3328286490e+00 5.1032094507e-03
-2.3656206981e+00 1.9289451569e+00 1.1303372600e-02
1.5465348882e+00 -5.8821742875e-01 2.2168438048e+00
2.2336760610e+00 -6.3470471625e-01 5.0949221192e-01
-2.2227436416e+00 -4.1515479276e-01 -5.3955726516e-01
-2.1358382776e+00 1.1382857665e+00 -2.3359435249e-01
-3.8050057131e-01 -1.8599904897e+00 -3.6965800893e+00
2.0964118457e+00 -5.9820830777e-01 7.8997575546e-01
-5.6580580182e-01 2.3156926809e+00 2.2637147801e+00
6.2004776208e-01 -2.6098052325e+00 -8.8501900975e-01
-1.6121920256e+00 -1.3270663222e+00 3.0801806432e-01
2.0306093311e+00 -1.8867497108e+00 -4.9917836008e-02
-2.2988762031e+00 -1.8347427910e+00 2.3478297174e-02
2.0694168660e+00 1.2865882414e+00 3.1609519951e-01
-1.5810122060e+00 -1.4923526934e+00 2.8473436491e-01
2.2015781568e+00 2.5735210502e+00 1.2852246531e-02
-2.2224771359e+00 -2.7524616368e+00 4.1192419203e-03
-2.7382252201e+00 -8.7377631546e-02 -1.1593393302e-01
-2.2833305693e+00 -1.1818141437e+00 -3.0788573496e-02
-2.5338572101e+00 2.9051004172e+00 6.6577184436e-04
-2.2129837160e+00 -1.3064781591e+00 4.2399881811e-03
-3.0000000000e+00 1.2221999950e+00 -7.8876853554e-03
1.1856031071e+00 -3.3308666227e-01 3.1417043832e+00
-3.0000000000e+00 1.3796550206e+00 -4.8261472785e-03
1.9169169849e+00 -1.9800163323e+00 -9.5082345300e-02
9.6224703119e-01 1.3429303833e+00 3.3051288045e+00
1.4639845641e+00 -7.8036084491e-01 1.7018204599e+00
1.7525851982e+00 -2.8231165057e+00 -2.5089043369e-02
1.5423211182e+00 -2.7042078899e+00 -8.2823451306e-02
2.8778015252e-02 1.3281771755e+00 7.0590971772e+00
-1.1155697209e+00 5.4728373343e-01 -2.2739332841e+00
2.2196852634e+00 2.6400172039e+00 9.4519496989e-03
8.2092548329e-01 1.5630366162e+00 4.3032191359e+00
-1.0684179347e+00 -2.6942043685e+00 -8.9311697637e-02
-7.1884687445e-01 -2.9797123521e+00 -9.0466786046e-02
-6.0177897283e-01 -2.1146090384e+00 -1.8282821605e+00
1.8438672245e+00 -1.6496862111e+00 -9.1970859227e-02
1.7577390109e+00 -1.3798173727e+00 7.3113765863e-02
2.2358042466e+00 1.5976400706e+00 1.1110243121e-01
1.7398701572e+00 -6.9493887132e-01 1.4943955435e+00
-2.9869520311e+00 5.5328802542e-01 -2.9709904013e-02
9.2369243533e-01 7.2981243743e-02 2.5511190765e+00
-2.4739509556e-01 -1.8123452026e+00 -4.6141361753e+00
6.5363880247e-01 7.2164972376e-01 1.3332665732e+00
-2.7950474012e+00 -2.3419492501e+00 1.2925189533e-03
1.4800785362e+00 -2.3709044651e+00 -2.7961185620e-01
-1.0420850435e+00 -2.3378098105e+00 -3.0665150408e-01
6.0628741351e-01 -1.5963119173e+00 -5.3353369647e+00
-2.2406823881e+00 2.2068440623e+00 2.0493986129e-02
1.5896377014e+00 7.1111668522e-01 1.8743369516e+00
-4.7355006009e-01 -1.7642258787e+00 -3.1888780580e+00
-2.0072644823e+00 1.2495824811e+00 -1.9548105627e-01
-2.7385979851e+00 -1.6095071960e+00 2.0090500505e-03
-2.8544451258e+00 -2.5184358592e+00 6.3546396001e-04
-2.0791189185e+00 1.8163082087e+00 5.1120264975e-02
-1.4478144377e+00 1.3518906728e+00 3.1479986269e-01
1.4184331510e+00 2.3569232521e+00 3.8947726876e-01
-2.5426403900e+00 -6.7140114025e-01 -1.2641377123e-01
-2.9219415387e+00 1.8080208711e+00 -6.8793467981e-04
1.3954569656e+00 3.5655561364e-01 3.0800805724e+00
-6.5412076370e-01 -1.8163630760e+00 -2.0563841162e+00
2.4940274701e+00 -2.8049643275e+00 -6.9551912054e-04
-1.4350991130e+00 -1.7534112598e+00 1.3915957443e-01
-7.5552380752e-01 -1.2042497323e+00 1.2096971197e+00
-3.4698849522e-01 4.4155890429e-01 7.4890854586e-01
-8.2445029606e-01 3.6764179751e-01 -1.2239049444e+00
-2.3515037380e+00 -2.2927186833e+00 9.1650531231e-03
8.9392722606e-02 -1.5870518510e-01 9.4976956620e-01
2.8517568206e-01 -5.8980331731e-01 4.6420632980e-01
-1.6486914038e+00 -2.6562926722e+00 1.1580675128e-02
1.5688124078e+00 -2.8316151199e+00 -4.7291329258e-02
-1.0169961899e+00 -2.0443865784e-01 -9.0951052903e-01
2.3300002917e+00 1.7060443437e+00 6.3647335885e-02
-1.1182375601e+00 9.8326672031e-01 -3.2786746799e-01
8.1225465329e-02 1.0872655319e+00 4.5808634528e+00
1.8227230260e+00 2.5499110793e+00 6.1418708365e-02
-1.7752511886e+00 -1.2678832705e+00 1.5341090133e-01
-1.1355639860e+00 -1.1500045209e-01 -1.9638412215e+00
1.3638399871e+00 -1.6665681510e+00 -9.8595135161e-01
-7.4177568426e-02 7.1053799872e-01 1.2729377456e+00
-2.2104817426e+00 -8.7164250742e-01 -1.8999012876e-01
8.5656475038e-01 2.6003168617e+00 6.6313291613e-01
-1.9397069618e+00 -2.8717709417e+00 5.7759062966e-03
-2.5398751175e+00 -1.9442228313e+00 7.8949915595e-03
-1.3262046813e+00 3.5572507979e-01 -2.9480915641e+00
2.2973885742e+00 1.1735159540e+00 1.7906850280e-01
-2.2456751655e+00 6.9612234706e-01 -4.5787560940e-01
-1.6489623455e+00 9.4166955827e-01 -9.8539773163e-01
5.6029392050e-01 1.1996149605e+00 4.4111863497e+00
-1.1043271249e+00 -3.0000000000e+00 -1.7160063569e-02
1.2397430850e-01 9.5134789336e-01 3.0252856350e+00
3.4796684845e-01 -1.5297778317e+00 -6.3236418095e+00
-4.7087119788e-01 1.0410588168e-01 1.2063980808e+00
2.5423048234e+00 -2.9779357134e+00 -2.5679810204e-04
2.8994250543e+00 -7.9947285612e-01 2.9987006644e-02
-2.7255195396e+00 1.5586139333e+00 -6.9574991550e-03
1.8142314558e+00 2.3401611311e+00 1.1798242679e-01
-2.8810992667e+00 3.0000000000e+00 6.6125374925e-05
1.1984078679e+00 -6.0696987207e-01 2.3242734864e+00
5.6185550149e-01 -2.6616807070e+00 -7.8947473008e-01
-1.1523005641e+00 -6.3644513315e-01 5.2837702860e-01
-2.4498548105e-01 -1.7416969244e+00 -4.7344051146e+00
1.9301168008e+00 -1.2466144194e+00 2.5216252164e-01
1.7443002779e+00 -7.0452121529e-01 1.4622524484e+00
-1.5259169572e-01 2.9890862058e+00 3.0713987212e-01
9.5628759849e-01 1.2017183048e+00 3.0139626656e+00
-2.3538891607e+00 2.1523870233e+00 1.2320797698e-02
2.0916994611e+00 1.0954077081e+00 3.9141994231e-01
-1.8063165825e+00 -1.1845280608e+00 9.1299372593e-02
6.5971235453e-02 1.8470096321e+00 7.0543072291e+00
9.0221563273e-01 -1.2416786230e+00 -2.2633349642e+00
-2.3098955393e+00 -2.0794849705e+00 1.6200813590e-02
-1.7240476508e+00 -1.2720857743e+00 1.9596048016e-01
-1.6001707950e+00 -2.1411538214e-01 -2.1650477335e+00
-1.2712329237e+00 2.5678619793e+00 2.9830506774e-01
1.3169845558e+00 -1.6571324149e+00 -1.1521590312e+00
1.6229354644e+00 3.0000000000e+00 2.1880714135e-02
2.1534608871e+00 2.1759052304e+00 4.9627597686e-02
4.3430797792e-01 2.4634488315e+00 1.7386080754e+00
-9.5970063893e-02 -2.8195332845e+00 -4.9249745969e-01
3.0000000000e+00 2.4876043513e+00 3.0832920011e-04
7.3081794218e-01 6.6529573426e-01 1.4074255423e+00
4.6652088691e-01 3.0000000000e+00 2.4123568867e-01
5.6219903695e-01 1.3337042428e+00 5.2714707238e+00
2.4328714406e+00 -1.7507140760e+00 6.2469503742e-03
8.8410843272e-01 -3.6696517237e-01 2.0342805392e+00
2.4617988288e+00 1.0719400003e+00 1.1736275929e-01
2.6189914097e+00 1.8166219395e+00 1.4415176137e-02
-1.4487405507e+00 -2.0261157442e-02 -2.7990947443e+00
-2.4124021493e+00 1.5043684117e+00 -2.2591999892e-02
-2.0719945595e+00 1.8689230255e+00 5.6390218534e-02
2.2433536172e-01 -1.6068676960e+00 -6.5456367261e+00
-2.4743765087e+00 2.7644932053e+00 1.5260885476e-03
-1.8470928762e+00 -2.0521590111e+00 5.5711620328e-02
2.0418005548e+00 2.0481861461e+00 1.0291820825e-01
-9.0388213425e-01 2.6941816373e-01 -1.6336250170e+00
-2.5766424513e+00 4.5027383328e-01 -1.9355248631e-01
-2.5458317267e+00 -1.8241072329e+00 8.3073222220e-03
-1.4882847345e+00 1.6408541313e+00 6.4166041551e-01
-2.1897382191e+00 -1.6593895480e+00 3.8987316125e-02
1.8058083336e+00 2.9959897467e-01 1.9524463363e+00
2.2577208738e+00 -2.3009281779e+00 -1.1059604248e-02
2.6047837866e-01 7.1106842543e-01 8.7148275319e-01
-2.6958498596e+00 2.9617493012e+00 2.2299894441e-04
-2.7324634956e+00 2.2266894317e+00 1.2862429337e-03
-9.4412532375e-01 1.4683199544e-01 -1.6965636910e+00
-2.2621987091e+00 -2.5841751823e+00 5.9380921019e-03
7.3166140049e-01 -2.8043458127e+00 -3.8471922518e-01
-2.5280318405e+00 -2.5929106081e-01 -2.3937463549e-01
2.0710365228e+00 -2.3502022936e+00 -2.6998287899e-02
2.9164658780e+00 2.8694265236e-01 4.5559312251e-02
-2.4353682533e+00 -7.5419808886e-01 -1.4907369921e-01
-2.6916545856e+00 8.9488247944e-01 -6.6676073160e-02
6.3487175062e-01 -2.0118832159e+00 -3.7360124963e+00
-1.3890844319e+00 -2.3957734070e+00 -2.6284927762e-02
-6.9935955129e-01 2.7793013851e+00 4.4863335131e-01
3.7198723682e-01 1.3316406139e-01 3.9699988030e-02
2.6717143093e+00 -1.0008102907e-01 1.4872924774e-01
8.5960813426e-01 -1.6855767982e+00 -3.6463485760e+00
2.8549891286e+00 1.1141749395e+00 2.0387852349e-02
2.7214248265e+00 2.6436206446e+00 8.3327761152e-04
-2.3721980543e+00 1.3743230757e+00 -5.0621392442e-02
1.2779070357e+00 5.7101007800e-01 2.6699433638e+00
-1.5524274066e+00 2.9101654668e+00 3.8644320628e-02
9.7180753423e-01 2.4965012809e+00 7.4641176866e-01
-1.0985470276e+00 -1.8530879528e+00 -3.1725006604e-01
1.0000201728e+00 1.2968230532e+00 3.0566762329e+00
-3.6587186244e-01 3.6050511471e-01 8.0586400397e-01
-2.4116191804e+00 -2.9112246685e+00 1.3034979450e-03
2.5978152301e+00 1.5244582613e+00 2.8988498604e-02
1.9411419983e+00 -3.0000000000e+00 -5.6050526514e-03
-1.4164405671e+00 -2.4389687918e+00 -1.5506142324e-02
6.6443348490e-02 2.3358710910e+00 2.9549231433e+00
1.7442252959e+00 4.2909804602e-01 1.9840159948e+00
-3.0000000000e+00 2.9234965335e+00 4.3660706680e-05
-1.0487056249e+00 3.2036155057e-01 -2.3918385363e+00
-1.2993463393e+00 1.0174244206e+00 -6.1198682285e-01
-2.8819008499e-01 -1.3931602895e+00 -2.9934395283e+00
-4.5681641636e-01 1.7070633779e+00 6.3716502901e+00
-2.8091157163e+00 4.9093469672e-01 -7.1585354917e-02
1.1279734997e+00 -8.5320986478e-01 1.0364738146e+00
-2.1950792772e+00 -2.5195981660e+00 8.6548146596e-03
3.0000000000e+00 -1.4567773707e+00 4.1343479740e-03
2.6589387541e+00 -2.7326640449e+00 -3.0280212442e-04
-2.2908513616e+00 -2.8097081468e+00 2.7772735085e-03
-1.2698480418e+00 -2.2562646856e+00 -1.0540191914e-01
-1.6159553090e+00 1.8146712852e+00 4.2253586306e-01
1.7251679394e+00 7.3856985985e-01 1.4839866962e+00
2.8029414969e+00 -2.8808178323e+00 -6.0606152328e-05
-1.7819848307e+00 -7.9008521022e-01 -4.2414876511e-01
-5.6490253946e-01 5.9704380382e-01 2.6719621598e-01
-4.0699400366e-03 -2.7416487972e+00 -6.9701563467e-01
1.1226597981e+00 -2.8177387868e+00 -1.7779647404e-01
1.2088966822e+00 3.0000000000e+00 6.9980880644e-02
-1.8859250880e+00 2.7667973148e+00 2.0982366509e-02
1.8993545298e+00 2.0211081742e+00 1.8341190610e-01
7.7575044755e-01 2.4187538483e+00 1.3105090583e+00
-2.9960777720e+00 -2.9356638637e-01 -3.2497004847e-02
3.0000000000e+00 -1.4222338250e+00 4.5991372585e-03
2.8328953587e+00 1.8502926088e+00 4.6765782714e-03
1.3151824515e-01 2.3907415702e+00 2.5275268000e+00
7.2108106831e-02 -1.5066934975e+00 -6.0168888000e+00
1.9540033647e+00 2.6468136777e+00 2.7285843361e-02
-2.1244238574e+00 -2.1406439942e+00 2.5752546606e-02
-2.6605065419e+00 2.6832438761e+00 7.4481888303e-04
-2.9956760945e+00 -2.2998851351e+00 5.0928766189e-04
-2.2048537976e+00 3.1474042288e-01 -7.4858561484e-01
-5.8323704090e-01 1.2171783388e+00 4.1646806610e+00
-2.6913192581e-01 -2.4751375299e+00 -1.3772869188e+00
2.9687602109e+00 -2.7610067110e+00 -2.0270131398e-05
1.8399930748e+00 -1.5808365260e-01 1.9707374661e+00
1.9866272563e+00 -1.0075009186e+00 5.0480525181e-01
-1.4603814999e+00 2.7688820221e+00 8.8609123540e-02
1.8234762762e+00 1.5837598573e+00 4.5872335913e-01
-2.4554994632e+00 2.1084541962e-01 -3.4794937807e-01
2.2566810034e+00 -1.7208942264e+00 4.4283831741e-03
1.7830512323e+00 -1.2288433106e+00 3.0336536611e-01
-2.8223341566e+00 -2.1084431601e+00 1.7231588687e-03
-5.5210443807e-01 -1.2792072133e+00 -1.2404194388e-01
-2.9775035789e+00 -2.6481102037e-01 -3.6281681791e-02
-4.4446273392e-01 3.0000000000e+00 2.4610019968e-01
-2.4614394317e-01 -8.0505996262e-01 2.6266527634e+00
2.1215761297e+00 -2.5771242109e+00 -1.1659239364e-02
1.9471347355e+00 -2.6226162265e+00 -2.2849738000e-02
9.5679405315e-01 1.7773056056e+00 3.1317237054e+00
-2.3808428317e+00 -2.6338890884e+00 3.4695889420e-03
4.0863177976e-02 -1.3151450370e+00 -4.5056383125e+00
-8.1954470993e-01 -9.6941965446e-01 2.4627236183e+00
-1.8403411053e-01 2.4631731650e+00 2.0317566299e+00
-5.5373570702e-01 -1.1519492038e+00 1.0603982516e+00
-3.0000000000e+00 2.5096194380e-01 -3.5084223820e-02
1.4574897716e+00 -1.3677949087e+00 -2.9951222504e-01
-1.7855437258e+00 1.7583793062e+00 2.0725481219e-01
-2.7063989696e+00 2.9239064551e+00 2.4471440829e-04
3.0000000000e+00 4.0321675777e-01 2.7909239982e-02
3.0000000000e+00 2.0195937614e+00 1.2536136700e-03
6.2584423803e-01 1.5412931169e+00 5.5389690052e+00
-1.9673861446e+00 -2.9812966874e+00 3.8635641978e-03
1.3032415758e+00 2.7068845033e+00 1.7715266122e-01
1.3895394713e+00 2.5944887845e+00 2.0754368917e-01
-2.7822773599e-02 7.3304293243e-01 1.3495781459e+00
2.9026524973e+00 3.0000000000e+00 7.2203591305e-05
8.0253532037e-01 -2.6723572363e+00 -5.6134450245e-01
-1.1393435927e+00 2.6224572820e+00 3.4530263704e-01
1.5732063768e+00 -1.0697635253e+00 6.6611191330e-01
-2.4058216360e-01 -8.0090265660e-01 2.6219268330e+00
-5.8704351728e-01 -1.2786992419e+00 5.9884715216e-02
1.2281843833e+00 -2.5229145284e+00 -3.7960430966e-01
2.2703414559e+00 -1.0275187239e+00 2.3087005231e-01
-2.1302136152e-01 1.6783231925e+00 7.6209544825e+00
1.0209162933e+00 -1.8809257781e+00 -2.3257071320e+00
-7.4090286067e-01 9.8239069988e-01 1.4288118010e+00
-4.7882846681e-02 3.1326186079e-02 1.0943916464e+00
-1.8629319880e+00 -1.6472030318e+00 1.1675496833e-01
1.3264942200e-01 -1.9798368964e+00 -5.0892248716e+00
-1.6311608837e+00 -3.0000000000e+00 5.2539538115e-03
-3.8367362201e-01 1.2895058271e+00 5.8510059494e+00
-2.6261220891e+00 -9.3500232396e-01 -4.7366717179e-02
1.2545895696e+00 -4.8918811010e-01 2.7954919350e+00
2.2873735224e+00 8.6960518682e-01 3.0194516021e-01
-2.1869645350e+00 2.3033755546e+00 2.2381648276e-02
1.8451415987e+00 2.7950174709e+00 2.3734703724e-02
-1.5215060521e-01 -1.0961468515e+00 -7.6453312009e-01
-2.7092456854e+00 -2.9296859146e+00 3.5765395449e-04
3.9753852555e-01 8.7306196039e-01 1.9602669136e+00
-1.1755148193e-01 -1.9812859751e+00 -4.5297136711e+00
-2.8691951001e+00 -2.8649280486e+00 2.0936611238e-04
-2.1998882279e+00 2.3781377314e+00 1.7951518093e-02
2.3606869524e+00 -6.9979170136e-03 4.8977941060e-01
1.2700842545e+00 2.6696801606e-01 3.3398330513e+00
-2.2102352434e+00 -3.0000000000e+00 1.9071887254e-03
2.3317511674e+00 -2.6175472293e+00 -3.4030372375e-03
2.6093847192e+00 -3.5465334495e-01 1.7347285715e-01
6.4734027716e-02 1.4357899907e+00 7.7100606405e+00
1.4733277678e+00 1.5477838983e+00 1.2253601098e+00
-1.3402643276e+00 -2.7955569104e+00 -7.3983129434e-03
7.6356292062e-02 2.5664641844e+00 1.5256787857e+00
-2.0115384574e+00 -1.6236619202e+00 7.5640121752e-02
3.0000000000e+00 -7.9518877237e-01 1.8523213036e-02
1.6596171411e+00 9.4424706909e-01 1.3039836996e+00
1.9789407167e+00 -2.9373968790e+00 -6.1907411318e-03
1.2329605506e+00 -2.4335038765e+00 -4.8603638990e-01
-9.8231635578e-01 -1.4054150872e+00 4.6911212286e-01
-2.7672529944e+00 1.4716325982e+00 -9.0779193877e-03
1.2399448371e+00 8.4640797984e-01 2.1974139840e+00
-5.7104381509e-01 -3.0000000000e+00 -1.1865634684e-01
3.0000000000e+00 -1.2626752078e+00 7.1930298937e-03
7.8456402047e-01 1.7513923249e+00 4.2256507840e+00
-2.7479851405e+00 -9.9237303728e-01 -2.5255750502e-02
5.4366514597e-02 3.7515297539e-01 2.7996261998e-01
-2.8313243051e+00 2.6602542618e+00 2.9976177523e-04
-1.5852101674e+00 2.7863144600e+00 5.6467393704e-02
1.0981619036e+00 -3.1756371427e-01 2.9832534901e+00
1.3810459780e+00 -3.7112895829e-01 3.0839463412e+00
1.5006067192e+00 -1.3483439828e+00 -1.6534218778e-01
-2.5131656189e+00 -2.0850318036e+00 7.3696061663e-03
-1.9720269920e+00 1.2861274476e+00 -1.6888967793e-01
2.0035626785e-01 -4.6425453754e-01 9.0437339761e-01
1.1811238237e+00 2.3665640655e+00 6.9275647569e-01
4.5174855845e-01 3.0000000000e+00 2.4452377101e-01
1.5483874063e-01 2.2042287347e+00 3.9400585434e+00
-2.9614288066e+00 1.5455803975e+00 -3.0008077205e-03
1.6025547453e+00 2.3679131229e+00 2.2028284076e-01
3.0000000000e+00 1.2517391800e+00 7.6003099616e-03
-2.9576241813e+00 -2.2623166925e+00 6.6957965035e-04
-2.9514143073e+00 -2.5886325620e+00 3.2319507999e-04
2.6683198412e+00 2.7634487740e-01 1.3970148818e-01
-1.4585998667e+00 4.4541457226e-01 -2.6836157041e+00
-1.5397682452e+00 -2.8809208088e+00 5.6355993251e-03
-1.8677910746e-01 2.0947126791e+00 4.8420622019e+00
1.7297933227e+00 4.6665605453e-01 1.9673818712e+00
-1.3173906490e+00 -7.8041252694e-01 3.2555842020e-01
7.6565715360e-01 2.8198509985e+00 3.4988782513e-01
-2.4712266890e+00 1.8146986008e+00 2.8119964929e-03
-2.6649565152e+00 1.3809952210e+00 -1.9331298200e-02
3.0000000000e+00 1.4412122666e+00 5.0473518650e-03
-2.0777427983e+00 -6.4749835032e-01 -4.9410909593e-01
5.0846869019e-01 3.0707633257e-01 2.9856678729e-01
-1.2071582751e+00 1.9229152510e+00 1.4225035769e+00
7.7557889108e-01 4.1048734395e-01 1.4950963865e+00
8.1383161758e-02 -2.0631407709e+00 -4.4537708877e+00
1.1413243218e+00 -2.7436362311e+00 -2.2475729224e-01
2.9376540728e+00 1.4059912968e+00 7.4955184705e-03
2.6183549951e+00 2.6266842594e+00 1.5131443625e-03
-1.1351116509e+00 4.2530682802e-02 -2.4551953080e+00
-9.8020718203e-02 -2.2787967642e+00 -2.6830631008e+00
2.6325665879e+00 2.7991655317e+00 7.3296782250e-04
1.5086460828e+00 2.5077874745e-01 3.0373158050e+00
4.2209539117e-01 -6.7548636880e-01 -6.7881408279e-02
1.1294480371e+00 1.8665798119e+00 2.0452672821e+00
-7.4931843288e-01 -1.0720779307e+00 2.0610053168e+00
1.6591818744e+00 -1.0512472034e+00 7.0591349178e-01
2.5292576854e+00 -1.4393500259e+00 2.9571350458e-02
1.1757067604e+00 -8.6581946489e-01 1.0930273051e+00
1.1222048242e+00 -1.7320021029e+00 -2.0276739069e+00
-2.6666470150e+00 -1.9037751184e-01 -1.4794480594e-01
2.8898275912e+00 -2.8474580665e-01 5.2803274766e-02
-6.6220567808e-01 9.9834781182e-01 1.9738292692e+00
1.9422176160e+00 -2.0214976251e+00 -8.2049972341e-02
2.0294225166e-01 7.2672385320e-01 1.0112044356e+00
-2.6865486413e+00 -2.4268871077e+00 1.7590718090e-03
2.6153301580e+00 2.1272063564e+00 7.0641788585e-03
6.2187526742e-01 1.8206990263e+00 4.9661548934e+00
-2.4407854246e+00 1.4217909965e-01 -3.7225954783e-01
-3.0000000000e+00 -2.1509058006e+00 6.4024513407e-04
-9.8783314122e-01 -8.3323761568e-01 1.9802284089e+00
2.4788837943e+00 2.9853041872e+00 7.2777874888e-04
-2.0201469517e+00 1.6075923029e+00 2.8546029935e-02
1.8127948259e+00 5.6390930850e-01 1.5440912825e+00
1.2556270010e+00 2.7582503825e+00 1.6559440291e-01
-3.0000000000e+00 -9.2355384504e-01 -1.0950200039e-02
-1.4540388180e+00 -5.9450441683e-01 -7.6280652149e-01
-2.5014989269e+00 -7.2856674211e-02 -2.9375242719e-01
-1.4717070524e+00 5.2869930245e-02 -2.8803041672e+00
-1.1758229459e+00 -1.6222184186e+00 1.1678672319e-01
-5.6626024452e-01 -1.4133962384e+00 -1.1554107556e+00
-1.1879932258e+00 1.9414094894e+00 1.4637854572e+00
2.0707994398e+00 -1.1894862930e+00 2.4851779291e-01
1.9736564027e+00 4.4420358498e-01 1.2276589992e+00
2.6700686078e+00 -1.5807587994e+00 1.0469400483e-02
-1.3408354986e-01 1.1128271128e-01 1.1836096049e+00
-2.2646030953e+00 -1.6917373926e+00 2.8830986195e-02
-2.0690090477e+00 -1.7409463675e+00 5.7427631187e-02
8.8984858975e-01 -2.1565067362e+00 -1.9921212581e+00
3.0000000000e+00 1.6368176915e+00 3.2320142142e-03
2.2651288272e+00 -1.7896428058e+00 -2.0598479110e-03
6.4668440040e-01 1.8530500861e+00 4.6695116539e+00
3.2284408010e-01 -1.5829278757e-01 2.8124149165e-01
2.3757193525e+00 -2.1530976747e+00 -6.1251989615e-03
4.8925939754e-01 -2.2152388825e+00 -2.9625933030e+00
8.8477165025e-01 -1.4288287635e+00 -3.2142688418e+00
-8.1496213234e-01 1.1780046924e-01 -7.7967601973e-01
6.6556799387e-01 1.1804380972e-01 1.0654260022e+00
7.5375045253e-01 2.7018441546e+00 5.5214924089e-01
-1.8751563930e+00 -2.2325004754e+00 3.4790106310e-02
-2.0635657331e+00 5.3058978991e-02 -1.1572039846e+00
1.0084755898e+00 2.4400302668e+00 8.1981965457e-01
-2.3967420093e+00 -1.6514140732e+00 1.5849051478e-02
-2.2351043392e+00 1.8463755856e+00 2.1701071583e-02
2.3251956622e+00 3.0000000000e+00 1.4126775926e-03
1.6370365718e+00 -3.0000000000e+00 -1.8690890491e-02
-2.7327719504e+00 -3.0000000000e+00 2.4990795173e-04
2.2603668546e+00 -1.2434013674e+00 1.3170785340e-01
1.2662518421e+00 -1.6139720744e+00 -1.3352071302e+00
-1.4666007080e+00 -1.1901221500e+00 5.0188200446e-01
-5.6359031243e-01 -3.0000000000e+00 -1.2059286611e-01
-2.7609825881e+00 2.6591154009e+00 4.5447368096e-04
-3.3850346102e-02 -4.9693040527e-01 2.2004161795e+00
-5.8059108736e-01 2.1017936012e-01 4.2858823141e-01
-3.0000000000e+00 2.3057091251e+00 2.0506895130e-04
1.7419334575e+00 9.9376553042e-01 1.0597889350e+00
-8.9822693962e-01 9.1258760718e-01 1.5151321859e-01
1.0051917023e+00 2.0890222760e+00 1.8811246594e+00
-9.0618504980e-01 -2.9570924882e+00 -5.4871889085e-02
1.8527078827e+00 2.9279655673e-01 1.7895789530e+00
-1.9905982390e+00 -2.4572491934e+00 1.6676951143e-02
2.6964602244e-01 -6.1706800880e-01 4.5305012169e-01
2.3260133767e+00 1.0684049338e+00 1.9320180458e-01
2.2428914392e+00 2.9379342655e-01 6.5529524714e-01
2.5104536552e-01 -9.9847778211e-01 -2.0031739295e+00
1.0319625565e+00 -1.2334521480e+00 -1.4777792313e+00
2.3785287482e+00 -2.2746008593e+00 -5.5512668559e-03
2.9649016526e+00 -2.5396924563e+00 -2.8195353946e-05
-2.1760753323e-01 1.8878909339e+00 6.4827991876e+00
2.9598529508e+00 -2.4034039117e+00 -1.4544141696e-05
-2.7607397956e+00 -7.3724444756e-01 -4.8212015137e-02
2.2399256189e+00 2.8257459797e+00 4.3070990936e-03
-1.2216265891e+00 2.4234523519e+00 5.1805201754e-01
7.7509941425e-02 -5.0111111909e-01 1.5367108902e+00
-2.6229376027e+00 1.5546343132e+00 -9.8167722072e-03
2.6510276046e+00 3.0000000000e+00 2.8573320129e-04
-5.7811986248e-01 2.0261428119e+00 4.0168504930e+00
1.5676539971e+00 -1.9073895416e+00 -4.5264448664e-01
-1.2275437374e+00 -2.3864077456e+00 -1.0721686753e-01
1.9369076396e+00 7.6804676692e-01 9.3292104826e-01
-1.1916891736e+00 -8.2960701830e-02 -2.3070038998e+00
-3.0000000000e+00 1.8098033685e+00 -5.5440392247e-04
1.9164102990e+00 -6.4575645528e-01 1.1520249007e+00
-1.7324015211e+00 -1.4093340197e+00 2.0473195212e-01
1.4138517949e+00 1.3844675937e-01 3.3984900836e+00
-2.3332100248e+00 -4.4530259926e-01 -3.7467621240e-01
1.7167054202e+00 9.6188730327e-01 1.1543973135e+00
-1.1595865376e+00 -1.4416529480e+00 4.9584136956e-01
1.1810181791e+00 -1.4380020281e-01 3.4349858502e+00
6.0092429929e-01 -2.1935174987e+00 -2.7937267545e+00
2.1779299280e+00 1.1790425191e+00 2.6434911256e-01
3.0000000000e+00 -2.8482587085e-01 3.0927272268e-02
1.6589079907e+00 -4.6776925524e-01 2.2211128918e+00
-2.4298914759e+00 -2.5648175638e+00 3.5236987890e-03
3.0000000000e+00 -2.7113192124e-01 3.1139924415e-02
3.0000000000e+00 -1.9713357012e+00 4.9107075510e-04
-2.3316736269e+00 -3.9945981018e-01 -4.0074034154e-01
-9.1194877495e-02 8.0774658200e-01 1.9250429550e+00
-1.2002538804e+00 2.4703475367e+00 4.7873040427e-01
2.8648442642e+00 -2.3195512092e+00 -5.6527588590e-05
-2.8844186344e+00 2.3753482987e+00 4.1701053204e-04
1.3658961976e+00 -9.8105768677e-01 8.6948040856e-01
2.6395076811e+00 2.8424432870e+00 5.9397836861e-04
-1.8522875199e+00 6.2535616094e-01 -1.3414901430e+00
-2.0622819954e+00 1.6438387556e+00 2.7894696521e-02
6.9220896339e-01 1.6553566520e+00 5.0456274750e+00
2.8745364236e+00 1.5500627583e+00 7.4998621419e-03
-2.5779203413e+00 2.9054624742e+00 5.2784758166e-04
1.9737189879e-01 -1.1307193741e+00 -3.2298802666e+00
6.2334430543e-01 1.2004790653e+00 4.1859650941e+00
-1.5765636813e+00 2.2281597587e+00 2.9668383601e-01
1.4014332787e+00 -6.8563557501e-01 2.0954179395e+00
-2.5820911038e+00 6.3039643339e-01 -1.5680044674e-01
-1.9901913018e+00 8.0233515394e-02 -1.3816476398e+00
-1.4191222717e-01 -1.0868388237e+00 -7.2835925969e-01
2.3726960327e+00 5.6885362049e-01 3.3788645040e-01
9.6944293116e-01 1.1097424560e+00 2.7349344216e+00
8.7078717242e-01 2.8694046768e+00 2.4264387622e-01
-4.2962587958e-01 -1.3933807999e+00 -1.9256380495e+00
1.2992232969e-01 -5.7886773817e-01 1.1792161434e+00
1.9414595275e+00 1.8878455079e+00 2.0198936346e-01
2.0615852706e+00 -1.6745347156e+00 -1.1015330046e-02
-1.9382348358e+00 -1.2702552540e+00 6.0234376713e-02
-2.7567659139e+00 -2.4861076364e+00 1.1021255214e-03
2.2931438554e+00 -3.0000000000e+00 -1.0077656870e-03
2.6225642081e+00 1.0243724040e+00 6.7392027378e-02
1.5177677691e+00 -1.4375046399e+00 -3.0635266416e-01
-5.8468110480e-01 -8.0829555016e-01 3.4312401031e+00
2.3133109518e+00 -2.8028611561e-01 5.3687617527e-01
2.0534709560e+00 1.0133447617e+00 4.9287594891e-01
-6.5944822668e-01 -2.4669846033e+00 -7.2666658661e-01
-1.5667275831e+00 2.2222319446e+00 3.1017791457e-01
2.3218668876e+00 -1.4141059341e+00 5.9595713326e-02
-2.5273198053e-01 -2.5005038828e+00 -1.3008198102e+00
7.7192055958e-01 7.8423038674e-02 1.6862059986e+00
-1.7289538332e+00 1.9403341993e+00 2.6011361354e-01
-4.4026401951e-01 2.5367870872e+00 1.3877914918e+00
1.0539471704e-01 -2.2601226357e+00 -3.0434590237e+00
1.6583701597e+00 -3.8792011664e-01 2.3775222632e+00
2.4633565328e+00 -1.8376966147e+00 2.2319831818e-03
2.8436840262e+00 -2.3362604643e+00 -9.2360161014e-05
-4.8401548286e-01 -2.4067189070e+00 -1.2277082285e+00
2.4346041100e+00 3.6945430593e-01 3.2695025635e-01
-2.9350459736e+00 2.7846709063e+00 1.0770783884e-04
6.8549901243e-01 -2.8975682123e+00 -2.8294683514e-01
-1.3771430327e+00 -4.4149986896e-02 -2.7679273595e+00
-1.2089678108e+00 -2.9571099197e+00 -1.0486614770e-02
1.0157515948e+00 2.1007552447e+00 1.8031699748e+00
-2.3720411104e+00 -7.3847601634e-01 -1.8794778079e-01
3.0000000000e+00 -1.1203788988e+00 1.0124208106e-02
-1.6417830188e-01 -3.0000000000e+00 -2.1940717159e-01
-2.0890044530e+00 2.1919654259e+00 4.2867102005e-02
-2.8216024692e+00 5.0196449740e-01 -6.7043593271e-02
-1.4716237112e+00 1.3570503585e+00 2.7667040102e-01
2.3844570095e+00 1.9853636143e+00 2.8952008626e-02
1.3007945156e+00 -7.6514870149e-01 1.7675883046e+00
-1.3374560576e+00 2.7030973933e+00 1.5929225346e-01
-6.0241897555e-01 2.8652320438e+00 3.6518651514e-01
1.2333009528e+00 -1.4600182113e+00 -1.2687701211e+00
1.3656218160e+00 1.5304425379e+00 1.5885544807e+00
3.0000000000e+00 -1.2621055624e-01 3.2755400942e-02
2.7428737969e+00 7.3808533668e-01 6.3873047218e-02
-1.2655984065e+00 -1.8924072074e+00 -7.0546201650e-02
-1.9715907043e+00 2.1157189721e+00 8.0479051139e-02
-2.1808311687e-01 9.0598207176e-01 2.7335178726e+00
-1.4952816837e+00 9.3426441592e-01 -1.1032061904e+00
-2.1126836233e+00 1.3517117021e+00 -9.7541195048e-02
1.2030813837e-03 4.3335031004e-01 4.0682673773e-01
-1.6455876345e+00 -3.0000000000e+00 5.2801567882e-03
2.3645586718e-01 1.6303917899e+00 7.6078885283e+00
-1.3690595274e+00 -2.9048984601e+00 -9.0526343532e-04
-1.7677146836e+00 -2.2635335225e+00 3.4485055922e-02
2.3835996846e+00 -2.0189609730e+00 -4.9162985706e-03
3.9458346204e-01 -1.0297788981e+00 -2.5601791301e+00
-1.3608242517e+00 -1.6859153784e+00 1.7061624385e-01
6.0068536989e-01 -5.3793931667e-01 5.1920111852e-01
-2.3697057426e+00 1.0835210933e+00 -1.4179846139e-01
2.6259828506e+00 -2.1019199696e+00 -4.7741287280e-04
-2.9710070578e+00 5.0988723448e-01 -3.3531606958e-02
6.3663635271e-01 1.4937999158e+00 5.4168803722e+00
1.9267403198e+00 -5.7499036014e-01 1.2288324002e+00
1.6564375012e+00 1.2174985763e+00 1.0069484321e+00
-2.0256960678e+00 2.1753841099e+00 5.8347881286e-02
-8.6619538488e-01 -2.1830864292e+00 -7.9886836984e-01
-8.8470983509e-01 6.1390801349e-01 -1.2088036034e+00
2.9539563664e+00 -1.2799142411e-01 4.1088495670e-02
-2.3085733805e+00 1.5491068062e+00 -1.8063874623e-02
-3.0000000000e+00 -1.9134334590e+00 7.6400692372e-04
2.1139255267e+00 -2.9687542986e+00 -2.8924071621e-03
3.0000000000e+00 2.0813130951e+00 1.0617918626e-03
-9.0935731158e-01 -2.2898104695e+00 -5.6328408564e-01
3.7285053150e-01 8.1176436493e-01 1.4970318047e+00
2.2406171046e+00 2.5284332697e+00 1.2609076263e-02
-2.9726607940e+00 2.1883920859e+00 2.4003351425e-04
-1.4244913345e+00 2.4429395626e+00 2.8325932924e-01
2.4225403147e+00 2.7284327790e-01 3.6374520612e-01
1.4118221531e+00 -7.3349395613e-01 1.9093036784e+00
-1.2063079791e+00 -2.1971817805e+00 -1.7460657005e-01
-1.7208993440e+00 2.6913812612e+00 5.0328385406e-02
1.6889617285e+00 -2.9657120673e+00 -1.7927833614e-02
-1.9672267217e+00 -2.4244329506e+00 1.8912844749e-02
-2.0798429688e+00 -8.8202581401e-01 -2.3025414793e-01
-2.5933320476e+00 1.5255948702e+00 -1.2624345596e-02
-1.6753258815e+00 -8.1057322803e-01 -3.3525163072e-01
-2.6929894628e+00 -1.4318721753e+00 -1.1916822601e-03
2.3267092854e+00 -5.2960411721e-01 4.2575245463e-01
-7.1634034629e-04 9.5991487246e-01 3.2595035995e+00
3.8691451994e-01 -2.5131140488e+00 -1.4621346208e+00
1.4535984387e+00 -2.4870750509e+00 -2.2174733207e-01
-1.9574091255e+00 -1.5995109561e+00 9.1720126529e-02
-2.6599390573e+00 -4.4259878106e-01 -1.1978654470e-01
-1.3807288140e+00 1.2915567681e+00 3.0580320385e-01
1.5303286891e+00 3.0000000000e+00 2.9221148278e-02
-2.9894951944e+00 9.9924785625e-01 -1.4395255238e-02
3.0000000000e+00 3.0000000000e+00 4.1029727458e-05
-3.0000000000e+00 2.7504056953e+00 8.0645482821e-05
9.6473062433e-01 2.7355566868e-01 2.5783640616e+00
3.9796754920e-01 6.3066082450e-01 5.1035714080e-01
3.0000000000e+00 -7.6146931848e-01 1.9466657764e-02
2.6463565032e+00 -7.9315836596e-01 9.2796159549e-02
-2.0086869765e-01 -2.0973521304e+00 -3.5430378068e+00
3.7470181261e-01 2.1558711977e+00 3.8759308343e+00
-2.9000855476e+00 -1.3429091920e+00 -2.7869373900e-03
-2.3415449878e+00 -1.5164456954e+00 1.6114520552e-02
1.3396512823e+00 -4.9722337016e-01 2.7766666215e+00
4.8296021416e-01 -1.8558789342e-01 4.1267625773e-01
-5.7828778721e-01 -2.9094342486e-01 2.4539808149e+00
2.5849330718e+00 1.8907139257e-01 2.0493772697e-01
5.9388495821e-01 -2.4596445010e+00 -1.4492607185e+00
-1.2430582424e+00 -2.5714778429e+00 -5.4963562602e-02
4.3150983829e-03 -2.1812350731e+00 -3.5028822041e+00
2.3942905727e+00 2.1422722585e+00 1.9205272446e-02
-1.3508611477e+00 -8.7203607400e-01 4.5767406002e-01
-1.9935954090e+00 2.9301049299e+00 7.2934067822e-03
-2.6146783039e+00 1.5722266776e+00 -9.0408005987e-03
1.5964850970e+00 -2.2812941827e-02 2.9616961862e+00
-9.8690732780e-01 1.7003945097e+00 2.8033884585e+00
-3.1186346076e-01 1.7509345240e+00 6.9671550307e+00
1.6908013045e+00 2.9186094024e+00 2.4773907845e-02
-2.7909635846e+00 1.6180662291e-01 -9.3948708139e-02
2.1561897779e-01 -1.2802094580e+00 -4.8215689043e+00
1.0092545595e+00 2.8158936793e+00 2.3125783513e-01
1.2898487627e+00 -2.2668005680e+00 -6.3463648663e-01
-9.2040571212e-02 -1.6200315348e+00 -5.6018940961e+00
2.8202210445e+00 2.7079036634e+00 3.8471844992e-04
2.3828534492e-01 4.7953166980e-01 6.1230321985e-02
2.2929634902e+00 2.5811337055e+00 8.3979158365e-03
-2.4346217978e-01 2.8388566031e+00 5.4952117805e-01
-1.6077193876e+00 -2.9154625627e+00 6.2757965744e-03
-1.0150611543e+00 1.6738888204e+00 2.6470883012e+00
-1.7403181118e+00 2.1888123391e+00 1.8051340336e-01
1.6632355363e+00 8.8369424060e-01 1.3869332094e+00
7.5100862816e-01 2.1226112913e+00 2.7253360294e+00
1.9311127099e+00 -1.6000279733e+00 -2.4578280550e-02
-5.1959305823e-01 2.1743091309e+00 3.2777201426e+00
1.7155726228e+00 1.5938259995e+00 6.2294517375e-01
-1.5760191648e+00 1.2757329288e+00 -7.3725780826e-02
7.7507612147e-01 -1.1034513696e+00 -2.0728008915e+00
7.4435065067e-01 -1.4219214143e+00 -4.1298299673e+00
-5.9849672877e-01 1.8017157164e+00 5.1302841869e+00
1.2887449209e-01 -1.9989109356e+00 -4.9543623158e+00
-2.7993481159e+00 2.4304274753e+00 6.4627759978e-04
-2.9101699001e-01 1.8545748148e+00 6.4718248315e+00
2.1485204924e+00 -3.0000000000e+00 -2.1334297748e-03
1.9294887635e+00 1.8123576919e+00 2.3849671623e-01
-2.4571944710e-01 -8.1072936698e-01 2.5891944187e+00
-3.0000000000e+00 -3.3907468846e-01 -3.0661563141e-02
-1.7936811906e+00 2.4507501303e+00 8.1483156180e-02
1.8182554581e+00 -1.8410980534e+00 -1.5539686910e-01
1.8238226750e-01 1.0881701776e+00 4.4258683277e+00
-2.8754541337e+00 -3.7781486807e-01 -5.2344507998e-02
1.3323887688e-02 -1.3882071385e+00 -5.0130779221e+00
3.4841332138e-01 -9.4051968382e-01 -1.6896246906e+00
-2.9137947464e+00 -9.6485348399e-01 -1.4183797351e-02
-9.4116346120e-01 1.5728458046e+00 3.0986802865e+00
3.6788182636e-02 -1.9776142392e+00 -4.9829199143e+00
-1.6141192014e-02 -3.0000000000e+00 -2.4309908026e-01
2.6258808599e+00 5.1393495211e-01 1.3778807157e-01
-3.0000000000e+00 -1.6193827094e-01 -3.4749524894e-02
-5.0395259855e-01 -1.2161168062e+00 2.1403883933e-01
2.8620023803e+00 -1.7249795752e+00 2.7782456380e-03
-1.2143355495e+00 -6.6725757879e-01 3.4629564200e-01
4.2078442670e-03 -2.9348727738e+00 -3.2512990107e-01
-2.0022988770e+00 2.0189678615e+00 7.7812286039e-02
1.8187162675e+00 -5.0272095349e-01 1.6549034505e+00
-2.9220232185e+00 6.6345773444e-01 -3.5332452115e-02
-1.6539492022e+00 2.6724754665e+00 6.7622180159e-02
-6.9844042589e-01 2.9333861121e+00 2.4405755519e-01
1.8260080596e+00 -1.5040896085e+00 -1.6698019323e-02
1.1736506426e+00 -1.3145992227e+00 -1.1195818323e+00
-1.8917400589e+00 2.8842704004e+00 1.3113997764e-02
1.2945426648e+00 2.4095002522e+00 4.6831771840e-01
-2.5323539735e+00 4.8615165539e-01 -2.2180911879e-01
1.4857586881e+00 -1.7900623348e+00 -6.4559023181e-01
-1.7008757728e+00 2.5206822995e+00 9.3351766711e-02
1.9754377372e+00 -2.0575609626e+00 -6.7735957073e-02
-1.1530873661e+00 -2.7903403193e+00 -3.8336911776e-02
-1.1383915714e+00 -2.5034556544e+00 -1.2607226896e-01
1.8805830574e-01 -2.2844027910e+00 -2.8872388261e+00
-1.9847813295e+00 3.5688958672e-01 -1.2993761734e+00
1.9701191882e+00 -3.0000000000e+00 -4.9333964402e-03
-3.9836738284e-01 1.2738249912e+00 5.6587838861e+00
8.5261862186e-01 1.4895485649e+00 4.0895463262e+00
1.3750317824e+00 1.3145366539e+00 1.6761526862e+00
-2.5960343892e+00 -1.3522254075e+00 -4.5100765770e-03
1.8341240309e+00 2.2880917359e+00 1.2622459722e-01
2.4932001000e+00 -8.3906549527e-02 3.0322115247e-01
-2.0679028271e+00 -2.4714113613e+00 1.3667246014e-02
-5.8056329246e-01 2.7407499693e+00 6.0303401843e-01
1.1995328461e+00 9.3351830684e-02 3.5002621432e+00
4.7492261948e-01 5.5835091822e-01 4.1848771175e-01
-2.2183031628e+00 -2.8786851231e+00 2.8026061671e-03
-2.2089585392e+00 2.5334997458e+00 1.1532251132e-02
2.5532015513e+00 2.9077136529e+00 7.0348797079e-04
1.3653131284e+00 -1.1979854927e+00 -1.2775248185e-02
1.5592592277e+00 2.2339254285e+00 3.5357157606e-01
-1.4451007082e+00 1.1609262426e+00 -2.4981385378e-01
-3.3637353883e-01 -2.5811374726e+00 -9.1496552533e-01
-1.4674951786e+00 8.3656798246e-01 -1.4768307537e+00
5.0988618755e-01 -1.6062361206e+00 -5.8467862188e+00
9.2576171133e-02 -1.3107359358e+00 -4.7080458874e+00
7.1575795830e-01 1.3438831813e+00 4.5326415399e+00
-2.4110402607e+00 -2.1501355515e+00 9.8772186601e-03
1.3325602038e+00 -3.9813624174e-01 3.0582929663e+00
1.7144945151e+00 1.0529247413e+00 1.0468433413e+00
-2.5860563170e+00 2.3683386935e+00 2.5383628746e-03
-2.8440980358e+00 9.0095901488e-01 -3.4343202724e-02
-4.1006010326e-01 2.1666338915e+00 3.6904847334e+00
-1.9413357301e+00 1.9781623640e+00 1.0506183278e-01
-4.1229706930e-01 -9.9007110595e-01 1.9868884413e+00
-5.9442383342e-01 -2.5774082261e+00 -5.9725880573e-01
-1.7689343665e+00 -9.8284436712e-01 -7.9751407455e-02
4.0129791010e-01 -1.5103686477e+00 -6.1482028317e+00
-1.6710361856e+00 -7.5156484927e-03 -2.3770075802e+00
-6.3539344586e-01 9.0934217708e-01 1.4503875887e+00
3.0064674292e-01 -2.1802994078e+00 -3.5501524139e+00
-6.4894005664e-01 1.3380991807e+00 4.5145952493e+00
-2.8409929192e+00 1.7877239583e+00 -9.7885344592e-04
-2.9816580891e+00 -1.0001566390e+00 -9.4959806350e-03
2.4420362884e+00 -1.7268099515e+00 7.7889140791e-03
-2.7361280025e+00 -1.5105827547e+00 5.0592055799e-04
-2.4340430132e+00 -1.8779347552e+00 1.3189103728e-02
1.5542804892e-01 -8.4734899091e-03 4.2703760363e-01
7.8258278779e-02 -2.9926394930e-01 1.2953593644e+00
-3.0000000000e+00 1.9272783130e+00 -1.4193787011e-04
-5.1502327654e-01 2.2742560470e+00 2.6439844661e+00
1.3221116828e-01 -2.6170739497e+00 -1.1172042747e+00
2.2708732671e+00 2.1630573313e+00 3.1361392003e-02
-1.0739752530e+00 -1.4158511485e+00 5.2680275497e-01
5.6340626745e-01 -2.3297773352e+00 -2.1219301435e+00
7.5759121216e-01 1.7717563868e+00 4.3289784392e+00
2.4979164562e+00 6.9675026258e-01 1.8381457895e-01
-5.5665767356e-01 -4.4673311403e-01 3.2277232993e+00
1.4477517402e-02 1.6850947715e+00 7.9337150103e+00
2.0107913069e+00 1.0173736720e+00 5.5029097986e-01
2.0565065519e+00 2.8676599115e+00 7.9008538283e-03
2.1830852452e+00 2.6459897680e+00 1.0831833251e-02
1.4350751732e+00 -1.7450979957e-01 3.3364375386e+00
2.2420633351e+00 2.5688543105e+00 1.0958667885e-02
1.6925631394e+00 -1.6986228598e+00 -2.5617436662e-01
-1.2867235942e+00 1.0168568741e+00 -5.9152569644e-01
2.0340204231e+00 -1.7744614081e-01 1.2650352490e+00
2.8033405634e+00 -1.9775425597e-01 8.1751108761e-02
7.9688830742e-01 3.8210097774e-01 1.6231219658e+00
-8.9388496645e-02 5.6909332779e-01 7.4742143956e-01
1.6675652074e+00 1.1649498222e+00 1.0297593438e+00
1.7405944339e+00 2.1560751759e+00 2.3840106449e-01
5.0771199308e-01 2.5623042549e+00 1.2022226605e+00
-5.3937468440e-01 -9.5434063584e-01 2.6672453767e+00
2.4538752426e+00 -1.5253283194e-01 3.4609014851e-01
-1.2377676187e+00 -9.0358224329e-01 9.2694050012e-01
7.0769273860e-01 -8.0221580897e-01 -2.4012967985e-01
-1.8558554327e+00 2.9597291505e+00 1.1050826551e-02
1.1013183603e+00 -3.0899347183e-01 3.0092056410e+00
1.6587554280e+00 -1.9505870566e+00 -3.0750159005e-01
-1.9620265859e-01 -1.4442910368e+00 -4.1029407547e+00
-3.7886639992e-01 1.7096951273e+00 6.8053347869e+00
-1.1344473754e+00 1.9029826544e+00 1.7439850915e+00
2.0695526142e+00 -2.0049178211e+00 -4.2093288506e-02
1.5288613165e+00 2.5607465897e+00 1.5543639348e-01
4.8763089624e-01 -2.8407219231e+00 -4.3529806028e-01
-2.6439139024e+00 2.0076921927e-01 -1.7156450864e-01
-4.1496868638e-01 2.2689976281e-01 9.9446990227e-01
5.0926147829e-02 -1.8980051978e-01 1.1923725618e+00
2.5270120072e+00 2.6847616403e+00 1.9363255228e-03
-1.6147912075e-01 -7.5314114240e-01 2.4326210306e+00
-2.3127572363e+00 2.7560946207e+00 3.4839557592e-03
-1.0529834505e+00 -2.5305943110e+00 -1.7173240483e-01
1.6911482476e+00 2.5632532123e+00 9.2418350941e-02
-1.9445846965e+00 -2.2353031719e+00 3.1239937294e-02
-2.8771057955e+00 -2.0913770047e+00 1.3328900139e-03
2.6705702349e+00 2.2361545554e+00 4.0061996810e-03
-2.6211848435e+00 2.6874179262e+00 9.1225513434e-04
2.3317678040e+00 -1.7278756462e+00 6.6203898284e-03
2.7051050450e+00 -6.5998256269e-01 8.7291383155e-02
2.1611989858e+00 2.4550453143e+00 2.2329505354e-02
1.7972508082e+00 1.9431504774e+00 3.0050016319e-01
1.0591642052e+00 -2.8608122375e-01 2.9218671218e+00
9.9432128164e-01 -1.7162403543e+00 -2.7596855810e+00
-2.0232231823e+00 -1.5212608018e+00 7.2790804640e-02
2.6648430517e+00 1.6661521566e+00 1.6033166039e-02
-2.3828250743e+00 -2.1840388707e+00 1.0283965512e-02
1.5128514530e-01 -4.1105428820e-03 4.3294504479e-01
5.3537110827e-01 -2.2737067125e+00 -2.4963950131e+00
1.4547340580e+00 4.2567187166e-02 3.3769342262e+00
-6.1054003599e-01 8.8979934880e-01 1.4324830117e+00
2.6897004181e+00 -2.5770223015e+00 -3.7841081188e-04
1.0068903516e+00 -4.9014185357e-01 2.2528438589e+00
-3.7422016930e-01 3.0000000000e+00 2.6069441003e-01
-2.0634080826e-01 -1.0566209801e+00 8.1455315322e-02
1.4285530835e+00 -1.2223413382e+00 3.9025740277e-02
1.2609241244e-02 -4.7798193589e-01 1.9131269746e+00
-1.5795933797e-01 2.9307548227e+00 3.9245327121e-01
-2.0090611800e-02 2.6750787490e+00 1.0681939289e+00
-2.3463341343e+00 -1.7204982291e+00 2.0471218708e-02
1.5355650876e+00 -1.5838355486e+00 -4.5444666771e-01
1.9512576403e+00 -2.9115352375e+00 -7.7866374094e-03
-2.5853149500e+00 -1.2426993763e+00 -1.2957819492e-02
-2.6010050273e+00 1.3371441743e+00 -2.8805064691e-02
-1.8274855985e+00 -1.3493144434e+00 1.3925392514e-01
2.4323925678e+00 -4.0555850008e-01 3.2924142481e-01
-1.6350364891e+00 -5.6252009960e-01 -1.0374289361e+00
1.2438729964e+00 -1.3736635963e+00 -1.0042972134e+00
-2.5733415910e+00 4.2987117282e-01 -1.9935495488e-01
-2.8098405605e+00 1.6874399519e+00 -2.4342294086e-03
-2.0151572007e-01 -1.9401627614e+00 -4.3990129091e+00
3.5033365571e-01 -1.7613806360e+00 -6.1247147123e+00
1.1035959481e+00 -2.0424583888e+00 -1.5677980228e+00
5.3912423422e-01 -4.9671018826e-02 5.2657284316e-01
-2.7474697749e+00 -7.7611822707e-01 -4.6553071909e-02
2.5727214138e+00 -8.1097393650e-01 1.2133435046e-01
-1.1456005035e-01 -1.0216724997e+00 -1.7121453944e-01
-2.5321061456e+00 3.0000000000e+00 4.5674253042e-04
-6.5371798791e-01 2.4695308538e+00 1.3427314303e+00
1.6715008896e-01 1.7202172959e+00 7.5792906288e+00
-2.1154520530e+00 2.5114983441e+00 1.8687624564e-02
6.7353684016e-01 -3.0000000000e+00 -1.8666674454e-01
-2.7585542454e+00 -2.4448879640e+00 1.2112421523e-03
-2.1312244990e+00 -1.1781088872e+00 -2.5973868091e-02
-6.3784140429e-01 1.7405955516e+00 5.0871419170e+00
-9.7798060516e-01 -2.1299458125e+00 -5.7989003248e-01
-2.1189996014e+00 -2.0959015587e+00 2.8617933127e-02
-1.8913455330e+00 -5.6076586838e-01 -8.4699897727e-01
3.6927224350e-01 -1.8220847188e+00 -5.8148011367e+00
-1.5720081029e+00 1.1753935624e+00 -3.2718498683e-01
1.6367599822e+00 -2.7786826676e+00 -4.5645393558e-02
-8.1327765379e-01 -6.7998028348e-01 2.7003476644e+00
1.3437178296e+00 -2.0283221173e+00 -8.4399339115e-01
5.9415458620e-01 -2.9843383324e+00 -2.1856245804e-01
2.5850869898e+00 6.3995843831e-01 1.4088627295e-01
-2.2861554498e+00 3.0000000000e+00 1.5270301675e-03
3.2165354208e-02 1.2665244630e+00 6.5265039613e+00
-1.2849447233e+00 -2.7770861438e+00 -1.5755208424e-02
-2.2808646088e+00 8.0364412095e-01 -3.4651751278e-01
-1.7273657342e+00 2.1403363202e+00 2.0595425544e-01
1.0158266815e+00 -6.9796961725e-01 1.4840939002e+00
2.6229710351e+00 2.5840085646e+00 1.7186887482e-03
1.7262778983e+00 1.7457584424e+00 5.0669000278e-01
1.4139540623e+00 -7.9358148912e-01 1.6746137808e+00
-2.8658709045e-01 -1.4247888606e+00 -3.2695451722e+00
2.0744331262e+00 -4.2902585723e-01 9.8979507235e-01
-8.2993338008e-01 -1.4534180026e+00 -1.1727212531e-01
5.5960904335e-01 -1.2117583181e+00 -3.8925882020e+00
-2.9255494991e+00 1.9931730840e+00 1.0010047144e-04
-1.6676831585e+00 1.6790388106e+00 3.2245052734e-01
-2.3069211332e-01 2.6701741528e+00 1.0308325434e+00
-1.2138355062e+00 2.6306525136e+00 2.8127451133e-01
-2.5263803144e+00 -3.0000000000e+00 6.1162842313e-04
2.5814643941e+00 -2.0968165178e+00 -8.7335708984e-04
2.6904332735e+00 -8.8109623850e-02 1.3767543812e-01
1.2360390747e+00 -2.3557475507e+00 -5.9272729782e-01
-7.8589515129e-01 3.0000000000e+00 1.6144738176e-01
2.1247272514e+00 1.1276849345e+00 3.3783774532e-01
1.4731249542e+00 -1.4015734633e-01 3.2847096654e+00
1.9878645891e+00 -5.1229686955e-01 1.1418311374e+00
1.6460137072e+00 7.1132397436e-01 1.7354009471e+00
1.7259788140e+00 -6.4079604045e-01 1.6515416512e+00
-6.0595713422e-01 -2.6526265934e+00 -4.5163109243e-01
-2.5937517527e+00 2.2157987088e+00 3.0292105054e-03
1.2949061853e+00 -1.5059522435e+00 -1.0915990838e+00
1.5652609158e+00 -2.3674497080e+00 -2.1223734549e-01
2.2220545777e-01 -2.7686543385e+00 -6.5035985150e-01
-2.9984465166e+00 -2.8492736099e+00 1.1414868595e-04
-2.1244328729e-01 -2.6415009900e+00 -8.6145814948e-01
2.0972934599e+00 -2.0766830771e+00 -3.5184712751e-02
-6.4749388274e-02 1.7297233231e+00 7.7402084690e+00
1.6817038317e+00 2.4435790317e+00 1.3809442255e-01
-1.3085699891e+00 2.1880088884e+00 7.2195203097e-01
-1.3063592324e-01 1.6058781569e-01 1.0577545543e+00
-2.9707863494e+00 2.1084557379e-01 -4.0965980817e-02
2.5716449429e+00 -2.9944287268e+00 -1.9783050992e-04
2.2063328759e+00 -9.2585715581e-01 3.4723423020e-01
4.9246323931e-01 -1.2926227958e+00 -4.7450298973e+00
-3.0000000000e+00 -2.1946249627e+00 5.9980780085e-04
-6.3259803621e-01 -1.2603902854e+00 4.2162035244e-01
-1.4502751720e+00 1.1289366606e+00 -3.6859834272e-01
1.7954706694e+00 9.0993398907e-01 1.0546647883e+00
1.6382890441e+00 2.2176436355e+00 2.8823175512e-01
-2.1961625657e+00 -2.4779050393e+00 9.6226075157e-03
2.4064481239e+00 1.1944756136e+00 1.1666045243e-01
1.1451034198e+00 -6.8615492067e-01 1.8988767572e+00
2.6220800892e+00 -1.2544651191e+00 3.8467849630e-02
1.9414272563e+00 3.0000000000e+00 7.1162316245e-03
-2.1570199406e+00 -1.5157126261e+00 4.1003289431e-02
-1.6547023858e+00 1.8493801889e+00 3.6220244644e-01
-2.7901278100e+00 -2.1279708533e+00 1.9658881700e-03
-1.6947622664e+00 6.7902073177e-01 -1.6203632862e+00
-1.0008560544e+00 -1.7069911484e+00 -3.9073610379e-01
-1.4334778366e+00 1.7311895186e+00 8.1218554466e-01
-3.0000000000e+00 -1.7399654791e+00 5.9890978821e-04
-1.0844705548e+00 1.3501520156e+00 1.6710345674e+00
-3.5828787984e-01 -1.9383502539e+00 -3.6009723533e+00
-4.2033199515e-01 -6.3040712261e-01 3.7586745579e+00
-4.3421920824e-01 1.7011756089e+00 6.5238571776e+00
-5.6433680765e-01 4.6470787421e-01 1.3784636553e-01
-4.6767291317e-01 -1.0416891155e+00 1.7450819623e+00
-1.3985861076e+00 -1.1748059483e+00 6.2615878397e-01
-2.7458532388e+00 1.1265030790e+00 -3.1607357242e-02
-1.2727242507e+00 -1.1399387639e+00 9.0906689833e-01
2.6329522557e+00 -1.8063912372e-01 1.7137399521e-01
-1.1812440814e+00 2.6122257337e+00 3.2361554238e-01
-3.0093633457e-01 -2.8942858582e+00 -2.9868225227e-01
-7.1215426685e-01 1.0066565358e+00 1.7646001775e+00
2.5172579878e+00 2.4626494336e+00 4.3613701065e-03
3.0000000000e+00 -1.7515322160e+00 1.4110839243e-03
-6.9314489737e-01 3.0000000000e+00 1.8529568991e-01
-1.8633687371e+00 -2.2479950423e-01 -1.5317129883e+00
3.0000000000e+00 1.9701286058e-03 3.3122678936e-02
-2.7163586132e+00 -3.0000000000e+00 2.6944538848e-04
-1.5749899099e-02 1.0668503508e+00 4.4397202226e+00
1.9272441398e+00 -9.9140900623e-01 5.9323947352e-01
-2.3882252294e+00 -1.5168842922e+00 1.2328883091e-02
-2.0420059729e+00 1.9613936573e+00 6.6677575857e-02
1.4174888249e+00 -1.2680656743e+00 -1.2672860298e-01
2.7650048821e+00 1.4324663865e+00 1.6369758011e-02
1.8406596039e+00 -2.9563045525e+00 -1.0333919865e-02
1.5590371330e+00 -1.5883532684e+00 -4.0983546179e-01
9.2888513175e-01 -8.0172206405e-01 6.3310985849e-01
-1.3701965151e+00 -1.7493530755e-01 -2.3870701091e+00
4.1599621758e-01 -2.2022684612e+00 -3.2092318893e+00
-5.1093670004e-01 1.3541669427e-01 9.6008371302e-01
2.1484566215e+00 1.5431583382e+00 1.6683577417e-01
-1.7503231733e+00 -1.2000520382e+00 1.4341843438e-01
1.5938792986e+00 1.4753390048e+00 9.5865162324e-01
2.1096544900e+00 -9.0372521144e-02 1.0569034136e+00
2.7188582721e+00 1.9031317207e+00 7.3327163085e-03
-4.5646055485e-01 1.3214973140e-01 1.1601768001e+00
-6.3038060695e-01 2.0822764172e+00 3.4296665650e+00
-1.3534197560e+00 -2.0013668044e+00 -3.0238887221e-02
1.7938525774e+00 3.2783889936e-01 1.9609088990e+00
-1.1178706846e+00 -2.3352401088e+00 -2.1958515354e-01
2.9379578517e+00 2.0571766534e+00 1.5964488765e-03
1.9758939023e-01 2.0082364240e+00 5.5601586655e+00
-2.6338956915e+00 8.0339727717e-01 -9.9262886845e-02
-3.0000000000e+00 -8.2147395430e-02 -3.5874183557e-02
2.9040978016e+00 2.9640458685e+00 8.4009647126e-05
-9.3074687051e-01 1.5612730989e+00 3.1581791850e+00
-7.4351365227e-02 1.9193049119e+00 6.5094516295e+00
2.4550575956e+00 -2.6543707832e+00 -1.4758788036e-03
-3.0000000000e+00 -1.3532205228e+00 -1.8665768819e-03
-3.0409749669e-02 -2.7101228082e+00 -7.7270855885e-01
1.3572951208e+00 -6.5602031204e-01 2.2247167122e+00
1.4366355871e-01 2.9226275103e-01 1.1038140151e-01
-1.4907876256e+00 1.1659411048e+00 -2.8816217035e-01
2.7666668849e+00 2.5660552177e+00 8.6344531173e-04
2.2409097105e-01 -1.9238292453e+00 -5.4675060220e+00
-9.2997616774e-02 2.3902721414e+00 2.5539079514e+00
1.7815994598e+00 2.0174806877e+00 2.7656311575e-01
3.6652437720e-03 7.6442560003e-01 1.5155479810e+00
-1.3491007732e+00 -5.9724290927e-01 -4.9091263348e-01
9.2092647572e-01 -5.9302096479e-01 1.5780979570e+00
2.9271000949e+00 7.5393132620e-01 2.6735322143e-02
1.0993997440e+00 4.2186562283e-01 2.8025342857e+00
-2.3151829403e+00 1.7121610438e+00 3.8825800751e-03
1.1904812664e+00 1.6971297799e+00 2.1121040518e+00
3.0000000000e+00 -2.6982287112e+00 -1.6342985212e-05
8.1575754510e-01 1.2365449792e+00 3.6417053982e+00
-1.6494565870e+00 -4.1332187923e-01 -1.5155931082e+00
-1.2803866104e+00 -2.4911709831e+00 -5.5842113955e-02
-9.6966093134e-01 1.7707649522e+00 2.8216325532e+00
2.7162740451e-02 2.9965699521e+00 3.0412631086e-01
2.3638470017e+00 9.3486960522e-01 2.1058832157e-01
3.8610718981e-02 1.5139828976e-01 5.5059739362e-01
3.5073954103e-01 -7.8038633917e-01 -4.8550460307e-01
1.6963564917e+00 -6.1886289331e-01 1.7784094757e+00
1.4271849975e+00 7.4179606020e-01 2.1442436058e+00
1.4205535108e+00 2.7253848640e+00 1.2087042373e-01
-3.0000000000e+00 -1.6831131596e+00 4.5748006619e-04
-1.6297190489e+00 -3.0049288312e-01 -1.8815014630e+00
1.9543130237e+00 2.7291906859e+00 2.0250962892e-02
2.7618840802e+00 -1.9198556865e+00 1.2651715065e-03
-5.0746789218e-01 -1.6295697143e+00 -2.7300571979e+00
-2.4063354041e+00 -3.0000000000e+00 9.7568668379e-04
1.4097217032e+00 -1.8677453166e+00 -8.1369150094e-01
4.5012772188e-01 1.9242477065e+00 5.3111000207e+00
-1.3515520130e+00 -1.8505396747e+00 3.2916339273e-02
1.0575326939e+00 -6.0023333178e-01 2.0356192189e+00
-3.5170401107e-02 1.0180699964e+00 3.9073780235e+00
2.8034338275e+00 7.7748385425e-01 4.6062359751e-02
-2.5281940868e+00 -8.4997471424e-01 -8.5439113635e-02
4.2741554590e-02 1.0686133947e+00 4.4150648866e+00
-3.8960234207e-01 -2.5506916732e+00 -9.3691031065e-01
2.7792335489e+00 -1.4852427790e+00 9.9795639108e-03
-1.5237063907e+00 -7.4459693841e-01 -3.4012888527e-01
1.1635249194e+00 -2.6446252989e+00 -3.0191721006e-01
1.6193361101e+00 -1.0332363837e+00 7.6893466456e-01
1.7244418610e+00 -8.1277815321e-01 1.2467921000e+00
-1.4301467048e+00 8.9496363213e-01 -1.2600666640e+00
-5.0528780944e-01 1.8373701568e+00 5.5310211867e+00
3.5606533550e-02 2.9689401352e+00 3.4220609476e-01
-7.9498242890e-01 -1.6101146996e+00 -9.2411272682e-01
-3.0000000000e+00 -5.1251095862e-01 -2.5111828445e-02
2.1142758497e+00 1.1750717854e+00 3.2458737722e-01
-4.8008444024e-02 1.9947465873e+00 5.8931789717e+00
2.8614313931e-01 -1.9361826782e+00 -5.3256959736e+00
8.6633170932e-01 -2.3315647460e+00 -1.4029619405e+00
-2.6946812009e+00 -4.2689810528e-01 -1.0645033223e-01
1.1789368917e+00 -1.4661930481e+00 -1.5405467549e+00
-1.6698609867e+00 1.5436661621e+00 2.3462394093e-01
4.2248401575e-01 -1.8596003464e+00 -5.4618722357e+00
-7.1038126527e-01 1.8236695320e+00 4.3211208882e+00
1.7384174828e+00 -6.5827418617e-01 1.5807502217e+00
1.1705954629e+00 1.5339732511e+00 2.3820285069e+00
2.0453000427e-01 1.7040051404e-01 8.6774545947e-02
2.8542568087e+00 -1.6303511881e+00 4.2744470230e-03
2.8718985779e-01 1.7939057790e+00 6.8337818507e+00
-2.8626680980e-01 1.5495101728e+00 7.4754011605e+00
1.2464011227e+00 2.9237580225e+00 8.8294078898e-02
-1.7690189324e+00 -2.8180291657e+00 8.3906278579e-03
-2.6995840204e+00 -2.2883054812e+00 2.2631816397e-03
7.5482432390e-01 -6.4222488501e-01 7.1566075736e-01
2.1536815649e+00 -2.8122105443e+00 -4.4672338460e-03
-8.9748951183e-01 3.6189050638e-02 -1.1050670320e+00
1.2001590868e+00 -2.0963220176e+00 -1.1315515938e+00
-2.8023755913e+00 -2.1906177715e+00 1.6747998021e-03
2.4781914717e+00 9.7406592818e-01 1.3027223966e-01
1.3905357625e+00 -7.0381451840e-01 2.0322210320e+00
-2.3331853356e+00 -1.9349265746e+00 1.8530782971e-02
-1.1042555196e+00 -1.6246810978e+00 8.0227762990e-03
-1.9995526526e+00 -9.8800292528e-01 -1.4115251475e-01
2.2909334870e+00 -2.6733473591e+00 -3.5745682304e-03
1.9770347885e+00 1.0810339425e-01 1.4710573651e+00
1.5921361162e+00 2.9143419216e+00 3.4736830798e-02
2.0712734364e+00 -3.5930540999e-02 1.1779613836e+00
1.3397409903e+00 -5.3854073011e-01 2.6454627252e+00
1.5706836008e+00 1.6039780627e+00 9.1807079050e-01
2.3389198785e-01 2.7534979864e+00 7.6355307235e-01
1.4035339491e+00 -1.7307331524e+00 -8.7007557019e-01
-7.3453475765e-01 2.1972696544e+00 2.3756724887e+00
-2.7402017237e+00 -2.3251863684e+00 1.7368485582e-03
2.3315766616e+00 -2.9328771097e+00 -1.0868386938e-03
-1.0060028085e+00 -2.0078926799e+00 -5.7480489293e-01
-1.3113979782e+00 9.8095072981e-01 -8.0105172573e-01
-1.2326281407e+00 1.7575832128e+00 1.4968084291e+00
-2.1111566929e+00 8.0945023880e-02 -1.0271220381e+00
-7.5727408765e-01 -1.0754842271e+00 2.0405493746e+00
-2.4276637538e+00 -1.7358446754e-01 -3.6283227610e-01
-4.0099506723e-01 -1.7209262535e+00 -3.6728802808e+00
-6.3453497675e-01 1.4870117092e+00 5.2108332576e+00
-2.4432466044e+00 2.1138500602e+00 7.7664765502e-03
7.4588188460e-01 -8.1477682728e-01 -1.7620166285e-01
5.5933397612e-01 8.0636165012e-01 1.5433106315e+00
3.0000000000e+00 1.5960275912e+00 3.5531578625e-03
2.4304392714e+00 1.1233119404e+00 1.2078948669e-01
-2.2580824530e+00 2.1100122704e+00 2.1093276433e-02
1.1169955427e+00 -2.5264566890e+00 -4.9275901339e-01
2.1432209476e+00 1.2852527604e+00 2.5086740682e-01
-2.8287716659e+00 1.0612965869e+00 -2.6097996675e-02
1.1234936522e+00 1.1446815210e+00 2.4105455723e+00
9.2070549769e-01 2.0702795505e+00 2.2767652112e+00
-3.2596826991e-02 -1.6155852347e-01 1.5167050952e+00
2.5289397396e+00 1.3711608198e+00 5.2283160796e-02
2.7326677421e+00 3.4897616057e-01 1.0132096291e-01
-2.4174518614e+00 6.8284503616e-02 -4.0550777427e-01
-2.0830165065e+00 -2.0349473025e+00 3.5524136993e-02
-2.1618503525e+00 -2.0051413446e+00 2.9913647327e-02
2.1118947291e+00 1.1302919728e+00 3.4980498174e-01
-1.9279324496e+00 4.0320889203e-01 -1.4311927107e+00
-1.3664164348e+00 3.0000000000e+00 4.5883805895e-02
1.5431315519e+00 -6.0819660264e-01 2.1659631974e+00
-1.3912930699e+00 1.0708587045e-01 -3.0013760706e+00
2.2327754619e+00 2.7052972320e+00 7.0542322961e-03
-2.6828724945e+00 -8.7858936411e-01 -4.5798030768e-02
-2.4821318206e+00 3.0000000000e+00 5.8971969911e-04
1.5336653422e+00 -6.5330847584e-01 2.0476757080e+00
1.0210705673e+00 -2.4099812214e+00 -8.5162442506e-01
3.9771796213e-02 -1.2939827637e+00 -4.2914214972e+00
-2.7251031366e+00 -3.3314252526e-01 -1.0428542767e-01
-2.5503000993e-01 -1.0433708902e+00 5.6268983594e-01
-3.1657467779e-01 1.0418768438e+00 3.8495153559e+00
2.5338228018e+00 -1.8677646238e+00 1.9456644684e-03
-1.9042568084e+00 1.0238241201e-01 -1.6643193569e+00
-1.0571462427e+00 1.1656013143e+00 9.4601253995e-01
-5.8350870820e-01 -3.8260260274e-01 2.8592806082e+00
8.4774423875e-01 -9.9797768955e-01 -9.6073511605e-01
1.5253685898e+00 1.9233117561e+00 7.1404680763e-01
-2.3068123060e+00 -5.7804211205e-03 -5.7798779299e-01
2.4735793304e+00 -2.9633167087e+00 -4.1934814260e-04
2.4955025169e+00 1.3108320490e+00 6.7038301359e-02
2.6127197658e+00 -2.0599124855e+00 -3.2862491756e-04
-2.6952491437e+00 -2.9349392462e+00 3.7406480954e-04
3.0000000000e+00 -1.5021374970e+00 3.5743932779e-03
1.3519129838e+00 2.7733161788e+00 1.2211056559e-01
2.2403975818e+00 -3.0000000000e+00 -1.3350752837e-03
-1.2331137673e+00 1.9676582265e-01 -2.9465989917e+00
3.0000000000e+00 -1.6977657122e+00 1.7597467567e-03
-1.9900856843e+00 -1.7714259922e+00 7.0441986925e-02
2.5346402616e+00 -1.3615833316e+00 3.8234554302e-02
-2.1892850992e+00 3.0000000000e+00 2.3725811956e-03
-1.8858934661e+00 2.1729830608e+00 1.0562872913e-01
2.1613821607e+00 2.8490904064e+00 5.5104882032e-03
-2.5685666694e+00 8.0948009823e-02 -2.3471634100e-01
-1.9898754055e+00 3.8674731692e-01 -1.2600670305e+00
-4.8477111797e-01 2.3713290523e+00 2.1404242322e+00
1.5586334912e+00 7.5750565839e-01 1.8517908170e+00
1.9589974159e+00 -2.3614012780e+00 -4.4775313855e-02
-1.3728580417e+00 1.3321473741e+00 4.4665809979e-01
2.3900309918e+00 2.7812037555e+00 2.5950728698e-03
1.4159554101e-01 4.7279705893e-01 1.6065107871e-01
-1.5404740206e+00 -9.4988791687e-02 -2.5428954870e+00
2.5494645468e+00 -3.0000000000e+00 -2.2278021879e-04
1.5925038643e+00 -9.6452172415e-01 9.8425269352e-01
-2.2841235708e+00 -7.5531579284e-01 -2.2974630844e-01
-4.4078291557e-01 1.9359884013e+00 5.2725453442e+00
-2.2867657340e+00 6.8628266936e-01 -4.0924642039e-01
-2.6342786534e+00 4.4817505492e-01 -1.5471095380e-01
2.2179037595e+00 -2.9149447909e+00 -2.1512598336e-03
-1.2600347517e+00 3.0000000000e+00 6.0816821854e-02
-2.9871236529e+00 -7.6422478549e-01 -1.7132790457e-02
2.5962004658e+00 9.0521804957e-01 9.1878534741e-02
-1.0915217943e+00 1.3189172579e+00 1.5121446970e+00
-1.3235391715e+00 7.2345430598e-01 -1.9410368334e+00
-9.2834633093e-01 -4.2070636925e-01 8.7003619826e-01
-5.0838456096e-01 9.2458527895e-02 1.1110016855e+00
2.2646505282e+00 -7.2339556438e-01 4.1122415678e-01
3.0000000000e+00 -3.0471942515e-01 3.0601446689e-02
-3.2377852129e-01 1.4618903460e+00 7.1131073681e+00
-1.3083081086e+00 -1.5110934967e+00 3.7768413365e-01
-1.7793531318e-01 -1.1022563688e+00 -6.5073639423e-01
-9.9551604943e-01 -5.2084837554e-01 9.3345944953e-01
1.2215481558e+00 -1.1871355343e+00 -3.9678253210e-01
2.3017518743e+00 6.9080528552e-01 3.7049765554e-01
-2.0362896201e+00 1.1615790386e+00 -2.6848676138e-01
-2.2731348349e+00 8.2238194668e-01 -3.4329722550e-01
-2.8603491084e+00 -4.0878861907e-01 -5.4105353571e-02
1.6875391853e+00 -3.0000000000e+00 -1.5559679320e-02
-1.6267929590e+00 1.8546297312e+00 4.0172011808e-01
-1.8072591612e-03 -7.1287259097e-01 1.5931875257e+00
2.2364392845e-01 -2.3275471630e+00 -2.5905082752e+00
8.8094473317e-01 1.9641225079e+00 2.8895895582e+00
1.7756588162e+00 -4.1972853741e-01 1.9286949006e+00
2.7211321766e+00 -2.9296502961e+00 -9.3022737274e-05
-2.1206498395e+00 -9.1675551682e-01 -1.8695809079e-01
2.4292563928e+00 -1.2635031734e+00 7.4566385805e-02
-2.4771602620e-01 -2.2462458574e+00 -2.5319667647e+00
1.0232788131e+00 -9.9896550652e-01 -1.6710514205e-01
-2.0705327204e+00 -6.2347645193e-01 -5.3175692097e-01
-1.9071009481e+00 6.0918237312e-01 -1.2264782355e+00
2.9994669345e+00 -2.2868221199e+00 4.3749366706e-05
-8.6643052327e-01 -2.5891739055e+00 -2.8193103430e-01
-2.3811993293e+00 -5.7291149319e-01 -2.6204276744e-01
1.3521206318e+00 8.5230463400e-01 2.0618774396e+00
3.2409173771e-01 1.4860805930e+00 7.1351870962e+00
2.6698180644e+00 -6.6957990728e-02 1.5055660023e-01
1.9162516024e+00 -2.1055233521e+00 -8.5997389052e-02
2.1386904709e+00 8.3283202816e-01 5.0436322438e-01
-7.2400788399e-01 1.0745389335e-01 -1.3041618154e-01
2.2568591201e+00 -2.7095759522e+00 -3.8035728999e-03
3.0000000000e+00 -2.2254707358e+00 8.4097033434e-05
-4.4138051599e-01 -7.8204419281e-01 3.4633493643e+00
2.0456342653e+00 -1.2040374770e+00 2.4873381620e-01
2.4727929791e+00 2.8914156767e+00 1.1207044553e-03
-5.8486806191e-01 1.0794284955e+00 3.0456041709e+00
-2.9831980950e+00 -5.8508202808e-01 -2.4382681921e-02
9.3034314266e-01 -1.0800526163e+00 -1.1111417725e+00
2.4625080444e+00 -1.9977244993e+00 -1.9548040611e-03
-5.3170706821e-01 1.7864547408e+00 5.6161149298e+00
-3.4564318971e-01 -3.0000000000e+00 -1.7782101705e-01
1.0545311777e+00 1.9571885150e+00 2.1178432763e+00
1.3541892565e-01 2.7721715981e+00 7.3879183353e-01
-7.7544995382e-01 -2.7994666809e+00 -1.6951420002e-01
-1.6793804524e+00 -8.6460935827e-01 -2.1743654700e-01
2.2779041107e+00 6.6880517336e-01 4.1176564506e-01
-1.8992631764e+00 1.9688364231e+00 1.2697866177e-01
-1.7647437861e+00 -1.5654764527e+00 1.6663227227e-01
-2.4607278901e+00 -1.2688386810e+00 -1.2464522109e-02
-2.1971697185e+00 6.3602255473e-01 -5.7379791530e-01
-3.0406554510e-01 -2.8151760123e-01 2.8465239126e+00
-1.2293452763e-01 -3.0000000000e+00 -2.2713137243e-01
1.4593736324e+00 -1.6376370193e+00 -6.7898367019e-01
1.5577412834e+00 -8.9198444674e-01 1.2389173482e+00
-1.5309930681e+00 3.0000000000e+00 2.8354220508e-02
1.2646525760e+00 2.4744432607e+00 4.1867267746e-01
8.6118040101e-01 -1.7682660617e+00 -3.4994734690e+00
-3.0000000000e+00 -2.0659123637e+00 7.0915364641e-04
1.0318429662e+00 2.2336647914e+00 1.3267560213e+00
-3.4370754269e-01 -2.5790353877e+00 -9.1233873486e-01
3.0000000000e+00 -7.7916069195e-01 1.8971323521e-02
4.8553377010e-01 -1.2776306466e+00 -4.6565209770e+00
3.0000000000e+00 -1.5946642326e+00 2.6010058142e-03
8.8228573004e-01 1.6122034317e+00 3.8906575386e+00
1.8448237949e+00 -6.6813013901e-01 1.2932333806e+00
1.3205943053e+00 1.2333111724e-01 3.5246052193e+00
-2.6610483255e+00 4.5163682152e-01 -1.3853037484e-01
-2.0234160278e+00 1.7458936299e+00 6.0668108431e-02
1.0503525528e+00 -5.9684692015e-01 2.0271224617e+00
3.7258057243e-01 -1.9312971443e+00 -5.1856871091e+00
1.5575857023e+00 4.5123400555e-01 2.5230922621e+00
-1.0180180831e+00 1.0606700026e-01 -2.0408582073e+00
-7.6829526418e-01 -1.7213931351e+00 -1.3394098053e+00
-3.9631495523e-01 -1.4039091921e+00 -2.2594617550e+00
-2.7026526626e+00 1.8088862819e+00 -6.4355733264e-04
-2.8854938870e+00 -1.7987392373e+00 1.3920036866e-03
-1.1629264712e+00 1.1593208769e+00 4.5819127728e-01
-2.0816452184e-02 -5.5123304276e-01 2.1157654580e+00
2.5208266131e+00 3.0872497672e-01 2.4746077036e-01
3.1324205552e-01 -1.6853441353e-01 3.0234870424e-01
-3.6224295132e-01 2.9126277996e+00 3.8031475958e-01
1.9137798541e+00 2.0875443228e+00 1.5209094906e-01
-2.0575312234e+00 -3.0000000000e+00 2.9384455665e-03
2.0562157801e+00 9.5750208758e-01 5.3078519639e-01
-8.2588712817e-01 2.6525478434e+00 5.8191973897e-01
-7.0653305443e-01 1.2372484774e+00 3.4995815447e+00
1.6307108152e+00 8.0292541855e-01 1.5990176581e+00
-1.0730641477e+00 -1.1262161226e+00 1.3992762593e+00
-1.9111584265e+00 -1.2316154882e+00 5.6335600473e-02
1.6953542992e+00 2.3309943044e+00 1.8088403780e-01
8.9579853601e-01 -1.6068145608e+00 -3.4387688710e+00
-2.7606624433e+00 -2.9936578180e+00 2.2468307561e-04
-1.6183512524e+00 -5.8850086634e-01 -9.4966816176e-01
-1.3582570542e+00 -7.0181973259e-02 -2.6946491975e+00
1.5559436784e+00 1.8802060846e+00 6.9807520121e-01
-1.1006181443e+00 2.9052122425e+00 1.3233411185e-01
-1.7887593878e+00 1.6044986122e+00 1.5113368506e-01
6.0166093342e-01 1.7400763629e+00 5.4100791862e+00
