1.3395962496e+00 -1.5611736187e-01 3.3665146826e+00
-2.6318554168e-01 -1.9064591458e+00 -3.1693671562e+00
-8.3642296895e-01 -3.3280119585e-02 -8.0689771728e-01
2.5151792615e+00 -1.1180156631e-01 1.4774913978e-01
-2.3887061869e+00 1.1181355081e+00 -3.9756895773e-05
1.8462845579e+00 2.7608227732e+00 1.6891356640e-01
1.7001935654e+00 2.6585533141e+00 9.8228629719e-02
1.3210374835e+00 1.5988309036e-01 3.3757597506e+00
-7.3059127902e-01 -1.5672495572e-01 1.2436367475e+00
-1.6255702388e+00 6.4875877153e-01 -2.0807755217e+00
-1.8836134521e-01 1.7653029252e-01 1.2389684246e+00
1.5546389765e+00 -2.0105882992e-02 2.4341619439e+00
-4.8617178744e-01 -2.2007859530e-01 2.6142467224e+00
2.0304780176e+00 1.0071131057e+00 7.1931088431e-01
-8.1235966261e-02 2.3339006300e-01 9.2191864511e-01
-2.5325746470e+00 6.9288661969e-01 -8.8699356345e-02
1.7899051558e+00 1.1291263724e+00 7.8429948272e-01
-1.8881074944e+00 2.8897402308e+00 -8.3581629690e-02
-3.9143051252e-01 2.3735935917e+00 2.6161126206e+00
-2.2995258010e-01 -7.5589484154e-01 3.2558160964e+00
-2.0234222502e+00 2.3600656824e+00 -3.0182387987e-02
2.0073095514e+00 2.5742217190e+00 -1.1139064227e-02
-1.0353512372e+00 2.6540923543e+00 4.3556106987e-01
-5.1436277128e-01 -2.2297686645e-01 2.5463319723e+00
2.4576505223e+00 1.7381362691e+00 -2.0267549548e-03
-1.6640437744e+00 -1.3643856208e-01 -2.4524074828e+00
2.9196010850e+00 7.7097571769e-01 1.0047423089e-01
2.0887205860e-01 1.9421111037e-01 2.5689231995e-02
2.5176925779e-01 -1.1795323238e+00 -4.5732094535e+00
3.9955075615e-01 -9.2565392422e-01 -1.9227073544e+00
-1.5503033409e+00 3.0061138485e-01 -2.4986686601e+00
-4.5531527757e-01 7.7784350884e-01 3.2964882122e-01
1.2614060223e-01 -9.4467366215e-01 -9.7034068617e-01
-3.0217512655e+00 7.1929603502e-01 2.8729799094e-02
-3.2365669090e-01 1.9750219545e+00 5.7399699734e+00
-1.8818516605e+00 1.0406255585e+00 -2.4653145763e-01
-3.1288697101e-01 -7.3363436478e-01 3.5105804115e+00
1.4042218005e+00 -1.1388478035e+00 2.7795574665e-01
1.3574024129e+00 -2.4540998606e-01 3.5067407842e+00
-5.7116216246e-01 -7.9881268099e-01 3.5522599472e+00
-1.6506351481e+00 8.4943988122e-01 -1.2153261518e+00
-1.2671803783e+00 -1.7151838828e-01 -2.7922729344e+00
-1.4680166902e+00 2.1446914282e-01 -3.0367505369e+00
-1.6452380866e-02 9.0071418612e-01 1.5467086682e+00
-8.4289295184e-01 2.2346451917e+00 1.4100360520e+00
-7.5097263765e-01 -2.7373377524e+00 -4.0861543447e-01
1.9656723912e+00 -2.5542729979e+00 1.8061339361e-02
-1.4533119095e+00 5.1856503068e-01 -2.5256156148e+00
-2.7421013114e-01 1.5472197684e+00 6.8115941564e+00
6.2554273840e-01 3.8007866634e-01 9.2741807967e-01
1.9669626244e+00 1.5174011472e+00 1.7222448903e-01
-1.0798649638e+00 1.8425054759e+00 1.8640367129e+00
3.7724380980e-01 -4.5652657527e-01 8.3039016667e-01
-1.5413643633e+00 1.3867056798e+00 1.3742763481e-01
1.6819032990e+00 3.0305599429e-01 2.1155697177e+00
-5.7160871274e-01 -2.7636242012e+00 -4.4559791935e-01
1.9315059340e+00 3.1612867952e+00 1.0975509318e-01
-5.3831231157e-01 4.7293234867e-01 4.4020604802e-01
4.7643758327e-01 -1.2952599046e+00 -4.8918542820e+00
1.9499839934e+00 1.2264125366e+00 4.3876479872e-01
-6.9221919838e-02 2.1224137370e+00 5.1907597979e+00
-1.1589253354e+00 2.3279986622e+00 7.9169521226e-01
-2.0851256277e+00 -5.7091492914e-01 -3.9671001940e-01
-2.8884387383e+00 -2.4835368529e+00 1.1230057496e-01
1.4060517216e+00 2.4498524303e+00 3.1372578229e-01
2.1971399168e+00 -4.0351743013e-01 4.6747971508e-01
-1.3192802261e+00 9.6514553280e-01 -1.0976744471e+00
-1.4647216809e+00 -9.3276916834e-01 9.1886834022e-01
1.0400967101e+00 1.1146610969e+00 2.6320193804e+00
-6.3225267938e-01 4.9035085398e-01 3.0991802060e-01
-1.4461366095e+00 1.5027052332e+00 1.1679910655e+00
-6.3609719123e-01 2.6883363938e+00 5.0789040377e-01
-2.6621782891e+00 5.7295126371e-01 4.8099145705e-02
1.4198665778e+00 7.7865401640e-01 2.1037796329e+00
2.9315122542e+00 6.1570791497e-01 -4.2342156829e-02
-2.8864857132e+00 1.3009353289e-01 -1.6172441076e-01
-2.7921848844e-01 -1.2020280336e+00 -1.6915376480e+00
-2.6564648058e+00 -1.9120178371e+00 -6.5650029264e-02
-1.5185329968e+00 1.8924071187e+00 5.6595896986e-01
3.1195199198e+00 3.0914377546e-01 4.6240742182e-02
-4.0002389414e-01 2.2551153195e+00 3.0883313224e+00
-1.0147866603e+00 -1.0928595451e+00 1.8825155204e+00
-2.4252875486e+00 3.0223324226e+00 -3.0599895542e-02
-9.0107072610e-01 1.6466929085e+00 3.5542976509e+00
4.1184160818e-01 1.4206860702e+00 5.5352185216e+00
-4.3609079111e-01 -6.7739388988e-01 3.6524517309e+00
-2.2916429698e+00 1.6427812832e+00 -5.6571917097e-02
-1.7210465615e+00 1.3783822651e+00 -1.0496824781e-01
-1.5692047969e+00 1.1827308262e+00 -5.0142265017e-01
-1.9530992119e+00 9.1241613509e-01 -5.2627580044e-01
3.2038526913e-01 2.5174465347e+00 1.2774308043e+00
3.9876261912e-01 -1.3172797754e+00 -5.2429989426e+00
9.3620157192e-01 3.2271121720e-01 2.3858529053e+00
-1.2835293961e+00 4.0515519871e-01 -2.7678256949e+00
1.4390901082e+00 2.8871700931e+00 1.1958946231e-01
2.1789792963e+00 2.2024027950e+00 8.9744798199e-02
-6.5926060107e-01 1.5783935795e+00 4.6647126379e+00
-1.3198634595e+00 3.1700606278e-01 -3.0418425835e+00
-1.8729220477e+00 2.4787240471e+00 -4.8014273691e-02
3.5680557139e-01 -4.8032748040e-01 4.4844960450e-01
8.6703311459e-01 9.1088625315e-02 1.6475212712e+00
-2.0244669095e+00 1.9463283418e+00 -8.8739005077e-02
1.8759261900e+00 9.5108346002e-01 7.2689724995e-01
-2.7862744459e+00 9.8759504675e-01 -1.4062482802e-02
2.9217065545e-01 -1.8817535737e+00 -5.8070134822e+00
1.6375221579e+00 2.2566135476e+00 5.6945766111e-02
-3.7023052372e-01 -5.8895837058e-01 3.8368608600e+00
6.3174043369e-01 -7.3905203675e-01 -1.9334064434e-01
-6.9071400310e-01 8.5379799771e-01 -3.5693555406e-01
2.7375156370e+00 -2.2088562248e+00 7.8767006794e-02
-7.3500522789e-02 1.2686443771e+00 6.3675870820e+00
1.9344877220e+00 2.2161818391e+00 4.2982366084e-02
-1.8286536146e+00 -2.5077790292e+00 -1.1639034794e-01
1.2132588646e+00 -1.4555506921e+00 -1.4641924344e+00
-3.8521673920e-01 1.0642851749e+00 3.9148884354e+00
-1.6030852408e+00 -1.1992354138e+00 3.6294299713e-01
9.4851326583e-01 1.9876230795e+00 2.3252910578e+00
-1.0399411858e+00 2.6511013179e+00 3.8629594218e-01
-1.4174881756e+00 1.6240252250e+00 7.0046452929e-01
-1.4059337541e+00 -8.9356581379e-01 3.4384279634e-01
2.3291412773e+00 -2.1687947492e-01 4.4523017815e-01
-1.4375282514e+00 1.5881925145e-01 -2.8131032277e+00
-1.8877758472e+00 -1.1536791252e-01 -1.5170718310e+00
2.4157568061e+00 6.3742578201e-01 2.4224143917e-02
1.0884040935e+00 6.3741994898e-01 2.7398559243e+00
1.5286030683e+00 1.4789233478e+00 1.0756228062e+00
1.2097853912e+00 -2.8528786363e-01 3.2508166818e+00
5.5136726002e-01 -4.7573265756e-01 6.2102262094e-01
-2.1296815350e-01 -1.3924691731e-01 1.9194167237e+00
-3.8944665238e-01 5.4725454869e-01 1.3815442013e+00
2.8663018320e+00 -4.5196068373e-01 -4.1908704524e-02
3.5004128056e-01 -4.0974530966e-01 6.2434611358e-01
-7.1546976215e-01 -2.5636224427e+00 -5.8072033119e-01
-9.0541825881e-01 -1.0707998066e+00 1.8945633504e+00
1.7477339370e+00 2.3598988903e+00 3.0501829510e-01
1.8166375375e+00 -2.4451678600e-01 2.2720538802e+00
-7.8412130129e-01 2.1684071547e-01 -3.1631200473e-01
2.3207382060e-01 -1.2531905607e+00 -3.4351959592e+00
3.1385510218e-01 2.7654204923e+00 8.7207052976e-01
-1.6497238989e+00 1.8771271666e+00 3.1091762525e-01
2.1781854071e+00 9.5621082619e-01 4.8944674818e-01
-4.2979422494e-01 3.7214933620e-01 4.9674989718e-01
2.3803112852e+00 -2.1733159006e-01 4.1925291588e-01
1.3266432627e+00 1.3055303448e+00 1.9268487034e+00
1.4380903384e+00 9.7302144441e-01 1.7391622492e+00
1.1947299930e+00 -6.5252553832e-01 1.8992919984e+00
2.0330879407e+00 1.0596027745e-01 1.2021899522e+00
-2.4054513489e+00 9.2426097645e-01 -2.4337618347e-01
-8.5631500197e-01 1.0530479023e+00 1.3323709177e+00
-1.2920890135e+00 4.9651400329e-01 -2.8382340430e+00
-2.2492740082e+00 1.6301567877e+00 1.4523830406e-01
2.2784712511e+00 1.6455665888e+00 1.2707404088e-01
2.8906172320e+00 -1.4933142669e-01 3.1401690724e-01
-1.6533919470e+00 1.7607736601e+00 6.7446573823e-01
1.3710005717e+00 -7.5791391059e-01 2.1605901379e+00
-2.2075815179e-02 1.6472243897e-01 7.6861345970e-01
-1.4198478452e+00 5.5867832402e-01 -2.5183945388e+00
1.3139835943e+00 -2.3040977410e+00 -4.5253251337e-01
-1.4988611111e+00 3.7701045886e-01 -2.8144664885e+00
1.0977161585e+00 -1.5328016759e-02 3.3289889075e+00
-4.6308931915e-01 -4.9891245622e-02 1.8325860540e+00
1.1229082836e+00 2.3329757768e+00 7.6211807042e-01
2.9995166721e+00 -2.9165572529e+00 8.1075214069e-02
1.4920783103e+00 1.9078697661e+00 8.4618866156e-01
2.1284452014e+00 2.4171459049e+00 5.3093774359e-03
1.4009834494e+00 1.2245560872e+00 1.6809032952e+00
1.0666598518e+00 -8.4369004172e-01 9.7923796362e-01
-8.6857249618e-01 1.4438458997e+00 3.1168901019e+00
-2.7146412196e+00 3.8607853130e-01 -1.3407337704e-01
2.8957253730e-01 2.6914721527e+00 9.3281356113e-01
-8.1741162199e-01 -5.1483895090e-01 2.1948186638e+00
-5.1793613019e-01 2.1381478565e+00 3.3518041443e+00
1.9098675139e+00 7.1695080423e-01 1.2414545317e+00
1.1748059756e+00 5.2063536053e-01 2.2598597653e+00
2.2331665709e+00 -2.8661750998e+00 4.1522424315e-02
-3.0939350907e+00 2.0245321652e+00 1.0254750336e-01
2.9295478621e+00 6.1853707055e-01 9.1981385680e-02
2.1760789249e-01 -1.6208853453e+00 -6.4531944981e+00
-1.3385812710e+00 -1.0159483160e-01 -2.2547898982e+00
-1.6318795414e+00 -3.5596209886e-01 -1.6516517210e+00
-7.0124091291e-01 -2.8329960874e+00 -1.2723062317e-01
1.3309347127e+00 -6.4201078740e-01 2.4884442943e+00
1.2324480315e+00 -1.5155471092e-03 3.3949999116e+00
-4.4293275388e-01 -7.5411069531e-01 2.8519349366e+00
1.8152671912e+00 -6.6678993538e-01 1.3286459367e+00
-6.6845115508e-01 -8.9431494095e-01 3.3078759009e+00
2.0174070224e+00 -7.3646360736e-01 8.0038804267e-01
-5.3101136224e-01 -4.7521681199e-01 3.2314530438e+00
2.0739025015e-01 -1.5175372378e+00 -6.1731560816e+00
-8.8071358195e-01 1.2880548173e+00 3.5059851807e+00
-1.0441309676e+00 4.6260736895e-01 -1.5236591034e+00
2.7080501376e+00 -6.4248990171e-01 -5.9453281619e-02
-4.4164852588e-01 -1.1278479183e+00 3.1308159159e-01
-1.5769658103e+00 6.3110489639e-01 -1.9928601755e+00
-5.5518071432e-01 -1.7825297891e+00 -2.0928150674e+00
2.4901721993e+00 -1.4444039451e+00 1.5730510880e-01
-2.0727083631e+00 -6.2965509778e-01 -5.1728060776e-01
-1.2699753915e+00 -2.8307598514e+00 1.1430628196e-01
-1.0306394107e+00 1.1947324586e-01 -1.9300963148e+00
-3.8046969585e-01 -7.4932241500e-01 3.6846490180e+00
-9.4648823741e-01 -4.6688866256e-02 -1.2601604050e+00
1.7506525503e+00 1.1471493824e+00 5.3017315132e-01
5.9747608824e-01 -8.9823014256e-02 1.0984468705e+00
-2.2824356354e+00 3.7956447130e-01 -5.6735377698e-01
-1.1622552950e+00 1.6852198587e+00 1.8720599738e+00
8.6980304808e-01 -1.4268117167e-01 1.9361601456e+00
1.0564075092e+00 1.5975441294e+00 3.3784505323e+00
-4.8941246295e-01 -6.2125080494e-01 3.5789435075e+00
5.8542676619e-01 -3.2938357050e-01 4.8083746081e-01
1.9145766365e+00 2.8418014065e+00 2.3952972820e-02
-1.2171147752e+00 3.7980267237e-01 -2.8481480096e+00
2.3614996227e+00 -7.0725913384e-01 4.1156379733e-01
2.3992496883e+00 -6.1397306354e-01 4.1762983575e-01
-2.0179243399e+00 1.7955305821e+00 1.2845681843e-01
-8.8138156414e-01 1.3438565309e+00 3.3324480571e+00
2.1507295019e+00 -3.1539386325e+00 3.1472685675e-02
-1.4253032870e+00 2.0404334006e+00 1.9728872655e-01
-1.2323396483e+00 5.1090715177e-01 -2.9288371554e+00
2.5215768963e+00 -8.6979275395e-01 3.1137797065e-01
-9.1822377388e-01 3.0073791320e+00 1.4869155403e-01
-3.0979615464e-01 -6.5515872702e-01 2.7392646313e+00
-3.0040011686e+00 -2.5849120467e+00 -2.1792899813e-02
-1.9541956884e+00 1.4941130821e+00 5.8369976563e-02
-4.5082399662e-01 -7.3374552218e-02 1.2552589541e+00
-2.3954028565e+00 2.0511446753e+00 -1.7934924701e-02
1.7258450210e+00 2.1875641616e+00 1.1093573754e-01
6.1659422877e-03 -3.7470100014e-01 2.1977700276e+00
-5.1351566506e-01 -1.1981789029e+00 -2.1884742917e-01
4.8158649582e-02 -1.3160217317e+00 -4.7320916077e+00
-2.7387853376e-01 7.4138526257e-01 8.6627720514e-01
-2.6873000110e+00 1.3688079476e+00 8.7218320611e-02
-9.1142285215e-01 -4.9886450481e-01 1.9575286937e+00
-1.5876079345e+00 7.0599693075e-01 -1.7762157953e+00
1.7537438980e+00 8.7735040425e-01 1.1502664219e+00
-3.0565985745e+00 1.1196483130e+00 4.1805380814e-02
1.4016272446e+00 9.2172616666e-01 1.7741150957e+00
-2.7056237351e+00 -2.8582083143e+00 6.7170405862e-02
-1.5553911589e+00 9.2710240758e-01 -5.1981323604e-01
2.0656035134e+00 -4.6406533127e-01 7.5059639915e-01
-6.8203956308e-01 -6.5559883951e-01 2.8383010431e+00
1.0192145433e+00 3.0823277326e+00 6.1829199459e-02
1.1597734686e+00 3.0499536830e-01 3.3515306182e+00
-1.6443630362e+00 -8.2429333851e-01 -2.9285448304e-01
1.5838935832e+00 9.9548894069e-01 1.2935551456e+00
3.0440774871e+00 9.2333676889e-03 5.5739207693e-02
1.3948861645e+00 -1.1085610829e+00 2.6754472571e-01
6.0836944406e-01 3.3718261871e-01 1.2369827702e+00
1.9009719228e+00 1.1785164158e+00 7.0269120195e-01
2.2089544778e-01 3.6396773222e-01 -1.1813751174e-01
-4.1728123572e-01 -1.1556707120e+00 -1.5868474916e-01
1.2814299410e+00 1.4127577076e+00 1.5014965128e+00
-9.5555292762e-01 -9.0287584501e-01 2.7020671641e+00
-2.5545900867e-01 -3.0423693306e-01 2.2568971585e+00
2.1809936973e-01 -9.1993129351e-01 -1.1625637648e+00
4.3950135355e-02 6.7526539611e-02 5.0178059194e-01
-1.9622015148e+00 6.6389842766e-01 -6.4213048034e-01
1.3519218518e+00 1.1230839386e+00 1.7453878494e+00
1.7370408736e-01 2.5766276252e+00 7.2618683767e-01
-2.5404648697e+00 2.0386003971e+00 -3.6502693711e-02
2.5322567078e+00 9.5382776483e-01 1.7212509292e-01
8.8741806656e-01 1.0532651385e+00 2.3594970803e+00
-2.1872969943e+00 -2.3505670813e+00 -3.5349152157e-02
2.0424646529e+00 2.4293858662e+00 1.1631401181e-01
1.1849414913e+00 2.8351052830e+00 6.3935462289e-02
-4.2451764157e-01 -9.2923204667e-01 2.7002743092e+00
2.1936628369e+00 -8.7675083919e-01 2.5342053531e-01
3.4224534783e-01 2.1488295066e+00 3.4679551064e+00
-1.3734307224e+00 9.7126678942e-01 -9.0128864443e-01
7.5247171726e-01 3.1852749643e-01 1.7843472442e+00
8.6704938190e-01 -5.8493781159e-01 7.9018039780e-01
1.5205268233e+00 2.1618826342e+00 7.9437313690e-01
3.0341113499e+00 -8.1941220667e-01 -5.8552151426e-02
-7.3203914609e-01 2.5776900094e+00 3.4794264598e-01
-2.8448646003e+00 2.9414242473e+00 9.0134932857e-02
-2.8493194918e+00 1.6633508092e+00 2.3100334473e-02
1.6584495853e+00 -1.4242469249e+00 -9.6207840636e-02
1.6548048894e+00 3.5739365336e-02 2.7913696947e+00
-1.4958704735e+00 3.6658137193e-01 -2.8646302890e+00
2.8365990564e-01 -3.4433270524e-01 5.0685963071e-01
-1.0191679348e+00 -3.8770474565e-01 -1.1595716692e+00
-5.3932251920e-04 -2.4697668920e-01 1.6643257788e+00
1.1923822789e+00 1.1452482283e-01 3.6354226008e+00
1.4451309111e+00 -4.5456342547e-01 2.8155983879e+00
-1.8016765909e-01 -2.5604058664e-01 2.9156498053e+00
-1.5998846364e+00 1.2120183151e+00 -5.2847500943e-01
-6.9739238500e-01 -6.0619315570e-01 1.8581342550e+00
4.0343939181e-02 -5.8820385386e-03 1.7628904171e+00
-1.0368715906e+00 5.5757313103e-01 -2.1670329901e+00
-2.1209319612e+00 7.4003540237e-02 -6.2903664609e-01
-2.0201187591e-01 -1.4251928829e-01 2.5048020058e+00
1.6587626834e+00 3.4368537660e-01 2.7490968251e+00
9.8580671257e-01 -4.5199188023e-01 2.6699846435e+00
2.2585611697e+00 3.0348676439e+00 1.0732482839e-01
1.7654216865e+00 1.5505406069e+00 4.9983510683e-01
2.8067598554e+00 -6.0615893239e-01 -5.6280398032e-02
2.4131184272e+00 -2.2324565591e-01 6.8385258051e-01
1.8291102097e+00 -7.6939407823e-01 1.0329743482e+00
-2.2323682305e+00 5.0765157602e-01 -7.3939207495e-01
-5.4979255624e-02 -7.3062309298e-01 9.5411280268e-01
2.3271794486e+00 -3.0542966189e+00 -1.2871175026e-01
-2.9827311932e-01 1.3214729885e+00 5.7262753024e+00
-1.8745182480e+00 2.4031052782e+00 8.0365949988e-02
1.9300441103e+00 4.5875550011e-01 1.3308953266e+00
-5.7550547810e-02 1.3229090549e-01 1.1930280327e+00
1.6948437791e+00 -7.3189487605e-01 1.6487406589e+00
1.4108136520e+00 -8.5225485970e-01 1.9935801802e+00
2.2901795853e+00 1.4367966312e+00 2.2842796961e-01
-3.0020332817e+00 -4.2842398212e-01 -1.0934665361e-01
-2.1592127262e+00 2.2331621064e+00 7.3932074661e-02
-6.3778274839e-01 2.8533972157e-01 -1.3338825415e+00
-7.9599510691e-01 -2.9559770899e+00 4.6105855736e-02
-4.0145563569e-01 -1.7931674462e+00 -4.5624110322e+00
3.0394274708e+00 5.7612582200e-01 4.8248104917e-02
-1.6971605721e+00 2.8307526366e+00 -7.9084188771e-02
1.2979337175e+00 6.9191694824e-01 1.7384171080e+00
3.9341751373e-01 -9.3253519512e-01 -1.0139527245e+00
1.5895976082e+00 -9.2425849932e-01 6.5844105385e-01
-1.6381806918e+00 -4.0337015421e-01 -1.4306674719e+00
2.5138059909e-02 1.8556731196e-01 3.1076196131e-01
-8.6327533887e-01 -5.3659422700e-01 2.1515023794e+00
2.6519078310e-01 1.2736981633e+00 7.1761233994e+00
1.9863329941e+00 -3.0988548752e-01 1.9480488254e+00
2.6599019646e+00 9.4223636620e-01 -7.8946652116e-03
1.3787494549e+00 7.2839541622e-01 2.5991975450e+00
-3.9656740664e-02 -2.2328095652e-02 1.6712209384e+00
1.0337146725e+00 -3.8575201365e-01 2.5394928476e+00
2.1450096393e-01 -4.9014214127e-01 6.5749864763e-01
1.2483752247e+00 -1.0577406273e-01 3.4014498259e+00
-9.3284436689e-01 1.5461139868e+00 3.5947519870e+00
1.8599276309e+00 7.3693246094e-01 1.2084566968e+00
1.4134757367e+00 2.1117249999e+00 8.6379561983e-01
-1.8388780472e+00 6.8763232485e-01 -1.4840795596e+00
-1.6768727622e+00 -2.8933425083e+00 4.4070330826e-02
-7.2105433818e-01 1.3937214657e-01 -2.1315417250e-02
2.8784890435e+00 -1.1216911247e-01 1.2434897813e-01
-2.4347700073e-01 -5.1906476912e-01 3.7625077712e+00
2.5498937690e-01 -2.2191454192e-01 1.1133872877e+00
1.1787216172e+00 -7.6084906228e-01 1.2009928995e+00
2.7923795101e-01 1.0722448741e+00 4.9155892316e+00
6.6927631447e-01 -2.9322268498e+00 -3.2533783255e-01
-4.6940152614e-01 -3.6408927494e-01 2.9696061179e+00
5.4444309160e-01 -1.1857575124e+00 -1.7028818225e+00
-4.1802477186e-01 -2.1918640168e-01 2.2200723319e+00
-1.8743730929e+00 7.7328422833e-01 -8.6614938725e-01
2.0692282537e+00 1.2208990839e+00 4.5876230906e-01
-2.7344679707e+00 -5.3712054125e-02 1.1736925334e-01
-6.2082549071e-01 -8.5477512467e-01 3.4097836088e+00
-2.4342472702e+00 1.6662956022e+00 9.1922556187e-03
2.5270357811e-01 -1.5715824809e+00 -5.6812205339e+00
-1.1051808299e+00 8.7785780721e-01 -6.0927760522e-01
1.5729015135e+00 -7.9533094037e-01 1.7159947634e+00
-1.6157659269e+00 -1.9357502631e-01 -2.3555219852e+00
2.4895806549e+00 -8.4382843554e-01 1.1224672720e-01
-3.9251256030e-01 2.7179500614e+00 9.8048209348e-01
-1.2235606103e+00 -2.0250378890e-01 -1.4654384244e+00
-1.2702129226e+00 3.8200607220e-01 -2.7734947489e+00
2.2967914852e+00 1.1277031384e+00 -3.1068259411e-02
-1.8876062635e+00 1.2613459760e+00 -1.4450915489e-01
-1.5624958858e+00 3.0591467454e+00 -5.6482121345e-02
-1.4183553652e+00 2.3919653143e+00 3.6606663900e-01
-3.6627339623e-01 1.3442265528e+00 6.1303008202e+00
-5.8141537500e-01 -8.1269340591e-01 3.5050893631e+00
2.2965960589e+00 -5.6647129002e-01 4.8112045193e-01
6.8757128103e-01 -1.0905976038e+00 -2.5646132561e+00
-1.5105423810e+00 1.5280060363e+00 3.5511968131e-01
2.8293517175e+00 -1.8860119167e+00 4.7173696240e-02
-5.9619810567e-02 -7.3652191208e-01 1.5691883217e+00
-1.8478658156e+00 -9.4775740498e-01 -1.2134552747e-01
-1.4897602314e+00 -2.8782772543e+00 1.3001784787e-01
5.8623877001e-01 1.2109423999e-01 5.0199886569e-01
-1.3375934510e+00 5.8255436874e-01 -2.2770841109e+00
1.3995899136e+00 -1.0587582702e-01 3.4696756447e+00
1.2274408450e+00 2.3996045695e+00 5.1449526045e-01
4.0919815568e-01 -8.7717840143e-01 -1.3310880479e+00
2.0968603116e+00 2.1166769271e+00 -1.0004851078e-01
1.0848422600e+00 8.7649530421e-01 2.2257512741e+00
-3.1379296948e-01 1.2743659148e+00 6.2126145020e+00
-1.5546280656e+00 -1.5584222229e+00 2.0314079796e-01
1.7544360453e+00 3.6513431421e-01 1.7914275872e+00
1.0585774281e+00 -6.6136019969e-01 2.2235895969e+00
1.6942489493e+00 2.2602484384e+00 1.0748306148e-01
-1.1511633380e+00 1.6571448266e+00 2.0339876822e+00
-1.1533664708e+00 2.1654665551e-01 -2.6246447829e+00
5.8999402386e-01 5.4352078978e-01 1.4354883640e+00
1.6592165316e-01 2.9884925443e-01 7.7078498424e-02
-2.9850137697e+00 1.6103585945e+00 9.5343577486e-02
-8.0815638403e-01 -2.8399277372e+00 -1.1475134806e-01
-1.4727480168e+00 1.1756167562e+00 6.2858670595e-03
1.6385092246e+00 2.0305286474e+00 4.0717584604e-01
-1.5549943898e+00 1.2609822804e+00 1.1108008187e-01
1.3031941218e+00 1.1260817288e+00 1.7678043194e+00
2.1583111684e+00 2.2879476640e+00 1.3583607250e-01
2.4107659545e+00 2.1035323034e+00 -1.7873620199e-02
1.0322046197e+00 2.2674042179e-01 2.8030806127e+00
9.3450558264e-01 9.5009950568e-01 2.3217339893e+00
-9.2703341003e-01 -9.6672453815e-01 1.8280204937e+00
1.0865769981e+00 -8.0973514698e-02 3.1769854966e+00
-4.2802200713e-01 -6.9537277051e-01 3.6803134512e+00
-1.0570134233e+00 -4.0635042421e-01 -6.5903035193e-01
2.1788620345e+00 1.7219124454e+00 1.2486581162e-01
-1.4905080283e+00 1.3194946328e+00 -5.6979149708e-01
3.8695831959e-01 -1.2171027204e+00 -4.6018943393e+00
-1.7765064431e+00 2.2047295552e+00 2.6593872548e-01
1.2606792171e+00 -9.4974590584e-01 1.6615771821e+00
4.0566226868e-02 2.1971851575e+00 4.1272668770e+00
-1.9265589851e+00 -9.1644007056e-02 -1.5282726812e+00
-2.5900870741e+00 -4.3727723053e-01 -8.2585550936e-03
-1.9193436960e-01 1.7150667353e+00 7.3327822719e+00
1.2898725856e+00 1.3620819541e+00 1.8168506698e+00
1.3587603894e+00 2.0109435020e+00 1.3110056358e+00
-3.8419276718e-01 6.0181509932e-01 8.6348648867e-01
-1.6763545478e+00 1.3786499854e+00 1.0651721437e-01
2.1986165805e+00 -6.3256567456e-01 5.4493881193e-01
-7.2152133731e-01 1.6076647138e+00 5.3380856337e+00
-1.8048358316e-01 -5.2721510696e-02 2.4045845003e+00
9.6768014774e-01 8.7028033845e-01 2.2203654060e+00
-2.6385352961e+00 2.7629667023e-01 -1.6872993427e-01
1.9221737497e+00 1.8496934278e+00 2.7801518463e-01
5.1756512905e-01 -6.3263308255e-01 9.5172771247e-01
1.1289520899e+00 -8.3962969756e-01 1.9529353157e+00
-1.2914741879e-01 -2.6439213212e-01 2.9383377532e+00
1.3874622588e+00 2.3332302975e+00 6.0366606460e-01
-1.4051008628e+00 1.7999079698e+00 1.0331335828e+00
-1.4450361738e+00 2.0242988406e+00 3.1530299889e-01
-8.8002337882e-01 1.3097807280e+00 3.3252255981e+00
7.7817498576e-01 1.7937186811e+00 4.5476072693e+00
-2.8499369824e+00 1.4367743335e+00 3.0219294441e-02
-2.3240612702e+00 -8.0128339152e-01 -1.3619733983e-01
9.4593402159e-01 -4.7613183391e-01 1.2372731390e+00
-9.7620498124e-01 2.0474053491e+00 1.8112957847e+00
-9.4962105556e-01 -4.2511188619e-01 1.8480583426e+00
1.6510401317e+00 1.0769319601e-01 2.7010202545e+00
3.4096539969e-01 -8.3784865187e-01 -2.2229273043e-01
2.2207404374e+00 -3.3846268931e-01 4.6832809966e-01
-1.3136131910e+00 2.4184890803e+00 5.1814241496e-01
-7.8009233551e-03 7.4598688131e-01 5.7281122730e-01
-1.1434066290e+00 1.4776214153e+00 1.7976623172e+00
-7.0573595884e-01 1.8388657861e+00 3.9149938467e+00
1.9342233840e+00 -1.5999541030e-01 1.2943817381e+00
-1.7675939458e+00 5.1599056043e-01 -1.7173442509e+00
-2.0059426274e+00 7.4591212693e-02 -1.4915875389e+00
-1.2637528281e+00 1.7227212107e+00 1.4576043416e+00
-1.3376182343e+00 2.6312771534e+00 6.5969147798e-02
-9.4259366504e-01 1.3624521071e+00 2.6769415410e+00
-6.6992230243e-01 1.4585303814e+00 4.8966700462e+00
-4.6274219203e-01 -7.4700177949e-01 3.7340874139e+00
-1.1187714286e+00 2.2853159161e+00 2.1287390809e+00
1.7906806445e-01 -3.2195295543e-02 3.4255306521e-01
2.3068366140e+00 -6.5775675408e-01 4.3768444637e-01
-4.3042585634e-01 1.9990117414e+00 4.2833055171e+00
9.9647588150e-01 2.9329360007e+00 1.7662668995e-01
-1.6085836641e+00 5.3056158216e-01 -1.9908232696e+00
-1.9670778702e+00 5.0137688777e-02 -1.2949068985e+00
1.0167469546e+00 -4.7199987365e-01 2.2117187202e+00
3.0621798213e-01 -6.1811021485e-01 -4.1708555505e-01
-5.0811141499e-01 -3.4677767225e-01 2.5990178085e+00
-1.5263413632e+00 5.4047870244e-01 -2.3882226153e+00
1.4415919144e+00 -5.5030779974e-01 2.2677194435e+00
8.3930004536e-01 -1.0648574468e+00 -1.8876687894e+00
-7.3139173355e-01 8.7946988611e-01 1.5192271307e+00
-5.6833516671e-01 -9.6465037019e-01 1.5620028447e+00
-2.7285781178e+00 7.2303446318e-01 -3.7412506519e-02
9.8953134817e-01 -1.6781127831e-02 2.7148794073e+00
-1.4487035632e-01 -8.9138954808e-01 9.1028460727e-01
-1.1658086505e+00 2.4862220887e+00 3.3407887027e-01
6.0409127617e-01 -3.3529773830e-01 7.2785745290e-01
1.4181825807e+00 1.0591216972e+00 1.7452918324e+00
-1.1939754235e+00 1.8415871166e+00 1.0659910760e+00
-4.2752670115e-01 1.8586686102e+00 6.9986808198e+00
-1.0317946025e+00 9.3051741056e-01 -6.9091386892e-02
-1.4334187675e+00 -1.8243185739e+00 2.0880767139e-01
2.2297535048e+00 1.5078331117e+00 1.4241449934e-01
-3.4882973456e-01 -1.0723123840e+00 1.3048204128e+00
-5.0287595457e-01 6.5086552566e-01 7.9862258255e-01
-1.4076010118e+00 -5.6999572267e-01 -2.2893630677e-01
5.6857382867e-01 -5.7669785065e-01 6.3179504443e-01
-2.3324090056e+00 2.1923127102e+00 -9.7734368200e-02
1.5818960682e+00 2.0536583521e+00 6.1859781808e-01
2.9339952368e+00 1.5524376536e+00 3.1041955308e-02
-2.7974958748e+00 6.4319697367e-01 -8.4065212129e-03
1.1124129010e+00 -2.8920245838e+00 1.2185050613e-02
7.4056128208e-01 -6.1909142922e-01 5.5280854981e-01
1.6595768806e+00 1.0997039611e+00 1.2589849952e+00
3.2569703468e+00 6.6784540660e-02 -1.7559193502e-02
-1.3482653854e+00 7.3017088495e-01 -1.5144400064e+00
-2.1956708303e-01 2.2116670825e+00 4.8769543947e+00
-7.7675556089e-01 3.2144567405e-02 -6.1885536406e-01
2.0309036151e+00 8.0034268078e-01 1.0037090948e+00
-1.4752529829e-01 -3.2824256182e-01 2.1257781770e+00
2.9211144503e+00 2.1073690740e+00 -2.6467676924e-02
-2.7957454591e+00 -9.6242483345e-01 1.2783985023e-02
-9.1750440354e-01 -1.2290260880e+00 1.3610671610e+00
-1.5607410098e+00 2.2378649022e+00 3.9844607401e-01
-1.1051683545e+00 1.2828973279e+00 1.0287801619e+00
-1.4773369998e+00 9.9948629064e-01 -5.3353877576e-01
1.1281883834e+00 -1.6062790995e-01 3.2614948082e+00
-6.2448021244e-01 -1.9262903919e+00 -2.8637555255e+00
-2.3097270722e+00 6.5516194091e-01 -3.5099573750e-01
2.0493499961e+00 1.2999470393e+00 4.8950042462e-01
1.3973466889e+00 -7.0107063528e-01 1.4897730630e+00
-1.3522655141e+00 -3.5550759362e-01 -1.9003584926e+00
-1.5360894518e+00 1.5075557733e+00 1.1363713261e-01
2.5617375356e+00 -5.0549061697e-01 2.1258175465e-01
-1.2638696783e+00 -3.2138362403e-02 -2.6450409675e+00
-1.6264924410e+00 1.7753211868e+00 4.8336367785e-01
-7.9634758803e-01 2.0818034160e+00 2.1510524476e+00
-1.1673215604e-01 -7.7968385073e-01 1.2452864598e-01
1.7958935244e+00 1.9796157397e+00 5.9297923734e-01
2.3923945349e+00 1.3481584099e+00 -8.3935727239e-02
-2.3934131420e+00 1.0824023267e+00 -1.4497310083e-01
-2.9863412840e+00 -1.8167145816e+00 1.8372754547e-02
-2.9282115156e+00 -9.9810907565e-01 -2.6211355191e-02
-5.3342480343e-01 1.8219676270e-02 1.4570576783e+00
2.0720721629e+00 5.0960620433e-01 1.0054955046e+00
4.5196324635e-01 -1.6050854284e+00 -5.3197711498e+00
1.2079651791e+00 1.6334204345e+00 1.6470448007e+00
-6.4456529441e-01 -2.2891730007e-01 2.6778617979e+00
-1.0298775099e+00 2.5944678829e+00 3.8260836857e-01
-4.3286488189e-01 8.2742334074e-01 9.2966685213e-01
-3.8180937033e-01 -1.2319712939e-01 2.1545373502e+00
-2.9991045404e+00 -2.1868377434e+00 1.5724205903e-01
-9.8367877772e-01 1.1656107875e+00 1.6491928243e+00
7.2331478602e-01 1.3714477758e-01 2.2859004592e+00
1.2785641429e+00 1.8197177711e+00 1.9507918162e+00
-2.5928196611e+00 1.2403313811e+00 1.0195165691e-01
5.9564678071e-01 -8.1256027297e-01 -4.5928762647e-01
-1.2428667229e+00 6.3156934340e-01 -1.3296645687e+00
-2.0132811300e+00 -4.4980109045e-01 -1.2676424591e+00
-1.1904231492e-01 1.1732647303e+00 5.2557991093e+00
7.4103299154e-01 5.3439405555e-01 1.1886213737e+00
-1.5241650191e+00 2.7195570505e+00 9.8358242714e-02
-7.4590628145e-01 9.1907039140e-02 -9.1878916997e-01
-1.2059969471e+00 8.2764489579e-01 -4.2362206523e-01
-1.0924034945e+00 1.4088085984e+00 2.3418466480e+00
1.5297337565e+00 -2.8940011610e+00 -6.1108558196e-03
1.5900019118e+00 -1.0513087569e+00 5.1031834845e-01
-1.0284361916e+00 7.8066507605e-01 -8.8368765263e-01
8.5274147794e-01 -9.4656966423e-03 2.1696119693e+00
2.1358885778e+00 -1.5792448475e+00 4.3427630398e-02
-1.7732305451e+00 -1.9937166138e-01 -1.6569894711e+00
1.8619387856e+00 -1.8569391111e+00 -2.0175837681e-01
-8.2452522928e-01 -1.5272289618e-01 1.0515541974e+00
-4.4832909143e-01 7.8132518989e-01 2.2252896891e+00
-6.5583692501e-01 -6.5949808724e-01 3.3155918890e+00
-2.2744372360e-01 -2.8706379925e-02 2.1745333360e+00
-1.3095727238e+00 -6.1898606990e-01 6.5330112645e-01
4.3156904104e-01 -5.5728027564e-01 3.2431248876e-01
1.8998134600e+00 1.0963540616e+00 2.2251229978e-01
-2.4644289448e+00 -2.6575959655e+00 -7.5175015707e-03
1.0369102775e+00 -3.4824499479e-01 3.1457098890e+00
1.9745787093e+00 1.7093390925e-02 1.7600200962e+00
-3.3128204302e-01 -6.6471765030e-01 3.6253363054e+00
-4.1436104796e-01 1.2860381115e-01 1.3249132503e+00
-1.5467681581e+00 -1.3518918802e+00 5.0025841052e-01
2.2186074736e+00 9.6371266964e-01 2.8901438261e-01
-2.7386713558e+00 -1.2557079045e+00 -7.9946548295e-02
6.2903053792e-01 2.4552978591e+00 1.5362617391e+00
-2.0657037606e+00 1.4864529107e+00 -1.6072314666e-01
1.1984007007e+00 1.6992886409e+00 1.5466800744e+00
9.6955945972e-01 -5.0231575388e-01 1.7739080624e+00
-1.6665401281e+00 2.9527632098e-01 -2.4039377711e+00
-6.2993680404e-01 -9.5495496128e-01 1.9429204609e+00
-1.6497100366e+00 1.0812981375e+00 -7.0690122216e-01
1.4330880555e+00 1.3530027191e+00 1.5836926829e+00
2.6313159606e+00 1.2516987061e+00 -1.9444610582e-02
1.1798205996e+00 1.5611865451e+00 1.8169748773e+00
-1.9812419572e+00 9.3806627913e-01 -1.1120729407e+00
1.8787653816e+00 2.1043010729e+00 1.3105894548e-01
-6.8450946837e-01 2.7837383797e+00 4.5191756848e-01
8.2814498914e-01 7.6996107922e-01 1.6824178007e+00
-7.5250066902e-01 -5.3713483170e-01 2.6036875664e+00
-1.2330056096e+00 -4.2111939532e-01 -1.6862786201e+00
-2.8712869925e+00 -7.3611725439e-01 -1.2815205923e-01
8.8238575280e-01 -8.2441110160e-01 -2.6998013266e-01
-9.6282286948e-01 -6.8056009348e-01 2.5042494093e+00
1.2265782132e+00 -6.5172600498e-01 2.2410928115e+00
9.9330774879e-01 2.5522914137e+00 4.2960786869e-01
1.0321016116e+00 8.4601624179e-01 2.3876029833e+00
-1.9743050568e+00 9.7431874858e-01 -2.8360605318e-01
-4.7025010698e-01 1.8494717331e+00 4.5057720989e+00
-2.3268555832e+00 1.0502224405e+00 -1.4986189778e-01
-1.0177599197e+00 1.8655559983e+00 2.1225986380e+00
-2.3339850158e+00 -1.7520297003e+00 8.3935272218e-02
-1.4702299444e+00 1.7957948884e+00 5.0494862252e-01
3.0091259726e+00 -1.6520546334e+00 5.2497119808e-02
-3.6983789761e-01 1.4974684212e+00 6.1502576798e+00
2.4362756583e-01 -8.7258968601e-01 8.0410162502e-01
1.3383074738e+00 1.5628939760e+00 1.6845465077e+00
-1.1149600452e+00 3.0989668506e-02 -1.8107609159e+00
9.8430014200e-01 2.0752770576e+00 1.9301488581e+00
-1.8052159111e+00 8.5713038001e-01 -8.3998908202e-01
2.4981209469e+00 2.2156479814e+00 -6.5919858661e-02
-1.3564729677e+00 -4.6183375731e-01 -9.0484366026e-01
1.4624817236e+00 2.2578317014e-01 3.0605005430e+00
-1.7765517657e+00 -3.0585799402e+00 -1.6707161618e-01
-1.9622281009e+00 1.7952017781e-02 -1.3073384944e+00
-2.2211960708e+00 2.0874994609e+00 -2.7358426209e-02
3.5911785783e-01 3.2436919722e-01 3.7440348440e-01
2.8433063633e+00 -9.4309043236e-01 3.0298279055e-02
2.2931692318e+00 -4.2972216746e-01 4.8583860443e-01
-8.2056401022e-01 7.8835896461e-01 -3.4454841156e-01
6.4351849242e-01 -3.4652724888e-01 9.9174641837e-01
-2.2556784276e+00 2.1933273820e+00 1.1489504862e-01
1.0556449787e-01 1.8640708817e-01 2.1772997677e-01
2.5793638384e+00 -9.4723350142e-01 1.9432669622e-01
-1.6745266848e+00 -3.0036173725e+00 6.3785094932e-02
2.1327503301e+00 -5.6220840876e-02 1.1389950743e+00
-6.0190265946e-01 1.0167613857e+00 5.1885408434e-01
9.7318994535e-01 1.7470949627e+00 2.8856634059e+00
-8.2220439134e-01 -9.7678031150e-02 4.0660314446e-01
2.8342914834e+00 -3.9812741966e-01 5.4139045200e-02
-2.6313393563e+00 5.2197988912e-01 -2.5390678357e-01
-1.9251240212e+00 -1.0311422880e+00 -1.5094008960e-01
-1.8674878096e+00 3.4758484140e-01 -2.0141205615e+00
-1.4499698299e+00 7.2638307081e-01 -1.4927679603e+00
-1.6589282027e+00 1.5607175990e+00 1.1407617986e-01
-9.7622659852e-01 4.7409183080e-01 -6.2419897531e-01
-4.9851598533e-01 1.9590882707e+00 4.8288684424e+00
2.5910920171e+00 2.2252107871e+00 3.3306520510e-02
1.2558627081e+00 1.5506213180e+00 1.7051232526e+00
2.1227847461e+00 1.5642263693e+00 1.4026963387e-01
-4.1645141403e-01 1.0442305242e-01 1.6142174120e+00
2.7632208325e-01 -2.9766915524e-01 4.0526053159e-01
1.6357454268e+00 -1.0621704423e+00 4.9901513879e-01
-3.8802299075e-01 2.5373938125e-01 6.7736205321e-01
1.9773247610e+00 1.3914789903e+00 2.5404006058e-01
1.0513878671e+00 -2.7191622098e+00 -3.7004959347e-01
-2.3253539716e+00 2.1008917221e+00 1.8609147082e-02
-2.5140368337e+00 3.0541075329e+00 -2.8362207689e-02
-1.2793028660e+00 -1.4981073677e+00 4.6785416073e-01
2.5178369925e+00 1.6927013537e+00 -2.6788798138e-02
1.6352328869e+00 2.6036562245e+00 -3.6415013776e-02
-1.1506312562e+00 1.4462415422e+00 1.4178070462e+00
-3.3112146072e-01 3.9584555074e-01 8.3715247715e-01
-1.2068401570e+00 4.8116232366e-01 -2.6874634474e+00
1.0160145731e+00 -4.3244739021e-01 1.5058619301e+00
9.0342706110e-01 3.0437001885e-01 1.5328639003e+00
-1.4649414829e+00 1.4802795919e+00 7.1254020333e-01
-1.4477159672e+00 -1.9418177860e+00 -2.8712296266e-03
1.8998284917e+00 1.3000950949e+00 8.9598125161e-01
-9.1909180976e-01 1.0496991696e+00 8.6361016260e-01
2.2421377638e+00 1.1027732291e+00 2.7043875546e-01
-1.0019481259e+00 -8.5070329293e-01 2.1904230328e+00
-5.9833373879e-01 1.0084747500e+00 1.5845556792e+00
-2.6170463614e+00 -2.6942062296e+00 8.3024443361e-02
-4.2630801057e-02 1.7843235638e+00 7.5370631877e+00
-1.0889715789e+00 7.9218967389e-01 -1.4885609603e+00
-2.6044800933e-01 5.8335546664e-01 5.7782873760e-01
1.2937744022e+00 2.5167639150e-02 3.4550721128e+00
-1.8592056603e+00 -3.0301531803e-01 -1.2343408553e+00
2.6247200011e+00 4.3014459829e-01 4.3649410303e-01
1.3448955194e+00 1.8948103005e+00 1.1901624284e+00
-8.0962475330e-01 -7.4574388147e-01 2.1404256096e+00
1.1874754126e+00 5.6666068357e-01 2.6884830423e+00
-1.8166328980e+00 4.2471819485e-01 -2.2369466000e+00
9.2464836245e-01 -4.4299761414e-01 2.5014995518e+00
4.8786313974e-01 -2.0301265697e+00 -3.1038217872e+00
4.3771075655e-01 -8.8846380610e-01 -7.4310990861e-01
1.2674432248e+00 2.8504463157e+00 4.3536871377e-03
1.7968306861e+00 1.3465955837e+00 4.6250694723e-01
-1.4190923012e+00 1.4634723575e+00 1.8906205476e-01
-9.7020168456e-01 -3.7717761847e-01 5.3065964955e-02
-1.8104709801e+00 1.0732396343e+00 -5.4939667671e-01
-1.6560751405e+00 -1.8122235494e-01 -2.0066259581e+00
-8.3792455615e-01 2.9712976344e+00 2.1826177000e-01
7.8826987188e-01 -5.4587545275e-01 8.0323179582e-01
-1.0577210360e+00 1.6437338269e+00 2.0801764751e+00
-2.4882180925e+00 -1.0378452955e+00 -1.5826223044e-01
-6.2807582799e-01 4.1707960871e-01 2.5877729278e-01
7.6158099018e-01 -6.4330270604e-01 7.2990007447e-01
5.0747624214e-01 8.3769011229e-02 7.1959712907e-01
-2.1074215511e+00 -3.5871304797e-01 -6.9230224603e-01
2.3391021212e+00 9.3066964454e-01 2.8576127164e-01
-7.5999496369e-01 1.5088351185e+00 4.0640514383e+00
-1.1453821035e+00 3.3121376599e-01 -3.0502339788e+00
-5.4255837283e-01 -1.6595379609e+00 -1.9002700978e+00
2.1208751321e-02 -1.0923461870e+00 -5.2971664400e-01
2.3159795177e+00 2.4375751110e+00 1.1659879325e-01
-8.0758213527e-01 -4.4106661972e-01 2.3673270733e+00
9.9540870499e-01 1.2133384398e+00 3.3948794336e+00
1.7591074395e+00 1.1268755174e+00 7.8438620906e-01
-1.9291798492e+00 2.0588806356e+00 7.1924930155e-02
-1.0260161939e+00 -1.3152558109e+00 1.1045270994e+00
2.0734175975e+00 2.1861760288e+00 -2.9205655260e-02
1.9158865929e+00 -3.4083172455e-02 1.4519796656e+00
-1.1446135317e+00 5.7260193806e-02 -2.4485961140e+00
6.1759085589e-01 1.1202964522e-01 8.1139600611e-01
-1.1873333519e+00 2.4279814561e+00 2.0636408120e-01
-7.2789225008e-01 -7.5880973186e-01 3.6294774343e+00
1.6347080909e+00 1.1156187293e+00 8.8921291888e-01
-1.5056951605e+00 1.0025343016e+00 -1.2799476154e+00
1.7807313989e+00 6.7807391581e-01 1.5964884006e+00
1.7843800356e+00 1.7862171442e+00 5.8352964548e-01
-6.3653827638e-01 -5.0907371690e-01 3.0950567148e+00
-1.1935409589e+00 2.4420272312e+00 4.6784247220e-01
-9.6180884413e-01 -2.2248852477e-02 -6.7724470303e-01
1.1078998588e+00 2.4092748884e+00 4.9118970366e-01
-8.9575779678e-01 2.4543918260e+00 1.0585154411e+00
2.1713781444e+00 1.0169023337e+00 5.8904564493e-01
-3.1913831267e+00 -1.7924213845e+00 2.6272759026e-02
1.9915365998e+00 -2.5421504749e-01 1.7920848587e+00
-1.5737715853e+00 -3.0160002478e+00 -1.7237400517e-02
-2.5273639126e-01 2.4695111806e+00 1.9661621150e+00
-2.4340315361e+00 5.5082102915e-01 -1.7913021122e-01
2.0565368639e+00 2.7752021895e+00 -1.4641110585e-02
6.9488078217e-01 -5.7582403714e-01 8.6460879403e-01
1.7432495601e+00 1.6298359180e+00 4.4608138216e-01
-2.7299563648e+00 1.2713484328e+00 -2.2480588610e-02
1.9057379660e+00 -6.0764512843e-01 1.1180263470e+00
-4.7458961096e-01 -1.3775746979e-01 2.5676476697e+00
-2.2912412476e+00 2.9287283609e+00 -5.7165082922e-02
-1.6416123968e+00 2.9162034431e+00 -1.3949570024e-01
3.7314265821e-01 2.8954554366e+00 3.0626224353e-01
2.7794809959e-02 1.3902401263e+00 6.8916499039e+00
-1.4315873858e+00 -1.2599838432e+00 8.0344427379e-01
-2.2767919763e+00 2.8982993592e+00 1.1195976783e-01
1.5157721945e+00 1.7856999826e+00 9.3791538233e-01
1.4890394859e+00 -1.1938319487e+00 3.3667668754e-01
1.3985969036e+00 -4.3663868971e-01 2.8235947661e+00
2.7897137808e+00 -3.9673520155e-01 2.1130729564e-02
1.9150301838e+00 2.2271357810e+00 -1.6537811861e-03
1.7691340736e+00 2.0651827843e+00 4.1600964445e-01
-1.1368795327e+00 -9.1031380603e-01 1.5959064576e+00
1.1829176843e+00 -4.6700839343e-02 3.3418924500e+00
-7.8574607163e-01 -7.1546378300e-01 3.3031495827e+00
-1.1941718650e+00 -9.2140601517e-02 -2.4141752519e+00
-1.3083009999e+00 4.7687101236e-01 -2.5137406163e+00
2.8328185638e-01 1.9289826196e+00 5.8326218811e+00
2.9836502793e+00 -1.6868598483e+00 2.6381867092e-02
-1.5259597695e+00 2.5119570554e+00 2.2810714510e-01
2.5909342836e+00 1.5190789256e-01 3.3122368568e-01
-6.3038401881e-01 -1.4472415668e+00 -1.5572498635e-01
1.9032082598e-01 -3.6876900693e-01 3.0617571735e-01
1.2616445290e+00 1.4213046784e+00 1.8304444971e+00
2.6067792132e+00 -4.8048853093e-01 4.3775396935e-01
6.5053328585e-01 6.1209405113e-01 9.7583780907e-01
1.8808596082e+00 5.1748881569e-01 1.5572873644e+00
-1.1155083175e+00 1.5217327502e+00 2.1052202012e+00
-5.3999871864e-01 -1.6591615678e+00 -2.3843557946e+00
9.5492687306e-01 8.5165055244e-01 2.1720915949e+00
-1.0026403968e+00 -8.5426223156e-01 1.5762080062e+00
2.5959072284e+00 -2.1032250540e-02 1.1936624637e-01
-2.8080414463e-01 2.9989309763e+00 3.6524697203e-01
2.4800140603e+00 -3.4745616967e-01 3.4003621713e-01
2.9532253037e+00 1.4247534908e+00 -8.6426928897e-02
2.2049950010e+00 1.2755659565e+00 1.6365153673e-01
-8.4729738264e-01 -3.2441865284e-01 -5.1596987817e-01
-3.3877885374e-01 4.2446243931e-01 7.0340825536e-01
-3.5276866575e-01 -1.8305123614e+00 -4.1126180940e+00
-4.1258355354e-01 -6.6458068251e-01 3.6281847076e+00
3.1018179309e-01 -1.6200375724e-01 2.7813002486e-01
-1.7945914582e+00 2.8945547622e+00 8.0057909518e-02
3.4229726260e-01 1.2135467666e+00 5.4009027518e+00
-1.2982424086e-01 2.0601946073e+00 4.5306290287e+00
2.5314639579e+00 2.4523356387e+00 -5.7329932943e-02
-1.1515787013e+00 -1.8823400290e-01 5.4617319080e-04
-1.3350434884e+00 -2.2443362530e+00 6.6520467461e-02
-6.1195324347e-01 1.4927978478e+00 4.3162137629e+00
1.2257433671e+00 5.7114433272e-01 2.6626385774e+00
4.7591077205e-01 -2.9586419247e+00 -2.1204912494e-01
-3.7927476241e-01 1.9539852462e+00 5.2168801147e+00
-1.4319142795e+00 1.3226728420e+00 1.7510029906e-01
2.2379545656e-02 -8.7071830558e-01 1.1890661428e-01
2.7480451996e-02 -1.6802021314e-01 1.6071227771e+00
-1.4721012623e-01 -5.2032791380e-02 1.8025086858e+00
-4.8082375276e-01 -2.3633069639e-01 2.3003381470e+00
-2.7791216891e+00 2.4346875777e+00 6.0025912887e-02
6.5010645194e-01 3.0255737778e-02 1.4583958178e+00
1.4896670280e+00 2.6378720189e-01 3.3826134959e+00
-1.2684454330e+00 2.8430712909e+00 2.7259182849e-01
2.0281269580e+00 1.3209625802e+00 4.5616124908e-01
-1.0444276364e+00 5.4098208171e-02 -8.4565601847e-01
-1.7380887001e+00 6.5084260387e-01 -1.6054748914e+00
-1.5258726799e+00 -1.5076626502e+00 3.2665412962e-01
-8.6700387273e-01 6.4089667590e-01 -2.0006124142e+00
1.3985015442e+00 -6.6101912052e-01 2.6386059749e+00
-1.7964514188e+00 5.4414758357e-01 -1.2453893510e+00
1.3046836039e+00 1.0721545667e-03 3.5987837909e+00
-2.9293851346e+00 -2.8491371084e+00 -1.6056153197e-01
1.9821523175e+00 9.8439881939e-01 6.6993275561e-01
2.1356688622e-01 -7.8191171363e-02 1.5487849271e-01
-3.0866481187e+00 -1.0464205647e+00 -6.3567420841e-02
2.7301181582e+00 2.3681884457e-01 3.3414256718e-02
-1.4650935368e+00 1.4131536276e+00 5.1494171374e-01
2.9678000330e+00 5.3546787990e-01 -3.7913107717e-02
-7.3391489359e-01 1.0223787560e+00 8.3042413645e-02
-2.7653460981e+00 1.0439772121e+00 -9.3040054706e-03
8.5922571038e-01 1.8435197853e+00 3.4212510715e+00
-1.8308355800e+00 2.4934176670e+00 -5.7857472153e-02
2.7550177637e-01 -6.0757012743e-01 4.6375358691e-01
-1.0529289632e+00 2.8299117387e+00 1.8018228053e-01
2.9835731146e+00 -5.7727630258e-01 1.8633220659e-01
-1.3724714504e+00 -2.9989073637e+00 -2.1565236606e-01
-1.5209752222e+00 1.3946696504e+00 3.8625940722e-01
6.2675826309e-01 -8.0752492563e-01 -2.6864589730e-01
-1.3702450601e+00 7.0122464537e-01 -1.8620617634e+00
2.0844651168e+00 1.5199689418e+00 3.0592752009e-01
2.7197405688e+00 1.2356631147e+00 -5.8921391104e-02
-2.2695758376e+00 1.7662928771e+00 -6.0938446597e-03
1.5682335751e+00 2.0912308936e+00 7.8459655372e-01
-2.0727288441e+00 2.7909839047e+00 1.1472992320e-02
1.9511147205e+00 5.1919437378e-02 1.6182383807e+00
-1.2424968317e+00 5.7969374608e-01 -2.8138043542e+00
-8.1926071551e-01 2.8580398466e-01 -5.0392341828e-01
4.5067786606e-01 1.8989922913e+00 5.8996480807e+00
-2.1542893426e+00 1.4878074574e+00 -1.1787428423e-01
1.6423039555e+00 -2.0416272437e-01 2.8441131136e+00
1.2548348106e+00 -6.6592177144e-01 2.1678135903e+00
4.2993002414e-01 1.9434153151e-01 3.3801914583e-01
-1.5270932288e+00 3.7966503175e-01 -3.0756634142e+00
9.3284790669e-01 4.8174935613e-01 2.0240252706e+00
-1.7588996445e+00 9.3115518970e-01 -1.4016220187e+00
2.9148950929e+00 -2.2262328085e+00 -3.4898415853e-02
-3.3636927873e-01 -7.7592708881e-01 2.8026255048e+00
1.4734607257e+00 3.8701254675e-01 3.0776273603e+00
2.3530697218e+00 6.9955098181e-01 5.8414923823e-01
-5.5080945621e-01 -3.4256019656e-01 2.7143963541e+00
1.4352955049e+00 1.4093483683e+00 1.4289741801e+00
1.7979733537e+00 3.0183622813e+00 9.3110397953e-02
1.9830740846e+00 -2.4386452611e+00 6.2279409738e-02
-2.4248948014e+00 2.6976640881e-01 -2.3790616204e-01
1.4049792327e+00 -5.9156469863e-01 2.5655240385e+00
-2.8916548343e-01 1.7709067498e+00 7.3055965014e+00
-6.2783206810e-01 -7.7186465854e-01 3.6559874126e+00
1.4802768653e+00 1.0523537117e+00 1.3189689399e+00
-1.8051092798e+00 -2.5107594828e+00 -4.6753278718e-02
1.0935505862e+00 -2.3178408007e+00 -1.3757819369e+00
2.2878640573e+00 1.2656392715e+00 4.9635195379e-02
1.4070066950e+00 1.0634161441e+00 1.5211849393e+00
-2.9487501092e+00 -4.0297121524e-01 -4.0179224136e-03
1.8232119421e+00 1.7387321644e+00 3.0572362680e-01
1.4641512522e+00 1.3437919036e+00 1.5380419234e+00
-1.0678404636e-01 2.7769880093e-01 9.3197166176e-01
-1.7332856846e+00 3.0179949238e-01 -2.2285131949e+00
1.2562575711e+00 2.3965836339e+00 3.6239872744e-01
-1.8401923926e+00 6.4055788753e-02 -2.0223037548e+00
1.2070069538e+00 2.6551783243e+00 3.7361242754e-01
-7.8020794494e-01 4.8547208901e-01 -3.9963188183e-01
-6.7432719794e-01 3.6146620618e-01 -6.1784481168e-01
1.7341850675e+00 2.5844502613e+00 8.5855952786e-02
-3.1022761354e+00 -7.3074872343e-02 4.4701699120e-02
-1.9913358769e-01 3.8832908403e-01 6.1856942882e-01
-2.5624317374e+00 1.0392231523e+00 3.0449409237e-02
1.5251326307e+00 2.0398332314e+00 6.4162702253e-01
1.3353504628e+00 7.9424186954e-01 2.2197607179e+00
1.2529611090e+00 3.9515698373e-01 3.2484483481e+00
2.8667605490e+00 3.0165557068e+00 3.7373539367e-02
7.3555639826e-01 -1.5893291131e+00 -4.3805040264e+00
-1.2490904381e+00 -1.4015914414e+00 8.2588841364e-01
6.7729740832e-01 -1.0456383406e+00 -1.5685372464e+00
-1.1390653594e+00 1.1834526374e+00 3.2736486463e-01
1.5616733531e+00 1.4571490814e+00 1.1560673874e+00
1.3644625123e+00 3.9729969351e-01 3.0213056796e+00
-8.0703403651e-01 -1.7347952415e-01 1.5156274568e+00
2.0245447428e+00 -6.0037485733e-01 1.1428042293e+00
-1.1649984440e+00 2.1019148660e+00 1.3760290153e+00
6.4266009621e-01 -2.6953953008e-01 1.0127091593e+00
-2.1994831536e+00 1.0187752729e+00 -4.2579312345e-01
-1.8275666262e+00 -7.3340145993e-01 -4.0013151263e-01
7.8049079922e-01 -1.0425405015e+00 -1.1539017096e+00
1.9164820307e+00 2.4144106431e+00 1.0233237460e-01
-4.1482518073e-01 -1.0582652667e-01 1.6607770720e+00
4.2941122875e-01 -7.5801559759e-01 -1.2850508592e-02
2.5882701318e+00 1.3746094585e+00 -1.9838932454e-02
-8.7461031054e-02 3.0236127346e+00 2.5199606500e-01
-1.7397944324e+00 1.2777725646e+00 -3.9317114045e-02
-8.8315285581e-01 -8.2962933968e-01 2.6690758954e+00
1.5002421411e-02 -5.4144614946e-01 1.9682831891e+00
-3.0006646487e+00 -2.0634407317e+00 1.7873147586e-02
-3.1103938346e+00 -4.2689382279e-01 -4.0475343985e-02
-5.9259284884e-01 -1.0438533000e+00 1.6897726726e+00
-2.8071623916e+00 6.1977671783e-01 -1.2202112925e-01
1.5361140806e+00 -5.4237487904e-01 1.9874715344e+00
2.8424383935e+00 6.3061140444e-02 -1.9138309143e-01
-6.7064807026e-01 1.3718837321e-01 -1.4663665717e+00
-7.1977859323e-01 -7.6761071486e-01 3.2920133279e+00
1.7808612336e+00 1.1211095853e+00 6.2176998663e-01
-1.2322565296e+00 4.8455121650e-01 -2.4862215137e+00
1.8968394932e+00 1.8101097418e+00 2.4387017057e-01
1.2564792350e-02 -1.2179422183e+00 -3.6952766139e+00
2.1753478781e+00 2.8670176950e+00 1.1227725871e-01
1.5709355774e+00 -1.8386876859e-01 2.8308390237e+00
-2.6466200277e+00 -4.3360027139e-01 -1.3445160640e-01
-2.5280515874e+00 -4.0605858180e-01 -1.1179663529e-01
7.2891417612e-01 -1.3813700493e+00 -2.6970029167e+00
1.8444622472e+00 -6.6614471617e-02 2.1242947472e+00
1.1947966223e+00 1.6469670433e+00 2.0747538749e+00
7.4719857588e-01 1.5840635135e+00 4.6458175925e+00
6.7791423610e-01 -6.2542356538e-01 6.7224536918e-01
-1.4552061689e+00 -9.0955706413e-01 6.3346847330e-01
4.3149180939e-01 -2.2494901164e-01 3.3626846509e-01
-1.2500231075e+00 8.9358607702e-01 -1.0287836107e+00
2.4821576000e-01 -9.8678391121e-01 -1.5431859333e+00
7.1260156722e-01 1.4631647986e+00 4.3296002344e+00
-1.5780224170e+00 2.1672765999e+00 2.7869427800e-01
2.2125835080e+00 7.8306424505e-01 3.8147803067e-01
7.3432883619e-01 -1.3083738827e+00 -2.1529612593e+00
1.6902381040e+00 5.1391942724e-01 2.3570306660e+00
-1.7871994316e-01 -4.1383867570e-01 3.1015054574e+00
-1.0800892665e+00 -7.4484076840e-01 1.5271958696e+00
-1.0541761062e+00 -4.5286464919e-02 -1.1699604037e+00
2.8104937591e+00 9.1438151900e-01 5.2599417356e-02
-2.6915391161e+00 2.8884326107e+00 6.1519300131e-02
1.7050291477e+00 1.6388965285e+00 9.0144060611e-01
1.8222412906e+00 -1.2627852545e-01 2.5139656681e+00
-1.7294769021e+00 2.8818589996e-02 -2.3299393659e+00
1.5158977335e+00 -3.1523571392e-01 2.8700570461e+00
-7.7222432103e-01 3.4433144196e-01 -9.7370570656e-01
2.5478279657e+00 -1.0571664566e+00 8.1332101578e-02
2.6351008505e+00 -1.4422942362e+00 -1.5364002323e-01
-9.7631240532e-01 6.1481881791e-01 -1.7715175863e+00
3.2478325961e+00 2.6257422143e+00 1.4156935647e-01
-1.2907719384e+00 -7.2243191215e-01 2.2373868118e-01
-2.0954369500e+00 1.3884058380e+00 -1.2047347622e-01
-1.7588363968e+00 -1.6890204760e+00 4.0212274657e-01
-8.0575330500e-01 -2.1839336077e+00 -8.1991859813e-01
-2.8706581106e+00 1.7646766671e+00 -8.1591381201e-02
-7.6382051082e-01 -6.8677320784e-01 2.8842581815e+00
-7.6369807064e-02 -1.4696442812e+00 -4.2762549410e+00
-1.2355925562e+00 -2.7661998069e-01 -1.8508377215e+00
8.6417167879e-01 -1.5342310876e+00 -4.4064797667e+00
-1.8584958548e+00 2.9791654516e-01 -1.8524224457e+00
-2.4205616064e+00 1.0869468935e+00 7.3893680858e-02
-1.4409661908e+00 2.8373609643e+00 -2.1743571250e-03
2.0566917295e+00 1.5465117520e+00 1.1768759587e-01
-2.1721807904e+00 2.2828217093e+00 2.2159617443e-02
1.3591943202e+00 1.7564677577e+00 1.3530825996e+00
-2.8261090586e-01 -8.4504988328e-01 3.4770971090e+00
-9.3677538263e-01 2.6425749713e+00 5.1178382575e-01
-1.1016846727e-01 2.9444641766e-01 9.9252587320e-01
9.2540183980e-02 -3.5860629558e-01 2.1184786559e+00
-2.1265170805e+00 -2.6369220725e+00 -3.0976694938e-02
9.9424961115e-01 3.9177450534e-01 2.9908865361e+00
2.1261232316e+00 -4.4684998540e-01 7.8149439486e-01
-1.2041210395e+00 -5.0355700184e-02 -2.7202369077e+00
8.5060213972e-02 -3.6130325446e-03 6.4805328741e-01
-1.3221729440e+00 2.3054703567e+00 4.0037116829e-01
1.2669988384e+00 3.0686849115e+00 8.7806486357e-02
-5.1391846740e-01 1.0986482440e+00 3.6290049169e+00
-3.0334574480e+00 -2.2662893708e-01 1.1399116931e-01
9.5259049965e-01 1.0724647812e+00 2.2386719021e+00
1.8161744245e-01 -1.1578443059e+00 -1.4317982349e+00
2.8587220577e+00 9.6331071361e-01 2.3511201306e-02
4.5714704204e-01 -8.8411750145e-01 -1.9071885689e+00
7.3183247648e-01 5.7852848007e-01 9.6768205848e-01
-1.7073970403e+00 -9.6685104144e-01 -1.0800727325e-01
5.3604350062e-01 -1.6338852308e-01 8.4228601236e-01
-1.0237501091e+00 -8.7781749521e-01 1.8952413681e+00
2.0844781655e+00 8.6217157243e-01 4.1723430722e-01
-2.0355922698e+00 -2.6013039562e-01 -8.1811206595e-01
-1.9821166284e+00 -1.1356046742e+00 -1.4391819908e-01
1.1566635573e+00 7.3175406762e-01 2.3008750817e+00
-1.7016742559e+00 1.7289309543e+00 5.4405932351e-01
-9.1014912246e-01 1.7257480816e-01 -1.5733777144e+00
6.3360621643e-01 3.0619240671e+00 1.3386819573e-01
-6.5031236553e-01 -1.2952542237e+00 1.9761221245e+00
2.3523185568e+00 -9.4052571054e-01 3.3211639944e-01
1.0102694436e+00 -7.1073051582e-02 3.2164342322e+00
-2.5623825980e+00 9.0744379242e-01 -1.7852420310e-01
-1.7361185641e+00 2.5974932306e-01 -2.0784748354e+00
3.1886759607e-01 -7.5144686253e-01 2.5037987775e-01
3.7019297146e-01 3.5938242927e-01 -1.1145000124e-02
-6.2637696275e-01 8.5715432752e-01 1.2855808063e+00
1.6585514713e+00 -2.9717190397e+00 -2.9713331825e-02
-2.1235625884e+00 1.1281059335e+00 -2.9160839583e-01
9.2403310977e-01 4.6293343953e-02 2.8779680018e+00
2.2330760141e+00 5.5364872956e-01 8.1560543941e-01
2.5830014227e+00 2.9238484414e+00 -1.8302242692e-01
-1.8611497343e+00 1.8341689881e+00 5.1158974122e-02
-1.3826552579e+00 1.2820631478e+00 1.1578842651e-01
-2.4965551565e+00 -6.7880114957e-01 -1.8536368632e-01
-1.7772768421e+00 -4.6011213974e-01 -1.3024474139e+00
-3.2533317825e-01 1.3053929472e+00 5.9517160809e+00
9.2331270594e-01 1.3603576382e+00 3.4451672627e+00
1.9927807035e+00 2.9964798236e+00 -3.1307551789e-02
1.1696144667e+00 1.5027094728e+00 2.6496412354e+00
1.1465468679e+00 2.7801331301e+00 4.6605169301e-01
-1.8119795429e+00 2.3235578867e+00 1.4455766747e-01
-2.2207222309e-01 1.1659794061e+00 4.5996835637e+00
-1.0440590943e+00 -2.0782300853e-01 -1.0660561000e+00
-6.6193766066e-01 1.8877185428e+00 4.2067073016e+00
-1.6639314111e+00 -1.2804535237e+00 2.7157249395e-01
1.1823426557e+00 1.9938226446e-01 3.5188486046e+00
-2.4237636127e+00 6.1171755652e-02 -3.4558321813e-01
-1.2232401446e+00 1.1003648701e+00 3.2041237496e-01
8.0133399826e-01 4.9317297201e-01 2.1613996969e+00
8.5400525342e-01 2.3410680011e+00 1.9260519084e+00
7.2299941700e-01 -6.4660174088e-01 1.0165550171e-01
-9.5480546108e-01 1.0609235398e+00 1.1878919536e+00
-6.0520072287e-01 -1.4445113066e-01 6.0446253219e-01
-7.0493528805e-01 1.4677519368e+00 3.4272617059e+00
-8.0614703877e-01 2.8169249391e+00 4.2118775261e-01
1.9607742982e+00 1.8047105452e+00 2.7162174336e-01
-2.8643370649e-01 1.0384054210e+00 2.3732301132e+00
2.5732680656e-02 2.7180057412e+00 1.0495541926e+00
1.8605536497e+00 1.6616058083e+00 2.4293831283e-01
-1.9297994631e+00 2.2881221034e+00 9.4770386525e-02
-1.1629890724e+00 -3.8663869549e-01 6.2095125671e-02
1.1283697955e+00 7.8584048314e-01 2.4262481341e+00
1.8508703835e+00 1.8196955899e+00 4.4198794020e-01
-1.8595584622e+00 7.3098397118e-01 -1.1837291998e+00
4.6496419639e-01 1.1434520799e+00 4.3681984906e+00
-2.4391252377e+00 1.4224342787e-01 -4.1742626381e-01
1.5470817630e+00 1.3693120504e+00 1.0026629239e+00
-1.5283780397e+00 -1.8659193067e+00 3.6869628530e-01
1.3014574971e+00 5.2202432719e-02 3.5163911005e+00
1.8085813546e+00 2.7191484647e+00 -4.9838244912e-02
1.3120784684e+00 1.2209235997e+00 1.7478548015e+00
-5.6364388258e-01 1.5608728246e+00 6.1746351348e+00
2.2293009655e+00 -2.6282870381e+00 9.2737120803e-03
-2.2744960750e+00 8.5241387362e-01 -3.3575731230e-01
1.5325831709e+00 1.0078210359e+00 1.4403385619e+00
-1.1876442575e+00 8.0939486712e-01 -1.5572469084e+00
-1.2286779918e+00 -4.6762717862e-01 5.2310411938e-01
8.1011298833e-01 -1.0581997401e+00 -1.1311083121e+00
-1.4777435477e+00 -3.0959143990e+00 -5.0305925957e-02
-6.6063507361e-01 5.2320568682e-01 4.7679455397e-01
4.8564457008e-01 -1.5448637520e+00 -5.8390371034e+00
3.3959495685e-02 -1.2175641992e+00 -3.6072285611e+00
8.3618186200e-01 8.6953302759e-01 1.3607093652e+00
-4.9703070710e-01 -4.1733537188e-01 2.5516182631e+00
6.1735663981e-01 4.1650888671e-02 5.7244353962e-01
1.0568251270e+00 -8.1991820785e-01 1.6386040259e-01
-5.8621897153e-01 4.6892230488e-01 4.4522287034e-01
1.4648758250e+00 -2.1966018391e+00 -6.1078692225e-02
-6.4359224530e-01 -1.0054636514e+00 2.6061760045e+00
1.0973892495e+00 1.1518101682e+00 2.5218428536e+00
2.1643166273e+00 1.7731788602e+00 2.1608568798e-01
-1.3775961726e+00 6.4077625365e-01 -2.0810975435e+00
-9.9383857670e-01 -1.2479547867e+00 8.0978051015e-01
1.7527935286e+00 1.2150824345e+00 6.0003928878e-01
-1.1112587158e+00 -2.4591227198e-01 8.8742106234e-02
1.3608134641e+00 2.0021504630e+00 8.7083360092e-01
1.3375986531e+00 -3.2565354234e-02 3.3245954575e+00
-1.4962814853e+00 -9.2011243572e-01 5.2889295044e-01
-1.5435543708e-01 -2.6484473307e-01 1.0430445531e+00
9.2188378535e-02 -3.2950127444e-01 1.5263156697e+00
5.7531167264e-01 -7.6243339556e-01 -3.2716002033e-01
9.7549783380e-01 -1.4422659469e+00 -2.0279702960e+00
8.1906708298e-01 1.7982585056e+00 3.0767678571e+00
-5.8815869487e-01 -1.1402014557e+00 1.1135105750e+00
1.2727737419e+00 8.2984242200e-01 2.0618219899e+00
-1.5743595219e+00 2.1349217880e-01 -2.6492723250e+00
-7.1725108785e-01 -5.5342110760e-01 2.3863283493e+00
-3.7759764129e-02 -7.8746101446e-01 9.6514191021e-01
2.1804555655e+00 9.9077997632e-01 2.8959004896e-01
-1.4844375051e+00 1.2282052644e+00 6.3980458082e-01
1.9090847246e+00 1.5393493582e+00 2.7104168843e-01
-2.7420421841e+00 5.4056234836e-01 -1.4924586653e-01
4.6217038910e-01 1.2194901004e+00 3.2007470710e+00
7.6806402496e-01 -2.1773114240e-01 2.4038073461e+00
8.9417766434e-01 1.9977886590e+00 1.6039782779e+00
9.0893423561e-01 -2.1686640823e-01 1.6009882790e+00
-2.5120501432e+00 -3.1852698854e-01 -1.6553468082e-01
3.1546337780e-01 7.9832071723e-01 2.9916185471e+00
-5.2737248007e-01 -2.8629064908e+00 -1.6786692703e-01
-1.9377627006e+00 5.8793487126e-01 -1.2923285522e+00
9.0055858490e-01 7.0523277326e-01 2.1592719348e+00
-1.5750205437e+00 2.1697726256e+00 2.6436303248e-01
2.0701647243e+00 4.1838880565e-01 6.8431271240e-01
-1.8646948300e+00 -8.6930828807e-01 -3.9470271455e-01
1.1853354775e+00 5.8591445934e-01 2.5680987140e+00
2.4543228417e+00 2.3865149698e+00 1.0058430007e-01
8.3319336079e-01 -4.1635438203e-01 1.2900842318e+00
1.0324311191e+00 1.6479589206e+00 2.7125097364e+00
-2.7727542797e+00 -3.0460307101e+00 3.5580922597e-02
-2.9838707770e-01 6.1274838700e-01 8.2198046437e-01
-3.3547459680e-01 2.0969387303e+00 4.4769567302e+00
-2.3178959348e+00 1.4558433817e+00 -1.5190485163e-01
1.8952068330e+00 -7.7002708551e-01 5.4569425330e-01
2.0373510017e+00 -8.0740963973e-01 8.2227772348e-01
-9.3807930643e-01 3.0030274307e-01 -1.4922601651e+00
-4.0163738315e-01 -2.9338566001e-01 3.3514061251e+00
-9.3431003100e-01 -1.2478265196e+00 1.7348052233e+00
-1.6558452464e+00 3.4911456108e-01 -2.4685579150e+00
-2.1497115243e+00 2.3075825120e+00 5.6542430762e-02
-1.9615235794e+00 3.8851932752e-01 -1.7038920304e+00
-1.2414861624e+00 2.8633862352e+00 1.4644443176e-01
1.2521008164e+00 -3.4805575252e-01 2.7832279096e+00
2.4924942423e-01 -5.6176011571e-01 7.9466892620e-01
-7.6802458491e-01 1.1081844453e+00 2.1875084362e+00
-1.0862578475e+00 2.1076965155e+00 1.7107949363e+00
-3.0312295104e+00 2.1977190701e+00 -2.6711173210e-02
-1.4358247903e+00 2.1122645769e+00 8.6381394180e-01
1.4851110627e+00 1.8074445328e+00 9.5230172087e-01
1.6349269254e+00 1.6511732804e-01 2.7906317691e+00
-3.0334715668e+00 -7.2890753257e-01 -1.0103027042e-02
-1.9475459312e-01 -5.4394094097e-01 3.4968603862e+00
6.6985932719e-01 -1.3950697566e-01 6.6101547560e-01
-1.6454968488e-01 -1.0594001255e+00 1.1930937653e+00
-1.5275474812e+00 3.0172761010e+00 3.3913982824e-02
-2.3273335046e+00 -2.7251639620e-01 -5.7026225843e-01
1.5115818332e+00 3.0736942410e+00 -1.6037567426e-01
7.3619471894e-01 2.6955788835e+00 5.4362889365e-01
4.1071641410e-01 -1.2199556497e+00 -3.8011724920e+00
6.9826176402e-01 8.9666166347e-02 5.2914293486e-01
2.3553611995e+00 2.8291705946e-01 6.3436411925e-01
1.7030657694e+00 1.8125331049e+00 4.0153466288e-01
-1.0542126078e+00 -9.8843972937e-01 2.2791530853e+00
-7.4472839643e-01 5.6387844595e-01 -1.3189695708e+00
2.9382589536e-01 1.6142774036e-01 -8.1751682035e-02
2.0672630923e+00 1.3791609344e-01 1.0382146433e+00
-4.7540980224e-01 -3.5769842597e-01 2.4610917949e+00
1.9785212639e+00 1.2812028495e+00 5.9409327224e-01
1.4041903959e+00 8.9148855578e-01 1.9706542903e+00
1.5001922850e+00 1.3356711860e+00 1.2224364356e+00
-1.9907691912e+00 -3.9072115677e-01 -1.0214591600e+00
-1.6516526252e+00 4.3116772875e-01 -2.2195768490e+00
-1.4038602245e+00 -4.2448108651e-01 -1.6308760073e+00
1.8625316268e+00 2.4628927648e+00 -8.9355816159e-03
-1.5735651856e+00 2.3864174668e+00 6.7860976747e-02
5.3348544873e-01 -2.9362516130e+00 -2.2372271939e-01
1.3899440425e+00 8.1018363733e-01 2.1145027980e+00
-5.9735613521e-01 1.4153914325e-01 1.1447617947e+00
-1.7912713181e+00 1.1798694547e+00 3.0796458456e-02
-5.5112836190e-01 8.6012680092e-01 1.1314000354e+00
-1.6941143285e+00 2.1312766571e-02 -2.8865225825e+00
-1.0148593201e+00 1.2393971259e+00 1.6698375070e+00
1.8691671379e+00 2.3383032032e+00 1.6057955844e-01
2.9967223496e+00 1.9655606200e+00 1.4994357329e-02
1.2610286884e+00 -7.2602751612e-01 1.7606861253e+00
-1.1577436484e+00 -2.1354725844e-01 -1.6003076734e+00
7.0142323365e-01 -5.1713982843e-01 8.8269623041e-01
-1.4830505398e+00 7.9576121021e-01 -1.5650620172e+00
9.0527620275e-01 1.8823253981e+00 2.7669655295e+00
-2.0070292461e+00 2.5868102367e+00 -2.8570376994e-02
5.0200698188e-01 1.1358546611e+00 3.3655147094e+00
1.2710330321e+00 -3.0122661900e-01 3.1942799738e+00
-8.7840673519e-01 1.8038474730e+00 3.1787822504e+00
-8.4499387756e-03 4.5025524604e-01 4.5211734801e-01
-1.1983111054e+00 1.2430055779e+00 1.0885150487e+00
-1.4960293415e+00 1.9201058235e+00 4.4111165788e-01
5.8866675800e-01 9.0039878203e-02 8.4360897692e-01
1.4225405384e+00 1.1153124244e+00 1.6303019903e+00
1.9457971972e+00 2.0477093533e+00 2.6225615609e-01
-6.5864157315e-01 -1.4524284394e-01 8.6054789661e-01
-1.8902535081e-01 -1.6970224354e+00 -4.8894175715e+00
-2.4576339195e+00 -1.1866179266e+00 -1.4806526873e-01
1.2569578567e+00 1.7530536517e+00 1.3788002845e+00
1.6232137788e+00 7.7280240961e-01 1.1363898650e+00
-1.0990495161e+00 1.9621903563e+00 1.4882591000e+00
2.3426887930e+00 -7.1833868387e-01 3.3419095009e-01
-2.2696681674e+00 1.5351510113e+00 5.7369216476e-02
2.4809463191e+00 6.9713017106e-01 7.7477756211e-02
1.3452882454e+00 -1.1349730372e+00 3.6371846662e-01
4.1407172404e-01 -3.8359299079e-01 2.6163506115e-01
1.3465237126e+00 2.9473479513e+00 8.2333975812e-02
2.1011066263e+00 1.0239082912e+00 3.8864122960e-01
3.4285241328e-02 1.3321835309e+00 5.3797140935e+00
2.9990974898e+00 -2.8284920202e+00 -8.7045041218e-02
-3.6896720026e-01 -1.6131887875e+00 -4.2257270533e+00
1.6732756759e+00 2.9612009511e+00 7.8377811939e-05
5.5712066690e-01 -2.1518818843e-02 4.7942813156e-01
7.4869705681e-01 -5.1873791021e-01 1.4371192572e+00
-1.2553191922e-02 2.0970885828e+00 4.1950095272e+00
-8.7937255062e-01 -8.8826647752e-01 2.2616681594e+00
2.8780302017e-01 2.3042986427e+00 2.8375864484e+00
2.1739193248e+00 1.2902016638e+00 1.3966245385e-01
-2.5584362659e+00 -4.7525726737e-01 -1.9041369909e-01
-4.7895975064e-01 -1.4317685780e+00 -1.1558656199e+00
1.2571332495e+00 9.3672490871e-01 2.1515929728e+00
4.5418233898e-01 2.3042666701e+00 2.3435828017e+00
-1.2113117737e+00 2.9883490669e+00 1.9326292973e-01
1.6150804476e+00 -9.9319732969e-01 1.1850181765e+00
-6.3117445877e-01 3.5117001003e-01 7.4783686532e-02
-1.7513193697e+00 -2.0257283284e-01 -1.8491041826e+00
-1.2909722497e+00 -7.6106189769e-01 6.7599931696e-01
2.2573395747e-01 1.0836640504e+00 2.5390887356e+00
-1.8394508649e+00 1.9576758085e+00 3.9642248797e-01
1.2614116729e+00 8.9398847719e-01 2.1981207993e+00
2.3884093415e+00 1.6275136770e+00 -1.0576337590e-01
-3.6801553356e-01 -1.1296867038e+00 1.7978651697e+00
3.0256241968e+00 -1.6722577260e+00 -5.5808224184e-02
-1.6009542481e+00 1.7348850334e+00 3.1026140711e-01
5.1227576668e-01 -1.1736188648e-01 1.1664822994e+00
2.2819892498e+00 2.7814132432e+00 8.0905959920e-02
-4.0661714402e-01 -7.1707513136e-02 2.3830959710e+00
1.2103289392e+00 -4.2845673150e-01 3.1239475235e+00
1.3063878054e+00 2.5134950712e-01 3.5058124491e+00
-2.8287878704e-01 4.9992748169e-02 1.1303785115e+00
-1.5844403887e+00 5.1389242828e-01 -2.1075630739e+00
-5.9032231023e-01 -2.5778454713e+00 -3.3426637701e-01
1.4636910470e+00 2.6852958250e+00 2.3135325868e-01
1.3794730516e+00 1.6836126572e+00 8.8177742943e-01
-1.0042161776e+00 2.8978800100e+00 3.6890379426e-01
-1.1349797434e+00 2.9924426883e+00 2.2145639360e-02
-8.3090727679e-02 -1.8780090612e+00 -5.2077029759e+00
1.1945525426e+00 5.8457393778e-01 2.7832694347e+00
8.9201435257e-01 -1.3166191869e+00 -1.5974734198e+00
9.9584427620e-01 2.0689970039e+00 1.6626624935e+00
1.0142343389e+00 -5.0674359307e-01 2.8179183503e+00
-1.6289524916e+00 7.9632407359e-01 -1.2869127576e+00
1.4281238924e+00 1.4537515934e+00 1.6379412698e+00
1.8566092645e+00 1.1824545907e+00 4.7943330682e-01
-1.1632772975e+00 1.6493011126e+00 2.6425572252e+00
2.4132611810e+00 1.9955579120e+00 1.4671448223e-01
9.4895611102e-01 -1.5402238979e+00 -2.4407547368e+00
-1.9676634273e+00 -1.4194565014e-01 -1.0467619920e+00
1.5244583715e-01 1.5778724943e+00 7.0493154047e+00
-1.1857214185e+00 -4.6840622311e-01 -2.1679194020e-01
-2.2795346918e+00 7.0816414999e-01 -3.3238818628e-01
5.8907658624e-01 -9.5267158356e-01 -7.4295766066e-01
-1.1195746129e+00 1.9067789590e+00 2.1062471001e+00
-1.8856791186e+00 -8.1824188464e-01 -7.6343251455e-01
-1.6123206231e+00 7.0895576085e-01 -1.6635955452e+00
1.7356797952e+00 -2.5787662460e-01 2.2142878434e+00
2.5167619894e-01 -3.0467009684e+00 -1.9170404329e-01
2.0009244218e+00 1.1729895215e+00 4.2110392752e-01
-1.0882698999e+00 1.3554712909e+00 2.1729021510e+00
-9.4090340767e-01 2.3800653685e+00 1.3281053784e+00
-8.0979635388e-01 1.2255516826e+00 4.1392154427e+00
1.6180241354e+00 -7.6509241958e-01 1.8266117092e+00
4.7870155655e-01 -5.7898003251e-01 8.3914961909e-01
-2.0270827470e+00 3.5206162432e-01 -1.2772086396e+00
-5.2940532222e-01 2.0671773606e+00 3.2553836251e+00
2.1987387927e+00 -9.7342503984e-02 7.9036949113e-01
-9.3371959596e-01 -8.7129403260e-02 -3.9744508685e-01
-7.3331677129e-01 -7.4752612139e-01 2.8939820354e+00
-1.1314377226e+00 1.6548415444e+00 2.6916938027e+00
-2.0656814915e-01 -1.3974365405e-01 2.3862429527e+00
-8.4021003503e-01 -9.7424034294e-01 2.5775068873e+00
-1.4243835659e+00 -1.1984385305e+00 3.6822470395e-01
7.4549998780e-01 -1.1909954763e+00 -1.9670633066e+00
1.5684567881e+00 3.9108237997e-02 2.8902060427e+00
-2.5834332827e-01 -2.4982944995e-01 2.9871742511e+00
8.7785704416e-01 3.8875591386e-01 1.8444899120e+00
1.5134559700e+00 2.1492773210e+00 5.8856391350e-01
1.5637583561e+00 2.4505267497e+00 2.1656195785e-01
-4.8222871484e-01 -1.6094192410e+00 -2.0260684729e+00
8.7639340316e-01 -4.7446112019e-01 1.9462688326e+00
1.5777619597e+00 5.3432463348e-01 1.9907611955e+00
1.4820763943e+00 1.3136609901e+00 1.2853975017e+00
-9.7355501647e-01 -6.9616934480e-01 1.6509355309e+00
2.4898341447e+00 1.0066758443e+00 1.7492350997e-01
-1.5578709496e+00 2.2428964561e+00 2.7444072442e-01
-2.0064268944e+00 5.1505187232e-01 -9.9086181499e-01
2.3791422663e+00 8.9336673177e-01 2.8794909601e-01
-2.5041684664e+00 1.4866500681e-02 -3.3428415901e-01
-1.3397349760e+00 -2.9863034016e+00 -1.4653235352e-01
6.9924549975e-01 1.2625925470e+00 3.8626631719e+00
1.5919883360e+00 -1.8607891249e+00 -3.9019961134e-01
-1.7846656283e+00 1.4707095398e+00 5.5986586102e-02
4.3156369939e-01 -5.0309661072e-01 3.0278152174e-01
6.5120208459e-01 -4.0639295626e-01 1.0809832492e+00
-3.1234140898e+00 1.2421687276e+00 -1.6856523881e-02
-3.1586000745e-01 1.9556151354e+00 5.0882847206e+00
-2.1078857624e+00 5.8003198633e-01 -6.4761871736e-01
-6.6567096253e-01 1.2165576817e+00 2.9183478753e+00
-7.5778557497e-02 -3.8618881619e-01 1.9385843576e+00
-4.9108958009e-01 -5.4591804189e-01 3.7555314380e+00
-4.8101847792e-02 1.6638453432e-01 6.8591375376e-01
-9.3821410915e-01 -1.1322621476e-01 -1.7905306003e-02
-3.5289320222e-01 -9.4404610350e-01 2.5398007681e+00
-6.3781349494e-02 -7.9863534693e-01 2.2201851125e+00
8.5877406739e-01 2.3949177903e+00 1.1117760676e+00
1.3156854704e+00 1.4417727290e+00 2.6579400670e+00
-5.5654051439e-01 -9.9755701195e-02 1.1733797417e+00
-1.4651547430e+00 4.3748071746e-01 -2.9101471367e+00
-1.7862994879e+00 2.9721034346e+00 -7.1568856543e-03
-7.0266260378e-01 7.0944617658e-01 -5.9001898021e-01
-1.2012434996e+00 2.7274098541e+00 4.2376078436e-01
4.9118547940e-01 2.1004532931e-01 3.2957783200e-01
-7.2841361559e-01 8.8980803898e-01 6.0839518162e-01
1.1583143642e+00 1.1975747787e+00 1.9309493969e+00
-1.2677522569e+00 1.8753080573e+00 1.2210401761e+00
-9.4990340001e-01 8.7785569719e-01 7.5189285062e-01
-2.9170764956e-01 -2.1163948469e-01 2.2275832865e+00
-2.9654159183e-01 -1.4789946344e+00 -2.1811788232e+00
-7.8837267213e-01 3.0934644324e+00 -8.2748422120e-03
2.2634766072e-01 -7.0267864606e-01 -7.4129746376e-01
1.9552688656e+00 1.0932835644e+00 6.1986229168e-01
-3.7218254511e-01 -1.0000082700e-01 2.4172719058e+00
1.7746947830e+00 1.0248628239e+00 9.7705786727e-01
-1.5009335890e+00 3.0276377415e+00 -5.7535243793e-03
7.6247663824e-01 -1.4780450823e+00 -4.4948548373e+00
2.9565089205e+00 3.2941414907e-01 -4.1844499034e-03
-1.1966734501e+00 -4.4504448408e-01 -6.9171927886e-01
9.0478898043e-01 1.0713138808e+00 2.4302144799e+00
4.9394157303e-01 -3.7650649259e-01 8.5549215454e-01
1.1707147381e+00 -5.8745199445e-01 2.6417507140e+00
-1.1230586637e+00 1.0301309816e+00 -4.2224593559e-01
1.5888170094e+00 -1.6244773268e+00 -3.0432324585e-01
-2.4240725065e-01 9.4537362920e-01 3.1659741849e+00
-1.1340659849e+00 2.0014611881e+00 1.8149538809e+00
-4.2312667693e-01 -1.1205752205e-01 2.2753750930e+00
-9.3289966800e-01 -5.6808657913e-01 1.9408015994e+00
8.7378961206e-01 -3.3267567259e-01 2.4043810000e+00
-1.7105593716e+00 7.9565707724e-01 -1.1911183194e+00
6.4767490896e-01 -2.6188098920e+00 -3.9126474716e-01
-7.0142732370e-01 9.6037592816e-01 1.2583978296e+00
2.9894634815e+00 3.2579951802e-01 2.1006929142e-02
1.0431073295e+00 -1.7034689464e-02 3.3290323856e+00
1.4056656771e+00 1.5747674343e+00 1.1819337204e+00
2.6511246945e+00 5.0293721221e-01 1.3977878984e-01
-1.0767860747e-01 -2.9594829402e+00 -2.9643066496e-01
-1.3477832989e+00 8.7070227016e-01 -1.0173864278e+00
-1.4654034374e+00 5.4108723417e-01 -2.3674401039e+00
-3.0201257634e-01 -1.8193776245e+00 -4.6556138638e+00
1.1154059630e+00 -2.9167906287e+00 -6.4788882689e-02
2.6807706625e-01 -4.2950782408e-01 4.6507356563e-01
2.9690274623e+00 -1.0837822974e+00 9.9068588618e-02
1.2197957893e+00 1.8131718694e+00 1.3448733916e+00
4.8338975891e-03 -7.3497488613e-01 1.9768796748e+00
1.5323957327e+00 1.2667745429e+00 1.1542599276e+00
6.5573822671e-01 -1.1125378924e+00 -2.4830466849e+00
-1.4314491177e+00 5.4608110814e-01 -2.7571011956e+00
1.0037657841e+00 -2.3342099511e-01 2.6556550140e+00
-1.2508337816e-01 -1.7520221222e+00 -4.6634521611e+00
2.0593150964e+00 -2.5347048459e+00 -9.0272033255e-02
2.8722151825e+00 2.4144831596e+00 4.2759755061e-03
-1.2526261026e+00 2.8598807935e+00 5.5644161461e-02
1.4795927073e+00 2.4721495084e+00 4.1863888890e-01
-1.4016090601e+00 8.1927674395e-01 -2.2280124793e+00
4.4287072939e-01 6.6329067918e-01 1.2197201054e+00
-4.4370424459e-01 -8.1274637423e-01 2.8758667571e+00
1.1884789389e+00 9.2863548096e-01 2.4307226241e+00
-1.5962852706e+00 7.0971722975e-01 -1.4576224163e+00
6.9677835912e-01 -8.9734491654e-01 -5.3663604177e-01
-1.7993338448e+00 1.3064345650e+00 -2.6616482043e-01
-1.3302172103e+00 1.1501806800e+00 2.3641242809e-01
1.0507385078e+00 1.2989526630e+00 2.7245759222e+00
1.2991822348e+00 -1.8615529336e-01 3.3738303148e+00
1.3082792016e+00 1.9307449951e+00 1.0791252659e+00
1.6003976535e+00 1.5191181302e+00 7.9734938342e-01
-1.5306169313e+00 -3.5541274322e-01 -2.2568625302e+00
-5.7386608442e-01 -7.7037241952e-01 3.3319793201e+00
-1.8424364650e+00 2.4304556400e+00 3.4788257721e-01
-1.1882800555e+00 -4.2247748145e-01 -7.9984384302e-01
-1.5404114872e+00 -8.3716889688e-01 -2.1564894712e-01
-7.0432096870e-01 1.0921436274e+00 1.8792961856e+00
-1.1748008557e+00 1.1827070077e+00 5.7903150217e-01
-1.6158634513e+00 4.6291365248e-01 -2.0755622701e+00
1.5771236542e+00 2.1318676053e+00 3.0214781888e-01
1.9956638605e+00 1.8818888962e+00 9.2671967203e-02
2.6034955144e-01 -1.0415454097e+00 1.5625550393e-01
4.7415161995e-01 2.7895557363e-01 7.9197115869e-01
2.1164151623e-02 2.9546055321e+00 3.3463494483e-01
7.9293784064e-01 -2.4992975840e+00 -1.7104608208e+00
2.2943814979e+00 1.2691522885e+00 3.2045630302e-01
1.6033969178e+00 -6.3608801108e-01 2.0264842551e+00
-1.3821456641e+00 5.8950646879e-01 -2.2290866643e+00
-1.9869640671e-01 1.1274673258e+00 6.5534621544e+00
-1.3169467189e+00 7.4215938092e-02 -2.8365096795e+00
7.8499432368e-01 -1.1556514907e+00 -2.6462324062e+00
9.9220631232e-01 1.7529754978e+00 2.0281097887e+00
-2.0338000350e+00 2.7402771271e+00 -5.9371162016e-02
1.0190745855e+00 1.5093478933e-01 3.2705913458e+00
-1.0955908856e+00 -9.4756436027e-02 -2.0345593038e+00
-7.1316637332e-01 2.8642324845e-01 -3.9193277767e-01
-1.3448223843e+00 1.1976557101e+00 1.7802516518e-01
2.7560728719e+00 1.5438216554e+00 6.0603927750e-02
1.5359170961e+00 -7.1395320299e-01 1.7395364168e+00
-1.3814147519e+00 -4.3761969839e-01 -3.2687430436e-01
1.8947522777e-01 -5.6704997242e-01 9.7336788119e-01
-3.4733858935e-01 2.9523841027e+00 3.5636899687e-01
-9.1528199040e-01 1.8574630789e+00 2.0558721130e+00
-1.5036641748e+00 4.3687580558e-01 -2.8029964917e+00
-1.6525553945e+00 1.2218514018e+00 -4.1253936516e-01
-1.1508852507e+00 1.8857408763e+00 2.0381486224e+00
1.2373355434e+00 -7.4499057421e-01 1.9537828091e+00
1.3575377260e+00 1.2823546170e+00 1.8606239485e+00
-6.3933688813e-01 1.6421545650e+00 4.8804223478e+00
-6.3897160985e-01 9.4738530243e-01 1.6450804593e+00
5.3961657304e-01 -5.2110156809e-01 4.3361773167e-01
1.0672920512e+00 1.3334111679e+00 3.2066382329e+00
2.7649248955e+00 -1.8066381652e-01 2.2339589703e-01
-1.0041505632e+00 -1.0757519916e-01 -2.0064455380e+00
1.0629245280e+00 2.6066391636e+00 5.2685265352e-01
-9.4475262333e-01 2.8043152957e+00 3.7871723082e-01
1.4951117723e-01 -8.8462984739e-01 -2.8940392738e-01
8.2991392357e-01 -1.6598760026e-01 1.4003930461e+00
-4.3369888576e-01 -2.4759311399e+00 -1.2971857147e+00
-1.3125368677e+00 9.6871036764e-01 -4.7136132942e-01
9.8480197017e-01 -4.3253804045e-01 2.0675275423e+00
1.6885151393e+00 -5.0016953863e-01 1.8322661773e+00
-2.6474567687e+00 3.0631997434e-01 -2.2240488628e-01
-1.1510338431e+00 -1.1797020897e-02 -2.5889603088e+00
-2.6442835787e+00 -6.3619436215e-01 -1.4655121553e-01
-8.1718081350e-01 4.5494883293e-02 9.2699309041e-02
1.4908244556e-02 -1.1846708105e+00 -2.5572064517e+00
1.1697962498e+00 -1.3583130066e+00 -1.4230099685e+00
-1.0856858445e+00 1.3279805836e+00 1.5387202324e+00
-2.1878255401e+00 -8.5288907380e-01 -2.2186909887e-01
6.4673401456e-01 3.8598702408e-02 7.1851012444e-01
2.7202031922e-01 -2.5497448511e-01 9.1402055851e-01
1.3244227507e+00 1.1122254332e-01 3.2407291984e+00
-1.9757603349e-01 -5.9691885507e-01 2.6597372990e+00
-2.1264549696e+00 -3.8833619387e-01 -9.8314711625e-01
-2.9462950595e+00 -2.3433015362e+00 4.9134282506e-02
-2.0538899987e-02 1.8372444988e-01 5.3481303372e-01
-3.8544204979e-01 -6.7876077923e-01 3.3708279000e+00
2.6649890475e+00 -2.9774013838e+00 -1.3944279739e-02
-2.1669283653e+00 -8.3165295112e-01 -3.8337282303e-01
-1.4039843695e+00 -1.2522522231e+00 7.0655291949e-01
1.5180157834e+00 1.2724119228e+00 8.3554441081e-01
1.7579772652e+00 -4.6705915813e-01 1.6936346242e+00
-1.6997815766e+00 9.8244203367e-02 -2.2136950816e+00
1.5143258092e+00 2.3576933738e+00 3.5555917579e-01
1.4607419029e+00 1.2066045254e+00 1.1930934575e+00
-2.4327406156e+00 -6.0984511758e-01 -2.1533569561e-01
-1.0809918916e+00 1.4342474692e+00 1.4785052491e+00
2.1435140811e+00 1.8764049544e+00 6.0854567709e-02
-2.6335541904e+00 2.6975331643e+00 -7.4377426528e-02
-2.2926374181e+00 2.0437481610e+00 6.7743484929e-02
-8.6358434090e-01 2.6651356554e+00 6.3749077814e-01
-1.0110451545e+00 -6.3764419312e-01 1.8976891928e+00
-3.0653282079e+00 2.9505272994e-01 -2.0165990419e-01
1.3299357124e-01 -5.4781677613e-01 9.4474987837e-01
-2.4996183534e+00 -2.8498088733e+00 -1.2233129553e-02
-1.8759634854e+00 2.2201685870e+00 1.1186351136e-01
2.1709212258e+00 3.0273682271e+00 1.0473179240e-01
-1.5157616830e+00 -1.0308947160e+00 -3.9469683976e-02
-7.7899019891e-01 4.6941578378e-01 -2.8136676469e-01
-1.3262297394e+00 1.1914657488e+00 2.1613914515e-01
2.2329378050e+00 -1.1061827835e-01 5.0102314940e-01
2.5547437406e+00 2.0906377775e+00 9.6943341212e-02
-2.6885519046e-01 -5.6356309062e-01 3.7142058186e+00
-1.4800489054e+00 3.9443469799e-01 -2.6993003891e+00
1.3854593893e+00 1.3301162521e+00 1.6029302206e+00
-1.9900338882e+00 -7.4744171688e-01 -5.0468027800e-01
1.3145279304e+00 2.2606989113e+00 5.7734536503e-01
-2.1589552856e+00 2.9667132104e+00 7.7375692047e-02
-2.6967272082e+00 2.6899221085e+00 1.0470072818e-01
-1.1301784905e+00 5.9632430207e-01 -2.6661384330e+00
-1.4128616055e+00 7.0412233252e-01 -2.3847744049e+00
3.3339706021e-01 2.3858118334e-01 1.0137617014e-01
1.8600558474e+00 -3.9778639346e-01 1.7040350293e+00
1.3005109957e+00 1.2856176017e+00 1.6886998470e+00
6.3440588837e-01 1.6964505235e+00 5.6713312611e+00
-2.0142716246e+00 -4.4101594679e-01 -1.1084760192e+00
-3.7615125757e-01 9.9569923773e-02 1.8180982674e+00
1.0756742355e+00 2.4864469208e+00 1.0472426895e+00
1.3596987682e+00 1.7397625005e+00 1.2337108850e+00
-1.7310411295e+00 -1.1753200881e+00 7.6315157114e-02
-2.0353046913e+00 2.1887509264e+00 -2.8765598850e-02
7.8889126648e-03 4.2849317207e-01 3.4527256114e-02
2.1960301780e+00 3.0861304442e+00 4.0934584904e-02
1.6124311846e+00 2.7421565910e+00 2.3217772826e-02
-2.8473933181e-02 -7.4526452625e-01 1.5842435647e+00
3.0713009498e+00 -3.7573997340e-01 -1.6695349366e-01
-1.3720989994e+00 2.5692397922e+00 1.5664142171e-01
-5.4685493628e-02 -1.7108268150e-01 1.8445775818e+00
-1.9591295110e+00 2.0092535916e+00 1.2771177567e-01
-7.3380147784e-01 -2.1359057302e-01 2.0579067867e+00
-1.5083960692e+00 2.2430816159e+00 4.1148461193e-01
-1.2139786300e+00 2.9670565331e+00 6.1831597177e-02
-2.8566312573e-01 -8.7234962234e-01 8.6009744772e-01
1.8483840244e+00 1.7944248662e+00 3.9368001294e-01
-1.7879315872e+00 2.4307607670e+00 7.4847513355e-02
2.8948795851e+00 8.6859530175e-01 -5.9964716216e-02
-7.5413071170e-01 -2.2366058054e-01 1.1587058836e+00
-4.9625915069e-01 1.2582435226e+00 5.0535387604e+00
-4.2656159272e-01 -2.3261159618e-01 2.4089314249e+00
-1.3319976716e+00 -4.5244119113e-01 -1.5281637112e+00
1.5584943449e+00 -5.3958637462e-01 2.1029027464e+00
8.9035670995e-01 -1.3271842781e+00 -3.3199805339e+00
-6.7599319342e-01 -1.0562493354e-01 7.3611172004e-01
6.8665381772e-02 -1.2131253960e+00 -3.8284781242e+00
-2.3389651289e+00 1.9980998548e+00 -1.5083566407e-01
1.0734863142e+00 1.6023750975e+00 2.9901407273e+00
1.8332625872e+00 3.0529343940e+00 1.8502200882e-01
-1.9444603346e+00 2.4024184391e+00 1.1921859969e-01
-2.3226848247e+00 1.1296441092e+00 -2.4912145958e-01
4.3137451761e-01 1.0875419595e+00 3.9547806012e+00
-9.6965087628e-02 -3.5479019133e-01 2.4076775292e+00
1.5812139127e+00 -4.9250513930e-01 2.2815713528e+00
8.0646264946e-01 -9.8503584271e-01 -2.0350346110e+00
9.5554915566e-02 3.2313028257e-02 5.9128055117e-01
-2.0541114530e-01 -9.0211121446e-01 2.0518323924e-01
1.7184687436e+00 1.7914294484e+00 6.3310850269e-01
-7.4806795119e-01 2.5433611036e+00 7.8694255296e-01
-1.2350735416e+00 -3.3333175955e-01 -1.5976914409e+00
1.6405791947e+00 2.3439591381e+00 2.0863103635e-01
-7.7187281159e-01 -1.3739292491e-01 -6.5052320995e-01
-8.6890788064e-01 8.0899704491e-01 -7.4808166393e-02
-1.1427208625e+00 1.3680420807e+00 1.7769880168e+00
1.1775099534e+00 -7.0225043834e-02 3.4790318306e+00
4.2899434140e-01 -2.2685562143e-01 5.9782165245e-01
-2.3263300443e+00 -2.2156794919e-01 -6.4841932936e-01
-2.9646526780e+00 -9.9835532418e-01 5.7979253223e-02
5.0993235472e-01 1.4361462003e+00 5.3498009936e+00
-8.3875399003e-01 2.5592688730e+00 9.9112772720e-01
-3.9624642752e-01 -3.1200811005e-01 2.4027314115e+00
2.0992535911e+00 8.9006256916e-01 5.3526352474e-01
-2.5629429083e+00 1.3202059104e+00 -1.5748192820e-01
2.2779331300e+00 1.1867461456e+00 2.8449779818e-01
-1.4876859128e-01 -6.2653340007e-01 2.0963564898e+00
7.6450706420e-01 -6.4190030080e-01 1.4165489340e+00
1.4978751409e+00 -8.7156986781e-01 1.1785217678e+00
-6.7465281175e-01 3.0681371812e-01 -1.2012933338e-01
-6.6300300428e-01 1.8070406556e+00 4.6926887312e+00
1.9551066997e+00 -1.1053361399e-01 1.2439663049e+00
1.2531572870e+00 -8.4737950160e-01 1.0009238534e+00
9.6340224175e-01 -9.7924930695e-01 -3.7126614501e-01
1.0486804940e+00 -1.5070423495e+00 -1.9497169436e+00
3.6345352711e-01 -3.3999686432e-01 5.2575915770e-01
-1.2547985782e+00 1.3715575868e+00 6.7431911452e-01
-1.3061097536e+00 -6.4505064487e-01 -3.6109932994e-01
-1.9191838526e+00 1.6635172234e+00 2.4552527595e-01
1.6392726347e+00 3.1854219028e-01 2.1830728042e+00
-9.8266661061e-01 1.4977177003e+00 3.0228231682e+00
-1.5681121141e+00 1.9579497672e+00 5.3154010134e-01
1.4063013309e+00 -6.4278872727e-01 2.6180860718e+00
4.1595368856e-01 1.1556617947e+00 5.1000201628e+00
-1.2671762796e+00 2.6753092169e+00 1.1419881608e-01
6.1510805337e-02 4.6732934190e-03 7.4655522160e-01
-2.1590666516e+00 7.9134551919e-01 -8.6125013631e-01
2.7685479059e+00 6.6007625341e-01 1.0192129683e-02
-1.0862711188e+00 -1.4434144946e+00 9.4993223596e-01
-4.7350185053e-01 1.3980003899e-02 1.9751513404e+00
-1.0047134499e+00 2.2209580386e+00 1.2627686151e+00
2.2221134142e+00 -1.1858609533e+00 2.2091201888e-01
-1.9731145819e+00 -3.5721711145e-01 -1.8362314903e+00
1.0966166025e+00 -1.3773228291e+00 -2.3791347640e+00
2.1852272665e+00 1.0890652813e+00 3.7773248954e-01
-1.0854799661e+00 -3.6564843352e-01 -6.0549104308e-01
-1.1545843819e+00 8.5701214727e-01 -9.1717246854e-01
-1.0675605730e+00 1.7092564822e+00 2.7181078639e+00
1.6619768939e-01 -1.7139333614e+00 -6.1407412489e+00
-6.2949227827e-01 1.2786374457e+00 4.7313157655e+00
-7.2678284213e-01 3.0058357836e+00 1.4171408545e-01
-2.7592014099e-01 -3.5134956506e-01 3.4959810808e+00
-3.0062373576e+00 -1.8479723380e+00 3.4019518383e-02
2.2291108805e+00 7.5662948693e-01 2.2355246075e-01
-1.1065706574e+00 1.5470262927e+00 2.0804256130e+00
-1.9274294470e-01 -5.8373532245e-01 2.8045548204e+00
-1.3805230381e+00 -1.2585714926e-01 -1.8777770228e+00
-9.7370705795e-01 1.4294119581e+00 2.8086890938e+00
5.8052342548e-01 -2.1858773988e+00 -2.5297165711e+00
3.4261123497e-01 -1.8412533442e+00 -5.8820494736e+00
-1.8245129248e+00 1.0586168115e+00 -6.6058891463e-01
6.2687661920e-01 -7.4354623535e-02 1.0832615654e+00
1.5180134829e+00 1.9277673975e+00 7.2981203522e-01
-2.3012766902e-01 -9.5235134990e-04 1.6066970384e+00
-1.5336022011e+00 1.1912971413e+00 5.8057631236e-02
-1.4289639936e-01 -8.3827662996e-01 1.4692471629e+00
-6.1352351402e-01 -2.3747712406e-01 2.9746603701e+00
1.2047791516e+00 -6.9185902277e-01 2.1629831845e+00
1.6586017449e+00 1.8235426466e-02 2.9008800615e+00
2.1877272099e+00 -2.8364034848e+00 -1.7446874113e-01
8.1543551655e-01 -1.3722872956e+00 -3.9432444613e+00
-1.9045279074e+00 2.9418353358e-01 -1.6691968947e+00
9.5833376310e-01 2.7336309226e+00 4.2187615096e-01
-2.7054637226e-01 -1.3935542193e+00 -3.8224979276e+00
-1.0901005996e+00 1.2428213544e+00 1.8038978956e+00
1.1031155276e-01 9.4367696565e-01 1.5707947676e+00
-7.0422555922e-01 -2.3253230625e-01 1.8691004944e+00
-6.9045008023e-01 1.5546246581e+00 4.6319586303e+00
1.8329663631e+00 -8.4308012128e-01 7.7579122571e-01
-1.2726683390e+00 -1.7930685318e+00 1.6844750323e-01
7.1648304135e-01 -2.6052564422e-01 1.3514949478e+00
-2.9919734634e+00 -2.6826897994e+00 -1.2997385309e-02
1.5536715691e+00 4.4424674058e-01 2.4915430845e+00
-8.0308354874e-01 4.3239063038e-01 -9.4610943988e-01
2.2292058884e+00 -1.5536646279e+00 -7.4628844485e-02
1.3608365859e+00 1.0353309304e+00 2.1389574710e+00
-6.8131693497e-01 6.9174037722e-01 3.2225689675e-02
-2.2221376093e+00 -2.1745667024e+00 1.9431353654e-02
1.2156364226e+00 2.6554578118e+00 3.2327521743e-01
1.1536674636e+00 3.0137822313e+00 5.9355536003e-02
-7.2186358854e-01 7.8968359778e-01 5.2920522171e-01
-4.4542797300e-01 6.7520424214e-01 7.0561082837e-01
7.9489145351e-01 -1.2718720887e+00 -2.9217592087e+00
2.9297416100e+00 -8.9303673630e-01 -1.2741540730e-01
-1.7363683801e+00 -6.4607399634e-02 -1.8322097058e+00
-9.3967698995e-01 -1.6944344527e+00 -3.6447656355e-02
1.0723362992e+00 -9.3182602021e-01 6.0608625887e-01
-1.9791212593e+00 4.2374196442e-01 -9.5996497445e-01
1.3256663899e+00 2.3441117855e+00 6.0969142548e-01
7.7396786263e-01 5.9973749481e-01 1.7836499217e+00
-2.8914856895e+00 1.6848494474e+00 -1.4479137441e-01
3.7607899036e-01 2.4432005397e+00 2.0885046547e+00
-2.9456677794e+00 2.1288260028e+00 3.5192230461e-02
-1.5270258832e+00 4.0692649142e-01 -2.4072739256e+00
-1.4680045506e+00 1.7367665960e+00 8.4407927957e-01
5.7497195916e-01 4.6857193795e-01 1.0524466426e+00
-5.4414125635e-01 -1.1254480826e+00 -1.4244599019e-02
-7.3332683732e-01 2.3283725276e-01 -4.9822765000e-01
-1.7615228509e-02 -5.1578911166e-01 2.4533054463e+00
1.5391518743e+00 1.9549479751e+00 5.5862495996e-01
1.2375656579e+00 1.0246628202e+00 2.3352502746e+00
2.7284530000e+00 2.9533476982e+00 -3.9365822477e-02
2.4872631201e+00 -2.7622264425e-01 2.6866559942e-01
-1.7002142456e+00 1.2117220305e+00 -1.2096988418e-01
-3.0350115695e+00 1.3862369518e+00 -8.5214893853e-02
-3.0459955258e+00 2.3250838626e+00 4.0721343339e-02
2.2915454538e+00 1.4095209628e+00 5.2599878384e-02
-2.5629371424e+00 6.2712450702e-01 -1.7097820049e-01
-1.9079025385e+00 -6.6661817039e-01 -5.7766759183e-01
-1.7504082126e+00 1.4287501183e+00 1.2514151090e-01
-7.1638623767e-01 2.7262730464e-02 1.7235105437e-01
1.0059315063e+00 1.4755269737e+00 3.3954412962e+00
2.4783179893e+00 3.2948934538e-01 2.9880144864e-01
-4.6939103289e-01 1.0257899377e+00 3.4940158690e+00
-1.1454244451e+00 2.0914600280e+00 1.1133927576e+00
-9.4720821332e-01 1.2639065437e+00 2.8835237902e+00
1.2942824526e+00 -2.8435997440e-01 2.9961461611e+00
-1.3588015479e-01 1.0845684221e+00 5.6649289690e+00
-1.3640792490e+00 1.3550324818e+00 9.9894863940e-01
1.6239286473e+00 1.3309433750e+00 1.6700709746e+00
-3.1702707625e-01 1.7346627546e+00 5.9339381789e+00
-1.5935035963e+00 1.2138867044e+00 -2.9530663987e-01
1.1863463283e+00 1.3984587389e+00 2.0484051010e+00
-1.0486504502e+00 5.8492760726e-01 -1.7855294426e+00
-1.0484788934e+00 1.6344857745e+00 3.1407529274e+00
1.6957081875e+00 1.2408467915e+00 6.7649159004e-01
-8.5928142066e-01 -1.0206221852e-01 2.1832247817e-01
1.0849831558e+00 -1.5856917713e-01 3.0513732513e+00
2.0695323129e+00 -1.1359902805e+00 2.4388218775e-01
8.0878191334e-01 -1.4598832777e+00 -4.5073840633e+00
2.3107977178e+00 1.4566953681e+00 6.6003991115e-02
1.5596464197e+00 1.9002192910e+00 5.5437255163e-01
-6.9242363438e-01 1.8204336146e-01 -1.6420823892e+00
1.8353189557e+00 2.7005721911e+00 6.9473389181e-02
1.2095739293e+00 -8.9999961752e-01 9.2669013868e-01
-9.2809966468e-01 -8.2915703518e-02 -7.7360306702e-01
-1.2612520639e+00 1.3361821205e+00 4.3294617099e-01
2.6158621444e+00 -2.3536492936e+00 1.2029983750e-01
-1.6762205851e+00 -4.3851453723e-01 -1.1494202140e+00
-1.6570275062e+00 6.4967652811e-01 -1.5627306154e+00
1.8447786454e-01 -5.7589316403e-02 5.6581897388e-01
2.0598774295e+00 2.2148226599e+00 1.3776439263e-01
-1.5399802703e+00 7.2833953475e-01 -1.7517706186e+00
-8.7876301466e-01 -7.7664468233e-01 2.2638020821e+00
-1.2716299976e+00 -2.0657805093e-01 -2.2010868078e+00
-3.1934932882e+00 -1.9795997399e+00 1.0865731719e-01
-1.5254809664e+00 1.3393010050e-01 -2.8592189542e+00
-7.9007244830e-01 2.4494216525e+00 1.2686510780e+00
1.4239966720e+00 1.9023113017e-02 3.2019937917e+00
-1.8649104104e+00 -9.9850828023e-01 1.5290461661e-02
-1.6112273398e+00 -2.9139531803e+00 3.7635970493e-02
-2.3969162802e+00 9.5816430214e-01 -3.2428377108e-01
1.7593481258e+00 -2.9868973524e+00 1.3631200088e-02
-1.2986536727e+00 1.3244665362e+00 7.3446044636e-01
1.0068001137e+00 7.7961431568e-01 2.0856595832e+00
1.5051224543e+00 2.1382395898e+00 3.8855218833e-01
-1.1885701923e+00 -1.1025672541e-01 -1.3596843024e+00
1.8324871967e+00 1.0608804341e+00 8.5831269694e-01
-1.8351412975e+00 1.8381683947e+00 2.2517440831e-01
-2.4328186823e+00 2.7630474866e+00 -5.7920683593e-04
2.1367932521e+00 1.7714630410e+00 1.4659609904e-01
-4.4926730987e-01 -6.5940944387e-01 3.9391139490e+00
2.2897896082e+00 1.5975828976e+00 3.1478658216e-01
-4.5685869493e-01 -6.0805928974e-01 3.8013408530e+00
8.5351950187e-02 -4.1109002671e-01 1.1215348826e+00
1.7965073819e+00 1.9524935963e+00 3.7427218915e-02
1.3894420849e+00 -9.4262102630e-01 1.1390105734e+00
-1.4357274543e+00 2.2219679444e+00 5.3400365377e-01
1.2792790645e+00 7.9455683189e-01 2.2683135654e+00
1.8220383466e+00 2.8568895949e+00 3.4787591412e-02
4.8081130103e-01 7.2312996803e-01 1.1334998767e+00
-8.8502563692e-01 -1.3020581348e+00 1.6094820546e+00
1.1580798761e+00 1.4358954875e+00 2.4917997841e+00
1.8581752074e+00 9.7714104592e-01 7.7582028984e-01
-9.8027830390e-01 -9.4765806775e-02 -1.3353498806e+00
-3.1064963544e-01 2.7603495702e+00 3.9556037739e-01
-2.1219109909e+00 3.1851725617e-01 -9.2033053075e-01
1.5952492736e-01 1.3631057396e+00 6.8921541742e+00
1.1425797509e+00 2.5803558733e+00 4.5063320233e-01
2.4965140086e+00 1.4349700069e-01 3.9125960800e-01
1.5132734970e+00 2.6275217071e+00 8.6604807442e-02
2.4437744356e+00 2.1056171805e+00 1.4917951439e-02
-1.1319466039e+00 -4.5291653671e-01 2.1357499368e-01
1.6132491418e+00 -8.9432602483e-01 8.7104259251e-01
4.0686216039e-01 -7.2711314595e-01 1.4573049110e-01
-1.1991839226e+00 1.9338580139e+00 1.6874219946e+00
7.9337826059e-01 1.4975474299e+00 4.1199168587e+00
2.0608295214e+00 -1.1906350537e+00 3.5320474257e-01
-5.7265498674e-01 6.1569943858e-02 1.2190728336e+00
-1.7516674559e+00 2.1048255891e+00 2.3569174998e-01
-1.2211918153e+00 2.5824568929e+00 3.3351758916e-01
-1.9198146974e+00 2.9483654858e+00 2.0853652124e-02
-8.3747683344e-01 2.2624793999e+00 2.2106256988e+00
2.3374348306e+00 -3.0477778047e+00 1.0626170149e-01
1.1409278766e+00 -9.2624422608e-01 -4.5111760044e-01
1.3520946689e+00 2.2315135387e+00 7.3951264929e-01
-8.7658816986e-01 4.1160419532e-01 -5.1702479363e-01
-5.9017267202e-01 2.1411525130e+00 3.8047413194e+00
-1.6524126157e+00 1.5210738718e+00 1.3300479744e-01
2.3406767346e+00 2.0302037046e+00 -7.8725728082e-02
1.4482045524e+00 1.0770928932e+00 1.2331446236e+00
2.6824238679e-01 -4.7556778623e-01 6.2584021073e-01
-1.4336103233e+00 1.3629763295e+00 6.8907345102e-01
-1.7042759205e+00 4.4349403617e-01 -1.7607116267e+00
2.5246849023e+00 2.5440813586e+00 -8.5058006574e-02
-1.0367971626e+00 -8.4418788280e-01 2.0609814772e+00
2.5849851957e-01 -2.1178290395e+00 -3.8213591613e+00
-8.4771523442e-01 4.1206795524e-01 -1.5467285840e+00
-4.4381667282e-01 -3.9197185003e-01 3.0838638773e+00
3.5308566011e-01 2.0995283110e+00 4.4802805887e+00
-8.7234169066e-01 3.1035223045e+00 1.4253265768e-01
-6.1039771262e-01 -2.2190177607e+00 -2.0993674632e+00
-2.1830058266e-01 -1.2291942838e+00 -7.8878567311e-01
1.9549736760e-01 -7.5894194928e-01 -4.1231790387e-01
1.6572158883e+00 2.6615729650e+00 2.6447618749e-02
3.5623564958e-01 9.0463591907e-02 1.2594416900e-01
-6.1492002801e-01 5.8545597057e-01 2.0193013568e-01
1.5780483027e+00 4.9997093400e-01 2.2559788675e+00
-7.9226384965e-01 -5.0905027029e-02 -8.3528512155e-01
-1.8993375256e+00 3.2044894197e-01 -1.3539722105e+00
-1.0425718348e+00 5.6153319105e-01 -2.7176429914e+00
-2.9619697418e-01 5.2843446229e-01 9.2981076005e-01
2.9469409109e+00 2.6394352214e+00 -7.0888971715e-02
-1.7042215510e+00 1.3811242119e+00 5.0375444835e-02
1.1639201008e+00 1.1800027507e+00 2.6282214031e+00
-1.8806263965e+00 9.8338933427e-01 -6.7350762587e-01
-2.6056376803e+00 1.0659548583e-01 -3.8100957519e-01
-9.2904753431e-02 -5.9715197186e-01 2.5947850243e+00
2.1314818534e+00 4.6246569709e-02 9.7656570760e-01
6.3846070267e-01 1.8230065589e+00 3.5287245296e+00
2.3102019316e+00 6.3222927231e-01 4.8919170653e-01
-6.7060635370e-01 -5.5319223002e-01 2.5197883429e+00
9.5335739277e-01 -1.3090016913e+00 -2.9231711872e+00
-1.8983816165e+00 5.5374026509e-01 -1.7692142547e+00
1.7859695508e+00 -2.3802436026e-01 2.2797397139e+00
2.9463698930e+00 9.4466062526e-01 -4.6707021198e-02
-1.4154949621e+00 3.1137016172e-01 -3.0016828140e+00
-8.8429765939e-01 -1.5666305419e+00 1.4116210003e-02
6.6931991893e-01 -5.1733644958e-01 7.1678946060e-01
-1.6027686934e+00 -1.5779794144e-02 -2.4043304629e+00
1.3903972229e-01 2.0816080708e-02 9.2422094439e-01
-1.4240152237e+00 -1.1444615315e-01 -2.1839269374e+00
-1.0880579508e+00 -4.3659417334e-01 5.5129094234e-01
-1.6199533252e+00 1.8092341935e+00 4.5722681845e-01
1.3065820429e+00 1.7346813914e+00 1.0528101785e+00
1.3292795318e+00 3.0690724933e+00 1.1348948740e-01
2.4531363094e+00 -8.2410821451e-01 1.9868444960e-01
-2.0949788969e+00 2.4398351386e+00 3.0737956958e-02
1.0708133463e+00 1.6935281773e-01 3.2243910733e+00
-4.6391441072e-01 -7.3548851506e-02 1.7795973971e+00
-2.2887904576e-01 3.1556416849e-01 9.6855423019e-01
9.3149305960e-01 -3.0525342896e+00 -2.1570698592e-01
1.1439097660e+00 1.6997435915e+00 2.1120835742e+00
1.7410653038e+00 -2.9304565973e+00 6.8431930726e-02
1.0851086385e+00 2.5404444212e+00 7.9600402037e-01
-2.4808239079e+00 9.3302495500e-01 -9.8513484462e-02
2.3430247190e+00 -6.6392516985e-01 3.2235031113e-01
-7.4783051430e-01 -4.3541927705e-01 1.8522648793e+00
-1.9760240470e+00 4.8045186460e-01 -1.3836727635e+00
1.4945324063e+00 1.2003666363e+00 1.5626989352e+00
-6.4197784779e-01 9.1868507117e-01 1.9827576004e+00
-1.8079874999e+00 -7.3156584571e-01 -4.3438985059e-01
1.9514021786e+00 3.0330906974e-01 1.2328362313e+00
-1.9675482569e+00 -2.9760842520e-02 -1.8734186870e+00
2.4664217971e+00 1.8800763617e+00 -2.3142783312e-02
-1.9527345197e+00 1.0978535110e+00 -5.0465112516e-01
-2.6062975593e+00 -1.6256613137e+00 -3.5494183081e-02
3.0031698021e+00 2.9101834170e+00 5.0118431661e-02
1.0542615397e+00 -4.2771801016e-01 2.0106472568e+00
-2.4820982450e+00 -3.6380110885e-01 -2.3296328161e-01
1.8138804609e+00 1.8332791622e+00 4.8770283374e-01
1.0662023034e+00 1.1352390236e+00 2.3274125828e+00
8.9722475814e-01 -1.3936981350e+00 -2.9458231070e+00
-2.7598746380e+00 7.9079382290e-01 6.8303073491e-02
3.0980061186e+00 1.5010580942e-01 -2.6257349614e-02
-9.9880427656e-01 7.4936597254e-01 -7.0230059188e-01
4.0642823902e-01 1.4097491373e+00 5.9472483882e+00
1.0867955691e+00 9.7571853142e-01 2.2248872897e+00
2.6711476903e+00 1.8909356145e+00 -7.4257245499e-02
1.0633172459e-01 4.9264998099e-01 5.6266670621e-01
1.5521864407e+00 1.0515666996e+00 1.4058570602e+00
8.1652794219e-01 9.5946069635e-01 2.7236013964e+00
1.4828095858e+00 4.7949651429e-02 3.0151808517e+00
1.5454596591e+00 1.5297704656e+00 1.2143370143e+00
1.7597748513e+00 1.6774268554e+00 5.1657147522e-01
-2.4023251058e+00 2.1668221774e+00 2.1805850334e-02
1.8542787290e+00 -7.8978668226e-01 9.9607325455e-01
1.2724783320e-01 -2.0039972805e-01 6.3892973346e-01
1.3752936872e+00 1.0013192827e+00 1.7908541629e+00
2.7638343887e-02 -4.3721999850e-01 1.6896758282e+00
-2.2758177640e+00 -1.8486372654e-01 -5.9335999672e-01
-2.8526613438e+00 -3.0918863071e-01 -1.4062847640e-01
-1.6575650577e+00 9.8371055859e-01 -9.4285743274e-01
-1.6012276794e+00 -5.1151863135e-01 -1.4246728940e+00
1.2157693377e+00 2.2835064891e-01 3.3115601292e+00
-1.5690467922e-01 7.1111138779e-01 1.3081109188e+00
-1.4357617650e-01 8.0599223725e-01 1.9360177005e+00
2.0311387565e+00 1.5858202217e+00 3.4975127608e-01
2.1503228815e+00 3.6830734568e-02 5.1121549846e-01
9.9553768476e-01 2.8847171386e-01 2.6004699116e+00
1.8411904618e+00 -2.5763293483e+00 -1.2991249846e-03
-3.1205375198e+00 2.9737321395e+00 -2.9117108041e-02
-2.6084500093e-01 -1.0623909636e+00 8.6643293122e-01
-1.6356358313e+00 8.8686890939e-01 -1.4069330169e+00
1.6123683329e+00 2.8355433784e+00 4.2623378322e-03
-2.7001563382e-01 -1.3661045016e+00 -2.1462391846e+00
-1.3700819017e+00 2.5809097760e-01 -2.9343187573e+00
1.7691770370e+00 -8.5418809240e-01 1.2426927287e+00
1.8543654767e+00 2.2175013940e+00 3.9644986040e-02
2.3178801310e-01 -6.5160763436e-01 1.1966302524e-01
-2.8613733351e+00 5.5132264821e-01 2.2812840688e-02
-3.8555015021e-02 9.9628839374e-01 3.8034830223e+00
-4.2234505637e-01 2.2095401285e-01 7.8228970457e-01
-2.1733206584e+00 4.2870433045e-01 -5.6275151560e-01
-6.2495800075e-01 -8.6769013614e-01 3.2866480234e+00
2.7195237394e+00 -5.4713920498e-01 1.9122543316e-01
-4.8080663193e-01 2.0335510182e-01 1.8521902113e-01
7.5407903018e-01 1.6702953567e+00 3.8729712087e+00
3.1628997846e+00 -1.6158952610e+00 -1.0503772061e-01
-2.9001376210e+00 -2.1443683828e+00 -1.2483432413e-01
-7.3334741381e-01 8.2480074376e-01 1.7804641267e+00
1.0118970867e+00 9.0117155037e-02 2.4476060000e+00
-1.8281013744e+00 -2.7598815811e-01 -1.2165822542e+00
-3.0899887739e-01 8.4357260067e-01 1.8298606280e+00
2.2561447031e+00 -6.1871477220e-02 6.5149668299e-01
1.8725099340e+00 2.7220089205e-01 1.6667796638e+00
-1.9878429975e+00 -6.8509878396e-01 -3.1278767994e-01
1.4014981148e+00 2.2590687282e+00 3.2233533747e-01
1.8766113793e+00 -1.1588500338e-02 2.1361269831e+00
8.8228849356e-01 -1.0792592774e+00 -3.4430539232e+00
8.9137435982e-01 8.3282091152e-01 2.0078221749e+00
2.3267803381e+00 1.4927227004e+00 6.4792815908e-02
-1.2107177379e+00 6.2813894694e-01 -2.5888415718e+00
-2.2993245367e+00 6.5289397090e-01 -4.7670359250e-01
-1.1181173920e+00 1.1034130569e+00 -4.2354904321e-03
-1.7578258631e+00 2.3043094566e+00 2.2147215565e-01
3.5480864415e-01 -3.0277223663e+00 -1.7724033957e-01
1.2247239140e+00 -1.3684438261e+00 -2.1530334765e+00
2.1464551495e+00 1.8115061965e+00 1.3816227687e-01
2.9696490729e-01 -2.1300203517e-01 2.9132474205e-01
-9.4601835946e-01 -3.0012371472e-02 -1.2464952195e+00
1.5167257865e+00 -9.1244827969e-01 5.0275615698e-01
1.2320629227e+00 1.2207497672e+00 2.1368360332e+00
8.9951168814e-01 2.0896011014e-01 2.6559944763e+00
1.4508971353e+00 -1.0759145471e+00 8.2687492133e-01
1.9941707429e+00 2.0785396062e+00 1.2512324758e-01
4.0930578220e-01 -5.9301754754e-01 4.8124560380e-02
-1.1420397780e-01 1.1661922898e+00 4.9361114490e+00
1.0831794229e+00 1.3943488384e+00 2.8274238691e+00
7.3242339835e-01 2.3949313679e-01 3.8165376834e-01
-1.4714116168e+00 6.5354771611e-02 -2.4618390587e+00
-1.2097319308e+00 -7.8057031698e-01 5.8896412409e-01
-2.0281089679e+00 1.7969009956e+00 1.0106014685e-01
2.4773706631e+00 1.7892236714e+00 -8.8839831947e-02
-1.9637861092e-01 -4.5295038321e-01 2.8224498906e+00
-6.2461499729e-02 -1.5891181582e+00 -6.2280584510e+00
-1.0408327449e+00 9.5006362380e-01 -4.0829223113e-01
7.4319413952e-01 -6.2810238405e-01 7.6173882894e-01
-1.6116867223e+00 -6.4004027947e-01 -1.0238591363e+00
-1.1926786476e+00 2.3157824240e+00 8.0927805379e-01
8.2804913331e-01 1.1220157103e+00 3.1346867471e+00
-6.9606866463e-01 8.4482078070e-01 -1.2883790924e-02
-8.9859401771e-01 -6.9493903815e-02 -8.8465853743e-01
3.1765417194e-01 -5.9660834640e-01 4.3295921052e-01
-1.4869496661e+00 1.2490734260e+00 9.2929371010e-02
-8.3485371832e-01 -2.8684882411e-01 1.5038376297e-01
-9.7991209477e-01 1.2144609787e+00 2.3587689659e+00
7.8919850246e-01 9.5513324841e-01 3.5497888617e+00
-5.0027289510e-01 -7.2173043733e-02 2.4047110382e+00
-1.4149558425e+00 5.4859546333e-01 -2.3953082682e+00
-3.8759522470e-01 4.9272996450e-01 8.2984592789e-01
-1.1324694581e+00 -2.4324685197e+00 -6.5360358813e-02
1.5406163482e+00 3.0262633554e+00 1.2242925296e-01
-3.0982224477e+00 2.4924059113e+00 -1.1624317170e-01
1.1803105788e+00 -8.2555895556e-02 3.2661457024e+00
5.2608602208e-01 1.9074275312e-01 4.6559233713e-01
-2.6137237341e+00 1.7786105881e+00 3.5616603328e-02
1.5889292661e+00 4.6388391066e-01 2.1715177594e+00
1.6456185703e+00 -3.8477461856e-01 2.7143653951e+00
-2.1456149109e+00 2.1866974988e+00 -1.4366308105e-01
5.0930398531e-01 -1.0103027492e+00 -1.8801507953e+00
-1.5363065886e+00 3.4869894216e-01 -2.7683043660e+00
-3.8178914636e-01 5.6215068424e-01 6.8225438576e-01
-1.1132696747e+00 1.6704398927e+00 2.6377219370e+00
-1.8580231894e-01 1.2455350136e-01 1.1208068935e+00
8.4353367590e-01 -2.9603095961e-01 1.9045943811e+00
-3.1133978052e+00 -2.9045052820e-01 1.3643101140e-02
7.3976241881e-01 -7.9293099155e-01 5.1264691200e-01
2.2453138337e+00 1.9115427189e+00 1.2576037214e-02
-2.4396281151e+00 2.2058957153e+00 8.1790865616e-02
-1.9894484371e-01 -2.9131770277e+00 -1.5657610350e-01
-1.1442282625e+00 6.6088424922e-01 -2.2234084727e+00
-1.1597279244e+00 1.7891206527e+00 1.5154297884e+00
-1.5681523761e+00 -7.7921411056e-01 -1.5868325997e-01
3.1597532736e-01 -1.1326769937e-01 2.4889676457e-01
-1.5535364829e+00 4.1992600171e-01 -2.8173463990e+00
1.0263233239e+00 1.4513074663e+00 2.7452152825e+00
4.1757757834e-01 -5.9147327412e-01 3.0712051024e-01
1.3728068633e+00 -2.0821036769e-01 3.3879291930e+00
1.9415637093e+00 1.8829297876e+00 1.1680050584e-02
-6.4492444823e-01 9.2564082519e-01 1.4140100260e+00
1.4842686330e+00 2.9650739386e+00 1.6980438842e-01
-4.8656378151e-01 7.9926448352e-01 1.3153602007e+00
2.6318500199e-01 5.7690835425e-01 7.2783788093e-02
-2.6400647232e+00 1.2415424775e-01 -6.1573876991e-02
2.1418718228e+00 1.9868611040e+00 7.2440972915e-02
-1.0028855278e+00 1.7992077699e+00 2.3937175649e+00
-1.0705294260e-01 -1.7246417770e+00 -5.8454106003e+00
3.0659173928e+00 -7.7903507510e-01 -6.1965471194e-02
2.1034555206e+00 1.1091724368e+00 5.7704451074e-01
-1.0879909983e+00 4.0730855591e-01 -2.3526190649e+00
-1.4612086625e+00 7.6064021070e-01 -1.9214405484e+00
-2.5216479982e+00 -1.5350306504e+00 -6.6692496151e-02
-6.5130983148e-01 2.8177633783e+00 1.1072227956e-01
-1.3352675856e+00 -6.8947575210e-01 4.6008157774e-01
-1.5539907822e+00 1.8435413885e+00 4.2269944114e-01
-4.8439793060e-01 -8.3902559142e-01 3.0718226553e+00
-1.5566021636e+00 6.9576336395e-01 -1.9729412702e+00
1.9184920848e+00 2.9883982195e+00 2.0309615979e-03
-1.5661180391e+00 1.8155398810e-02 -2.6064976223e+00
-1.3126323748e+00 1.4726917146e+00 7.6991975789e-01
1.3148601079e+00 1.9840849925e-01 3.3773016259e+00
-1.7372577590e+00 -1.6414875581e+00 2.7078506973e-01
2.1883880358e+00 -9.8021155214e-01 5.8107461530e-01
-3.0269505941e+00 2.2217055629e+00 -9.2516397204e-02
1.4888542241e+00 2.3155138662e-01 3.3983482144e+00
2.1034189472e+00 1.1371774750e+00 4.3035010711e-01
-2.2067595365e+00 1.9609417142e+00 -4.9386577950e-02
2.5524442019e+00 6.2105769962e-03 3.0014655254e-01
5.1980648998e-01 7.8015604666e-01 1.1256054149e+00
-5.2135686385e-01 5.3104798234e-01 -2.1989400541e-01
-1.5319995502e+00 -7.5971836216e-02 -2.3556666437e+00
1.5502044925e+00 2.1063473616e+00 4.2547181404e-01
7.4753891054e-01 9.7735359624e-01 2.6960478159e+00
9.3833275921e-01 1.3744315907e+00 3.9232051737e+00
1.1564950739e+00 1.8021559942e+00 3.0148035299e+00
1.1758379804e+00 2.0307625723e+00 9.8916010521e-01
1.2156392629e+00 -5.4448065481e-01 2.8312497993e+00
-2.1724980277e+00 -2.9455724235e+00 -3.5922201500e-02
2.5366423174e-01 -5.5265836007e-01 7.3089565339e-01
-3.0754436234e+00 -1.1332671862e+00 -1.1584587804e-02
-1.6101879547e+00 1.6417494533e+00 1.2227890301e-01
1.4253174860e-02 -1.0199472267e+00 -6.4781702464e-01
-1.4801727775e+00 7.3249465398e-01 -1.8224993732e+00
1.7389034742e+00 6.8393161415e-01 1.7246736986e+00
2.8554123319e+00 -2.2029847945e+00 6.5495539783e-02
1.1952792774e+00 2.0883774187e+00 1.1845366892e+00
-5.9950806316e-01 1.4499623969e+00 5.0413716633e+00
2.2493069703e+00 1.6980856382e+00 7.6805817846e-02
6.7469723003e-01 -4.4063985962e-01 1.3003685405e+00
8.4153292990e-02 4.2221052230e-02 5.9632808055e-01
1.1178518762e+00 9.7557033245e-01 2.1294999019e+00
-1.5815394439e-03 -2.0132102775e+00 -4.3145132863e+00
1.7965793680e-02 2.7718230829e+00 6.3617955576e-01
1.1036240738e+00 1.5930786485e+00 2.6191692818e+00
-4.7427709176e-01 -4.6974613569e-01 3.7134717389e+00
1.8094921753e+00 3.3777353469e-01 1.8195580554e+00
-5.4501590839e-01 1.2552250089e-01 6.6716531419e-01
-2.4010478201e+00 -1.5905236947e-01 -2.1556647878e-01
2.4261260440e+00 1.8158495019e+00 9.5749974528e-02
-2.8519017984e+00 -7.1589943249e-01 -3.9038595754e-02
-2.6170104612e+00 1.7646748083e-01 -2.6136848421e-01
6.4407152600e-01 8.8715313037e-01 2.1304758557e+00
-4.3884223829e-01 1.0507657149e-02 1.4342175947e+00
-1.9744625402e+00 2.5912280808e+00 -4.6699762377e-03
3.2307745978e-01 -4.4270938046e-01 3.5004285783e-01
6.7943408078e-01 -7.0237698601e-01 -1.0046355312e+00
2.3680921628e+00 -2.2491920051e-01 4.7715162245e-01
6.0306714908e-01 8.4707263676e-01 2.0314067666e+00
2.7731038165e+00 1.9685695348e-01 2.0979479734e-01
-8.8891027039e-01 9.5063286833e-01 -5.3402933627e-01
2.8256092561e+00 2.3422195509e+00 5.4034284481e-02
6.2639081395e-01 -9.7434992084e-01 -2.0710521281e+00
-7.6684949162e-01 -8.1091508366e-01 2.6602048142e+00
1.0886881746e+00 1.1456003610e+00 1.9466541810e+00
-3.0361865389e+00 -2.1621436497e+00 -4.9270364817e-02
-1.5284685124e+00 -6.3050562072e-01 -7.4334081916e-01
-1.3815563878e+00 1.4330387213e+00 1.1912155045e+00
2.8997952194e+00 -1.2981907826e+00 -3.2720787380e-03
-5.9873066085e-02 -3.3070025910e-01 2.4404444941e+00
1.3977460063e+00 1.4419488341e+00 1.8272321423e+00
2.0470407971e+00 3.4681442321e-01 1.8460132219e+00
1.3437971335e+00 -3.1435181739e-01 3.2701345361e+00
-1.8251059132e-01 4.8296240853e-01 8.4750172766e-01
2.7061288950e+00 5.9248004775e-02 2.4293160330e-02
-2.0564786701e+00 2.8163417389e+00 1.6426933130e-01
8.9293763887e-01 4.2647155598e-01 2.0567873860e+00
8.4783109173e-01 -6.8126051463e-02 2.4395140665e+00
2.8878208715e-01 4.9621034124e-01 1.4182333452e-01
1.4559096536e+00 5.5404579044e-01 2.6501909543e+00
-1.9041638684e+00 -1.0128171911e+00 -6.8072960125e-02
5.0106595448e-02 2.8551012806e-01 3.2698996232e-01
7.6314691740e-01 -2.9095611672e-01 1.1095560376e+00
-2.3537620969e-01 -4.8521105187e-01 2.9238291493e+00
-2.1883035816e+00 2.9433873176e+00 -1.2888009042e-02
-1.7183730308e+00 -1.1733126288e+00 4.3793517146e-01
-1.4297136038e+00 -9.4703599650e-01 4.7058575964e-01
2.6350404219e+00 -3.1786448897e-01 1.9829526176e-01
2.0829473622e+00 -3.1305716908e+00 1.9434797222e-01
-1.9368003474e+00 2.4915252601e+00 7.0484476232e-02
6.1233352793e-01 1.0107955249e+00 2.9277744638e+00
3.9956557636e-01 -1.4133207678e+00 -4.1093703221e+00
8.3407346200e-01 -7.1088351278e-01 1.2707973970e+00
-5.7582134546e-01 2.1159957015e+00 4.3280156236e+00
-7.2930155931e-01 1.6634841367e+00 3.8636208859e+00
-1.0077701096e+00 1.7011973855e+00 1.8879182788e+00
2.7537561471e+00 1.3105184533e+00 4.1701156997e-02
-6.6860287458e-01 -2.6487399465e+00 -4.9324556355e-01
-8.0163797992e-01 -2.3686898511e+00 -6.0251914787e-01
1.6349728864e+00 2.6805355680e+00 4.1807532054e-02
3.0375573533e+00 -2.0867542909e+00 -1.0330211387e-01
5.1744685830e-01 -7.5661653652e-02 4.9534015652e-01
-1.4728759975e+00 3.5500680373e-01 -2.6749686567e+00
1.1772864979e+00 1.6364412128e+00 1.8445586607e+00
-5.0142061379e-01 8.6612408816e-01 2.5461822117e+00
-8.1787654458e-01 1.1788297654e+00 2.1858270450e+00
1.6979021992e+00 1.7715986058e+00 7.2615906495e-01
-2.2047724660e+00 -2.0811020543e-01 -6.6475503136e-01
-1.5157108219e+00 -5.1474084586e-01 -7.4085813759e-01
-8.6857933622e-01 1.2827118265e+00 1.9712787270e+00
2.9023880693e-01 1.5998702700e+00 7.3319049871e+00
-1.6305539273e+00 4.8201783905e-01 -2.0472133961e+00
-1.5179004221e+00 2.6393664306e-01 -2.6708374431e+00
1.7606546881e+00 2.0987910011e+00 2.9426668697e-01
1.1621148371e+00 4.9441879341e-01 2.4502072590e+00
-8.4391620586e-01 -1.1775449021e-01 6.1401993784e-01
-1.8077282288e+00 -2.9888168378e+00 -1.8965364272e-02
-5.8185871737e-01 -7.7375048930e-01 3.3477411007e+00
8.9426437796e-01 1.2417008984e+00 3.0866111200e+00
1.2760100599e+00 9.3929487861e-01 2.3116989136e+00
-2.5916143959e-01 5.7841454466e-01 5.4998428343e-01
-1.6355124654e+00 1.5222013706e+00 3.1811241047e-01
2.8617923574e+00 2.2033346704e+00 -4.6458166658e-02
-2.1542509156e-01 -3.6750842541e-01 2.7420390128e+00
-1.2601842829e+00 2.1943938652e+00 1.0962485093e+00
-2.1390999184e+00 -7.4866214816e-01 -2.9881915781e-01
2.9140605070e+00 -3.2910884497e-01 6.2881934735e-02
1.2836253927e+00 1.1341155678e-01 3.5378748774e+00
1.0941863360e+00 -4.0651683313e-03 3.0988343022e+00
-1.1562584742e+00 2.8992448393e+00 1.1769142285e-01
1.7426657849e+00 -7.1961806384e-01 1.5203390622e+00
-7.5023744241e-01 -1.9706833214e+00 -1.4145921148e+00
2.8288023142e-01 -7.5051522301e-01 2.2497291054e-01
3.4447636054e-01 3.1162967338e-01 4.3420269269e-02
-5.9739582374e-01 1.2168657318e+00 5.5939580944e+00
-2.9825585495e+00 1.9547728465e+00 8.9895542393e-02
1.0410753221e+00 1.8779058821e+00 2.8554814767e+00
8.5134795915e-02 -7.6047243761e-01 -5.4376149684e-01
-1.3385412848e+00 1.1885528776e+00 -5.4460300953e-01
-1.8373842530e+00 1.8104076069e-01 -1.6596564972e+00
-6.7441595922e-01 -9.8793072083e-02 6.4361418572e-01
-8.3612073042e-01 -6.8007483944e-01 1.6469286743e+00
1.0577246176e+00 -1.3270774824e+00 -1.6439120356e+00
3.2406243860e-01 9.5046555769e-02 2.2974575289e-01
-8.2380936874e-01 2.5974829972e-01 -7.7642891061e-01
2.3544864876e+00 1.2344551704e+00 1.7187377159e-01
-5.4191107011e-01 -6.9576328293e-01 3.3740251123e+00
-1.3469432624e+00 1.3079836768e+00 5.2824857034e-01
-3.2883785329e-01 -5.8923277755e-01 3.7841115324e+00
1.1303242579e+00 1.9690581494e+00 1.3354736652e+00
4.6338105185e-01 7.4182523457e-01 1.2169564532e+00
-2.8336555458e-01 -7.7605853926e-01 2.3544300846e+00
-8.8988106051e-01 1.2811705996e+00 3.3969113234e+00
2.8027017423e+00 2.4768413960e+00 -7.2503192737e-02
-1.9429097855e+00 -9.1646134959e-01 -4.7413283882e-01
1.5098897986e+00 1.3199272911e+00 1.4338176222e+00
2.3260860785e+00 -8.5852757280e-01 3.0298836216e-01
6.1448697528e-01 2.3472133523e+00 1.0682661486e+00
1.6115470403e+00 1.7833625564e+00 9.1051510937e-01
-1.5416411976e+00 1.3048461795e+00 -3.8625874895e-01
-2.5616875796e+00 1.0123861367e+00 -1.6608311228e-01
5.6717333973e-01 -1.0383394337e+00 -2.9228250820e+00
-8.3030647115e-01 -7.1408390332e-02 -2.5333122273e-01
1.6978677066e+00 5.2866631209e-01 1.4408051313e+00
-3.4631057581e-01 1.8180735040e+00 6.8257936691e+00
-4.8620903675e-02 -1.4979771759e+00 -4.9214795476e+00
1.2021864533e+00 5.3535955613e-02 3.2302263228e+00
1.2817170070e+00 1.9359593691e+00 1.2036063703e+00
-1.9506819742e+00 2.0771733594e+00 2.3249203409e-01
1.1992035337e+00 -2.4681545419e+00 -3.6612699022e-01
-1.4033650534e-01 1.5601871035e+00 7.9191043678e+00
-2.6791994284e-01 -8.2600743763e-01 3.3243750198e+00
9.6786318922e-01 5.3634867331e-01 2.2193755369e+00
3.4041071807e-01 -1.8386745139e-01 1.5219449471e-01
-7.2853245765e-01 -4.8920915841e-01 2.6074685679e+00
-1.4133059551e+00 -5.8937573026e-01 -1.1267174867e+00
-2.1625313488e+00 -4.2743455872e-01 -5.3191801984e-01
1.2644030825e+00 5.9725785192e-01 2.4891896774e+00
2.2727033086e+00 1.1450781792e+00 9.3984404691e-02
-2.1593779085e+00 -4.5179381650e-01 -6.9334005599e-01
-2.0736073733e+00 2.7530359514e+00 -1.2076413953e-01
1.4735926779e+00 2.1791282193e+00 4.8779759315e-01
8.9848627812e-01 -2.6261584703e-01 2.3603622873e+00
2.0770858772e+00 6.9517408323e-01 1.1701430623e+00
1.3384180543e+00 -3.5674126483e-02 3.5509915679e+00
2.1397606685e+00 -5.0362205077e-01 8.0481471876e-01
-7.2425196007e-01 9.5273963724e-01 1.1023360279e+00
-8.2319969061e-01 8.6381717014e-01 5.0129715746e-02
-8.1341985237e-01 5.4021401739e-01 -7.7212262032e-01
-2.8405289118e+00 7.7270775997e-01 -2.8337990129e-02
-2.2552862087e+00 -2.3982416483e+00 1.2504223651e-01
-9.2329691141e-01 -2.4451798387e-01 -7.5403507116e-01
1.2063696650e+00 6.2588474951e-01 2.9234426733e+00
-1.3107746632e+00 1.8748355363e+00 1.3706738287e+00
-1.5636914641e+00 3.3330957839e-01 -2.1221449605e+00
-2.0276550897e+00 -2.4161217843e+00 -3.4521106851e-02
-4.1538276029e-01 -2.5858355588e-01 2.8332063922e+00
8.2573944343e-01 -8.3265099875e-01 5.6337732307e-01
1.4694212531e+00 -1.0189484554e+00 9.7162437840e-01
2.9521920972e+00 -1.2236747482e+00 1.2812731275e-01
1.7392672267e+00 3.0577545885e+00 4.2951268544e-03
1.9153798705e+00 1.2851259886e+00 7.0347457495e-01
5.9113888461e-01 -1.3544936447e+00 -4.4982770180e+00
3.6781236737e-02 -2.6177186316e+00 -1.7570129418e+00
1.5629709828e+00 1.6069531522e+00 1.3721827748e+00
-1.5308217570e+00 9.8455909688e-01 -3.5323115491e-01
1.9797102747e+00 2.8980893336e+00 -5.7805368389e-02
1.7029240574e+00 1.4740038806e+00 8.1728335441e-01
2.1238637792e+00 2.4096419526e+00 -2.7382885089e-02
6.5480439058e-01 1.6764150416e+00 5.3276010259e+00
-1.9322929362e-01 1.4075028930e-01 1.2652986114e+00
2.1186329446e+00 -9.5419030607e-01 4.1392951903e-01
-2.3427830206e+00 1.6879477122e+00 -9.1770147703e-03
-6.6496210375e-01 -4.2881630470e-01 2.8038891589e+00
-1.0569784882e+00 2.7640650859e+00 1.9544715917e-01
2.2166641050e+00 -3.6934850468e-02 6.1058198102e-01
-1.7222008708e+00 2.0747545976e-01 -2.5771613901e+00
-1.5615162219e+00 1.3326040281e+00 -3.1737661998e-01
6.7357647833e-01 -5.8594738804e-01 5.6893494269e-01
-1.6594374138e+00 -1.3457986714e+00 2.4091294065e-01
-1.4323330439e+00 1.1660096516e+00 5.2745050930e-01
-1.4725795699e+00 -7.7259310676e-01 -5.4176519430e-01
1.9429225876e+00 1.4698538443e+00 2.1449495999e-01
-1.7488600235e+00 4.7160788565e-01 -2.5446032494e+00
2.4798562069e+00 -1.1324715969e+00 3.4883489742e-02
2.5074670968e-01 -6.2069408268e-01 6.9225075198e-01
1.8064798152e+00 1.7320600328e+00 2.8011574112e-01
4.8956698819e-01 -2.0467519501e-01 5.1224661401e-01
-1.3763153499e+00 7.6696390730e-01 -1.9435872944e+00
8.2760240592e-02 -1.2862279306e+00 -4.2606801079e+00
-1.2140112840e+00 1.5924293132e+00 1.2440945025e+00
1.4908202272e+00 1.5765548742e+00 1.0067822578e+00
-1.3905373363e+00 -9.4775784896e-01 3.9299040235e-01
-1.1992043499e+00 5.4096073983e-02 -2.4727985880e+00
-2.1723310755e+00 -2.9564243780e+00 -4.7166338381e-02
-1.2184899015e+00 -1.8123872625e-01 -1.3760659793e+00
-2.7999475765e-01 -2.4582289122e-01 2.4862357636e+00
-1.2775436982e+00 -1.4557304404e+00 3.2046370193e-01
1.7254614200e+00 9.2869617702e-01 6.2510628581e-01
-4.5584914047e-01 1.7946013077e+00 6.8466157817e+00
2.7290457005e+00 3.8935241579e-01 8.2825218348e-02
-1.2786552268e+00 -2.0287347924e-01 -2.0924662772e+00
-6.1483432954e-01 9.6037881791e-01 1.7684558315e+00
2.5434012099e+00 1.3022834531e+00 4.3651206271e-02
1.6497573053e+00 -2.0012092240e+00 -3.4357165096e-01
-1.2752217844e-01 -1.7201332676e-01 1.9688704259e+00
1.2002280525e+00 1.5202017844e+00 2.1420599394e+00
8.0181167737e-01 5.8224808167e-01 2.0273593760e+00
2.9443713293e+00 -1.0882944071e+00 3.7751074372e-02
1.0080465257e+00 -2.7589301555e-01 2.8853090170e+00
-3.3255909339e-01 7.7210747339e-01 1.8309857849e+00
6.0619312317e-01 1.3140099059e-01 6.5833376554e-01
-1.0087088523e+00 1.1176479924e+00 1.1674781941e-01
1.7027708624e+00 2.5078794663e+00 6.8231520782e-02
1.8236440101e+00 4.6996175844e-03 2.1253575034e+00
-7.8474673023e-03 -1.3895965430e+00 -5.8097687435e+00
-2.1597911416e+00 1.0095646876e+00 -4.8686709646e-01
1.4970001239e+00 2.0019156146e-01 3.1840112062e+00
-1.5520686104e-01 1.6057473353e+00 7.8463608976e+00
1.2022776944e+00 -4.3627945506e-01 3.2910806221e+00
-1.7942874519e+00 1.2383500725e+00 -3.0261133029e-01
1.2127038339e+00 -5.3366434560e-01 1.9510472887e+00
1.2571933179e+00 2.3864678346e+00 3.8940444739e-01
-4.8352443165e-01 1.1668553107e-01 1.9287229678e+00
-4.9120089176e-01 -3.8744958822e-01 3.5934523349e+00
-2.1618089973e+00 3.0380167685e-01 -8.0659057464e-01
9.0230228360e-02 -8.4058711875e-01 -6.9069527425e-01
1.3136836923e+00 -8.2716275220e-01 1.1378310246e+00
3.7862148851e-02 2.3714493545e-01 7.6314189211e-01
-2.7020406932e+00 3.2866739108e-01 -1.6947186125e-01
1.5425484826e+00 1.3133791263e+00 1.2623193325e+00
-1.0712615633e+00 7.1279034631e-01 -2.0130450716e+00
-1.3365465436e+00 6.0615306859e-01 -2.3322231599e+00
2.9021683937e-01 -1.6076510151e+00 -6.5997671567e+00
2.0971132373e+00 2.4237247719e-01 9.1302580769e-01
1.2388990647e+00 1.6757950436e+00 1.9169904343e+00
-2.3282717086e+00 -2.3981936113e+00 5.2781082541e-02
-1.6675443785e+00 -1.0310112617e+00 -1.1424905669e-01
2.4209363071e+00 -2.8285525151e-01 2.4537825701e-01
1.4745215992e+00 -3.0284153094e+00 3.8357497004e-02
-7.0355114970e-01 3.8928943567e-01 1.9452355033e-01
6.3590529010e-02 -4.2292941335e-01 1.5658111555e+00
-1.2352822323e+00 4.3664022397e-01 -2.7625202452e+00
1.5194480816e+00 1.1776031465e-02 3.1743284460e+00
1.7879022817e+00 -4.9368800799e-01 2.0178536430e+00
2.0517901353e+00 -9.7787550379e-02 1.8355678546e+00
-1.0966619313e+00 -1.4750749524e+00 -2.9346995081e-01
2.1223150782e-01 -7.7586105482e-01 3.5857494983e-01
-2.0946598299e+00 -3.0471768834e+00 -3.0717997456e-02
1.1845524983e+00 8.7850477049e-01 2.0601157276e+00
2.1656317799e+00 1.1888261634e+00 1.7369715555e-01
9.0805773189e-01 -1.9078481816e-01 2.0263832192e+00
-8.2121851438e-01 1.7014097013e+00 3.5116348240e+00
1.7200631985e+00 -3.0920439823e-01 2.1524168275e+00
1.0464594238e-01 -9.2645348824e-01 -1.7887020436e+00
-2.2511307400e-01 -9.2415327369e-01 2.6428245123e-01
2.0073083370e+00 -1.6956700429e+00 1.8074991826e-02
1.5918844900e+00 5.8880275131e-01 1.7025681873e+00
2.5556930569e+00 -1.0618737232e-01 1.6084005188e-01
-2.1317499325e+00 1.7060487213e-01 -1.2718035954e+00
1.5924085478e+00 -3.0509798468e-01 2.5570500083e+00
7.5855022016e-01 6.2434027761e-01 1.5102839877e+00
-1.2880994860e+00 2.6540713090e+00 6.0922409260e-03
9.0762941214e-03 1.2803440575e+00 5.4786044779e+00
-6.3494982411e-01 2.5521752444e+00 1.0478738905e+00
6.9575011289e-01 -4.9135490324e-01 1.1585279183e+00
1.8427758168e-01 -5.1006376189e-01 7.1817136807e-01
4.6704636495e-01 -8.6267275787e-01 -7.2964303991e-01
3.0937681267e-01 2.0199215872e+00 6.0442461724e+00
-1.5188775789e+00 -9.5196463067e-01 3.8762028182e-01
-6.2456060451e-01 7.7578573601e-01 -1.8035249554e-01
1.9797420450e+00 2.9545378241e+00 4.7247026858e-02
3.0832844507e+00 -6.3575947158e-01 -7.6279330349e-02
1.7814381231e+00 -3.8063250778e-01 1.9907614689e+00
-1.6896341956e+00 4.5276637024e-01 -2.3552683255e+00
-2.3626134242e+00 -1.2355488438e+00 8.0383599307e-04
-1.7131523351e+00 -3.6829243224e-01 -1.5452050004e+00
-2.0024184732e+00 5.3924403873e-02 -1.2545119785e+00
-2.2946873395e+00 2.9499109907e+00 2.3987486273e-02
2.3441475187e+00 1.7012191149e+00 2.4545546180e-02
1.6189327440e+00 -2.4747309058e+00 -4.7882388421e-02
-9.1212105578e-01 3.0948404195e+00 9.0683344667e-02
1.6079271803e+00 -1.1286194434e-01 2.9310683818e+00
-6.6264374975e-01 -7.7667384225e-01 3.1312434321e+00
1.4110060266e+00 -6.3624406880e-01 2.3138111890e+00
-1.4838482984e+00 7.2480115568e-01 -1.6376373483e+00
-1.0645313651e+00 5.7270683805e-01 -2.1189410466e+00
9.8641552601e-01 2.0913650173e+00 2.2032170635e+00
-6.5367242211e-01 9.4571183082e-01 2.4991164461e+00
-2.4490557454e+00 1.4498744927e+00 6.6031976740e-03
1.9496779930e-01 8.4432051526e-01 2.0278018103e+00
-1.2687845092e+00 9.0947037511e-01 -9.7391264268e-01
2.6413038246e+00 2.5363694485e+00 3.4270429125e-03
-1.9725129901e+00 1.7065511624e+00 -2.4387616733e-02
1.4282386618e+00 -3.7200637725e-01 2.9033499857e+00
7.1871709314e-03 -1.2193504997e+00 -1.9725853938e+00
1.3932945321e+00 1.0900783613e+00 1.6487343497e+00
-2.6219180108e+00 -2.8002891503e+00 -1.2530343687e-02
-4.8027993656e-01 -4.3256403651e-01 3.3527304194e+00
-4.3801531637e-01 4.2290146182e-01 7.5212044826e-01
4.4015430117e-01 5.4991500308e-01 2.8243356882e-01
2.3206078778e+00 1.3582570973e+00 4.4958126939e-04
1.8905967750e+00 9.4273949112e-01 6.6095421968e-01
-5.2936023852e-01 -3.5419638981e-01 3.3138239906e+00
1.7172964060e+00 7.2219630007e-02 1.8842677955e+00
1.3800409303e+00 6.7366413372e-03 3.2849956874e+00
-2.2044954740e+00 2.4101754412e+00 2.1095095842e-02
-1.6767078215e+00 2.6661673064e+00 -7.8638709372e-02
-2.9152425282e+00 3.8476917746e-01 1.5527892489e-02
2.2484008538e-01 -9.8784718212e-01 -2.3407204512e+00
-1.3760728307e+00 -3.2017274727e-01 -2.2466104564e+00
1.8697147036e+00 7.8661236818e-01 1.0974840446e+00
1.9152411620e+00 2.4654033358e+00 4.1414484738e-02
2.3730543441e+00 1.3535875646e+00 2.2578659727e-01
1.9952615593e+00 3.2453082417e-01 1.3469702527e+00
1.7397344321e+00 1.1340249302e+00 1.0554262673e+00
-3.6335986100e-01 -3.0843217883e-01 2.8599460912e+00
-1.1371380312e+00 4.8013204622e-01 -2.7233854778e+00
-1.5067091404e+00 7.2681268941e-01 -2.1030071524e+00
2.4580043032e+00 3.0253421399e+00 9.8757967509e-02
-2.9747035933e+00 2.1950651565e+00 1.0579810202e-01
-2.1232682350e+00 3.1210632031e-01 -1.0274550107e+00
-6.5593420171e-01 7.6912355327e-01 2.2288608856e-01
-1.8728717158e+00 2.4956663568e+00 1.1673080163e-01
1.2308885973e+00 -1.4237508899e+00 -2.0304364044e+00
-5.7780085140e-01 3.3551680123e-01 9.0944888601e-02
2.4151865493e+00 6.4132027280e-01 1.8187547512e-01
-1.9175500915e-02 8.7360254681e-01 1.8568455604e+00
2.3529610929e+00 2.3460628350e+00 -7.8237443741e-02
2.0444587240e+00 1.9373057450e-01 8.5596648873e-01
-2.0809918900e+00 4.1501236598e-01 -8.0336039383e-01
1.3874992924e+00 2.4920664073e+00 4.2645494527e-01
-1.8558464406e+00 -3.2352624891e-01 -1.4241941581e+00
-1.1495127480e+00 -4.7758732158e-01 -7.4067963779e-01
-3.0143640424e+00 8.2543157883e-01 -2.4085921092e-02
1.7108918150e+00 5.4370984709e-01 1.3548757931e+00
1.8122975896e+00 -6.3934404450e-01 9.9004930797e-01
-7.5658053647e-02 -2.0010280390e+00 -4.9874427973e+00
-1.0103578917e+00 9.9112160771e-01 -7.7593958804e-01
1.2387726593e+00 1.8088030587e+00 1.4275298975e+00
5.9653399976e-01 1.5024156606e+00 5.7426819159e+00
-7.6960172495e-01 -1.3441224883e+00 2.5742791406e-01
2.3116209934e+00 9.1845314622e-01 2.0903369390e-01
-1.1640514642e+00 2.8319116003e+00 2.1686422829e-01
-1.4339325626e+00 8.5079430833e-01 -8.1031573602e-01
-1.9963401633e+00 2.9764156305e+00 1.0372814330e-01
6.3995195314e-01 -5.9950653154e-01 7.7297171247e-01
1.4778223256e+00 -6.0848745471e-01 1.9601576155e+00
3.0128748165e+00 4.0146375651e-01 -5.1664028975e-02
8.2853899470e-01 -1.9766509165e+00 -2.4047316184e+00
1.0598923470e+00 1.2260048556e+00 2.3855909170e+00
-7.8895438536e-01 -1.9215902050e-02 -1.1902737212e+00
1.6703608313e+00 1.9192680776e+00 4.0848989723e-01
-8.9482221636e-01 4.4665336243e-01 -2.0223997901e+00
-6.4966008983e-01 -3.9741339557e-01 1.6528996462e+00
-2.4716759158e+00 -2.2604412118e+00 -1.5775708555e-01
2.9482942727e+00 2.3007767500e+00 7.8658842854e-02
1.1399300789e+00 2.6846734064e+00 1.4051667572e-01
-1.6450662194e+00 -2.2068853245e-01 -2.2870312272e+00
-4.5005116991e-01 -3.9925533367e-02 1.4271754402e+00
-2.0629192619e+00 7.3744854060e-02 -8.4479529584e-01
8.7136202950e-01 8.3124735201e-01 1.9773884073e+00
2.7496373773e-01 -2.7273036030e-03 6.1121219859e-01
-9.8922837884e-01 1.1083114977e+00 2.3725231292e-02
1.0526329026e+00 -4.3380677799e-01 2.8372490544e+00
1.1567506981e+00 5.4817050144e-01 2.3678253184e+00
-3.6201477281e-01 -2.2490661978e+00 -3.0561062827e+00
1.7537575418e-01 -1.2477411134e-01 4.4015520723e-01
1.2097397022e-01 -1.1786758759e+00 -2.5646152690e+00
1.5164216543e+00 -3.1521755981e-01 2.8138025115e+00
-1.1524800362e+00 -1.2421372493e+00 4.7347016715e-01
-1.9545199548e-01 -5.7027485741e-01 2.9813640880e+00
2.1850244815e+00 2.0386854768e+00 2.8739623823e-01
4.4673454550e-01 2.9967007204e+00 2.8344328511e-01
-6.0815221448e-01 2.5502940401e+00 9.2991158490e-01
1.6148300406e+00 1.0181408066e+00 1.1330701039e+00
1.5863466810e+00 1.6521989284e+00 7.7336400297e-01
1.6764054728e+00 2.3972892472e+00 6.1600993035e-02
-4.1492743506e-01 2.4181165696e+00 1.9699287586e+00
-8.3779880934e-01 -2.1372316394e-01 -4.0486747524e-01
-1.5182906286e+00 1.1266111148e+00 -3.4527133311e-01
1.1259509786e+00 1.1999099929e+00 2.4421598391e+00
-1.2492134697e+00 1.1756730384e+00 5.2108784616e-02
-1.5666217154e+00 1.9961023209e+00 6.1638646201e-01
-1.6484773720e+00 -1.1127276950e+00 1.7243374283e-01
-1.1707058977e+00 2.1112601531e-01 -2.8006997869e+00
-2.9133463874e+00 1.6899011783e+00 -1.0287660848e-01
-1.9195250602e+00 2.0828055611e-01 -1.3063974525e+00
-1.2598555712e+00 1.1451824046e+00 -5.8059693868e-01
-2.1611630015e+00 2.2546742866e-01 -6.3892269761e-01
-1.9343174744e+00 2.1440958092e+00 -4.5224980308e-02
-1.9503279181e+00 2.1134659844e+00 1.5260724341e-01
-1.0766949501e+00 2.9577535733e-01 -2.6071949998e+00
1.0786286170e+00 1.3155816382e+00 2.4268886156e+00
1.8262534540e+00 -3.6401786507e-01 1.9050381660e+00
-1.2260369768e+00 -3.0894213428e+00 5.5318284218e-02
-1.9093356111e+00 1.1689657504e+00 -4.9107128175e-02
-1.6778394822e+00 -2.8214898008e-01 -1.1623576831e+00
8.8870391103e-01 -8.9978649533e-01 3.4854086696e-01
-8.5964448685e-01 1.4663644525e+00 3.8954709426e+00
-3.0937438129e+00 1.0383373420e+00 7.9827460120e-03
-8.8799011108e-01 -1.3097055245e+00 -3.3224596393e-01
8.9411763474e-01 1.5660639305e+00 3.3666766349e+00
1.8182352996e+00 1.4291501499e+00 8.2434735808e-01
-1.8066359742e+00 1.6142516046e+00 6.9015803884e-02
1.4340595437e+00 6.7565960891e-01 2.1283970048e+00
-2.1355545385e+00 2.8722804030e+00 1.0447168271e-01
1.8586637501e+00 -4.5814396629e-01 1.1837369810e+00
-1.2584884958e+00 1.3798326743e-01 -2.7769197028e+00
2.5898124224e+00 -2.4494661946e-01 1.4355067973e-01
-9.0989344176e-01 1.4822280463e+00 3.8607890221e+00
-1.5274209556e+00 -4.0263331873e-01 -1.1055680126e+00
1.1207476292e+00 2.1546982293e-01 3.4422983722e+00
-3.0277906167e+00 -9.7558094078e-01 3.7685316979e-03
-2.9898087735e+00 3.0272337839e+00 -2.0186149143e-01
2.1646128961e+00 -1.6370387000e+00 -9.5721107128e-03
9.3273219649e-01 -1.2171915197e+00 -1.0460967728e+00
2.2584857334e+00 1.7725366582e-01 4.8322880531e-01
-2.8481603172e+00 -1.3989979944e+00 1.0829671121e-01
1.9156978298e+00 -2.6034681000e+00 -1.4605144587e-01
2.1550833669e-01 -4.9462237131e-01 7.0475096143e-01
2.0231159589e+00 2.2588689877e+00 1.2773744528e-01
-2.4140264902e+00 -1.3055570998e+00 2.0825326520e-01
2.7352602759e+00 -1.8429195524e+00 1.9429467510e-02
-1.7994825314e+00 1.8096833352e+00 1.9295965142e-01
-5.9904703519e-01 6.2386565631e-01 7.7762556616e-01
1.4142261161e+00 -1.1510505315e+00 2.1375593865e-01
-1.1209568655e+00 4.8133369880e-01 -2.3994625776e+00
1.3390379868e+00 -1.7046826802e+00 -1.3113843463e+00
-3.0659387449e-01 -2.1706223649e-01 2.8509011629e+00
2.2355422926e+00 6.3934757661e-01 3.2049859414e-01
-1.3963047606e+00 7.3322747997e-01 -2.3710390904e+00
1.1295397176e+00 1.8795151755e+00 2.0754752754e+00
-6.4523223865e-01 -2.8991354299e+00 -3.2105630971e-01
-7.6929223803e-01 -2.0962710551e-01 1.9148792831e+00
1.3363039082e+00 1.3240308678e+00 1.7700831718e+00
-5.9001608431e-01 -1.3903001551e+00 9.5259798381e-01
1.6847599516e+00 -7.5596131958e-01 1.1008643785e+00
-1.1033824061e+00 1.2635568272e+00 1.3340345652e+00
-1.7090630192e+00 2.4234733428e+00 8.1562517789e-02
1.1675049688e+00 1.8625184019e+00 1.8067665134e+00
7.2898772339e-01 -9.3246472825e-01 -1.5309339814e+00
-6.6500172458e-02 -2.5639975511e+00 -1.4929800326e+00
1.0398201851e+00 1.7209781367e+00 2.8688063958e+00
2.8420124857e+00 1.4485173377e-01 2.6523717673e-02
-3.0755129381e+00 -2.0587126476e+00 -1.6697576681e-01
1.1378670319e+00 1.6855435443e+00 1.7308332524e+00
6.1558490907e-01 -3.0610319668e+00 -2.6197917580e-01
1.0243387403e+00 3.0609555944e+00 4.1276770270e-02
-5.6399069465e-01 -8.4220078649e-01 3.3929690733e+00
1.4537218634e+00 1.7587421754e+00 9.2111422528e-01
-1.9614633112e+00 9.6544977940e-01 -3.8925018917e-01
-1.7201156099e+00 1.7272764541e+00 1.9253714514e-01
-7.9627408599e-01 1.7031527120e+00 3.1528986622e+00
-4.4047252398e-01 -1.9963879434e+00 -3.1525427661e+00
1.7877571911e+00 5.4326310800e-01 1.6357250948e+00
9.3896405843e-01 -6.1572803063e-01 2.2202551729e+00
-1.2015652644e+00 1.2701563850e+00 1.5274067575e+00
1.5492484164e+00 5.9996300743e-01 2.1120018321e+00
1.7258417312e+00 1.5772592566e+00 5.7420247562e-01
1.0964585114e+00 1.6686646649e+00 1.7244568233e+00
9.4911258517e-01 -1.1243295642e+00 -1.4681142141e+00
3.9479883665e-02 -1.0907147288e+00 -3.9131999530e+00
-3.6426666297e-01 -4.4695573419e-02 2.1484435984e+00
1.5824667580e+00 1.3917494065e+00 1.0282274926e+00
1.9706852555e+00 1.5937901334e+00 3.5303218921e-01
-9.5799955444e-02 -5.5925015666e-02 1.6337686601e+00
-1.0820997015e+00 2.0014171397e+00 1.6809046057e+00
6.7986657274e-01 5.8639549576e-01 9.3002843335e-01
-1.3180711645e+00 1.5396515409e+00 1.2820511943e+00
1.4731176940e+00 2.7705346935e+00 1.3803569148e-01
8.6208585333e-01 8.5728942195e-02 1.4599410846e+00
-8.3672741495e-01 2.3344124581e+00 1.2624570235e+00
1.4579879218e+00 -2.9810386918e-01 3.2052004465e+00
-9.4357431362e-01 -5.0451211183e-01 6.5673094457e-01
-1.1986668170e+00 1.2929952639e-01 -2.7398779210e+00
-1.2198767749e+00 1.9838376608e+00 1.1305715813e+00
-2.9945644692e+00 2.3559565543e+00 6.4762895544e-02
1.2064639207e+00 1.5349688453e+00 2.0733906602e+00
-6.7241806822e-02 -6.8934845165e-01 9.4184562570e-01
-1.0027752358e+00 -1.8822120604e+00 -5.1119070533e-01
-7.6748962849e-01 5.3271363031e-02 -6.7566113584e-01
-5.6242623404e-01 2.0399372245e+00 4.3813815026e+00
6.9016064583e-01 1.8408891059e-01 7.7859911956e-01
2.9210403991e+00 -4.3055104428e-01 7.8850503279e-02
-8.8457641285e-01 1.5469459466e-03 -8.3447370051e-02
1.3690193844e+00 1.2647232569e+00 1.6227636357e+00
2.4412473007e+00 3.1970454772e-01 3.9147520530e-01
5.0754215284e-01 -4.5779928031e-01 6.2480753911e-01
-2.7744703241e+00 -1.0672959288e+00 -5.7119192886e-02
1.5316672613e+00 3.7468211856e-01 2.4185829683e+00
5.3754459749e-01 2.6751271556e-01 1.6490833050e+00
-1.6634528467e+00 -1.2441316658e+00 2.2476990496e-01
-6.8429102344e-01 8.3110901435e-01 1.1876729341e-01
8.9008482071e-01 -6.7082956281e-01 8.1873655930e-01
-1.8571920686e+00 1.5360143951e+00 8.4613600435e-02
-9.2516442475e-01 2.7686660135e+00 4.4236096722e-01
-1.8984193783e+00 -6.5833516449e-02 -1.9088241241e+00
-1.2921557187e-01 -5.8181212712e-01 2.9123338420e+00
4.5349812908e-01 -1.2184387810e-01 3.4450982756e-01
1.6665290255e+00 -5.5134318246e-01 1.8484158187e+00
-1.0581471116e+00 3.6119914980e-01 -2.6821860025e+00
-7.9952293540e-01 -6.1416389857e-01 3.1716083754e+00
-2.0383792348e+00 1.5190704546e+00 -1.5011269394e-02
-8.1947537615e-01 -2.9755130042e-01 1.1758867162e+00
-2.3638364884e+00 1.5066574529e+00 1.7192590779e-02
2.9685184470e+00 2.2985545002e+00 8.5846207680e-02
-2.9764275205e+00 8.7532247854e-01 1.7354102114e-01
1.6965651156e+00 9.9973043924e-02 2.9619514038e+00
-2.2442254551e-01 -2.2279459463e+00 -3.0857752318e+00
8.9764155687e-01 9.4760406062e-01 2.3169070315e+00
1.7239175364e+00 1.9041091329e+00 4.3598058792e-01
-6.2486824665e-02 -3.3661346590e-02 1.2418625074e+00
-1.5258930483e+00 6.7352350366e-01 -1.5656051435e+00
-1.4307138984e+00 1.2177708885e+00 -2.9032703858e-01
-1.7513401810e+00 -2.4168117703e+00 -5.1193628111e-02
2.1675042128e+00 1.6010907016e+00 -5.8830370628e-02
-1.7908069654e+00 -5.9556872450e-01 -8.7819442990e-01
-1.6482185865e+00 1.9491244292e+00 1.5025616452e-01
-1.6479502290e+00 5.6362879115e-01 -1.8137264511e+00
-1.6135835306e+00 -4.3617089535e-01 -1.6377502976e+00
1.0130560379e+00 1.6942359321e+00 2.8176803621e+00
-1.5109147579e+00 -6.3049076139e-02 -2.2610152350e+00
1.4105580838e+00 -1.3595740737e+00 -5.3006036094e-01
3.2129193327e-01 5.5882728752e-01 1.8392764437e-02
1.9246206476e-01 -7.3659325499e-01 9.2212655819e-01
5.9817883656e-01 -1.0270136288e-01 3.8862909956e-01
1.2438201569e+00 7.2013454175e-01 1.9472156409e+00
1.1903836800e+00 2.2516738022e+00 1.7034523638e+00
-1.3996173531e-01 1.8998344638e-01 1.1432445006e+00
-1.2764216026e+00 8.0896126482e-01 -1.9195853664e+00
-5.7410408219e-01 1.6853303250e+00 5.2912472200e+00
1.7970067618e+00 3.0713324169e+00 -6.8994752494e-02
1.1551942203e-01 -3.4349622449e-01 1.7066600099e+00
1.0447675270e+00 1.7932286930e+00 2.3829667109e+00
1.3630406207e+00 8.7600230884e-01 2.1803477856e+00
1.2095471153e+00 1.5824928380e+00 2.2045382300e+00
-2.9166089950e+00 5.5797976376e-01 5.1884241743e-02
4.3350228304e-01 -1.2282648237e+00 -2.1017947187e+00
-3.0329027039e+00 1.9056258511e+00 -1.0230266498e-01
1.1628610789e+00 -1.4289944264e+00 -9.5257647472e-01
1.9499486941e+00 1.2661900728e+00 4.4452005757e-01
-2.5736283608e+00 -3.0348180758e+00 -9.0719908946e-02
-1.0267659301e+00 3.0123334123e+00 3.3447494622e-02
1.0005921394e+00 8.6535326822e-01 2.3464045205e+00
-4.4077772020e-01 -1.4492370174e+00 -2.3194242963e+00
3.0485457250e+00 -3.8081725430e-01 1.6814143454e-01
2.4607015569e+00 -2.4224852254e+00 8.3227826413e-02
-1.4719237569e-02 -2.8900455703e+00 -3.1937512712e-01
1.8405107444e+00 8.5692709169e-01 9.9808159476e-01
-1.3337786158e+00 5.5605061278e-01 -2.4781581602e+00
1.4242229710e+00 2.1799038961e+00 7.0992681840e-01
1.8411808455e+00 -4.4448664523e-01 1.3316034793e+00
2.2599543222e+00 2.0979909102e+00 5.3660072738e-02
-1.9209276850e+00 8.0509353762e-01 -8.9201394361e-01
1.1488257005e+00 -3.9595159081e-01 2.8109101654e+00
1.4508688882e+00 1.4467743204e+00 1.5705603467e+00
-4.4970684456e-01 3.9401564295e-01 6.4703037385e-01
1.8144329486e+00 -4.7961493632e-01 1.5613678092e+00
-1.2286980606e+00 1.9602555272e-01 -2.8035792533e+00
2.3142035923e+00 2.5772644296e+00 6.8300876091e-02
-1.3069337713e+00 2.0912114757e+00 1.0482584790e+00
-2.8697956409e+00 1.4692902300e+00 -1.8166246361e-01
1.2359721077e+00 1.6746204687e+00 2.2037801674e+00
3.0928170346e+00 -1.0232372029e+00 7.7636254454e-02
1.1765480803e-02 -7.1441680665e-01 7.8476879515e-01
-2.8831550841e+00 -8.5218015301e-01 -4.2816000437e-02
1.2056413609e+00 -5.1214885305e-01 3.0157852547e+00
-7.6635509023e-01 -1.0268797501e+00 2.1455472698e+00
2.0717474537e+00 2.2913111878e+00 4.3763303199e-02
1.2990128696e+00 8.7706501140e-02 3.7515092238e+00
1.4481298254e+00 9.1607406279e-01 1.3420918853e+00
4.8422468834e-01 -6.6805001348e-01 -2.8531124782e-01
-1.4201734826e+00 -8.9076071430e-01 3.2385296148e-01
-1.1780030604e+00 -1.2887886110e+00 8.3074837891e-01
-1.1741303909e+00 1.3729549349e+00 1.6151300035e+00
-5.4257251667e-01 -1.3090042164e+00 -9.8851439762e-01
-2.6105698250e+00 1.0601777524e+00 9.1872354300e-02
-2.2735331048e+00 2.8922255979e+00 1.1795382710e-02
3.4832841261e-01 6.7604297528e-01 7.2003896831e-01
-2.4181953542e+00 8.5799356743e-01 -1.1754584969e-01
-1.1022602813e+00 3.0232939449e+00 2.0446354836e-01
1.4138543420e+00 -1.0639527901e+00 3.7663957310e-01
-1.2123527011e+00 -1.4011603591e+00 5.9736446513e-01
-1.4161638164e+00 -6.5170345755e-01 -6.0900624145e-01
2.1733818740e+00 1.1346814951e+00 1.2595100138e-01
1.3019716898e+00 3.8925040725e-01 2.7979127850e+00
-1.8842949749e+00 6.7933826733e-01 -1.3875990427e+00
-1.0697994840e+00 -5.4611703036e-01 -8.7292953667e-01
-2.4638756016e-01 4.0551228139e-01 7.3340629619e-01
-2.5597607142e+00 8.4343853065e-01 -1.2609566060e-01
-1.1863582986e+00 8.7976134849e-01 -8.5466033163e-01
2.0194251996e+00 9.2606294948e-01 9.8849025735e-01
4.9546425908e-01 -5.9101514551e-01 2.1500667279e-01
-7.1028868486e-01 -6.0012469122e-01 3.3199630360e+00
-3.1912368815e+00 -2.0109400225e+00 -8.0355153569e-02
2.4443286555e+00 -1.2154111659e+00 1.9302323131e-01
-1.6441209260e+00 1.7245326263e+00 5.2590254525e-01
2.3009223760e+00 8.3226104663e-01 6.7319901357e-01
-2.8636666730e+00 6.0121624753e-01 -1.2067096063e-01
2.8642490427e-02 -3.0642019965e+00 -2.5364582490e-01
1.8826918160e+00 -9.1896802338e-01 7.4985819729e-01
2.7170636985e+00 1.6820652131e+00 9.7004692303e-02
-9.7338717283e-01 2.0467771061e+00 2.0876504677e+00
-1.2566148654e+00 9.6640926134e-01 -3.7219932066e-01
2.5880869507e+00 2.5012368093e+00 8.6745980975e-02
-1.5854501604e+00 1.7413422861e+00 4.1134288962e-01
2.1437779323e+00 1.7132859007e+00 2.2926957128e-01
1.2885647878e-01 1.3992831619e+00 7.2517113981e+00
6.8509948122e-01 1.0381754447e+00 2.3578942791e+00
-5.7602487967e-01 -2.3327879689e+00 -1.2051482495e+00
-3.0623412492e+00 -1.4317056770e+00 -3.1265429084e-02
-1.1144447531e+00 -2.4189832943e-01 -2.4615767244e+00
3.8719527691e-01 2.9406968643e+00 5.1010652115e-01
-6.5787764026e-01 -2.3551160004e+00 -8.3809273471e-01
-1.8296946357e+00 2.2899030597e+00 1.5075998453e-01
-2.6315062847e+00 2.9012480906e+00 -2.1414569243e-01
-1.3918646760e+00 -2.7651378176e+00 -5.9276049314e-02
-2.2517914114e+00 4.2886184661e-01 -9.0149465793e-01
-1.9209383178e+00 2.4987149414e+00 -1.0324072240e-01
9.9139124406e-01 2.1345430344e+00 1.1403074143e+00
1.6597781983e+00 8.3846327111e-01 1.6042830473e+00
2.2484341534e+00 3.0170540623e+00 7.0972119919e-02
-9.6639020017e-01 6.8177228860e-01 -1.8097169941e+00
-3.9262712283e-01 -2.9173935383e+00 -2.6727595614e-01
2.0761073582e+00 1.5338850888e+00 3.4621839702e-01
-1.4510244362e+00 2.5020281198e+00 1.4289430600e-01
2.3093806257e+00 1.0407421914e+00 2.7225421599e-01
2.4036260275e+00 -5.2445142610e-01 4.5315202639e-01
-3.0673484721e+00 -2.0403264328e-02 3.0039111398e-02
-2.4383271760e-01 -5.5751219940e-01 3.2160599292e+00
-2.9678247835e+00 -1.4684253636e+00 5.1008700208e-02
2.8828035575e+00 -9.3361653794e-02 -8.5333461672e-04
1.9649997345e+00 1.1770971346e+00 5.1983516218e-01
-2.5967955428e+00 9.6063066036e-01 -1.0032846896e-01
2.9230472273e+00 1.2373786021e+00 1.0923777153e-01
4.7850857372e-01 2.8376881826e+00 2.8687685354e-01
2.3153232290e+00 1.9988504390e-01 3.6606257392e-01
2.0038130086e+00 3.1121929884e+00 1.6850981257e-01
-2.0527627142e+00 1.4535558112e+00 -2.8926388148e-02
2.2861713982e+00 -3.0318939634e+00 -1.6514058231e-02
-6.4389829697e-01 -2.9684959137e+00 8.1784943124e-02
2.0395868713e+00 4.6332052595e-02 1.2760088942e+00
2.6734366764e+00 4.5243068630e-01 7.2701142642e-02
1.5964314465e+00 1.2043764539e+00 1.2229666087e+00
-2.3113253411e+00 1.0632866746e-02 -7.5393137642e-01
-5.2262099925e-02 2.6631173571e+00 7.6585674437e-01
-5.5917796789e-01 1.1597537611e+00 4.6060427412e+00
-5.2147460358e-01 -7.4336137096e-01 3.2468544998e+00
5.8089127489e-01 -1.2428170894e+00 -4.7447127679e+00
1.9667234455e+00 -3.7218077999e-01 1.3870773549e+00
-1.2602372300e-02 -6.2684466083e-01 1.3567740289e+00
-8.9573312451e-01 1.8339251817e+00 1.8336219389e+00
-2.4012911427e+00 2.9118369032e+00 6.4344435375e-03
2.5283601112e+00 -4.2269510250e-01 1.8769804253e-01
1.8174094533e+00 5.9914139703e-01 1.1150617540e+00
-1.7158237286e+00 6.3933014683e-01 -1.4681004699e+00
-5.7450823895e-01 8.2431432736e-01 1.0358776570e+00
6.8081394062e-01 1.3810612254e+00 4.5299072139e+00
-8.1595051208e-01 -9.5775311927e-01 2.4509863814e+00
-3.6662894664e-01 -1.5066237814e-02 1.9853563277e+00
-8.1260260771e-01 1.2854144039e+00 4.2065891291e+00
-1.2934431333e+00 7.9130551510e-01 -1.7046180882e+00
-5.5462790972e-01 -6.0653381326e-01 3.7745445141e+00
-8.1251937707e-01 -1.5214749503e-01 -1.1392615272e-01
-1.2443218276e+00 1.1497931474e+00 1.2832731473e+00
-1.6867856817e+00 5.3863844307e-01 -2.0453047173e+00
3.4263649486e-01 5.5128590823e-01 7.7266242307e-01
1.0447729902e+00 -1.2293429814e+00 -1.7030040371e+00
2.1373823774e-01 -1.8108345634e+00 -6.1984834429e+00
-1.1230803752e+00 -1.5657519492e-01 -9.5107409549e-01
4.4267530849e-01 1.5233833577e+00 5.6500532936e+00
9.8820442175e-01 -6.9422636910e-02 3.2367583856e+00
5.8222871649e-01 2.7124882127e-01 6.2496516158e-01
-2.1845323403e+00 2.5036286666e-02 -6.6520885581e-01
1.2480452297e+00 3.7170052404e-02 3.6277546718e+00
-1.5285317874e+00 7.7466692796e-01 -2.0407184699e+00
-2.6976069115e+00 -5.9494841370e-01 -6.5807731853e-02
1.7752780998e+00 -1.7393666218e-01 1.9156320818e+00
2.5428564123e-01 -1.5297930324e-01 1.8854835032e-01
-9.7885941617e-01 6.6700204421e-01 -1.0640734071e+00
-5.5203557990e-01 -2.3010908124e+00 -1.1424684687e+00
-2.1504831930e+00 1.2761862241e+00 -2.4561234221e-01
2.0194294987e+00 1.4554175322e+00 2.4557970354e-01
2.1948451623e+00 1.1110609372e+00 4.1261942675e-01
-1.5966643899e+00 2.5989553572e+00 1.8316308933e-01
-2.7130697059e+00 2.6339853090e+00 -1.2017482350e-01
1.8564663892e+00 -5.0317652612e-01 1.6233138548e+00
-3.0485222532e+00 -5.6534796983e-01 -1.4053053041e-01
-1.5913567872e+00 2.1226237000e+00 3.1183784637e-01
6.7367897652e-01 -1.2355587041e+00 -2.9113727211e+00
-2.0879314162e+00 2.8234536167e-01 -1.0208205729e+00
-8.6506194121e-01 6.3860803680e-01 -9.1249541325e-01
-2.3566019170e+00 1.0202340632e+00 -2.8799592533e-01
-1.6658867498e+00 1.5224565257e+00 1.7689536720e-01
1.5689956894e+00 5.0574190707e-01 2.8568328169e+00
-3.3937415470e-01 5.6319763552e-01 7.6408658619e-01
-1.5286004172e+00 -3.1213633343e-01 -1.8214210503e+00
2.8537899792e+00 -2.8299598437e-01 3.1254987218e-01
-2.2500936906e+00 2.5666707309e-01 -1.0194894838e+00
-7.3811602538e-01 3.2253019429e-01 -1.3824168855e+00
1.8345669803e+00 -2.2495177207e+00 -1.1793971467e-01
2.7612874813e+00 3.4148638444e-01 8.4705915014e-02
-1.4388788191e+00 -3.2775744882e-03 -2.6778566142e+00
1.7704090307e+00 3.4520243171e-01 2.0223144153e+00
1.7689817232e+00 1.6284114866e+00 8.8226879756e-01
-1.8956019135e+00 1.8436699034e+00 1.3371114669e-01
2.9358360953e+00 2.5224705385e+00 -7.0350419221e-02
-2.3265209033e+00 1.5803786869e+00 1.3633422288e-01
-2.1564762755e+00 1.4286926134e+00 1.3247741433e-01
-3.3898177470e-01 1.3292434284e+00 7.3233627983e+00
-2.4820862842e+00 -1.7015869497e-01 -2.0312667882e-01
2.0222975947e+00 1.3769218330e-01 9.4511507773e-01
-1.3601716639e+00 1.3697264049e+00 2.7949703433e-01
-2.9847918303e+00 -7.2177595638e-01 2.2070275596e-02
-3.0140844188e+00 2.6887463859e+00 -5.6751636417e-02
5.4241514420e-01 2.5290852022e+00 7.3953206466e-01
-1.6610312509e+00 -5.6765373732e-01 -1.1170014258e+00
1.3943460605e+00 1.1838505126e+00 1.6537168744e+00
-1.8900867161e+00 -2.2892267368e+00 1.1291451444e-01
-1.1684636937e+00 -1.0984834574e+00 6.1572836619e-01
-1.7518300185e+00 1.8623397256e+00 2.9637666250e-01
1.6193619243e+00 7.2670953444e-01 1.5987075127e+00
-3.7213450252e-01 1.6847439346e+00 6.7862487247e+00
1.4829719655e+00 -1.5513955587e+00 -3.1108636683e-01
-2.9808937723e+00 -1.3002308933e+00 -1.6517506979e-02
1.4521438612e+00 -1.2415182899e+00 2.4722782223e-01
-1.3891119520e+00 -2.9158360391e+00 -9.2085505688e-02
-1.6909664436e-01 1.0131390006e+00 4.8176311936e+00
-1.6732568265e+00 -7.2300187032e-01 -3.9190153170e-01
-2.0922529487e+00 -1.8484487813e+00 6.7641198617e-02
1.3962321219e+00 2.0877813117e+00 4.7775228879e-01
9.6759216505e-01 -9.1883588860e-01 -4.4605059258e-01
-1.8039261885e+00 2.2936828885e+00 9.4060548375e-02
-3.3343358502e-01 1.9558129600e-01 1.5374213791e+00
-1.8751733994e+00 -4.6787856980e-01 -7.3355188244e-01
-1.1202541250e+00 1.2797116604e+00 1.1400385387e+00
-1.5131143175e+00 2.5905511525e-02 -2.6592462539e+00
-6.1071353963e-02 -2.6099402164e-01 1.6480812229e+00
-1.7379808331e+00 6.0430934139e-01 -2.6543447282e+00
1.2455885796e+00 1.1265946466e+00 2.0835344170e+00
1.5770348386e+00 -3.9151751651e-01 2.5210361160e+00
6.6339858619e-01 1.0581446577e+00 3.8691586859e+00
-7.7387888753e-01 1.7661868904e-01 -8.7354403126e-02
-1.3559278214e+00 5.2702045575e-01 -2.4864668710e+00
-1.3121340414e+00 -7.8596978640e-01 4.6886430322e-01
1.6184280221e+00 4.5193807668e-02 2.6236080289e+00
-2.7119476337e-01 -1.0156562522e+00 2.1070315013e+00
-2.3292141800e+00 3.7467576244e-01 -4.0247494982e-01
-2.9906996471e+00 -8.8040745132e-01 -2.2283591844e-02
-1.7088075931e+00 6.8760392188e-01 -1.2245175542e+00
-1.9320461543e-01 6.7064245283e-01 1.3858391830e+00
7.3194486717e-01 -3.8907332686e-01 1.9709234140e+00
-7.9878142866e-01 -3.2819785351e-01 7.0478818473e-01
-2.0916158104e+00 1.5727617876e+00 -1.8617397639e-02
2.6613474110e+00 1.1934264602e+00 9.5609583131e-02
-4.7757736381e-01 2.3903562083e-01 8.1508331026e-01
-1.5958709278e+00 1.1171528247e+00 -5.6443614638e-01
2.0863403213e+00 1.6050334251e+00 1.9017156760e-01
-1.3926925613e+00 -3.9368542808e-01 -1.5772820510e+00
9.7416623033e-01 -1.3232080258e-01 2.4177799310e+00
2.1814163755e-01 -7.6807171152e-02 2.6807628400e-01
2.1473942230e-01 9.3608737120e-01 2.1430900336e+00
-8.5841584158e-01 6.6206176636e-01 -7.8531917377e-01
-1.0838662555e+00 -1.1896109107e+00 1.2111563782e+00
-2.8897346964e+00 8.7687032265e-01 2.9711039115e-03
1.1360057177e+00 -1.7880451210e+00 -2.1027290171e+00
2.1058036782e-01 -5.6417002446e-02 6.2866996347e-01
-3.0969643953e-01 -5.6203066677e-01 2.9194224083e+00
-8.5826210393e-01 1.4299967905e+00 2.3576604148e+00
2.8474978429e+00 2.3190537854e+00 -2.4154407087e-01
2.1608052246e+00 8.4014262313e-01 3.2387185108e-01
-6.9278269339e-01 -1.1115437233e-01 1.6692642848e+00
1.8047825124e+00 -3.6702922694e-01 2.1653060005e+00
2.2802909361e+00 3.2960668916e-01 7.2572465668e-01
2.5904738276e+00 2.5534264895e+00 -3.6081465274e-02
-2.3357042909e+00 2.7513065396e+00 1.9199439777e-02
-8.9677668084e-01 2.0132449812e-01 -1.1316292338e+00
2.2961432769e+00 8.5528466229e-01 2.6593811045e-01
1.5511036373e+00 -4.2287371640e-01 2.9807388504e+00
-1.3785241787e+00 1.0792670521e+00 -6.5253819164e-01
-1.3073214705e+00 3.6272979810e-01 -2.9020029313e+00
-5.3994145110e-01 -6.0286635815e-01 3.5257956325e+00
-2.3795739848e+00 1.3095979160e+00 -1.4143885942e-01
-2.4437319432e+00 1.9053124254e+00 1.2203433427e-01
-1.7901742256e+00 1.5896254745e+00 1.6834211422e-01
-2.7016640186e+00 2.9576127030e+00 -1.0444377095e-01
3.7541973315e-01 -9.5621228474e-01 -2.2887610382e+00
-1.3353181889e+00 -2.6734566141e+00 4.8640630167e-02
-1.3144594580e-01 -3.1593637052e-01 1.6819121675e+00
-2.9518785050e-01 1.5063403663e+00 7.0849628792e+00
-1.1760145436e+00 2.1843792357e+00 2.0546055169e+00
-9.2667864832e-01 2.4056419427e+00 7.2379595775e-01
9.0502946015e-01 -7.4781479732e-01 1.4263844623e+00
1.7944350022e+00 9.6080904240e-01 1.0921825921e+00
-1.3218390283e+00 -1.3380607487e+00 8.2701880978e-01
-1.0060262138e+00 1.0041250123e+00 1.2326350366e+00
-1.5665183381e+00 1.2307958392e+00 -9.3052012410e-02
1.3925655094e+00 -1.6143324983e+00 -1.3971154188e+00
-4.1874928895e-01 -7.7285371702e-01 3.5390969186e+00
1.4343329954e+00 -1.9888069312e+00 -5.8744718138e-01
-4.5344886806e-01 2.5826419410e+00 1.4901771310e+00
-1.3370370531e+00 6.5132742022e-01 -2.2118330227e+00
-1.8133146481e-01 -2.1694930809e-02 1.4472343510e+00
2.5817142113e-01 -2.2461373524e-01 1.4377120708e+00
-2.0413183093e+00 1.9471386353e+00 5.5523292681e-02
1.0389969555e+00 -5.0571623858e-01 2.4363876459e+00
-2.1374687915e+00 5.0685594477e-01 -9.4082650943e-01
-2.0449872699e+00 1.3086088332e+00 1.7007681560e-03
-2.6210814274e-01 -7.5054029154e-01 2.0135952596e+00
-1.3287127081e+00 1.3367974986e+00 1.3121433397e+00
1.6866351213e+00 -7.2119101990e-01 1.9785374385e+00
2.5435149152e+00 5.1441443934e-01 2.2136155382e-01
-2.1299392513e+00 1.4097853213e+00 -1.0065493360e-01
-2.0175302335e+00 2.1030629773e-01 -1.3994256783e+00
1.4185051824e+00 -1.2880238428e-01 3.1281659702e+00
2.7023830205e-01 5.4301164000e-01 8.6085760146e-01
2.8356251887e+00 2.9197503105e+00 4.7861929873e-02
2.1767652082e+00 1.9544148542e+00 1.7524160135e-01
5.4681107035e-01 -2.9208050198e+00 -3.0434066355e-01
-1.8108762622e+00 1.8610249416e+00 -6.5154726017e-03
8.3064527626e-01 2.6821866850e-03 2.1417396198e+00
3.1118610224e+00 -2.1149005852e+00 9.5379209151e-03
-5.1044280505e-01 -1.0448087761e+00 2.1342848524e+00
-1.5005595828e+00 1.0516684272e+00 -5.7087911984e-01
-1.8322230812e+00 7.7526544713e-01 -1.5273764395e+00
5.7522233508e-01 1.5575053409e+00 5.5683095133e+00
-2.1141918372e+00 -8.5529909535e-01 -2.4936715106e-01
1.2702786049e+00 1.7996047781e+00 1.6710423107e+00
1.2279941757e+00 1.2644030860e+00 1.6365969034e+00
6.0291409081e-01 -2.3061768003e-01 9.2069432960e-01
-7.8323367981e-01 -6.9451183436e-01 3.2436510219e+00
1.9721201918e+00 -2.2006067700e+00 -2.7210660384e-02
1.6544552990e+00 1.4954692324e+00 8.6641676145e-01
2.8856947475e+00 -3.0247988898e+00 -1.6424413898e-01
5.6008185046e-01 -6.1955869750e-01 -3.5154582688e-01
4.7386503853e-01 4.5819001836e-01 2.6292728881e-01
-1.4938883670e+00 5.1398174961e-01 -2.2742655453e+00
-2.8194321082e+00 2.6944407834e+00 2.5678301147e-02
1.0248601274e+00 1.4632428955e+00 2.4933604587e+00
-1.4250911834e+00 1.3055882461e+00 2.9832233922e-01
-1.9978005548e+00 -7.1009768974e-01 -7.0867182383e-01
-6.0592732770e-01 -2.9883119700e+00 -5.1965408277e-02
-7.6778461445e-01 4.7819683813e-01 -1.0293000115e+00
-1.5212764103e+00 2.4874692939e+00 3.7109316642e-01
-2.8686066186e+00 2.0572333082e+00 1.5329566616e-01
2.1624743823e-01 -1.0974688921e+00 -2.7075553657e+00
1.7517713226e+00 -3.0780230497e+00 -7.7554284091e-02
-1.9462879918e+00 1.8003833565e+00 1.8254347048e-02
1.7893303564e+00 -5.3090000912e-01 2.0678969080e+00
-1.3000470786e+00 1.8773750698e+00 1.0861327054e+00
2.4542100111e+00 -9.9445128399e-01 1.5588831366e-01
9.4322414386e-01 1.5132589124e+00 3.1729464356e+00
1.7609542435e+00 1.0635496954e+00 8.4880915564e-01
-2.0198382589e+00 2.1526972836e+00 1.5120280136e-01
-1.9947954029e+00 1.3770362482e+00 -1.7434949135e-01
1.4292387050e+00 1.1706897806e+00 1.2878781775e+00
-1.8099968583e+00 -3.3844140229e-02 -1.9328592745e+00
2.9096588929e+00 2.1063928381e+00 -1.1235950671e-02
2.0846874303e+00 -6.4053832647e-01 8.5656137939e-01
-1.7490648290e+00 8.0035904478e-02 -2.2856752568e+00
-1.0534839684e+00 1.2350068794e+00 1.0966510502e+00
-1.2564703405e+00 4.4299453417e-01 -2.7163580498e+00
2.4695682356e-01 1.5901666642e+00 7.7694207698e+00
1.4243430217e+00 1.3183222711e+00 1.8484315608e+00
-5.8179416043e-01 7.4584646594e-01 -2.6698743734e-01
-4.0648376607e-01 -1.2191861070e+00 -3.2242378375e-02
-1.6114919364e+00 -7.3897688283e-01 1.5023176411e-01
2.8608518948e+00 -9.9558232739e-01 -1.7739908564e-02
-2.2408741698e-01 3.4359209292e-01 6.3057632152e-01
5.3187333180e-02 1.3518650499e-01 -1.0776643931e-01
-1.2876114411e+00 1.0846586141e+00 -6.4815998584e-01
-2.8780901828e+00 -2.8622885488e-01 -1.5453028906e-01
-1.9900229123e+00 7.0647570146e-01 -7.5208262854e-01
1.6033838188e+00 2.0133698476e+00 7.0814109968e-01
-1.4984475877e+00 -9.5576597868e-02 -2.6214727395e+00
2.7982870384e+00 1.7774002069e+00 2.6271359382e-02
-5.3422886429e-01 2.9783769820e-01 3.9848184630e-01
1.9211091641e+00 -3.3012476060e-01 1.5357209354e+00
-5.6452527271e-01 1.4875167049e+00 5.8440243015e+00
1.5540797669e+00 2.3297361565e+00 2.9533195105e-01
2.8473471173e-01 1.1218277235e+00 4.5795736745e+00
-2.4505388459e+00 6.6148634321e-01 -3.0442688977e-01
-1.3885954742e+00 -2.9935593716e+00 1.7193197592e-01
-1.0272704916e+00 2.7890170164e+00 2.5745546817e-01
-8.4358534070e-01 -3.2702267793e-01 2.6892249606e-01
-2.5488616144e+00 2.9906903108e-01 -1.4489636707e-02
1.4484512810e+00 6.3771217355e-01 2.2658457805e+00
-2.2422760953e+00 3.0193036737e+00 -8.8759184821e-03
2.0899426540e+00 1.1279468523e+00 5.3948763191e-01
6.9575369957e-01 -1.4334034116e+00 -4.2319898676e+00
-1.6159679995e+00 2.8749013314e+00 -6.0853155843e-02
-1.4718127615e+00 8.5799908891e-01 -1.3846842898e+00
1.4305736308e+00 2.3421235682e+00 3.8661225186e-01
-1.7224713827e+00 2.2868877677e+00 2.8954483447e-01
-2.7617517170e+00 1.9072357222e+00 2.2452877152e-02
-8.2469373219e-01 2.8861215057e-01 -1.0965089546e+00
2.6965338822e+00 2.9706688799e+00 -1.0621080395e-01
-2.4069759335e+00 -2.9432430662e+00 1.6225295368e-02
-1.5202932876e+00 5.9332706113e-01 -1.5672238589e+00
7.4740897117e-01 -8.1557416757e-01 1.8467445990e-01
-1.0674850479e-01 2.0851240446e+00 4.8050277600e+00
-3.5545774687e-01 -6.5443711447e-01 3.2905027249e+00
-2.5412662006e+00 -1.2664472401e+00 -1.3574972874e-01
1.4454842258e+00 1.8053721721e+00 9.2001902555e-01
-1.1560236240e+00 3.0651690358e+00 5.9793357409e-02
-2.3046971076e+00 2.5690453119e+00 3.9946883284e-03
-1.2378310373e+00 1.5405054050e-01 -2.9493834723e+00
2.8974479422e-01 -2.9233391089e+00 -2.2610107556e-01
1.3848453201e+00 4.0597028895e-01 3.0214964734e+00
1.9581507285e+00 9.3732137071e-01 4.7499862935e-01
2.3179523825e+00 1.1701404780e+00 1.5278797949e-01
1.9514902877e-01 -4.5157193402e-01 6.7880457586e-01
1.9531629619e+00 2.5181407341e+00 8.8381938063e-02
2.3144589534e+00 -4.1856202355e-01 6.2720713073e-01
2.0222548152e+00 2.0395069624e+00 2.2850419815e-01
6.5676869004e-01 -1.5073711003e+00 -4.8369273401e+00
1.5525742067e+00 1.5076471287e+00 8.8329383297e-01
-9.2413470757e-01 -4.9001859651e-01 5.0377402599e-01
-6.6792415255e-01 1.6529510006e+00 5.6271198652e+00
2.0076343907e+00 1.5964327400e+00 5.7796092610e-02
1.9634386786e+00 1.2875757667e+00 2.5498450706e-01
1.9460276736e+00 -4.5244997935e-01 1.5606128308e+00
-1.0971740917e+00 3.9757973302e-01 -2.3721006453e+00
7.2486044154e-01 1.3465242013e-04 2.1116985513e+00
9.3923914379e-01 1.5409278378e+00 2.7090128834e+00
1.8843322402e+00 7.8971801173e-01 7.9332524414e-01
-8.8960895169e-01 8.7420788980e-01 2.2569792753e-01
-1.1132874067e+00 -8.3000321579e-01 1.0867964265e+00
2.6885316282e+00 2.7164057612e+00 6.7109355675e-02
-2.9235560940e+00 2.8108175623e+00 -9.6168842205e-02
3.1114937635e+00 1.1087660824e+00 1.3095414430e-02
1.6404626147e+00 -2.9942303427e+00 9.2072636049e-03
1.1697417279e+00 1.4325948740e+00 2.9277233302e+00
1.0498724124e+00 2.3554227464e+00 1.3271676713e+00
4.9215766605e-01 -1.8051715796e+00 -5.6460293435e+00
-1.6040255290e+00 1.1261596913e+00 -4.4828881125e-01
-1.2667706421e+00 6.0832817978e-01 -2.1325178219e+00
-1.8346043648e+00 -1.1802480852e+00 4.1888317058e-02
-2.9294519826e+00 -2.0005830481e+00 -5.3293408850e-02
-2.2532704239e+00 2.4633067518e+00 6.6134104606e-02
1.9320951226e+00 2.9669943797e+00 2.6061314581e-02
-2.0740462528e+00 2.9290716842e+00 5.0528636278e-02
-1.8169069502e+00 1.8291962973e+00 3.0079653787e-01
2.9801089273e+00 -1.9607558702e+00 -3.9064107333e-02
2.1177657656e+00 -2.9109712889e+00 -3.9346812010e-02
-6.1948839522e-01 -3.9601145070e-01 2.8107339771e+00
1.6914168565e+00 1.6618413573e+00 6.3194739527e-01
1.4305963815e+00 -2.3063806772e+00 -5.2728256848e-01
1.8911552453e+00 1.5975421854e+00 3.5260487059e-01
9.2302742829e-01 3.0019295281e-01 2.4949565096e+00
1.2122007268e+00 -1.2445439146e-01 3.2848188716e+00
-1.5198699421e+00 2.9223685844e+00 9.8325158700e-02
1.3551676237e+00 1.7915916317e+00 1.0118877901e+00
-4.2098056461e-01 1.1329139284e+00 2.7055349497e+00
8.9610873201e-01 -7.1657682140e-01 2.8270672688e-01
5.2300635760e-01 5.3892549514e-01 3.3566332058e-01
-2.8877229360e-01 -9.6192476004e-01 4.1099881060e-01
5.5675067780e-01 1.7010424016e+00 5.5350800782e+00
7.8910506075e-01 2.0859623886e+00 2.6048268932e+00
1.6506470696e+00 1.7291238825e+00 4.3520795643e-01
8.8001773142e-01 1.3496508743e+00 2.9753298351e+00
-1.0818258901e+00 -2.9584510857e+00 -2.6689235429e-03
-2.0992996889e+00 2.3179572795e-01 -7.0499563621e-01
-8.3621575497e-01 2.8617744541e+00 3.9407460157e-01
-2.7700384920e-01 1.7991719933e+00 6.4456029415e+00
-1.2812885314e+00 1.9018276829e+00 1.0214175146e+00
-4.1706012916e-01 1.9347931645e+00 3.7937937953e+00
4.6695256100e-02 -6.9851190081e-01 1.3495779247e+00
2.1752408905e+00 6.4064217705e-01 5.7069732229e-01
2.0149997225e+00 1.5798732045e+00 1.1543582163e-01
-2.2254032706e+00 -1.3358661132e+00 -6.0906491390e-02
1.1564229382e+00 2.8326197525e+00 2.3633068083e-01
2.9336410207e+00 2.2734018810e+00 -6.9503932539e-03
1.8831140347e+00 2.2659211073e+00 6.8571467407e-02
-1.8551831330e+00 1.3989395046e+00 -7.1118644375e-02
1.5348688440e+00 1.7519978954e+00 1.5037322285e+00
-6.7067178450e-01 1.8913435586e+00 3.7059203859e+00
4.3130987578e-01 -7.9159337549e-01 -7.8499197590e-01
-1.2099176236e+00 3.2172305340e-01 -2.5049466417e+00
-9.4208311336e-01 9.3088819467e-01 -5.3888258330e-01
-2.6035209139e+00 -3.1873747608e+00 4.9633085580e-02
-1.6593468480e+00 1.3060751930e+00 1.1780931247e-01
-2.0238756836e+00 4.8441463336e-01 -1.2277724949e+00
1.5404944919e+00 1.8949318318e+00 6.1110261580e-01
1.5039119046e+00 6.3463739964e-01 1.8509085201e+00
-1.7344158190e+00 -3.4494131095e-01 -1.3833748172e+00
3.0221986808e-01 1.3217872875e+00 6.8602587389e+00
-3.0355043412e+00 -2.1342652125e+00 7.0884225382e-02
-2.0233156974e+00 -9.3260285122e-01 -1.8305102510e-01
2.0398901297e-01 -1.9990082992e-01 5.4060661956e-01
1.3412873359e+00 1.7124243597e+00 1.5168988370e+00
-1.0547107023e+00 1.0698125946e+00 -4.3117067597e-01
-1.6796364215e+00 2.3159165933e+00 2.5621749283e-01
1.6959306749e+00 1.1851324429e+00 1.1760369891e+00
-2.5312385454e+00 -3.0757942651e+00 -5.0967022538e-02
-2.1148290041e+00 2.9786039393e+00 -1.5446306235e-01
4.0476686401e-01 -3.6596224733e-01 3.5983250600e-01
-1.6042996518e+00 -1.1431225551e+00 1.2743134322e-01
-1.7030400940e+00 -1.2281924232e+00 3.4948296105e-01
1.3968747297e+00 2.4667429283e-01 3.3593312143e+00
-1.4203216685e+00 -4.5092482307e-01 -8.5477143344e-01
2.9099105908e+00 -1.1178579633e+00 -1.3319485769e-01
-1.2743992999e+00 2.1799874279e+00 8.8886793315e-01
-2.4314517191e-01 -9.5404010970e-01 1.8179656181e+00
-8.0188457535e-01 -6.1962801426e-01 2.5551868530e+00
-1.1502561701e+00 2.0429294076e+00 1.6406176400e+00
-2.5489860602e+00 -1.8691630725e+00 4.1215873745e-02
1.9781093530e+00 -8.8608014475e-01 8.0953169839e-01
-1.1674418700e+00 -5.8686835703e-01 4.1736773324e-01
1.1382317068e+00 1.4582031419e+00 2.3234303108e+00
-1.0553175277e+00 -6.4779262874e-01 4.6294924984e-01
1.6822997264e+00 1.5417675958e-01 2.7964394527e+00
-2.4461701199e+00 -3.0742853428e+00 -1.7113613444e-01
1.6308047048e+00 8.6562719492e-01 1.4167397958e+00
2.7356900747e+00 -1.6742694801e+00 -7.8624411385e-04
-2.0376686301e+00 2.2132850904e+00 -1.0075890069e-01
2.1517237986e+00 -1.2449060623e+00 1.6914283129e-01
1.7107272701e+00 2.0560041063e+00 3.8318551421e-01
-3.0218996472e+00 8.0619612996e-01 4.8675180508e-02
-1.1456099985e+00 2.6012987938e+00 6.2104193068e-01
-3.4881202550e-01 -5.8336929887e-01 3.5181958736e+00
1.7730850162e+00 8.9243396658e-01 1.4334374349e+00
1.5339196642e+00 1.9361406845e+00 5.5354410467e-01
-7.1102803493e-01 3.0458055419e+00 1.3031914126e-01
-1.5537565246e+00 8.8792112222e-01 -1.4237236054e+00
-1.7938474757e+00 1.0326690258e+00 -9.3649212227e-01
-4.6887064730e-01 -6.1059723707e-02 1.1647316570e+00
9.3092243949e-01 -1.2356644358e+00 -2.0247649717e+00
-8.6833239316e-01 3.0422321281e+00 6.4338223031e-02
-1.2304516629e+00 1.2667931274e+00 6.2486062171e-01
-9.0601773625e-01 -1.8997332746e-02 -1.8567129483e+00
-1.9703798839e+00 2.7643292124e+00 2.2151002061e-01
9.4888851288e-01 -1.3897632652e+00 -2.9339088226e+00
-1.2847707500e+00 1.6469836539e-01 -3.1548633454e+00
-7.8658511589e-01 -5.4555452864e-01 9.8769110446e-01
1.0943977787e+00 1.4701996422e+00 1.8938000745e+00
6.3925714780e-01 -1.1453277908e+00 -3.1779904908e+00
4.4660636270e-01 2.0821258059e-01 8.8965297886e-01
-1.0583994888e+00 2.9252785124e+00 4.0218282591e-02
2.0878952847e+00 -1.0210025165e+00 4.0652625601e-01
-1.2501350747e+00 -4.7730801877e-01 -4.9111918657e-01
1.0717815935e-02 -6.6933533425e-01 1.5922426551e+00
-2.4368714653e+00 1.7639415491e+00 5.3780185816e-02
-1.6773945906e-01 -8.5896848948e-01 2.6732124893e+00
-1.1181035017e-01 -2.9843923720e+00 -3.6949531779e-01
5.4577225665e-01 -6.9035845740e-01 -1.7324886812e-01
-5.5840972737e-03 -4.3246321809e-01 1.9197925180e+00
-2.1871246241e+00 -8.2585278235e-01 -2.7873354039e-01
-1.8212383263e+00 9.6611930381e-02 -2.1203113991e+00
-3.3753852795e-01 2.9986119020e+00 2.8566917049e-01
-1.5415725566e+00 1.0918524336e+00 -5.2349768122e-01
3.0289890703e+00 1.2742568397e+00 -5.0399562817e-02
-1.4768980381e+00 1.0579194810e+00 -1.1309589845e+00
-1.5302092879e-02 -2.9576660832e+00 -3.7087472961e-01
-1.3520881307e+00 1.8273500111e-01 -2.7590456604e+00
1.3126010631e+00 1.3597074661e+00 1.3470134133e+00
1.6422546383e+00 7.7281275451e-01 1.9500439206e+00
-1.4692064955e+00 -1.1644368317e+00 1.8343537217e-01
1.6498642079e+00 5.9903387367e-01 2.1117309657e+00
1.5169862745e+00 2.1712028673e+00 3.7909068699e-01
-1.1839617567e+00 1.7215972347e+00 2.4234060663e+00
-1.7374205077e+00 -7.3335230611e-02 -1.4063083856e+00
-5.6966235506e-01 -4.0891154292e-02 1.0524769028e+00
-2.0701634751e+00 2.3261881131e+00 9.8538397107e-02
2.9779209001e+00 -1.2764305453e+00 -1.6674771944e-02
-1.1402047695e+00 -5.5067636859e-01 8.3967044760e-01
-3.0600278634e+00 4.7641398931e-01 -1.9667388111e-01
-9.5062977634e-01 -7.6336039771e-01 2.2190073804e+00
-6.9233243537e-01 2.3619053052e-01 -2.6419941883e-02
-1.4402719089e+00 -2.7114379473e-01 -2.2349670236e+00
3.7069755155e-01 -1.2601225177e+00 -4.4480208622e+00
8.4352727279e-01 -1.0823507921e+00 -1.7884243921e+00
-5.3647343579e-02 1.6498152778e+00 7.8800283405e+00
7.7134777494e-01 -1.2518650619e+00 -3.5063933181e+00
-1.1227398900e+00 1.7128401329e+00 1.6878172985e+00
2.1560091984e+00 -5.3224199795e-02 1.1842715671e+00
2.0795371644e+00 1.4791872851e+00 2.7277123364e-01
-1.2482893342e-01 2.9979417872e+00 5.2628103213e-01
1.6800376454e+00 -3.0788957042e+00 1.2291553115e-01
-2.2704597125e+00 2.1294234325e+00 9.8393457083e-03
1.0063442908e+00 -8.2532402590e-01 1.4641504935e-01
-5.5260922740e-01 1.2529371944e+00 5.3737388237e+00
-1.1823712199e+00 -1.1958128760e-01 -1.8584471653e+00
-1.7117350183e+00 1.8433645580e+00 1.8694195167e-01
1.5445220820e+00 9.6604789582e-01 1.5708648443e+00
-8.4593644620e-02 -2.5293033306e+00 -1.5781877074e+00
1.4354562563e+00 -5.0310675587e-02 3.4307197968e+00
1.7307194093e+00 9.2446741054e-01 1.4337942522e+00
6.7109073364e-01 2.6304864593e+00 1.0506662302e+00
3.0421637800e+00 1.4422084589e+00 -1.5560985405e-02
-1.6601893653e+00 2.4770788588e+00 1.7165868375e-01
-8.2964810894e-01 6.4412676886e-01 -2.3732231072e-01
9.9280496261e-01 -1.4787235139e+00 -2.3274312279e+00
-1.0214442334e+00 2.2976227548e+00 1.1506785579e+00
-8.1327945197e-01 5.0559629289e-01 -1.0358191563e+00
-1.3554084786e+00 8.9685729612e-01 -1.5902744794e+00
7.0225111750e-01 -2.8859999386e-01 7.8721761453e-01
-7.3921971546e-01 -8.3995284948e-01 2.7353446065e+00
-3.0380653183e+00 -3.0282203391e+00 -1.3414631083e-01
-1.7695589546e+00 1.9114532205e+00 4.6075800101e-01
-6.5154575803e-01 -7.8032886433e-01 3.1108890731e+00
-2.3238183108e+00 2.6297994733e+00 -1.6394863552e-01
-1.4965799354e+00 -1.8371555204e-01 -2.2898718595e+00
-1.3925374810e+00 1.5524289826e+00 7.8475171404e-01
-2.1434628143e+00 -6.0825462493e-02 -1.1615843081e+00
-6.0149908399e-01 -1.0305079358e+00 3.2254828757e+00
2.4636871338e+00 -1.3672537453e+00 -1.4295542571e-01
-1.6479626054e+00 -9.7410214203e-01 1.2021956630e-02
1.9435475503e+00 -7.6997999021e-01 7.1360420613e-01
1.6067791396e+00 2.9643057403e+00 5.2396695948e-02
-1.6566596094e+00 2.5456261404e+00 9.5805794967e-02
-3.2130692730e-01 -8.0214440922e-01 3.4764897965e+00
-2.9881031215e+00 -4.0156801653e-01 -4.4708855240e-02
1.9819639153e+00 -1.2299410955e+00 4.4685648985e-01
-2.0392155111e+00 2.2745432005e+00 -1.9943287759e-02
3.9066978731e-01 -1.0257857964e+00 -2.1759976420e+00
-2.9782770230e+00 -3.2203111318e-01 8.8031277617e-02
1.7035181464e+00 7.7311368407e-01 1.5238626415e+00
-2.3285845318e+00 -1.8077474639e-01 -5.8353209776e-01
2.2296069555e+00 1.6195361475e+00 2.1172222984e-01
-1.2794235516e+00 2.4116918030e+00 3.0336523956e-01
1.1601164318e+00 -1.2068589330e+00 -3.2173960847e-01
-1.9521673319e+00 2.9507307052e-01 -1.8855183264e+00
3.7592882841e-01 -1.3225399000e-01 3.1533540496e-01
2.1537292067e+00 4.9441110178e-01 6.5145437425e-01
-1.1956713602e+00 2.9217803456e+00 2.5239131930e-01
-2.0299273226e+00 2.4384296434e+00 -3.0084178813e-03
1.4639483386e+00 -1.3531443873e+00 -1.1850111536e-01
2.0356767004e+00 6.6691540905e-02 1.5643478638e+00
-8.9829990849e-01 1.0655232123e+00 9.3999926160e-01
4.0780151309e-01 6.6230562564e-02 9.7795658616e-02
8.3616545711e-01 5.6231010744e-01 1.4687163260e+00
-2.0439743425e+00 1.7239912485e+00 3.2890666056e-02
1.8766724465e+00 1.0880196356e+00 9.4057207319e-01
-7.2730383848e-01 -2.4298357460e-01 1.1759154224e+00
-2.0962571814e+00 5.7789218807e-01 -8.1825877087e-01
-1.8476812314e+00 -1.2726684010e+00 -7.9388657165e-03
-2.1708751432e+00 2.6910864468e+00 3.7318974527e-02
-1.8146952205e+00 2.3921502495e-01 -1.8853531759e+00
1.4417880069e+00 2.2794014051e+00 4.1980383284e-01
-9.1299055148e-01 -7.3363626660e-01 2.7099722779e+00
-5.7700341278e-01 1.0964685718e+00 3.3158708638e+00
-9.2391349243e-01 1.1600020084e+00 1.9121016223e+00
-1.5139325784e+00 1.8030395758e-01 -2.9915289589e+00
6.0985532150e-01 9.4872762757e-01 1.8423623142e+00
-1.0113869914e+00 1.2597466208e+00 2.2211686410e+00
1.5901654935e-01 -3.1947758801e-01 5.9036649784e-01
1.5951771430e+00 1.2408504153e+00 1.1282421807e+00
-1.0278876275e+00 9.5825400452e-01 -7.0285414521e-01
-2.6295115010e+00 -1.3495497386e+00 -4.4077322899e-02
1.4409668826e+00 1.2126207679e+00 1.8193333203e+00
2.1217349829e+00 4.1682228351e-01 1.6616016691e+00
2.0504463662e+00 2.4222048938e+00 1.3563125034e-01
2.9204965703e+00 -1.5358318585e+00 -9.0727715805e-02
1.9642878285e+00 6.2486295492e-01 1.6344284860e+00
7.4375247383e-01 1.2620157148e+00 4.3736803142e+00
-1.0390724907e+00 1.9350219574e+00 2.6181609931e+00
-6.4574243302e-01 2.5791426617e+00 9.3671793536e-01
9.8259194605e-01 2.4356390134e+00 9.4681772432e-01
1.4621214377e+00 -1.7389955256e-01 3.3609217730e+00
-1.7685558556e+00 -2.9761442928e+00 1.3747876528e-03
-3.8718472437e-01 -1.1167820297e+00 2.1091293913e+00
2.2303711555e+00 1.6645382229e+00 1.8244660241e-01
-1.9857099411e+00 2.4635853314e+00 1.1634207074e-01
2.3126815251e+00 1.9650428447e+00 2.1798620240e-01
-9.5162860812e-01 1.5381887424e+00 3.3314460166e+00
-1.9423145157e+00 2.9470296642e+00 1.1334448340e-01
8.6772143738e-01 6.8775384567e-01 1.3618175699e+00
4.0347463455e-01 -1.0255979141e+00 -1.7604389687e+00
-3.0617694605e-01 -5.0411101410e-01 3.1816592752e+00
1.2959244884e+00 1.4523288137e+00 1.9481508443e+00
-8.8731185582e-01 -1.8910967928e+00 -1.1699398462e+00
3.1055774220e+00 -8.9679780937e-01 -2.8586419463e-02
-3.8667722649e-01 -7.2872815750e-01 3.1966605936e+00
-2.5712691388e-01 -2.9818173974e+00 -1.1077786045e-01
1.6118383414e+00 7.2074213411e-01 1.9902234856e+00
2.4549150047e+00 3.1034017281e+00 1.1577150772e-02
-9.7841917982e-02 3.0197878578e-01 7.2555695294e-01
3.0012046379e+00 -6.8383769421e-01 1.1202074715e-02
1.6581837545e+00 5.7125656962e-01 2.2846574375e+00
-1.6278493700e+00 2.9906862326e-01 -2.4935719136e+00
2.0107489597e+00 2.9687025286e-01 1.1557689457e+00
-6.5946596165e-01 2.3011916849e+00 2.1147257938e+00
-3.4407735798e-01 2.5304192575e+00 1.9145286993e+00
-1.3141526640e+00 7.5501539194e-01 -1.6343152566e+00
3.3618891753e-01 -6.4237922697e-01 -9.6713016745e-01
1.7633870300e+00 -6.8970810667e-01 1.4339183195e+00
-2.9376574076e+00 -7.8315948219e-01 1.0746446303e-01
-2.0125318899e+00 4.9684515400e-01 -1.2682788737e+00
-2.1627073923e-01 1.6838836353e-01 1.2169600243e+00
1.7870199429e-01 -4.6474911366e-01 4.6358229457e-01
-1.4606553902e+00 -7.9578818707e-01 -7.0430363398e-03
2.6505614400e+00 1.8369638711e+00 -1.6224564274e-01
1.9027179421e+00 -1.1130268688e+00 7.5942771250e-01
1.9527137166e+00 2.2222373086e+00 1.1083269017e-01
1.5544068931e+00 2.6604841047e+00 -3.3489062741e-02
1.1544759385e-01 -1.7758991245e-01 1.3139534293e+00
-2.0493571220e+00 2.9205310470e+00 -1.2279693170e-03
1.2634162740e+00 8.2026800022e-01 2.2420646231e+00
7.7358321074e-01 -1.2643944670e+00 -2.7881094154e+00
-1.9389247408e+00 -2.9397695632e-01 -1.2891984911e+00
1.3474874521e+00 -4.9745972763e-01 2.5896958674e+00
1.9699017595e+00 2.1471721867e+00 7.6736027691e-02
-5.2335413136e-01 1.6544116621e+00 5.7643961184e+00
-1.4379117759e+00 1.8767085160e+00 9.9364385513e-01
-1.2403147798e+00 -4.7486391481e-01 -9.0745674350e-01
-1.5877966356e+00 2.2991264396e+00 4.8701816719e-01
1.4840183143e+00 9.7545496375e-01 1.9358944605e+00
-1.3057063124e-01 -2.1814445173e-01 2.0267987384e+00
-6.3344101493e-01 -1.3241539075e+00 -6.4433850125e-01
-4.2232813004e-01 -4.3869531869e-01 3.6924656188e+00
-2.1966587343e+00 3.1582085310e+00 -1.3289805456e-01
-1.0182258000e+00 1.1032794836e+00 5.2019387557e-01
-1.8588367777e+00 1.9748290444e+00 1.3060729201e-01
3.0211623535e+00 7.1800624174e-01 -1.9051100008e-01
2.9695569270e+00 1.2385025081e-01 3.1780655930e-03
1.1062190660e+00 3.5043367260e-01 3.1344548641e+00
-1.3411615194e+00 4.5293289244e-02 -3.0214835781e+00
1.0340208240e+00 -1.0051291976e+00 -2.2202795561e-02
-9.3490307317e-01 2.6051825019e+00 6.3488300477e-01
-1.3246229366e+00 8.8738096978e-01 -1.8031854907e+00
-6.9621165519e-01 -1.1276884348e+00 1.9022514716e+00
9.6033782799e-01 -9.3337085798e-01 1.4562992532e+00
1.2139377264e+00 -5.8360274766e-01 2.3701313492e+00
2.2551400845e+00 9.9637749303e-01 2.8747471102e-01
1.4712187487e-01 -4.2175246417e-01 1.0081524219e+00
-2.0918470596e+00 4.4708643538e-02 -1.1392628140e+00
2.3778896031e+00 1.8634238766e+00 2.2492473000e-02
-1.7457745235e+00 1.8498152806e-01 -2.1670574629e+00
-1.7627780132e+00 2.3894240819e-01 -2.4903023076e+00
2.8663346862e+00 -2.5791762738e+00 -8.1624467177e-02
-9.8076970278e-01 1.9034611458e+00 2.8384058327e+00
-8.8507433088e-01 1.1888924481e+00 2.9110167639e+00
-2.9502687406e+00 9.1464631976e-01 -1.6736780064e-01
-1.1687830454e+00 1.2733247679e+00 9.2756879408e-01
4.2503226311e-01 -6.5892028026e-01 -1.1056651450e-02
-1.6694623721e-01 1.8845954221e+00 6.2222534623e+00
9.9581379018e-01 9.2395078759e-01 2.4706556902e+00
1.1769767469e+00 -2.7756374516e-01 3.2804237015e+00
-5.8576092208e-01 2.9032373224e+00 3.4088067823e-01
-2.1692156744e+00 1.8703669623e+00 -8.6050147415e-03
-2.6499515930e+00 1.4430643784e+00 -4.5376266513e-02
1.9813613111e+00 3.5174914261e-01 1.3811101816e+00
-1.8599353988e+00 8.3890950192e-01 -7.5525759228e-01
-5.3615083608e-01 1.1040749734e+00 3.3031812068e+00
1.3590611561e+00 1.7674175476e+00 1.7375773292e+00
2.6258821145e+00 -1.2054788968e+00 2.0634789470e-01
-1.6936250353e+00 1.6649429463e+00 3.0844968751e-01
7.2168924289e-01 1.2822592211e+00 4.4596515313e+00
-1.4795129569e+00 1.6542001855e+00 5.4523668775e-01
-1.2409318693e+00 1.7785727678e+00 1.2876954130e+00
-1.4182606165e+00 2.1537089101e-01 -2.7567144536e+00
-3.5391392842e-01 1.0578417529e+00 2.8136285604e+00
1.5536648818e+00 2.6285045568e+00 4.5590740487e-02
1.1467852819e+00 -9.6265783437e-01 2.7162856118e-01
1.9731088661e+00 1.8814923012e+00 1.1940228917e-01
1.9020408645e+00 -6.5352441623e-02 1.7336393505e+00
-8.2908402116e-01 5.3251242786e-02 -1.9592982009e+00
2.1449643564e+00 1.5419905154e+00 3.8603985955e-01
2.1779373625e+00 4.5834855307e-01 4.2939391656e-01
-2.2754847109e-01 1.3306069895e+00 7.5176654433e+00
1.8542784080e+00 2.2017335843e+00 2.9630074079e-01
-2.7317603180e-01 -3.0089480216e+00 -1.8815294723e-01
-2.6663115616e+00 3.0871220202e+00 -1.5009222086e-01
1.0187392501e+00 -8.3128893586e-02 2.7319301361e+00
-8.0577702956e-01 6.4930366113e-01 -6.0761450753e-01
-1.6281486516e+00 1.5724540933e+00 6.6880862311e-01
7.1550895271e-01 -8.8054619123e-01 -3.3184780457e-01
-7.9118822372e-03 -3.1274269077e-01 1.5374827155e+00
3.6214948339e-01 2.0613431599e-01 3.1348313789e-02
1.5385656684e+00 4.8941537396e-01 2.8621283429e+00
2.9782293719e+00 -7.6342225947e-01 -4.3045188527e-02
6.5850203118e-01 -1.8464804754e+00 -3.2111006242e+00
2.5532893986e+00 1.8888985738e+00 6.5777350195e-02
-9.7827875699e-01 9.1497623430e-01 -5.0704784751e-01
2.0613470849e+00 2.1161093237e+00 1.3266790709e-01
-1.6972040889e+00 2.7637252458e+00 1.6711209700e-01
4.3462004403e-01 1.9222659516e+00 4.8814538155e+00
-7.8270849789e-01 1.3986042124e+00 3.8040986603e+00
-2.1339426623e-01 3.3431632415e-01 4.1743781736e-01
-2.6654362527e+00 -1.2752250798e+00 8.6000854881e-02
-1.9145532810e+00 1.0019208548e+00 -2.9479335411e-01
1.0854025051e+00 -1.7488271176e-01 2.8648748811e+00
-2.2032091125e+00 2.5982202331e+00 -6.3867110928e-02
2.5572613024e+00 8.5152364084e-01 1.7172446789e-01
-6.2827519396e-04 -1.0303906916e+00 -1.0589921942e+00
9.5261600976e-02 -1.1131621964e+00 -4.3783724809e+00
2.4717554359e+00 -7.8267989722e-01 1.7558308962e-01
-7.9842673036e-01 2.8856124993e+00 2.0980149327e-01
-1.1575178530e+00 1.2464595875e+00 1.0622787676e+00
-5.7196537778e-01 -2.4843893495e-01 2.1173948263e+00
-2.5562620393e+00 1.2911653033e+00 -3.5412841580e-02
-2.0934876637e+00 2.4967031744e+00 3.8772286948e-03
2.2668424304e-01 -9.4001491807e-01 -5.2874131935e-01
1.6947950572e+00 3.0018333825e+00 1.7839091345e-02
-2.2717502995e+00 2.9689799856e+00 1.1695980979e-01
-1.8886120249e+00 8.7886655431e-01 -8.9844391128e-01
-4.3722415804e-01 3.5811394902e-01 8.1687713766e-01
1.7841230110e+00 1.3969901543e+00 3.6178883014e-01
-6.9253016253e-01 -3.7597707197e-01 1.6046562581e+00
-1.8857804188e+00 -9.2971494330e-01 -1.7839238986e-01
1.5241620330e+00 8.0162037700e-01 1.5384115246e+00
-2.3598326810e+00 3.1640619127e-01 -7.0352841476e-01
-1.1725878493e+00 5.0292443669e-01 -2.2323599053e+00
-1.2297875228e+00 7.4240991951e-01 -1.9890545132e+00
-1.2926809475e+00 2.0697508150e+00 7.4697584314e-01
1.3144337336e+00 -5.2665832826e-01 2.6587284887e+00
-3.1282415074e+00 6.0578364611e-01 -4.0140630672e-02
2.0698199509e+00 9.9557614116e-01 3.3282210433e-01
-1.4967892134e+00 5.0318348230e-01 -2.4975601632e+00
-1.0598281843e+00 -3.8558238829e-01 -1.2100514261e+00
-1.9446482651e+00 1.2170851479e+00 -8.0377102951e-02
-1.9906498667e+00 1.4834640384e+00 -9.4747896900e-02
-1.1100559922e+00 -9.7194658510e-01 1.1918220469e+00
6.3025566638e-01 -5.2265262987e-01 6.1062283858e-01
6.7719279116e-01 -2.7176364351e-01 7.5981425184e-01
-2.0493268358e-01 2.0844150121e+00 4.3467898547e+00
1.9435829657e+00 3.1262138711e+00 9.1193514223e-02
-6.4651852499e-01 -3.0153791547e+00 -7.4819707044e-02
1.2892599593e+00 1.3398829125e+00 2.0696505241e+00
1.8442448200e+00 1.1040185483e+00 9.6428946736e-01
-1.4976387377e+00 -1.7177257781e+00 -7.5650260450e-02
-1.8759887789e+00 9.5506319318e-01 -5.0628623853e-01
-9.8280170061e-01 9.9639749425e-01 -5.3262811986e-01
-2.8738512778e+00 -1.8079143067e+00 -3.4330193623e-02
2.1148677060e+00 1.2410398227e+00 4.8199341324e-01
-8.6847837053e-01 1.3697093507e-01 -1.8181158050e+00
-8.3182258520e-01 -3.1239325955e-01 1.5573245110e-01
-1.8919318712e+00 2.4481541304e+00 1.6549636977e-01
1.9489770528e+00 -3.2818030107e-02 2.1418429817e+00
-3.1201749422e+00 -1.1449103030e+00 -1.5650236651e-01
2.3166785084e-01 2.5553906273e+00 1.5437917909e+00
1.8286939139e+00 2.9713254239e+00 2.6622615404e-02
1.3295922048e+00 -1.9200255442e+00 -9.0975047710e-01
-1.6051571714e+00 1.0677357304e+00 -7.5433662649e-01
-1.1355184291e+00 1.4052757453e-01 -2.8658887801e+00
1.8065077181e+00 9.0051886202e-01 1.2947377188e+00
-1.2182637220e+00 1.6023843519e+00 1.4574167488e+00
2.0056224267e+00 1.8143710743e+00 3.7387670830e-01
3.2834721166e-01 -1.5136824184e-01 4.2369324125e-01
-6.7247967594e-01 5.8854179627e-01 9.9339130180e-02
1.4798342815e+00 1.0295087714e+00 1.2744309115e+00
-1.2076830073e+00 4.6699095906e-01 -2.2636799505e+00
-5.7896676644e-01 -1.0393179579e+00 2.8653577465e+00
1.6195582416e+00 -2.5562376180e+00 -1.8507311331e-02
-5.3798088898e-01 2.3014891829e+00 2.8679340289e+00
5.7408583833e-02 2.7690068267e+00 7.4339414369e-01
-2.7831393329e+00 -2.9983075382e+00 1.2422625754e-01
-2.0736566608e+00 3.1785164879e+00 1.0929173207e-01
-8.5435731676e-01 -9.3946388025e-01 3.0106361790e+00
1.8676519240e-01 -3.5249087260e-01 1.0420422537e+00
-2.3540781297e+00 2.0988281458e+00 3.8222926885e-02
1.2393674713e+00 5.4872356327e-01 3.0186496432e+00
-1.2176324985e+00 2.7058710181e+00 1.2977472969e-01
-1.2913800895e+00 2.1630700171e+00 3.6887119698e-01
1.3592613771e+00 8.8083904589e-01 2.2190817951e+00
-8.6731536119e-01 1.3527126676e+00 2.3565931091e+00
-9.5731853622e-01 3.6177727692e-01 -1.4175656051e+00
-1.0926799978e+00 3.4229606187e-01 -2.0367196137e+00
-9.4107241223e-01 2.8468260746e+00 4.3518796662e-01
-8.6234572186e-01 1.8058015526e+00 3.2413108062e+00
-1.8682400425e+00 1.1500165527e+00 -2.6961726028e-01
-2.0308680876e+00 1.5709930671e+00 1.0111818375e-01
1.2391363987e+00 2.1366082024e+00 1.5571307328e+00
-3.9226869105e-02 -2.9600729213e-01 1.2090214329e+00
1.4492635192e+00 7.9558706054e-01 1.9037534591e+00
1.1798891112e-01 -6.3624260214e-01 5.9029991374e-01
-1.5361997813e+00 -3.0314326938e-01 -1.5301209414e+00
8.2363187955e-01 -3.0010207326e+00 -1.2889425951e-01
-1.1721324757e+00 7.8720547029e-01 -1.3246098216e+00
1.1190237665e+00 8.4395821639e-01 2.2960323451e+00
1.2066669116e+00 1.6241536076e+00 2.2663292992e+00
4.7598925533e-01 2.9242249632e+00 2.6872559162e-01
1.1917471023e+00 1.2800608521e+00 2.3010668367e+00
-7.3129456633e-01 1.1085555466e+00 3.1465632539e+00
-1.1223324138e+00 2.2747683259e-01 -2.3813718394e+00
3.1597000429e-01 -6.0459285057e-01 4.3748600419e-01
2.3412958415e+00 -9.8532003128e-02 4.5753752046e-01
-7.6298851212e-01 -1.6376574651e-02 4.2334155306e-01
1.7290950719e+00 1.9936547207e+00 1.5618906767e-01
6.6212045503e-01 -7.7319604367e-01 -1.5815908763e-01
1.5958801503e+00 4.9760211392e-01 2.3712682573e+00
1.0775336899e+00 1.7712282420e+00 2.8294148110e+00
2.9136680468e+00 1.4737266485e+00 1.0052622670e-01
-1.2044316449e+00 -3.5499202921e-02 -1.5412381603e+00
-1.0308051366e+00 -9.9145750889e-01 1.3896491707e+00
-1.6249962633e+00 -6.7454425094e-01 -9.3488016442e-01
2.3663707269e+00 1.3175857938e+00 4.6526761322e-02
-2.2105113769e+00 8.7885388248e-01 -2.8875491727e-01
1.2027761092e+00 -5.8238766430e-01 2.1206979489e+00
1.5487672676e+00 2.9798674844e+00 -1.0021967167e-02
-1.0071519451e+00 1.9772266670e+00 2.5302660947e+00
-9.4115465032e-01 1.5450224735e-01 -2.5002261616e+00
1.5823099147e+00 4.1479968613e-01 3.1916700116e+00
1.3629251273e+00 3.0635527812e+00 2.0886608839e-01
-8.8471496480e-01 -6.4976691691e-01 3.0583810890e+00
-2.2215984146e+00 2.9245499638e+00 -2.6647215983e-02
7.5805990652e-01 -7.9861686982e-02 1.2652242495e+00
-1.5683833698e+00 -2.7406299557e-01 -1.5062696635e+00
2.2254886083e+00 1.9859343464e+00 -3.5288729638e-02
1.9593098673e+00 -2.4574304553e+00 5.8768935591e-02
-2.4565546083e+00 -1.9014289281e-01 -3.0047756307e-01
2.3163249780e+00 9.8743357011e-01 3.4046457078e-01
-1.0291593155e+00 2.1024084394e+00 2.4520283650e+00
3.3364639850e-02 2.4770025141e+00 2.0302299933e+00
-7.7716457836e-01 -5.7515583964e-01 3.2054036890e+00
-1.9931192481e+00 5.2939159674e-01 -9.4995481022e-01
1.4912611201e+00 1.3476173159e+00 1.6036943581e+00
2.9858159100e+00 1.7091765995e+00 1.6010405728e-01
-1.3793358668e+00 1.6128885045e+00 4.6359590119e-01
-1.1703003664e+00 2.6635314712e+00 2.2139248926e-01
-6.9572487459e-01 1.2318659898e-01 4.7599687849e-01
-1.2315154976e+00 3.8942280899e-02 -2.7289714573e+00
1.2137751869e+00 1.4051957480e+00 2.4323659908e+00
-9.6932453469e-01 -4.9040581642e-01 1.9755249755e+00
-2.8146860206e+00 4.8296359050e-01 -1.8881588597e-02
-2.1371175303e+00 6.6071831468e-01 -9.0845764462e-01
1.8707040279e+00 1.4896388589e+00 6.2353284936e-01
9.4797264020e-01 6.5003158275e-01 2.2017298754e+00
3.0292978271e+00 1.7032724038e+00 1.2829415657e-01
-2.3430473124e-01 -9.1253045087e-01 2.9382791574e-01
1.5661889587e+00 1.0517262004e+00 1.2202011174e+00
-7.4093616908e-01 -5.7420559635e-01 1.5930053939e+00
-1.4691409650e+00 1.9207432334e+00 5.0086047807e-01
-4.8114930453e-01 -1.9074132206e-01 2.8514444595e+00
1.4627230220e+00 -6.1185089524e-01 2.5842457235e+00
2.1913307789e+00 2.9787957180e+00 -2.1289599494e-02
1.2835442675e-01 -7.3513319323e-01 1.1927104380e+00
-7.4377990015e-01 -8.7724739916e-01 2.9719031770e+00
2.0513685189e+00 -7.3028653599e-01 7.9829827605e-01
-1.7857953104e+00 -3.1223178278e+00 -1.6165930882e-01
3.5664528734e-02 -5.3648964249e-01 1.7360172570e+00
-1.4483406990e+00 2.2755360714e+00 3.7018053001e-01
-3.0053443349e+00 6.0179030169e-01 -1.8626968938e-02
-1.3313859740e-01 -1.7856077600e-01 1.6705160725e+00
-9.5832329854e-01 3.1969176219e-01 -1.7266815522e+00
-1.5299972653e+00 -7.1504863490e-01 -4.6245724241e-01
-4.1022112045e-01 -1.4079780529e+00 -2.1296801242e+00
-9.1362099973e-01 5.8433123624e-01 -1.2036168633e+00
2.9033420797e+00 -6.3280127985e-01 7.3630899343e-02
-1.1322861591e+00 -3.9027601727e-01 -3.2833090840e-01
-2.4934066601e+00 8.1793479470e-02 -3.4032686008e-02
2.3815321446e+00 2.4822196582e-01 4.2631702944e-01
8.0887571923e-01 2.4115624902e+00 1.9762140055e+00
1.2310573690e+00 1.0094813645e+00 1.9255958682e+00
1.5957027470e+00 2.1326520134e+00 2.9441274378e-01
1.3006985176e+00 5.1520090743e-01 2.6318247666e+00
-3.1206769797e+00 1.6458198875e+00 1.0009644482e-01
-6.5855010282e-01 -3.9642257119e-01 2.0789603550e+00
-2.1739308225e+00 -2.8369302230e+00 -1.7946334418e-01
-2.5315236249e+00 2.9871589793e+00 4.0426146924e-02
1.9904889882e+00 2.6401920492e+00 -3.6301745264e-02
-8.3800348604e-01 2.0258313525e+00 2.4631076015e+00
-1.8199307685e+00 -6.2285128360e-01 -9.3429452788e-01
1.9936004584e+00 2.0715107832e+00 2.1102421443e-01
-5.4904012063e-01 2.6415554337e-01 1.0995407325e+00
-7.5147737683e-01 1.3140585509e-01 2.4554406015e-01
-1.2398900877e+00 3.5517001721e-01 -2.9062352375e+00
3.0790583052e+00 -2.8764585148e+00 4.2517537048e-02
-2.9844018107e+00 2.5527297859e+00 5.0094528104e-02
-6.0350931723e-01 2.8484402569e+00 2.6308105838e-01
1.6118053100e-01 -6.5674987631e-01 1.9231615820e+00
-2.6287236944e+00 -7.2037187264e-01 -5.4536376633e-02
-5.2127566059e-01 -2.9263037390e-01 2.8665187543e+00
-3.9858793564e-01 1.6076383714e+00 7.0624050039e+00
2.6866165160e+00 -3.0814785015e+00 1.4843631101e-01
1.5128752892e+00 -1.8508893261e+00 -5.8154405693e-01
5.6185064961e-01 -3.1528449381e-01 7.3306204678e-01
9.9405548022e-01 -1.2596307005e+00 -1.3615495225e+00
2.9494532048e-01 4.8656967289e-01 2.2595903870e-01
4.8977626762e-01 7.5943947579e-01 1.4017212925e+00
-1.4239614848e-01 1.0332944684e+00 2.8529695782e+00
2.5229157980e+00 3.0463485761e+00 -1.5803337512e-01
-4.5506849074e-01 9.4579261722e-01 1.3331251675e+00
-1.3341909000e+00 -1.5859479489e-01 -2.5792026465e+00
1.1648749284e+00 -4.8899173252e-01 2.0236748717e+00
1.1091211385e+00 -7.8902188931e-01 2.2352534684e+00
-7.2536562386e-01 2.8618479038e+00 3.5573213570e-01
1.8782906470e+00 2.1824388535e+00 1.6848640622e-01
-2.1980507988e+00 1.0430148581e+00 -2.2290958363e-01
-6.4787956351e-01 5.7924015960e-01 -5.9281593542e-02
1.8169196589e+00 -3.0611202535e+00 -7.9205017502e-03
1.0015029015e+00 -8.3194786724e-01 6.3382872175e-01
1.0294118678e+00 8.5763822962e-01 1.9981510301e+00
2.2028526800e+00 2.9449707039e+00 -5.6939965619e-02
1.2962666886e+00 2.9423480358e+00 1.2982014640e-02
-5.5650745246e-01 -8.1514014103e-01 2.6705037945e+00
-2.6341628672e+00 1.0932536750e+00 -8.2477703145e-02
-1.0963790359e+00 1.8749845405e+00 2.1609038289e+00
-2.5003984223e+00 -2.9307605617e+00 3.3516524738e-02
1.5311869738e+00 1.9850939526e+00 4.9672367456e-01
2.9468385176e+00 -1.7377363538e+00 7.2590795621e-02
-5.1867130215e-02 1.1308430789e+00 5.6407108020e+00
1.5878623848e+00 7.3686142489e-01 1.2976038157e+00
-1.0365736665e+00 9.1643813853e-01 -4.2622280299e-01
-7.4440618427e-01 2.8389390983e+00 2.9716972384e-01
-5.4604978012e-01 4.4399025194e-02 1.3905685758e+00
1.0562785001e+00 -9.3138495019e-01 3.7235395963e-01
-1.3906418829e+00 -2.4728321448e-01 -2.2371724044e+00
1.9737024766e+00 5.2176664609e-01 9.9334834397e-01
-1.3514576186e+00 1.6367877039e+00 5.6868255997e-01
-7.0593579150e-01 1.5833669317e+00 5.8286860168e+00
1.2523451667e+00 9.2714281484e-01 2.2303480693e+00
-2.8152309799e-01 -4.6495950004e-01 3.3394921833e+00
-1.4409997790e+00 -2.5790580679e-01 -2.3003271531e+00
1.4022061668e+00 2.1909161733e+00 7.9756561124e-01
-2.7142872418e+00 3.0790025822e+00 -2.2077977870e-02
2.9448420677e+00 -9.5517789315e-01 1.0094779409e-01
1.5542073544e+00 -1.3029684942e-01 2.8682855154e+00
3.0425695632e-01 1.1030614803e+00 4.0350181892e+00
9.6928088368e-01 1.3975322047e+00 4.3690835265e+00
-1.2933447360e+00 4.1352045596e-01 -2.8718649467e+00
1.0240215579e+00 -1.2406386052e+00 -1.3073054939e+00
1.9493543958e+00 -4.4115600710e-01 1.6452416043e+00
9.5330459876e-01 -1.8930337304e+00 -2.1877535873e+00
1.6934568958e+00 1.4007463574e+00 1.0785255122e+00
-3.2254873152e+00 -2.8914590974e+00 -2.1212153158e-01
-2.5541190720e-01 -7.1375190891e-02 1.9659633528e+00
2.9199242368e+00 1.4476689551e+00 -2.9377768156e-02
-1.2738887197e+00 1.5257030814e+00 1.2242907691e+00
-4.9026431285e-01 -7.3294793388e-01 3.5589322204e+00
-6.8046756776e-02 1.2758597785e+00 7.0978382212e+00
-3.9923253106e-01 2.4183798936e+00 2.1706458674e+00
1.6659119701e+00 1.3939005637e+00 1.1903724704e+00
1.9357137938e+00 1.9525277696e+00 1.6897853032e-01
-1.7100866566e-01 -1.3232014800e+00 -5.3513022358e+00
5.7711451480e-01 -1.3061243256e+00 -3.8289272889e+00
-1.4156704404e+00 9.9131456582e-01 -8.0476601707e-01
-2.4937269048e-01 -9.5252959224e-01 8.2788629496e-01
2.5253126602e-01 -8.1176003547e-02 1.5264347763e-01
1.6551675286e+00 2.0071943960e+00 3.9571949584e-01
2.1650754297e+00 1.9632918615e+00 1.4105705341e-01
5.4173813080e-01 -5.1270660031e-02 4.1993654655e-01
1.3750592251e+00 -9.8186410522e-01 5.7785815341e-01
-2.0682075134e+00 -1.0520459793e+00 -1.4414258605e-01
-9.5503256507e-01 1.7014538507e+00 3.1126575840e+00
-2.0380881402e+00 2.5028603572e+00 -1.5312244105e-01
5.1164672999e-01 -1.4869435379e+00 -5.3982636438e+00
1.7934843759e+00 1.3472351115e+00 7.9064333232e-01
2.1987097908e+00 2.4093480098e+00 6.4604019319e-02
-1.6510035595e+00 1.9655591887e+00 4.6914466337e-01
2.9198146046e+00 1.1168674285e+00 3.5202251253e-02
-4.3918530270e-01 -1.0986404171e+00 2.1158878399e+00
-5.9200899369e-01 7.6050258963e-02 1.1813862481e+00
-2.5964086153e-02 -3.0569852780e+00 -2.8134350869e-01
-1.6540449452e+00 4.1113556653e-01 -1.9241543252e+00
4.0149358954e-02 1.0649566159e-01 7.7325829007e-01
-1.5042851080e+00 1.9754024047e+00 4.5332787011e-01
-2.8457146467e-01 -1.4236088827e+00 -4.9641223317e-01
4.7829101043e-01 -6.5645494947e-01 1.2150951311e-01
-5.2089119824e-01 -2.2938216102e+00 -1.7136360483e+00
2.0521327266e+00 2.8846438913e-01 1.3606739492e+00
3.0707472379e+00 2.9282472522e+00 4.9504680222e-02
1.7949898936e+00 9.1525686652e-01 7.9539597348e-01
-9.4074578436e-01 -8.4773575124e-01 2.3592554779e+00
-1.8046316334e+00 1.4289652554e+00 9.1308615097e-02
1.8818372783e-01 -9.5072980593e-01 -2.2056377038e+00
-8.9169879344e-01 3.8962654918e-01 -1.3017505792e+00
5.6218868898e-01 -1.0568476780e+00 -2.7423707307e+00
5.7747315423e-01 1.5658846006e+00 5.5708735803e+00
1.8531519276e+00 1.6415023146e+00 4.4834088149e-01
1.0527279134e+00 -3.2748508583e-01 2.6800246153e+00
-7.0489944813e-02 2.9775741200e+00 3.2446750201e-01
1.3159023387e+00 1.0463888106e+00 1.8057690259e+00
-6.9375717694e-01 -4.7639348428e-01 2.6903731556e+00
1.1773340762e+00 -4.3719500637e-01 3.1309888541e+00
2.2055353712e+00 1.8330674739e+00 -5.3387404222e-03
1.3721968746e+00 -5.6247590651e-01 2.3504160439e+00
-1.8854122142e+00 6.4029949045e-01 -1.6256244664e+00
-7.0833872006e-01 1.0177086411e+00 6.0870012822e-01
-1.4091960607e+00 1.4336980538e+00 4.5496575683e-01
1.9054532664e+00 1.2127307944e+00 6.4471291037e-01
-1.7039042558e-01 -3.2219372217e-01 2.2938789290e+00
1.4592092017e+00 2.4999960756e+00 2.4318708055e-01
-3.1423114366e-01 -2.3287265596e-01 2.9019332521e+00
1.3540987345e+00 1.9308228354e+00 1.3582757025e+00
-1.6209095855e-01 1.6417825084e-01 1.0450241980e+00
-6.2108712833e-01 2.4266279491e+00 1.9355590311e+00
2.3826194224e+00 8.3590254337e-02 4.3522330797e-01
2.3585528368e+00 1.2819933125e+00 -7.3767743390e-03
1.2998451869e+00 1.5744557031e+00 1.8821264720e+00
-2.5316616292e+00 -9.3474631625e-01 -4.1670680068e-02
-1.4653061036e+00 2.3854356977e+00 3.6338885793e-01
2.2442793831e+00 -6.1027440805e-01 5.5968750211e-01
1.0562985103e+00 4.6261001022e-01 2.5913538618e+00
4.1473304254e-01 1.0226610502e+00 3.6509305666e+00
1.4007353589e+00 3.4686940107e-01 3.0211258366e+00
1.0792435591e-01 1.5854761082e+00 7.9307016239e+00
-1.1146182441e+00 2.2814751813e-01 -2.6610893312e+00
3.1419923508e+00 -1.3422185167e+00 -3.1263570115e-02
2.8803835253e+00 -1.4495717378e+00 -4.8178723131e-02
-1.6239933537e+00 1.5726963677e+00 4.5509041288e-01
-2.0542923210e+00 -8.1717678603e-02 -1.1003729080e+00
-1.9281640303e+00 8.1298783701e-01 -1.0102905587e+00
1.2315735546e+00 2.3989683311e+00 4.5981084326e-01
-1.6864065140e+00 4.6725117841e-01 -2.1778612261e+00
1.4088947077e+00 2.2836598346e+00 5.0752755728e-01
-2.8677877722e+00 1.3826542996e+00 -4.3145196393e-02
-3.7690318742e-01 -3.2358918825e-01 3.2694608248e+00
-1.8791005251e+00 -1.2656128523e+00 2.9132859542e-01
-2.3787377542e+00 4.5413599028e-01 -2.7509656679e-01
-1.7438163577e+00 6.1707914990e-02 -1.6711161215e+00
2.2127777905e+00 -7.4477077874e-01 4.2922499069e-01
3.0662084324e+00 -1.7701138143e+00 -1.8293072929e-01
1.2216745244e-01 2.6088299036e+00 2.2353748694e+00
2.3110370135e+00 -8.5333555216e-01 3.2235742851e-01
-2.9976783598e+00 7.8186602749e-01 -1.7028438079e-02
-9.9152058448e-01 3.6985353076e-01 -1.3520758269e+00
1.6301694668e+00 1.2299448990e+00 9.1398803170e-01
1.5654514032e-01 -6.4823002509e-01 1.0371885887e+00
-2.2601925599e+00 -2.6841296634e-01 -6.0206483847e-01
-5.2913604111e-01 2.4832668676e+00 1.0588358538e+00
5.8872339296e-01 -9.0968576790e-01 -2.7257821554e+00
2.5010374338e+00 1.5922888198e+00 1.2076501362e-01
2.6249239188e-01 -2.6695363869e-01 5.8730883299e-01
-5.6393719604e-01 8.8086473116e-01 9.9573403846e-01
-9.7761459335e-01 2.2681993228e+00 1.5358913575e+00
-4.3986133056e-01 3.2261967647e-02 1.5878710161e+00
-1.8970596693e+00 8.1978657872e-01 -9.6020919163e-01
-7.1081188222e-01 1.3420108363e+00 3.6336805410e+00
2.8319326183e-01 -2.4799175336e-02 3.0370903075e-01
-6.3105005050e-01 1.7870830689e-01 4.9694517384e-01
2.8932889408e+00 1.7751065938e+00 -3.3299221903e-02
-1.2748088477e+00 2.0377973618e+00 9.5215545460e-01
-1.0388575013e+00 2.5215029819e+00 2.3943254120e-01
1.7352730353e+00 7.2201359006e-01 1.3175462863e+00
-1.9617773999e-01 7.5073878266e-01 2.1805312011e+00
2.9115606847e+00 2.2025366333e+00 3.6477960780e-02
5.1630414444e-01 1.1755288610e+00 3.9459319451e+00
-9.4482277133e-01 1.9187327237e+00 2.8718956588e+00
1.9538675032e+00 3.0003297719e+00 5.0013738602e-02
1.7438523266e+00 -4.1718797883e-01 1.9428536282e+00
4.7241580244e-02 -1.0342829081e+00 -1.3034189559e+00
9.3762543962e-01 1.3053486067e+00 3.1259238065e+00
1.8663313504e+00 2.0641935322e+00 3.1551849262e-01
-4.7775755533e-04 -1.1941916156e+00 -7.4134143970e-01
-2.6093018183e+00 9.8624738219e-01 1.7178887351e-02
-3.0344103061e+00 -1.4399025010e+00 -3.8633585022e-02
-2.1814753634e+00 -6.3103488506e-01 -4.2546681603e-01
-1.6936438478e+00 -1.6660413666e+00 2.1607110708e-01
6.9475841045e-01 -4.7054369563e-01 1.0798652658e+00
2.9216670769e+00 -1.7409994601e-01 2.4254224083e-01
3.0076978045e+00 1.3867060789e+00 -5.6547544979e-02
-4.9354606770e-01 4.5423999538e-01 6.8342515268e-02
-1.6584506387e+00 -6.7356481546e-01 -7.0211157058e-01
-1.4787425328e+00 1.0328345193e-01 -2.7791227612e+00
1.2556923171e+00 -4.6854227867e-01 3.0257029359e+00
-5.9866057711e-01 -8.0471647874e-02 1.5326852688e+00
1.3514601260e+00 9.3334887269e-01 2.3234096265e+00
7.2656708186e-01 3.9721043561e-01 3.9681819424e-01
1.7054285862e+00 1.6914340427e+00 9.2935638252e-01
1.7506313448e+00 5.5429872705e-02 2.6368359585e+00
8.5454534400e-01 -2.0369621297e-01 1.9096823732e+00
2.0091449669e+00 -1.0611921327e-01 1.0656554469e+00
-2.6875212977e+00 1.3211580927e+00 -6.0351185519e-02
7.2954810673e-01 -1.2182479507e+00 -2.4827302021e+00
2.4567360217e-01 -7.0139963781e-01 -5.4752654390e-01
-1.5471848582e+00 -1.1849901948e-01 -2.3145381774e+00
-8.4140960554e-01 2.0708074730e+00 2.6690704884e+00
3.0810203454e+00 -9.4038634979e-01 -6.5947432924e-02
-1.9487315322e+00 -2.2131996514e+00 -3.1996771466e-02
-1.7927757350e-01 -1.0184957586e+00 8.4336101330e-01
-2.9380763743e+00 -1.6976794415e-01 -1.3478952376e-01
-1.5245673777e+00 6.7607475177e-01 -1.8151886382e+00
7.2192289870e-01 2.1831016879e+00 2.0245451805e+00
-8.2644380562e-01 1.7119268467e+00 2.8913956042e+00
-2.1523460688e+00 6.3542060518e-01 -7.3971222537e-01
1.0140981780e-02 -1.2213988454e+00 -3.9252857353e+00
-7.5649373118e-01 4.8257453516e-01 -1.3293938333e+00
-1.2177020756e+00 9.4230121687e-01 -1.3291107257e+00
-6.9707994780e-01 1.1567313496e+00 2.5707245163e+00
1.7516590588e+00 5.0461254158e-01 1.8871182344e+00
9.6055359981e-01 1.0716871653e+00 2.6210794615e+00
2.5399355861e+00 -3.0622890204e+00 -9.1016897185e-02
-2.2152400766e+00 2.3116096048e+00 5.1500130889e-02
1.0118559012e+00 1.9343175214e+00 2.1420386646e+00
2.2072494489e+00 8.2843295378e-01 3.0184084066e-01
1.5156902648e+00 2.1708241372e+00 3.7426985922e-01
-9.4684704184e-01 -5.1159057111e-01 9.9782198160e-01
7.5454650064e-01 4.1292407472e-01 1.2482422790e+00
1.5162635235e+00 2.5994309842e+00 3.5647467579e-01
1.3290545402e+00 -3.3578157156e-02 3.5386875657e+00
-3.1991834019e-01 -1.4292862803e-01 2.4632640575e+00
1.3303170336e+00 2.3734987371e+00 5.4000052923e-01
-7.7746782062e-01 2.2050335134e+00 1.7204597407e+00
-8.2912401081e-01 2.5559642461e-01 -6.3307144067e-01
1.8487878144e+00 3.2072997678e-02 2.3337833296e+00
7.2431384626e-01 -5.7781291127e-01 4.7599997184e-01
9.3766196069e-01 2.0442359345e+00 2.5767206738e+00
2.7889485596e-01 -3.0427142696e+00 -3.8477468283e-01
-3.6577661758e-01 -2.9012635272e+00 8.6398661179e-02
4.8015897227e-01 1.3696057492e+00 4.5634453268e+00
-1.9948599412e+00 4.4270982332e-01 -1.6369907057e+00
2.6119662260e+00 1.6357376233e+00 6.4912834208e-02
-1.0339365431e-01 5.3110786393e-01 7.1105795786e-01
1.5151750753e+00 1.3497701640e+00 1.3540357050e+00
-3.9461550387e-01 -7.9020900170e-01 3.2348237461e+00
1.7543271668e+00 1.0376031573e+00 1.0208722271e+00
-1.9958008962e+00 6.4714025492e-03 -1.9091146789e+00
5.4492642418e-01 -1.7094349132e+00 -4.7080991776e+00
1.1542739431e+00 -2.4513440266e-01 3.1611748276e+00
-3.0804538282e-01 1.7539816850e+00 7.4478924807e+00
2.0102028044e+00 1.3758447692e+00 6.4224282876e-01
-1.6623448526e+00 -2.1164896691e+00 9.6649297042e-02
1.6646975093e+00 1.3631715952e+00 4.8210829075e-01
5.2631036184e-01 1.2272832247e+00 4.2027082911e+00
1.4154154377e+00 4.4888498886e-01 2.3155063165e+00
-8.6850349744e-01 1.5227987278e+00 2.6286135451e+00
2.9963813516e+00 5.4250671177e-01 3.7760791501e-02
-1.7086371173e+00 1.2778538832e+00 1.6055298456e-01
-6.7703981159e-01 -6.8521232197e-01 2.0913598099e+00
-1.7977423220e+00 2.9035692764e+00 1.4795099444e-01
-7.9021377224e-01 2.3726309761e+00 1.8308643384e+00
-2.1402338379e+00 3.1386573089e-01 -1.0688877638e+00
-1.5471910950e+00 2.3455610349e+00 1.9413329208e-01
2.1683347330e+00 1.5543115013e+00 4.3133281796e-02
-1.4392084656e+00 2.6622402563e+00 2.0723297258e-01
1.6636354690e+00 -5.7525445960e-01 2.4836782868e+00
-2.6090795385e+00 -2.6006216438e-01 -3.1591767090e-01
-1.4206468353e+00 1.9173890010e+00 6.8402799511e-01
3.0568780190e-01 4.7619987389e-01 8.1144799318e-02
1.0500515348e+00 -2.4269585352e-01 3.3687027791e+00
-3.0149519875e-01 -3.7430753215e-01 3.3852568154e+00
-1.5639590093e+00 2.0169892063e+00 3.8536535770e-01
1.1921008352e+00 1.3947098833e+00 2.4513187385e+00
-1.5778830316e+00 3.0029999540e+00 1.6936797151e-02
-1.7615979893e-01 8.6772109288e-01 3.2312179487e+00
-1.9291645654e+00 1.3921999864e+00 -2.1786576010e-01
6.9304203603e-01 1.4980672933e+00 4.3451591719e+00
-2.5516010251e+00 3.1099405987e-01 -1.1194907962e-01
2.1491504519e+00 1.4137844757e+00 3.2787187450e-01
-1.0978618758e-01 4.6409140601e-02 1.3000006319e+00
8.4281591167e-01 -9.7862724846e-01 -6.2855333326e-01
2.0864991072e+00 2.8520961682e+00 1.3494172946e-01
2.1088227471e+00 5.0688847530e-01 9.6935218836e-01
-1.3072047530e+00 1.4771370987e+00 1.9708278951e+00
-6.6510725173e-01 -9.8409945830e-01 2.1685685695e+00
-1.5788080115e+00 -2.4657264571e-01 -2.2200235569e+00
-3.1393559734e+00 2.8465116183e+00 -4.4049793630e-02
1.4122200946e+00 2.8636271708e+00 1.4273928773e-01
-3.0006001701e+00 2.5615797003e+00 7.3154038209e-03
6.7354561847e-01 4.9105938086e-01 2.0898599056e+00
5.5502485724e-01 -1.2462796272e+00 -3.3431237443e+00
4.0390115000e-01 1.7331917404e+00 6.7993078664e+00
-2.6745309564e+00 7.4736831943e-01 -9.7630955983e-04
-2.9669590431e+00 1.7938189590e+00 -1.7386174943e-01
2.8540215513e+00 5.8244524974e-01 9.4471886372e-02
-2.3890493636e+00 1.8973991562e+00 -5.5000538796e-02
-2.7560657187e+00 1.5961767794e+00 2.7977761760e-02
-1.4076400149e+00 -3.7599496792e-01 -1.0524190040e+00
-2.0949888882e+00 2.6755136593e+00 3.2708575394e-02
4.9096048768e-01 -2.0759894638e-01 5.1654535528e-01
-2.5253131830e+00 3.0411582530e+00 9.2972849700e-02
1.5004786901e+00 9.9953291793e-02 3.2623380506e+00
-2.0380312307e+00 2.7808559743e+00 7.7327679376e-02
-2.5844484951e+00 -3.0085566722e+00 1.4525884577e-01
8.4228047968e-01 -8.5906664294e-01 1.9855634240e-01
6.9726868671e-01 -1.4724556646e+00 -4.8456334325e+00
9.2700458140e-01 2.0121852182e+00 3.5696522329e+00
-2.7813524182e-01 3.9659457035e-01 8.0389672487e-01
2.2744244986e+00 8.0001525620e-01 2.2588228291e-01
1.5825075161e+00 1.3616197954e+00 9.0780347573e-01
-2.0626181634e+00 2.5523988308e-01 -1.0494324460e+00
1.1356479718e+00 -8.0940172845e-01 7.1266110429e-01
-9.2896556702e-01 1.2324838777e+00 1.5461580398e+00
-1.2051988615e+00 1.6141925620e+00 1.0509392774e+00
8.4890160884e-01 -6.8987215728e-01 8.2738808536e-01
1.7841375218e+00 1.7280318042e+00 3.9132329853e-01
-3.5281721012e-01 -1.0199257564e+00 3.2568790548e+00
-2.8637570429e+00 1.3623208687e+00 -9.5197891764e-02
1.9562021362e+00 -1.5596621396e-01 1.4033101034e+00
1.7438193726e+00 2.5516613603e+00 1.3298054057e-02
1.9311783109e+00 1.7202591325e+00 3.6553665992e-01
1.9917082545e+00 1.7807285614e+00 9.5833386585e-02
8.8897920280e-01 -3.0741999026e-01 1.7063223482e+00
-7.2303649328e-01 1.0463594724e+00 1.8815117935e+00
1.4471972300e+00 4.0230707990e-01 3.0134059032e+00
-7.7673436908e-01 -1.3040192744e+00 8.0258685849e-01
-1.6379949942e+00 -6.0972187903e-01 -7.9629858134e-01
-2.9666261066e+00 -1.0649925337e+00 7.9386585145e-03
-3.3066709954e-01 -8.8778928935e-01 2.7161006377e+00
1.7232155023e+00 -9.5034263612e-01 7.3209909189e-01
2.3182703862e+00 1.0724738788e+00 2.0664777462e-01
2.9742855478e+00 -2.2655897713e+00 8.5721154445e-02
-1.2682729574e+00 1.5283462891e+00 6.2553658898e-01
-2.9932350374e-01 2.3046317788e-01 1.4311927014e+00
2.1926901157e-01 9.7981408193e-01 2.3238783949e+00
1.6226636659e-01 -3.0701191240e-01 1.1371817386e+00
-7.1938729723e-01 1.8905180013e+00 4.7200185538e+00
3.0795845749e+00 -1.8036744479e+00 -8.0144035678e-03
-1.6712094354e+00 1.9012523917e+00 2.2762917997e-01
-4.3371437383e-01 1.0254076893e+00 2.4729684929e+00
1.5655700767e+00 -8.3464582025e-01 1.3126181033e+00
2.4102906747e+00 1.5362245498e+00 2.3056045821e-02
-3.0261635271e-01 -1.4209954917e-01 1.8020585810e+00
9.3083974576e-01 2.2180476350e+00 1.6887442945e+00
3.4612465752e-01 -6.5686122692e-01 6.1631522750e-01
-9.5631554265e-01 2.1814687274e+00 1.3248416652e+00
2.8026830977e+00 -1.0939270904e-01 1.7695277985e-01
-8.4426998091e-02 1.0623544951e+00 5.2635444791e+00
2.3493725612e+00 1.3492401618e+00 2.6462444786e-01
-4.4673750211e-01 -5.1649953725e-01 3.8324065968e+00
1.4864650304e+00 1.8477169064e+00 9.0949434048e-01
2.0064641612e+00 -6.0674466751e-01 7.8689390954e-01
-1.6996358987e+00 2.0025427002e+00 1.5899031451e-01
-7.4297717350e-02 -7.4474972924e-01 2.2726524537e+00
-1.6798937714e+00 -5.1569835899e-02 -1.6454549832e+00
-1.8100367192e+00 6.7549560137e-01 -1.5529766674e+00
6.5631660264e-01 -2.4709365408e+00 -7.2698682653e-01
-2.8890756993e+00 -2.4869378372e+00 -1.8635152364e-02
-1.5484193567e+00 1.8295850231e+00 7.5758258960e-01
4.3249436019e-01 -5.0745699785e-01 2.3998817030e-01
3.5318612235e-01 2.1150496289e+00 4.0601112431e+00
1.3060461567e+00 1.3380690180e+00 1.9091128527e+00
2.1742553804e+00 1.0279264433e+00 5.3383186814e-01
-5.9544147367e-01 6.2637146060e-01 1.3415984963e-01
1.5838727712e+00 4.0586637858e-01 1.9948252487e+00
-1.3800389807e+00 3.7963450651e-01 -2.7953945088e+00
3.1764106159e-02 2.9743468302e+00 2.8795445056e-01
1.9343845218e+00 6.5233198067e-01 1.0618467598e+00
1.4299589940e+00 1.3092235499e+00 1.3954750038e+00
1.2146641892e+00 -1.1054682967e-01 3.4783795154e+00
1.3925219216e+00 2.9797089406e+00 3.9463866230e-02
-1.9806058026e+00 6.6155613507e-01 -6.5914692074e-01
1.4501518136e+00 7.7216639101e-01 2.0526351277e+00
-1.0447978092e+00 1.7513584170e+00 2.9966939451e+00
1.8108556878e+00 6.1621609384e-01 2.0591348146e+00
9.6856455856e-01 -3.9552167619e-01 2.1385666595e+00
3.0365847579e+00 -1.4787548687e+00 4.5592404655e-02
2.5307033892e+00 -1.0638900039e+00 2.3497995629e-01
1.5480932770e+00 8.9011812105e-01 1.8890094667e+00
3.1199917622e+00 2.7649894166e+00 1.5268408153e-01
-3.9847102796e-01 -4.1125202566e-01 3.3638027799e+00
-4.1709687584e-01 -1.9712062698e-01 1.8523639221e+00
7.2632223659e-01 -1.7705649928e+00 -4.4442247992e+00
1.0681943020e+00 -1.4374588108e-01 2.4470565290e+00
-5.7726147651e-02 4.7299127849e-01 6.4089677367e-01
-1.0258559529e-01 -3.2043400284e+00 -2.4202824580e-01
9.8776837952e-02 3.7659395200e-02 5.1380197259e-01
7.3718723980e-01 7.7902745228e-01 2.3272711812e+00
2.2396562124e+00 -7.6816952046e-01 5.8340270450e-01
-3.2627994063e-01 1.9855486480e+00 4.7977494302e+00
1.3340148352e+00 1.8892895848e+00 1.1005002702e+00
1.5804652597e+00 1.3317545894e+00 1.4957346897e+00
-3.0557484081e+00 7.9871503717e-01 -1.0976835225e-01
-2.3786540733e+00 1.7639323560e+00 -9.0971119352e-02
-8.7063546025e-01 6.0902858017e-01 -6.4378676038e-01
-3.1640258028e-02 -3.2325159731e-01 1.4036301354e+00
-1.8258183052e+00 -1.1401964651e+00 8.0336752058e-02
-9.1541982004e-01 2.4183246182e+00 1.0650233226e+00
1.4058809328e+00 -1.1562906179e+00 5.4396900499e-01
-8.1141725346e-01 2.0641455525e+00 2.8736590833e+00
1.5418446133e+00 1.3006223505e+00 1.1361064197e+00
-1.3897407019e+00 5.0707081032e-01 -2.4818534072e+00
-2.9115282796e+00 1.6208216094e+00 -6.7062731382e-03
-7.5111395765e-01 -5.7877727913e-01 2.8628577657e+00
8.8774228416e-01 2.9957956998e+00 4.3747221609e-02
-7.5605226284e-01 -4.6251133863e-01 2.1013937433e+00
2.5966274399e-01 -3.3115163395e-01 4.7425612983e-01
-1.0860480572e+00 1.3607928335e+00 1.9495484685e+00
-1.5186079967e+00 1.7260185290e-01 -2.7879318549e+00
-1.1845337299e+00 2.6344503574e+00 2.7313215731e-01
-2.8694646399e+00 2.4093866442e+00 6.1103591856e-02
2.9038093932e+00 2.1073416923e+00 2.7466559954e-02
-2.1289904638e+00 1.3279112392e+00 -1.3010161798e-01
-7.2656908874e-01 2.3322574857e+00 1.7573640616e+00
-1.1932403005e-01 -6.7719070841e-01 2.5138488511e+00
-3.8008474298e-01 -5.0756045957e-01 3.5433283694e+00
-2.2807550152e+00 4.7757520784e-01 -8.2990079136e-01
4.7738915763e-01 6.1276362061e-01 6.8204971435e-01
-5.9672164307e-01 -1.3389377293e+00 -4.2426644919e-01
6.9911750848e-01 -1.6067086772e-01 1.3595413670e+00
-1.7685959979e+00 1.0620462736e+00 -6.2932927732e-01
-1.0516489337e+00 -7.1159730674e-01 1.7325343323e+00
1.6811669059e+00 2.4841542897e+00 1.2872717913e-01
-8.7189867817e-01 9.0956159004e-01 4.1957287027e-01
-1.0608581739e+00 -7.6080262385e-01 8.2881159287e-01
-4.5251388890e-01 2.3287888523e+00 2.8449911704e+00
2.5442228313e+00 -2.6610169100e-01 4.3252014124e-01
2.3684444360e+00 1.7688560252e+00 4.3073167970e-02
-2.0469906688e+00 1.8137358886e+00 2.3739384397e-01
1.4488564879e+00 2.0226904849e+00 9.2056587029e-01
1.0038625971e+00 -1.9344922752e-01 2.7308328687e+00
-1.1603487395e+00 2.8506113813e+00 1.1597631824e-01
3.1651186503e+00 8.7500830551e-01 1.0514157556e-01
2.1652921682e+00 5.2241024231e-01 7.9782662132e-01
1.1249999259e+00 1.0960588177e+00 1.9100245335e+00
2.2956475484e+00 -6.9440619403e-01 3.4421230901e-01
1.5375798624e+00 1.3749210237e-01 3.2583165731e+00
-1.3812218741e+00 8.7430854220e-01 -9.6459326382e-01
-7.4887082220e-01 1.8524093978e+00 2.1931454970e+00
1.4496957612e+00 1.7429429876e+00 9.6599929135e-01
1.8205967806e+00 -3.2262155582e-01 1.8003804265e+00
-2.2808900631e+00 -4.0779280383e-01 -7.1644435453e-01
-2.3118457220e+00 -3.1317360401e+00 1.9624422754e-01
1.3745888964e+00 -1.2710912537e-01 3.2545487954e+00
-1.0379470029e+00 -1.7459518219e+00 -8.9976035433e-01
2.3675524179e+00 1.7457954377e-01 4.5324839891e-01
-3.1074880500e+00 1.3644716194e+00 -2.2777093736e-02
-9.1013604038e-01 8.4372588990e-01 -1.0570359818e+00
2.2045488798e+00 9.3678277744e-01 4.5713677009e-01
-5.4009956317e-01 7.9922398213e-01 1.2953565928e+00
-6.0051938977e-01 2.6353451986e+00 9.7841244320e-01
-1.3786967521e+00 -1.2135337705e+00 6.1587388443e-01
1.4813240222e+00 1.5439280008e+00 1.4355509651e+00
-8.2885345906e-01 -1.5212722254e+00 -1.0825789944e-01
-1.1530437582e+00 8.4064608514e-01 -1.4856469144e+00
2.1614238028e+00 1.5849903694e+00 5.2546577692e-02
3.0542723583e+00 -1.9492217891e+00 -2.8176564808e-02
2.9730844618e+00 -2.3269265838e+00 -4.8526512789e-02
-1.1364350882e+00 -1.9390084918e+00 -1.3980247839e-01
2.5304530454e-01 -1.8784781487e+00 -6.0597108212e+00
-6.3520950319e-01 2.7291842439e+00 2.4428036938e-01
-1.9563010957e+00 -1.4543136860e-02 -1.1188975728e+00
-1.0339506700e+00 5.6838610076e-01 -1.5834085648e+00
-2.6881472689e+00 2.7674246761e+00 -5.8362207661e-02
-1.8366111547e+00 -4.7337532843e-01 -8.4133667871e-01
4.9406012922e-01 -1.9193054923e-01 5.4339568742e-01
-1.3371235224e+00 8.2517545263e-01 -2.0068054769e+00
-1.3733140613e+00 -2.9576911862e+00 5.7992628473e-02
2.0178063468e+00 2.4385156794e+00 2.5896686999e-02
-2.1925209275e+00 -2.2469048414e-01 -7.8730682315e-01
-1.1662966861e+00 1.2851053283e+00 8.9891716653e-01
-2.4781298998e+00 -1.3421339747e-01 -4.8969413363e-01
5.8782833543e-01 1.8527915333e+00 3.5539991779e+00
3.0796634401e+00 1.7449539011e+00 -1.4532847395e-01
2.9642394081e-01 1.1311887884e+00 4.7841563191e+00
-2.2384371257e+00 2.1308776081e+00 -1.1473576489e-01
-2.2161033834e+00 1.4796545220e+00 -8.3658919133e-02
1.5904332051e+00 1.8069131660e+00 6.2071184851e-01
1.3459341282e+00 1.7002567134e+00 1.0686510858e+00
-2.0858718838e+00 2.0804281701e+00 2.0865383703e-02
-9.5861128719e-01 3.0046519172e+00 5.4651874072e-02
1.5718587420e+00 -4.2281517281e-02 3.0926572106e+00
-2.3769031958e+00 7.7583482880e-04 -1.3654718245e-01
5.6307221925e-01 7.9815693020e-02 8.3409573240e-01
-1.4350153329e+00 -1.5705523637e+00 3.2290441384e-01
-2.6541998673e+00 2.0100308000e+00 1.0317401819e-01
-1.1214983101e+00 6.7211338395e-01 -1.9113848034e+00
1.1134410917e+00 -7.0731237842e-01 1.7288332201e+00
-1.8616545961e+00 2.7617428243e+00 -1.1819040277e-02
-8.6852341807e-01 -1.6219584790e+00 -7.5427758553e-01
2.9292109630e+00 -1.3916754053e+00 8.5579368694e-02
2.5503811581e+00 3.0204827609e-01 1.3675514225e-01
-4.4540376049e-01 5.7294626996e-01 7.0972061442e-01
2.1860907995e+00 4.9292463436e-01 6.3033922360e-01
-1.5582394528e+00 -8.0404366583e-01 -9.6587448534e-02
2.4759755087e+00 -6.9277624173e-01 -1.7305425593e-02
5.0626678085e-01 3.1406994147e+00 3.1248234150e-01
1.0569419074e+00 8.1848330034e-01 2.3733098603e+00
-2.7772881487e+00 2.9479062561e+00 6.1246778323e-02
1.1175942234e+00 5.7490533689e-01 2.4276281344e+00
1.9696822791e+00 4.1546799947e-02 1.4368641342e+00
-1.4820073137e+00 1.1204739285e+00 -6.6713255676e-01
1.8845613514e+00 2.6486664974e+00 7.3825180207e-02
-1.3224260656e+00 3.0324983657e+00 1.0735159056e-01
1.3977727983e+00 1.3491179586e+00 1.4304304145e+00
-1.9883870061e+00 9.6955690452e-02 -1.5709170296e+00
1.1719194598e+00 1.0087088675e+00 2.2338708054e+00
-2.5880556767e+00 1.2756592612e+00 -9.7772568381e-02
-6.8991438351e-01 8.8930045714e-01 -4.2172210055e-01
-1.7992016032e+00 1.3052701708e+00 -1.1691652429e-01
1.4322219230e+00 2.0202245576e+00 9.8796303406e-01
3.9542116789e-01 -6.3159327132e-02 4.3774915793e-01
-1.3806335169e+00 -5.7643567496e-01 -7.1818398424e-01
4.9437007642e-01 -3.0227620615e+00 -2.0206971216e-01
-1.2644993242e-01 -2.9854018674e+00 -1.7900254919e-01
2.9961024349e+00 1.3614066223e+00 -1.4554282665e-02
-1.8505950267e+00 -1.4065155236e+00 1.3778174426e-01
2.7658917318e-01 8.8902209519e-01 1.9295012669e+00
5.4094758688e-01 9.4310935023e-01 1.6187793149e+00
1.7405307805e-01 4.4049934772e-01 1.0759794763e-01
4.3736659478e-01 -1.6556519020e+00 -6.1140772814e+00
-1.3123311519e+00 2.9569029323e+00 -1.4846296028e-02
1.1559129417e+00 1.6232601584e+00 2.1522049145e+00
-1.8713698296e+00 -2.1441191762e+00 -1.5904951189e-04
1.9623623757e+00 2.1294132580e+00 8.8931140802e-02
-1.3906417209e+00 2.0310131226e+00 9.2629843103e-01
-1.0958414006e+00 1.6321894273e+00 1.5009517070e+00
1.2553758021e+00 -3.4203969951e-01 3.2767017754e+00
2.6885198602e+00 -2.9986951553e+00 -7.1997133822e-02
4.0858009959e-01 -1.7998508979e-01 3.2976220914e-01
-2.8819051729e+00 2.3048097068e-01 -1.4020503749e-01
1.6013260535e+00 8.1939276359e-02 3.1093775811e+00
1.1735101622e+00 1.6662924299e+00 2.1406493082e+00
-6.8415912340e-01 3.1484789230e+00 1.9078630015e-01
-1.5692552156e-01 2.0867592297e+00 4.3710398740e+00
1.2852391641e+00 -1.3429342014e+00 -7.7930339853e-01
-1.0212300896e+00 -8.1067522692e-02 -1.5599997201e+00
2.3868957488e+00 1.0536836717e+00 1.9649056587e-01
1.9654634523e+00 3.6730035745e-01 1.5131847797e+00
1.7530275734e+00 1.7729068581e+00 3.2377694380e-01
2.3481158924e-01 -1.0258454967e+00 -7.0955761159e-01
2.9306750313e+00 -5.3326915222e-01 6.2051027200e-02
-5.9558964720e-01 4.6392649300e-01 1.8687435099e-02
-2.0933370946e+00 1.3634156537e+00 -1.0734282642e-01
-2.1009816859e+00 6.6186949201e-01 -1.0687559126e+00
1.2851836187e+00 -4.6249460499e-01 3.1044300908e+00
-1.8910729737e+00 5.1681736913e-01 -1.7869902385e+00
6.3184247191e-01 3.6050410986e-01 6.7694791649e-01
1.2632359549e+00 -6.9523601084e-01 2.2059430274e+00
2.8475608059e+00 -1.8069559102e+00 5.6260308179e-02
-1.3405157833e+00 -5.8394270460e-01 -3.9503528215e-02
2.0323876147e+00 -7.6541923376e-01 5.6098056845e-01
1.8564842558e+00 1.3528861714e+00 6.0340571494e-01
-2.0872809683e-02 -5.7062985475e-01 2.1032299419e+00
-6.3984278856e-01 3.4873581806e-01 4.4719174289e-01
2.9001877684e+00 2.1341695295e+00 1.0928903588e-01
-1.0105934712e+00 1.7809035381e+00 2.2718816797e+00
-8.6581032835e-02 -4.0095353119e-01 2.8074051215e+00
9.2553484625e-01 9.7371663573e-01 2.7890420008e+00
1.6682908427e+00 -8.2912205024e-02 2.9814187000e+00
-2.3915931191e+00 1.6292870854e+00 1.9261080839e-02
-2.1825082510e+00 1.6503829917e+00 -3.9948524668e-02
1.9239597008e+00 -9.2543041898e-01 8.6964664400e-01
-1.1184445756e+00 -5.2648313990e-03 -2.0001550618e+00
1.2399585481e+00 1.7151506534e+00 2.4645476879e+00
-1.8109689657e+00 1.0504425575e+00 -2.0483555052e-01
1.3661635864e-01 -2.8318890091e-01 1.0219342101e+00
-1.4186189133e+00 2.1996945612e+00 5.3321639767e-01
2.0100840153e+00 2.8562517071e-01 1.2172595187e+00
2.7906300481e+00 6.0042618479e-01 1.0299020137e-01
-1.7966453420e+00 2.3986771729e+00 1.7614273183e-01
1.4926516350e+00 2.9907368706e+00 -4.1949356202e-02
2.6700903949e+00 4.4043383512e-01 2.1382059379e-01
-7.7058998874e-01 8.3825238651e-02 -2.8156606829e-01
2.0969990079e+00 8.3991985542e-01 5.5096195331e-01
1.9855976590e-01 -5.5720060850e-02 4.1811250166e-01
-1.2088897660e+00 -1.2864532408e+00 1.3396253293e+00
-8.3661904718e-01 7.9407202310e-01 -6.1907855786e-02
-8.3146499853e-03 8.6285023653e-01 2.8356065372e+00
2.4682989056e+00 -9.2652276537e-02 4.1536178677e-01
2.0652638926e+00 1.6358763931e+00 1.3839914843e-01
2.5727596226e-01 -1.0887887364e+00 -2.2472435142e+00
2.6689663897e-01 -4.9216238156e-02 6.8016836789e-01
3.0253939731e+00 3.5279526073e-01 2.1387333759e-01
3.0048863302e+00 -3.3248382167e-01 9.4665606873e-02
-1.6483583053e+00 7.2419108928e-01 -1.6701337994e+00
1.2395482399e+00 2.3915780262e-01 3.4987222726e+00
1.9368151984e+00 3.0970293114e-01 1.7738921701e+00
-1.4117004903e+00 6.8221549786e-01 -1.7759754954e+00
-1.1597444815e+00 1.2558834188e+00 7.2013456495e-01
1.3634513513e+00 -2.9634677677e+00 -1.4685538596e-01
7.0218499536e-01 1.4508735327e+00 4.7663100332e+00
2.5714041142e+00 -1.0451711211e+00 8.9742202428e-02
-1.0751488938e+00 3.0145927532e+00 2.7374827122e-01
-2.1593425193e+00 3.7746647952e-01 -7.4284468253e-01
-1.1582026687e+00 2.2875640656e-02 -2.4417523736e+00
-1.8218209654e+00 -2.0405750312e+00 4.7350948356e-02
-1.3491602447e+00 -5.4630058929e-01 -1.1713114977e+00
-7.3642642172e-01 -4.1810275037e-01 1.7198292500e+00
2.4172747993e+00 1.3302970045e+00 5.4171817875e-02
2.7212467031e+00 2.1200089846e+00 1.2319852664e-01
2.3917342766e+00 2.7341821110e+00 -5.9381855950e-02
-1.1655610695e+00 9.5743764582e-02 -2.7287932664e+00
3.1744203876e+00 -1.5032378384e+00 -4.5606623840e-03
-1.2926645251e+00 2.6668682460e+00 2.6529450556e-01
-1.2188944932e+00 1.6333715186e+00 7.5697214672e-01
1.2686742982e+00 2.7371540461e-01 3.5567233098e+00
2.9402699944e+00 9.2978715149e-01 1.2744939117e-01
-9.8796928339e-01 9.5631254443e-01 7.0352752114e-01
2.0208474741e+00 3.7509173348e-01 1.4963326212e+00
3.8799624295e-01 -6.8579014340e-01 1.2096638204e-01
-1.7438427570e+00 1.7623422400e+00 1.4302998467e-01
-6.8921468544e-01 8.2564678776e-01 2.1722902458e-01
4.8142268794e-01 -2.4396053889e-01 3.5594597862e-01
2.0081741233e+00 1.6460904439e+00 1.4095562451e-01
-8.8002434438e-01 -1.1652372029e+00 1.8174593872e+00
2.0204143655e+00 -5.3727242598e-01 1.1850704843e+00
-1.6577728636e-01 2.1414200591e-01 1.1505040332e+00
-2.7998457313e+00 2.1991908701e+00 -1.0576061076e-01
-2.2642597029e+00 2.5956401781e+00 -7.3788504538e-02
8.0176985019e-01 -2.1302747984e-01 2.1807870045e+00
-3.1632357788e+00 1.0674009416e+00 3.4487307401e-02
-1.4998875430e+00 2.4396434521e+00 3.5148578035e-01
-1.9643389558e+00 2.8279810264e+00 5.7344864588e-02
-2.6441141440e-01 -8.8358813881e-01 2.1603249235e+00
3.0164637070e+00 1.5842893718e+00 1.7120965086e-01
-6.9545806002e-01 1.3478096628e+00 4.3010531879e+00
-2.5254705813e+00 -2.1383745385e-01 -3.0450670185e-01
1.6778429849e+00 1.5330725333e+00 9.0758846861e-01
-1.6047557265e-01 2.0227430405e-01 1.5527549133e+00
1.2661639718e+00 -4.6222472707e-01 2.9909731363e+00
-2.8639590964e+00 2.6759017895e-01 2.8641825494e-02
-1.0364722456e+00 1.3394309946e+00 1.5082338871e+00
-9.0090880619e-01 1.0541651816e+00 1.2682658664e+00
-1.0044999503e+00 1.8000703196e+00 2.9912219174e+00
-1.1998984782e+00 6.8802584819e-01 -2.6349906918e+00
1.2230639692e+00 1.7826310208e+00 1.6661317841e+00
6.5029648123e-01 3.9893797472e-01 1.0020716035e+00
-1.6420705582e+00 1.9453319249e+00 5.0942637439e-01
1.6698411630e+00 1.0170718540e-01 2.6004806499e+00
2.0568077485e+00 1.4360190527e+00 2.8720394544e-01
1.4215185554e+00 1.5477029890e+00 1.8352217747e+00
2.4404400630e+00 1.8617888782e+00 -2.6299227232e-02
-1.3762655502e+00 -2.6670840100e-01 -1.3964313867e+00
-9.3326252998e-01 8.2354626512e-01 -2.5955444874e-01
3.3851083910e-01 -2.1191631517e+00 -4.5416041584e+00
-2.6600623669e+00 -7.3424390517e-01 -9.1778198434e-02
8.1335744350e-02 -1.2964078389e+00 -4.8614844928e+00
-2.8794114919e-01 -9.6185007120e-02 2.1540126568e+00
1.5685246098e+00 1.1988535962e+00 1.2977852635e+00
3.1866304928e-01 -9.6119989984e-01 -7.8251289958e-01
1.5950369971e+00 1.4641994772e+00 1.0524735203e+00
2.2729666802e+00 2.2721411935e+00 8.5793169462e-02
1.3441872717e+00 -1.4402837868e-01 3.5966450173e+00
1.7100824472e+00 2.3596409381e-01 1.9374211815e+00
-1.5856551095e+00 1.7900138284e+00 4.7931865222e-01
-1.3752176132e+00 5.1469280628e-01 -2.4162290059e+00
3.8749636093e-02 -1.4201881020e-01 1.7400507958e+00
-8.9093016226e-01 1.2423836816e+00 1.8048627671e+00
1.7337953282e+00 1.4738498443e+00 9.7418464401e-01
-1.7971130093e+00 -2.8129478197e-01 -1.6916901307e+00
-2.1750569783e+00 2.4352086567e+00 2.9578737204e-03
-2.7431652994e+00 6.1363264881e-01 -1.3860635287e-01
5.3634804699e-01 4.8433758584e-01 5.4315199170e-01
8.2359296521e-01 1.5210593871e+00 3.3513246578e+00
1.2487667799e+00 2.9601397880e+00 1.2658241914e-01
6.7585743178e-01 -1.7233155968e+00 -4.5675945060e+00
2.1498212277e+00 4.5271540832e-01 5.6840764729e-01
-1.8597507750e+00 2.5900550658e+00 2.3178025428e-02
1.3021890193e+00 -1.5939541887e+00 -1.3253233669e+00
-2.0501323469e+00 8.0583342736e-01 -6.9792280245e-01
-3.5594434625e-01 -1.9962951651e+00 -3.2851719012e+00
2.2806392387e-01 -3.0119035852e-01 1.1655878123e+00
-2.1510410749e+00 1.6732876799e+00 -8.4294979763e-02
-6.7346364268e-01 -9.3269632344e-01 2.5523201776e+00
1.9711657904e+00 8.4488328460e-01 1.0717194826e+00
1.0647342899e-01 -7.9725109747e-01 5.6283955665e-01
1.8599776348e+00 1.0772330787e+00 8.8236438552e-01
8.2176656258e-01 -7.7845532093e-01 -2.6079593207e-01
1.6771228480e+00 -1.2568369582e+00 3.7386786429e-02
-1.6226620042e-01 -2.8905976871e+00 -2.5896506624e-01
3.7859668623e-02 -1.5372028514e+00 -6.2390777578e+00
-1.3204517617e-01 2.9323289051e+00 4.0871002564e-01
1.4418209386e+00 -2.9546047327e+00 -7.0374123508e-02
-8.3974565456e-01 -1.8004900887e+00 -1.0166746098e+00
-2.2216730302e+00 2.0998356739e+00 -3.4887981099e-02
-1.9232228869e+00 1.1253156506e+00 -1.4285301604e-01
1.0627216578e+00 -9.7483232407e-01 6.7180308690e-01
-2.7878652174e-01 -2.8550259031e-01 2.6113567709e+00
-2.4564628796e+00 -5.5117939449e-01 -5.9637580895e-01
-1.8886675100e+00 -1.9067324422e+00 -9.5161748091e-02
6.6103354672e-01 1.1883921309e+00 4.1515545169e+00
2.1307202720e+00 -3.0953910154e+00 -1.4230334315e-01
-9.2146059561e-01 2.0925070469e+00 1.4716472148e+00
1.9161009527e+00 1.3212341554e+00 4.4381614925e-01
-7.2580168322e-01 -6.6135740805e-01 3.4284959644e+00
2.4304358085e+00 2.6698459132e+00 1.2052501022e-02
-1.4572756489e+00 1.9907823606e+00 3.5299038548e-01
2.1581035206e+00 2.4009619924e+00 2.7555525120e-02
-4.2614756964e-01 2.4114493362e+00 1.9984186750e+00
5.7108532633e-01 3.0474621128e+00 3.7932907579e-01
-1.2193712566e-01 1.6676864835e+00 7.9440784632e+00
-2.2651986659e+00 5.2284277665e-01 -9.6601506409e-01
-1.0929271968e+00 -1.5388312622e+00 -2.8302925227e-03
-1.0984674378e+00 2.2964589165e+00 8.6336066982e-01
-1.8723148727e+00 1.3066684329e+00 -1.2848458280e-01
-2.1479961899e+00 1.3333957611e+00 -8.0100003662e-02
-2.1570922938e+00 8.9571450437e-02 -8.2192751897e-01
2.3826621024e+00 1.0364907430e+00 2.8976257643e-01
1.2276180782e+00 1.0904954300e+00 2.1219232268e+00
2.1091546932e+00 2.0092499849e+00 3.4215868003e-01
-6.4085717733e-01 -2.8356249829e-01 2.6036960477e+00
2.4231083030e-01 1.9100231774e+00 5.3690219460e+00
8.5619279857e-01 1.7083104715e+00 3.4467145601e+00
1.4080169148e+00 -2.5199028716e+00 -3.5076643588e-01
7.8042533616e-01 -1.3481930470e+00 -3.9884484764e+00
9.0925653479e-01 -4.1645404171e-01 2.5126818283e+00
1.7158315710e+00 7.8884730554e-01 1.8261838174e+00
2.1406834940e+00 1.2845362530e+00 2.0557865241e-01
-7.5087246118e-01 -2.4354064823e-01 5.2345608495e-01
1.2320558275e+00 1.8048921060e+00 2.4426322250e+00
-2.2662792385e+00 1.1944447129e+00 -1.4469253324e-01
2.7863452215e-01 -1.1319812691e+00 -2.0482892652e+00
9.3703033274e-01 -7.2556114155e-01 6.8456094109e-01
-3.5145791327e-01 -6.5092235440e-01 3.2630940106e+00
-1.6491785697e+00 2.8377131511e-01 -2.3987926833e+00
1.3061241364e+00 -7.8070479938e-01 1.5662982018e+00
-1.8701112728e+00 2.7197430902e+00 2.0841484829e-01
2.0211380026e+00 8.6474270774e-01 6.6522929229e-01
-3.0266693182e+00 1.7791976640e+00 2.3637093936e-02
-1.0384007032e+00 6.7596462153e-01 -1.5118485552e+00
2.4615630484e+00 -3.0354048343e+00 1.0982196531e-02
-3.2933726352e-01 -4.7942498308e-01 3.4311086308e+00
2.0072998684e+00 6.0262738476e-01 1.0237944922e+00
-1.7645810690e+00 7.3470097953e-02 -2.0857787094e+00
-2.4992569982e-01 1.3494239353e+00 6.5754898421e+00
9.4827381881e-01 7.8000677993e-01 1.9365443467e+00
-9.9987632315e-01 1.0067500227e+00 5.1506934853e-01
2.4842043053e+00 -2.0780240354e+00 1.0785856322e-02
-9.2534171000e-01 -9.9470429174e-01 2.1245928631e+00
-1.5058120931e-01 -4.9092926126e-02 1.4099160626e+00
-7.4332475784e-03 2.1605212111e+00 4.9394953875e+00
-2.0132317438e+00 -6.3392468264e-01 -4.1045262852e-01
-1.5484000096e+00 1.6663723229e+00 4.0043132169e-01
-8.9039562244e-01 1.3845727631e+00 3.6372340984e+00
1.5550849731e-01 1.0721061814e-02 4.3975805619e-01
1.7220422830e+00 5.7637785450e-01 1.3147362260e+00
4.9862249230e-01 1.5210983985e+00 6.1198925344e+00
-1.1608072062e+00 9.7448163617e-02 -2.7891319835e+00
1.3047374888e+00 2.3253274520e+00 4.9528345117e-01
1.2172954416e+00 -1.8683909506e+00 -1.3082981730e+00
5.1673631626e-01 -4.0684362359e-01 4.9142227864e-01
1.5909641693e+00 -9.8427017585e-01 1.1476376814e+00
-6.1042570279e-01 1.5476890540e+00 5.0839792594e+00
-1.2924355744e+00 4.7266874895e-01 -2.7723467484e+00
-1.5209251359e+00 8.7093212575e-01 -1.4477589801e+00
1.5584006117e+00 2.8281184140e-01 3.2070710201e+00
-1.3316398466e-01 -3.0281832645e+00 -2.4535699032e-01
1.5323879664e+00 -1.9082677328e+00 -8.9012914661e-01
1.5993070065e+00 3.9580236130e-01 2.0256656707e+00
1.7137227233e+00 -8.3429152257e-01 1.4567932874e+00
1.0132472427e+00 1.0231935091e+00 2.5082647832e+00
-1.3046225633e+00 1.0204918972e+00 2.5566560021e-03
7.8393419810e-01 -9.2988321209e-01 -8.1050280855e-01
1.8725647459e+00 1.0424383487e+00 7.5847057527e-01
-2.7537219488e+00 2.9396437290e+00 1.3012056529e-01
-2.8055423469e-01 2.5734875306e+00 1.4426048903e+00
2.5310470183e-01 -3.0190386082e+00 -1.8721953995e-01
-7.1430349560e-01 -1.4246005038e+00 -7.9128453773e-01
9.9260121895e-01 1.4096178772e-01 2.8510621442e+00
-2.6026955317e+00 -2.5023159059e+00 7.2080492561e-02
-1.3014433058e+00 2.4847562863e+00 3.9079818707e-01
-2.3608335049e+00 1.4738379390e+00 -3.8805202725e-02
-1.8731427689e+00 2.7026080429e+00 1.0076275907e-01
1.9209687535e+00 7.3101290901e-01 1.0202393411e+00
-1.9584323582e+00 8.1528349340e-01 -5.9815016544e-01
-9.9602239283e-01 3.0514393832e+00 1.3800489056e-01
1.7006554047e+00 1.2558597579e+00 7.2521405400e-01
5.8255302427e-01 1.4556044956e+00 6.1928561188e+00
-2.7892140503e+00 -8.4113144631e-01 1.3311574540e-01
7.3451830873e-01 1.0399722570e+00 3.7967974161e+00
2.0752307826e+00 1.3142831248e+00 4.2906784026e-01
-4.6592572706e-01 -3.4342963227e-01 3.1879314821e+00
-2.3637177575e+00 -1.3202690195e+00 8.8061967950e-02
1.3467544025e+00 -1.6072444838e-01 3.2229067700e+00
-4.5528337820e-01 1.9088696748e+00 4.7052988473e+00
1.3352356550e+00 1.0779950542e+00 1.6325584597e+00
-1.8453088615e+00 -3.0048494372e+00 1.0095977457e-01
-7.1859264712e-01 -1.6045929151e-01 1.2767935592e+00
-8.2251203782e-01 -4.6400985929e-01 2.5422489395e+00
1.8739995942e+00 8.5320076714e-01 8.6590486785e-01
-2.1177981708e+00 2.0647767385e+00 -2.5969068968e-02
-1.0903083543e+00 9.2393249291e-01 -1.3940474009e+00
1.2905420374e+00 4.0269683711e-01 3.3823290970e+00
2.1301528613e+00 1.5411691844e+00 8.7859653444e-02
-3.6007111928e-01 2.5728959820e-01 1.2187736729e+00
-9.8619403219e-01 3.4612003335e-01 -1.8626090661e+00
-1.4571382678e+00 1.1933717786e+00 4.4546652384e-02
-1.2964003699e+00 -2.4662557733e-01 -1.9123835395e+00
2.8046614250e-01 -1.5072233855e+00 -5.6371634303e+00
1.9948554367e+00 1.4094553889e+00 2.9763614783e-01
-2.5416073232e-01 -1.9309820486e+00 -4.2466162908e+00
1.6302319480e+00 -8.3730564360e-01 1.0128451201e+00
1.3501993735e+00 9.1388692653e-01 2.2229375186e+00
-5.1009656207e-02 1.7872721364e+00 7.7266921695e+00
1.0644162945e+00 -9.4298875480e-01 8.5357593890e-01
-3.1214245183e+00 -1.4257455219e+00 -3.2251100449e-02
-2.2216249074e+00 -9.6179998852e-01 -7.4908535845e-02
-2.7325614629e+00 1.4661117226e+00 -4.2727219077e-04
-7.1698683109e-01 2.6864512536e+00 9.1211576006e-01
1.5862331271e-01 7.9878819016e-01 1.1552427242e+00
-1.2083185726e+00 2.5470074956e+00 2.9050174431e-01
-6.6290496055e-01 5.8848834069e-02 1.5607758472e-01
6.6225988968e-02 1.7304909467e+00 7.3026169433e+00
-2.2918134844e+00 2.3392185868e-01 -5.1380572488e-01
1.3467189323e+00 -1.8477449307e-01 3.4371790977e+00
-4.4674673009e-01 -3.0171584736e-01 2.9053182415e+00
-4.9797722983e-01 -3.0303305115e+00 -1.3337189835e-01
2.0560020022e+00 1.3805147219e+00 2.5166875681e-01
-2.1726835800e+00 3.2381796115e-01 -7.8833747549e-01
-8.9650979134e-01 2.4153340280e-02 -1.7800283015e+00
-1.2431394500e+00 -1.9935037882e-01 -1.8870197194e+00
2.5331410363e-01 1.2572936918e-01 -1.0521971788e-01
-1.3275815595e+00 1.0646728934e+00 -1.5681454765e-01
1.5498153023e+00 1.7693090509e+00 8.4044429376e-01
-1.6229347598e+00 2.8397601741e+00 5.3646704223e-02
3.1325673856e-01 1.8988779411e+00 5.4517743473e+00
1.0465924357e+00 -1.5334186047e-01 3.2065085397e+00
-2.2592061916e+00 3.0093562943e-01 -9.1572084456e-01
-2.7373052245e+00 1.8569621247e+00 1.0302519129e-01
-3.0868278890e-01 3.8105090075e-01 9.1661328624e-01
-1.9907579920e+00 1.2353877425e+00 -1.2517281257e-01
-8.6721269122e-01 4.2390778936e-01 -9.1522032869e-01
9.7056374117e-01 1.6549962827e-01 2.9061751865e+00
-1.0248275793e+00 -3.0933595791e-01 -2.9994588266e-01
-7.7545343280e-01 -2.3378130985e+00 -7.6023917783e-01
-4.0443131092e-01 -1.2284855668e+00 1.0881233858e+00
-2.4151248748e+00 7.7520643050e-01 -2.1336562848e-01
-1.7647408723e+00 1.6151627802e+00 1.7211934113e-02
1.3903008928e+00 -6.6882196038e-01 2.2505116443e+00
-2.0502530371e+00 1.6987763367e+00 4.5493245405e-02
-8.2175077596e-01 -2.2534028888e-01 1.1948172581e+00
-9.9861560736e-01 1.1651205591e+00 5.2777432149e-01
2.3305297673e+00 9.5596101641e-01 -9.3944685780e-03
2.4497015141e-01 2.2565000218e+00 4.3635893587e+00
2.1102678153e+00 1.5893965526e+00 4.2704918940e-01
2.0510809380e+00 2.1553042931e+00 -5.4774410731e-02
-1.1704992279e+00 -4.3288969313e-01 -8.2574383349e-01
-1.4731223149e+00 5.2446624292e-01 -2.5470065097e+00
2.4143694281e+00 2.1884686738e+00 -6.9976039467e-02
-1.4956168286e+00 2.8300702654e+00 1.2102629771e-01
-1.8792093316e-02 -1.1371658427e+00 -1.8663856310e+00
5.4530494813e-01 -2.9146924622e+00 -1.7959406837e-01
-6.6999240339e-01 1.2278358434e+00 4.2507203166e+00
1.8051147204e+00 2.2713043781e+00 2.3619792833e-01
3.9151748675e-01 -9.7079986469e-01 -2.4315629856e+00
-2.3346522104e+00 -1.4414629400e+00 1.1947037863e-01
2.7892757786e-01 -8.3922048702e-01 5.7677664791e-01
1.7273901113e+00 2.4545956176e+00 -8.8755695102e-04
-1.9516150383e+00 1.7188086876e+00 2.6993360584e-01
-1.7047515967e+00 8.3276395330e-01 -1.5669047547e+00
2.8236411194e-01 -4.6385662931e-01 3.9107219852e-01
-2.3663317077e+00 2.2864643129e+00 3.1908916977e-02
-1.0266131790e+00 -4.5350034790e-01 2.8413397633e-01
1.9114219777e+00 1.4449042881e+00 6.3850028515e-01
1.0095886605e-01 -5.6809701780e-01 1.1121205990e+00
1.5110773969e+00 3.9384725844e-01 2.7595104388e+00
-1.7268861532e+00 1.5160981086e+00 3.9696548974e-01
1.3533853396e+00 -4.5007190602e-01 2.5966199356e+00
1.3530705131e+00 2.4877865406e+00 3.1008722671e-01
3.0491093967e-01 2.6384722996e+00 1.3045925963e+00
1.1483321065e+00 7.6472301873e-01 2.4475325033e+00
-2.4450134690e+00 2.1250363011e+00 -8.8038622279e-02
-1.3836269713e+00 1.6128785710e-01 -2.8591369978e+00
-3.0893763188e+00 -2.4663813505e+00 1.0613796181e-02
-6.2559046134e-01 -9.9029383293e-01 1.7380381408e+00
-7.9547874777e-01 1.1066656835e+00 7.6406067413e-01
-2.6997427618e+00 -2.1618268037e+00 3.2477298673e-02
-7.9948314951e-01 4.0716565765e-01 -1.5338607883e+00
1.9420648063e-01 -7.8358706234e-01 -7.2801320293e-01
-3.9988312335e-01 2.7197675546e-02 2.4212780103e+00
-3.1767194880e-02 1.4116895917e+00 6.5977158646e+00
-2.1005785588e+00 8.9065211266e-01 -6.8717224760e-01
-1.5672643287e+00 3.3738317422e-01 -2.7218962775e+00
-1.2571039047e-01 1.5096975608e+00 7.8839930329e+00
8.3830147104e-01 -7.2676501174e-01 -5.5843462691e-01
-1.3130417355e-01 2.5102652082e+00 1.6986366563e+00
-2.7799313633e+00 -1.0289759737e+00 -2.5065458790e-01
-1.0951783661e+00 -5.6888501067e-01 1.1838480861e+00
-5.8779167325e-01 2.3524815814e-01 6.3146817851e-01
-3.0085244354e+00 3.0865900874e+00 7.2711663857e-02
8.7878157919e-01 -1.5712820101e+00 -3.4451705847e+00
-9.8189816056e-01 2.2726897940e+00 1.3462455190e+00
-6.0773323947e-01 -1.4482762396e+00 -2.1901174355e+00
-1.4580139481e+00 1.2067779461e+00 -7.9887982584e-01
3.0109360624e+00 -1.5291864613e+00 7.8105316799e-02
-1.2198984198e+00 -1.8806736273e+00 -3.2424196423e-02
2.7448328484e+00 -1.0979576154e+00 9.8933697004e-02
-1.1302544796e+00 -1.3495580599e+00 9.2504147066e-01
2.2163134367e+00 2.2140210431e+00 2.1067225720e-01
-6.0061909579e-01 -1.3151424206e-01 2.2426171083e+00
-4.9530607888e-01 -6.6692220127e-01 3.5578807034e+00
-3.3135639334e-01 3.2441657172e-01 8.7024969096e-01
-2.9839600335e+00 -2.1510299733e-01 -1.1156864422e-01
-9.4400646935e-03 -4.8896846664e-01 9.3624063820e-01
-1.6160403016e+00 1.5951048082e+00 4.3057652030e-01
-2.5119615942e+00 3.0994378020e-01 -2.8071429379e-01
1.7963286234e+00 8.0177839333e-01 1.2964075412e+00
2.3403944910e+00 1.1255695258e+00 1.8028862299e-01
2.3605397306e-01 6.2763325339e-01 8.7173708154e-01
6.3108184278e-01 8.0542883538e-01 1.5391936774e+00
2.9508179622e-01 -1.0039412955e+00 -1.1171517666e+00
-3.1019291412e-02 -1.0353833081e+00 -5.5390785945e-01
7.4050860728e-01 8.7768020614e-02 2.0197587582e+00
5.9618796739e-01 -1.7733790864e-01 5.6213799617e-01
-1.3570751555e+00 2.8069686671e+00 4.3090722840e-02
2.7676072778e+00 -4.9298873308e-01 -1.3198288785e-02
1.3530017365e+00 2.4553399778e+00 3.1630953983e-01
-5.8176860195e-01 1.3906079131e+00 5.0131725134e+00
-2.6231436723e+00 -2.8022766101e+00 1.1809330035e-01
6.1587906537e-01 4.8697653624e-01 1.2450299845e+00
-4.3214771412e-01 1.7154471491e+00 6.4719748305e+00
1.9689543904e+00 2.3797676884e+00 6.4904507053e-02
2.5643314409e+00 1.4001525902e+00 1.4309252551e-01
-5.6824858817e-01 8.2496711219e-01 1.9507867497e+00
1.0525428729e+00 -8.7977543085e-01 -3.9282670945e-02
2.1171447563e+00 -1.0518525042e+00 3.5914828432e-01
3.9164158287e-01 9.0804164650e-01 3.2281902767e+00
-1.5825767155e+00 1.3329207045e+00 -3.0057367619e-01
-2.2395174134e+00 1.4377808241e+00 -1.7671709747e-01
6.3246162113e-01 -1.3406826960e-01 7.3254587017e-01
6.3616125185e-01 -9.4668244627e-01 -1.3638113574e+00
-5.0946546265e-01 -1.3805866469e+00 -1.1757395516e+00
-3.9325562395e-01 2.5330253148e+00 1.8795270023e+00
1.5324026184e+00 -4.0103598339e-01 2.8650095940e+00
1.0136154177e-01 -2.1083406375e+00 -3.8260533883e+00
-3.8253725206e-01 -2.5732609959e-01 2.5243519187e+00
7.0964021244e-01 -8.7322441101e-01 -1.3570861077e+00
1.5455709332e+00 6.5966655580e-01 1.8281136952e+00
-1.9786369858e+00 -1.5347733288e+00 -6.0950326975e-02
-4.0660923278e-01 1.2534271321e+00 3.5469223511e+00
1.5195480840e+00 -2.9909709389e-02 3.1145769060e+00
-1.7565777058e-01 6.0316087178e-01 7.0454039087e-01
1.7677952762e+00 9.4694959231e-01 1.0051961869e+00
-2.9936517600e-01 1.5242304569e+00 7.5213058649e+00
-1.4524867953e+00 1.9131001454e+00 9.2622111490e-01
-2.0560846898e+00 -8.0737199978e-01 -3.1843476708e-01
-1.4482978471e-01 6.6140319669e-01 1.3838826296e+00
-1.6693804425e+00 -1.6708911964e-01 -1.9792462247e+00
-9.3859385545e-02 -1.2652805476e+00 -1.8281379434e+00
5.4594717880e-02 -8.5326855545e-01 7.1876162375e-01
-1.2540511533e+00 -1.2989654184e+00 5.8768131224e-01
6.0194557027e-01 1.0257316707e+00 3.4234622726e+00
1.3540078518e+00 -7.8684942697e-01 1.9958685068e+00
5.1515462875e-01 -1.1169434209e+00 -3.4001223719e+00
-1.8090529637e+00 5.8194452746e-01 -1.2851449122e+00
2.1978844361e+00 -7.7633357599e-01 4.0380730853e-01
-2.6094792124e+00 -1.8450563793e+00 -5.1294449860e-03
-4.1414315147e-01 -8.9469201303e-01 2.7778590891e+00
-1.4508048214e+00 1.6872283982e+00 4.6698096643e-01
-9.7677471871e-01 -4.0861590187e-01 3.2423629355e-01
1.8792595992e+00 -2.8018170833e+00 -1.0239633349e-01
5.1383901553e-01 1.9612907781e+00 5.8401569535e+00
-1.2757072120e+00 -1.7266576504e+00 -3.3046933354e-02
2.3415847959e+00 1.6857791436e+00 -1.0899303693e-01
-5.7199523890e-01 1.3604099099e+00 4.3954070779e+00
2.1011078067e+00 1.8331764586e+00 1.4294890966e-01
-6.8756068662e-01 -1.6371770437e+00 -2.2771996480e+00
-5.5199873343e-01 1.7594889946e+00 5.7113622945e+00
1.5771536654e+00 -1.8433140135e-01 3.2707345423e+00
1.4930674210e+00 -2.9883553151e+00 -6.2939404791e-02
2.1049579396e+00 1.4866707868e-01 8.2652771821e-01
-3.0565482605e+00 -1.9522826849e-01 -1.4719474968e-01
-5.2969829327e-01 -1.6692752807e-01 2.8950344094e+00
3.1272041117e-01 6.1688875361e-01 6.1288223358e-01
2.8977833201e+00 -8.4314185645e-01 1.1825408345e-02
9.8137711749e-01 2.9590399403e+00 2.8696162631e-01
-8.6261977457e-01 9.7078965303e-01 6.8527879414e-01
1.0929007691e+00 -9.6491460392e-01 3.3325424408e-01
-1.1509373080e-01 -6.9193559375e-01 1.8495227296e+00
-2.2530920641e+00 2.9144539135e+00 1.4973343044e-02
-1.8589377191e+00 2.9936762605e+00 2.3410970718e-02
-1.5579220095e+00 -6.1714756844e-02 -2.2301156532e+00
1.6048166817e-01 -6.4048695036e-02 5.1099940793e-01
-8.3738863990e-01 -1.1619359922e-01 -5.1710505474e-01
5.2754534449e-01 3.0169284979e+00 2.7453539131e-01
2.2782761706e-01 -9.6256979580e-01 -1.7597970480e+00
3.2219511728e-01 -1.8872792629e-01 2.3425734537e-01
-3.9739271391e-02 -1.1217085881e+00 -4.3943633075e-01
1.2524279078e+00 1.6262905785e+00 1.8518097404e+00
-1.9466984785e+00 -9.0461355789e-02 -1.3008194929e+00
8.3032441697e-01 -4.9673085199e-01 1.0827402158e+00
-9.3304714865e-01 2.7615588341e+00 4.3971912626e-01
1.5265507172e+00 -5.0234053437e-01 2.3165900705e+00
-2.6093010052e+00 2.3070133047e-01 -2.7120316480e-01
8.0379040583e-01 -2.8577157376e-01 1.4127658125e+00
2.1378394790e+00 1.6520205166e+00 2.0548326494e-01
6.3475856768e-01 -7.6826528909e-01 -4.5338096335e-01
2.6611709277e+00 1.8364606678e+00 1.3185815535e-02
1.4998047468e+00 -1.9519445938e-01 3.1602647696e+00
2.2609059327e+00 -1.1173139015e-01 7.3731273561e-01
1.5343716894e+00 9.9344811793e-01 1.3464342154e+00
1.4036187716e+00 1.7807962681e+00 1.0472861560e+00
1.9107526552e-01 1.9529220449e+00 5.7822396463e+00
5.1992295053e-01 4.7228450633e-02 3.4798198412e-02
8.2924700508e-01 2.7798185013e+00 7.2650659171e-01
1.1411639082e+00 2.9533148189e-01 3.3444409819e+00
-1.8612593176e+00 2.7949679118e+00 5.8408713808e-02
1.3406556368e+00 1.9621302370e+00 9.4346942126e-01
2.0758473548e+00 3.3404847622e-01 1.0650961254e+00
-1.3459951439e+00 1.4540487722e+00 2.8706265843e-01
-4.4865885322e-01 -9.0484197618e-01 1.3262977970e+00
-1.1362255522e+00 2.4692571776e+00 1.0347476174e+00
-1.4092460875e-01 2.4615361378e+00 2.3680928296e+00
-1.2270812878e+00 1.1920426911e+00 -5.4033065893e-01
-4.0374465108e-01 4.4753788761e-01 8.4531285089e-01
-3.6655043864e-01 -1.0604684668e+00 9.1164502950e-01
-3.0266854452e+00 2.5131475441e-01 -1.3172233397e-01
-2.8217447547e+00 1.7000146950e-01 -4.8994968476e-02
1.5657701705e+00 1.3233219466e+00 8.4024821271e-01
-4.1998640474e-01 3.9545022741e-01 5.9418826260e-01
1.1786698715e+00 6.7727480803e-01 2.0063317667e+00
-2.2010663062e+00 6.2013189593e-01 -7.1445721105e-01
1.2729777251e+00 -2.4633666900e+00 -6.8068837972e-01
-2.8216130020e-01 -1.3035322648e+00 -3.5833682940e+00
3.0418494300e+00 -2.2540761278e+00 -2.7995702763e-03
-1.3942304834e+00 9.7236562253e-01 -4.4601259377e-01
-1.1270880934e+00 -2.7824098443e+00 1.5749236999e-02
1.6769367970e+00 1.6456022722e+00 8.4249463495e-01
1.1427686685e+00 1.5735483977e+00 2.6688085117e+00
-2.4095133622e+00 8.9383282990e-01 -2.6474913357e-01
-4.8201685662e-01 2.2632559091e+00 3.5592639273e+00
7.0193678217e-01 -1.0937354578e+00 -3.2451552251e+00
-1.4646470179e+00 1.2152259241e-01 -3.0476358246e+00
4.0277609056e-01 -9.8671281883e-01 -7.1203759014e-01
2.9149802563e+00 1.2988888039e+00 2.4508977206e-02
1.9234034880e+00 2.7884124902e+00 3.9362283917e-02
-1.4439274856e-01 1.1403791279e-02 1.1451913227e+00
-8.2176835565e-01 2.9578283222e+00 3.6809921747e-01
-9.1539811000e-01 1.6337186656e+00 2.5400028913e+00
1.9109466937e+00 1.5594900739e+00 3.3055659282e-01
-2.1275315152e+00 7.4763924543e-01 -9.6626998934e-01
-3.3002935690e-01 1.8230866529e+00 6.7469328674e+00
1.3877510224e+00 2.8085083436e+00 1.1882402848e-01
2.5412113169e+00 1.5850438570e+00 -3.0020419659e-02
-1.6974805542e+00 1.3529760200e+00 -6.6531263004e-02
1.8894344195e+00 -8.6696367147e-02 1.6357284543e+00
6.8456149078e-01 -1.4325166319e-01 1.3558210240e+00
-1.2464984228e+00 1.0407776229e+00 -5.5095419904e-01
1.4795584332e+00 1.5997671156e+00 1.0242368966e+00
9.5135570634e-01 1.0908533980e-01 2.4882659145e+00
1.5388940215e+00 1.5787462892e+00 9.3899905718e-01
-1.0654998422e+00 1.8724161698e+00 2.5529579345e+00
-1.4626423725e+00 1.1805293357e+00 -5.4223758557e-01
2.0813520875e+00 2.3351102461e+00 -2.3695855137e-02
1.4617915194e+00 1.4681121893e-01 3.2065636449e+00
-1.8675986866e+00 -7.8417864197e-01 -2.9115531370e-01
7.9393491430e-01 -6.4856658435e-01 7.3455122787e-01
-8.7829073582e-01 -1.2167442381e+00 5.5617402891e-01
2.0268102312e+00 -6.0340817139e-01 9.2147538724e-01
1.0900417778e+00 1.3342005993e+00 2.4161685526e+00
3.2043767596e-01 -1.4177121035e+00 -5.8733383903e+00
8.1435582501e-02 2.9421259140e+00 4.4776727082e-01
1.6590174447e+00 1.6110625658e+00 4.3906681386e-01
8.1987721373e-01 1.6995427904e+00 4.1162149422e+00
-1.3178809203e+00 -6.8712042723e-02 -2.7634924859e+00
-8.9559641872e-01 4.8790609158e-01 -6.4874393459e-01
1.1866987434e+00 -3.4295402837e-01 3.1148809811e+00
1.9889467729e+00 1.6303294345e+00 2.6097535460e-01
1.8978398409e+00 -3.0806747906e+00 4.5072522663e-02
1.0194693026e+00 1.1195375901e+00 2.6877657439e+00
-3.9587028851e-01 -1.1357683078e+00 5.6465921107e-01
-1.9003823820e+00 5.5461095432e-01 -1.0492573269e+00
2.2281970807e+00 5.0124889843e-01 5.6054855152e-01
-1.1919665040e+00 -1.0886191397e+00 8.2093186301e-01
-2.6694954150e+00 4.9027198402e-01 -1.6269770173e-01
-7.3854109421e-01 1.4903006786e+00 5.0886757836e+00
-1.6167434486e+00 -1.3292579001e-01 -2.4719573241e+00
-6.2080057251e-01 1.4687211073e+00 5.5698771513e+00
2.0934606048e+00 9.8923483904e-01 4.1203057578e-01
1.2668339609e+00 2.8593752052e+00 1.0085758738e-01
-9.8253902669e-01 -7.0933473377e-01 2.2801470437e+00
-3.4042427379e-01 2.2497679849e-02 1.9086739573e+00
-1.3454677576e+00 1.9084021768e+00 7.4540742518e-01
1.7927285121e+00 2.2961379173e+00 4.0845501026e-02
1.7967365665e+00 1.7310117573e+00 5.9032825297e-01
-8.9100212882e-02 -8.3152729443e-01 6.7683146937e-01
1.6865980567e+00 2.8006190304e+00 -3.0109221907e-03
-8.7756940593e-01 2.7561204730e-01 -1.1603034113e+00
2.7273569766e+00 1.1596686894e+00 4.7844330915e-02
-3.2528559610e-01 -8.1477792497e-02 1.9997235775e+00
-1.9725142047e+00 2.2044778022e+00 5.6972194378e-02
1.5528422658e+00 1.2621483828e+00 1.1102804022e+00
2.0270719985e+00 2.5583138303e-01 1.5549470453e+00
9.6718015154e-02 1.2441226735e-01 6.5972173524e-01
2.9028801068e+00 7.1956631007e-01 2.3737390480e-02
1.4662370211e-02 1.1119468858e-01 3.7425121027e-01
-1.1089715983e+00 -1.0013049253e+00 1.8014689275e+00
-1.4561714803e+00 6.7046392611e-01 -1.2980752752e+00
2.4260081927e+00 1.6196277630e+00 -4.1430731703e-02
-1.2661539251e+00 8.1366207951e-02 -2.4673746656e+00
-3.0586439491e+00 2.6746048429e+00 -5.7101934272e-02
-5.5479900152e-01 -3.3760555504e-01 2.0876802351e+00
1.5703315593e+00 4.8646267472e-02 3.3427212361e+00
-3.3025080984e-01 -1.1629508795e-01 1.5939511748e+00
7.9552448982e-01 1.2549005028e+00 3.7669849611e+00
-1.8560400248e+00 -4.1935430948e-01 -1.2419866292e+00
-2.5305046249e+00 5.4753342886e-02 -2.8877016310e-01
4.2946814961e-01 -1.9980589589e-01 3.6816058245e-01
-2.3640615179e+00 -4.2976729985e-01 -7.2493577719e-01
2.2504310497e+00 -6.7608785773e-01 4.7542050398e-01
-1.3022846534e+00 1.2244947789e+00 2.7752753206e-01
-1.3757968978e+00 1.1658147957e+00 -1.1792235170e-01
1.1209122004e+00 1.0894025540e+00 2.1579522257e+00
-1.2880315883e+00 9.4435573422e-01 -2.2894107930e-01
-4.1699914604e-01 -5.7690086783e-01 3.6156244789e+00
9.5992144139e-01 -9.7680948580e-01 7.3244316495e-01
-7.0947797833e-01 1.5725396627e+00 4.3361310344e+00
2.6156672217e+00 4.2700892157e-01 2.0401204785e-01
-9.5619616719e-01 -2.0122365902e+00 -6.5198188076e-01
8.7518808110e-01 -3.5035086722e-01 1.9682566007e+00
-7.8796944896e-01 -1.1561998123e-01 -1.4213935535e-01
2.2069533819e-01 7.2443176120e-01 2.4157034006e-01
1.6310269788e+00 -7.6996470198e-01 1.4277157330e+00
1.4057927207e+00 2.4679131941e+00 3.9678919108e-01
-2.6903606903e-01 2.8798616150e+00 3.6949256686e-01
1.4502836928e+00 7.4814342835e-01 1.9324551464e+00
-7.7549248072e-01 3.1655200465e-01 -2.4418484051e-01
-1.2516338754e+00 -8.1216594980e-01 4.2518268444e-01
-6.5715274005e-01 -4.7205764172e-01 2.7989535695e+00
2.1249127666e+00 9.3312084360e-01 3.8509928691e-01
-1.9616907864e+00 2.3726827263e-01 -1.4776188892e+00
1.7756218501e+00 -9.2917510426e-01 6.0694058107e-01
-1.8981636196e-01 -5.8519645374e-01 3.5410987745e+00
2.1451827724e+00 9.0774336526e-01 1.8521325390e-01
-3.8860210824e-01 -7.7160385184e-01 2.1151869139e+00
-2.1625690914e+00 -5.5145014002e-01 -4.5559671877e-01
-2.1120023912e+00 1.4740890575e+00 5.9263136749e-02
-4.3041590323e-02 1.6201260071e-01 7.3678333938e-01
-1.5386243325e+00 -4.4558834947e-01 -1.4093379965e+00
-1.4603829941e+00 1.8925123381e+00 6.0569103308e-01
-6.1681762320e-03 1.4249900948e-01 9.9038208752e-01
2.1642343807e+00 2.3343591198e+00 -4.9279025681e-02
2.1674176031e+00 -2.8433816645e-01 1.0867944424e+00
-2.4400528947e+00 2.0591988402e+00 -1.2705876603e-02
8.4182386396e-01 -2.6888079034e+00 -5.1082809697e-01
5.2595415590e-01 -1.2464076824e-01 3.7783409267e-01
-3.0532679561e+00 2.1831817823e+00 -3.7928831738e-04
-1.3760560808e+00 -1.4036965469e-01 -2.3276033123e+00
-2.9883022563e+00 1.7553626304e+00 2.2476582863e-01
-1.3564120363e+00 -3.4980169605e-02 -2.6612741549e+00
2.9854539846e+00 -4.3727672877e-01 -1.3198553094e-01
-1.4594182954e+00 2.1137614259e+00 3.4447124006e-01
2.5551778294e+00 -7.9122064397e-01 1.2117528003e-01
-2.0863400688e+00 2.4339091903e+00 5.0782244553e-02
-7.4738750967e-01 2.1926036163e-01 -8.5122209033e-01
1.0921959343e-01 2.2593659940e+00 4.4161902761e+00
-1.7888736719e+00 1.0770614542e+00 -3.9063262232e-01
-1.7256303098e+00 -8.2176554469e-01 -2.7032552734e-02
2.7649670418e+00 -7.4291530108e-01 5.3770851030e-02
-2.2479210175e+00 -8.8385712608e-01 -3.0174071340e-01
1.0233083359e+00 -2.0214988356e+00 -2.1771432771e+00
-1.6247170330e+00 -1.1993075116e+00 2.0438605175e-01
-2.1796549121e+00 -8.6504093112e-01 -1.3474376480e-01
8.0879838256e-01 -1.2282343996e+00 -1.5864376799e+00
9.6467617240e-01 8.3137249181e-01 2.0458749330e+00
-2.5218457366e+00 7.6935509287e-01 -8.7613145462e-02
4.2003934483e-01 -2.9400737426e+00 -7.6361956302e-02
7.3147345362e-01 1.4043693986e-01 1.3277446407e+00
5.5017167545e-02 -8.4966356328e-01 -3.5049651244e-01
-1.0499532909e+00 -6.9180000914e-01 1.7933825128e+00
-4.2066632162e-02 6.5023126245e-01 9.1283389527e-01
-2.0057622555e+00 1.0929765029e+00 -3.0195939860e-01
1.9587001739e+00 1.7765974768e+00 1.9075624884e-01
2.4057639251e+00 1.1766565124e+00 1.8908312811e-01
-2.1185226239e+00 1.0694671080e-01 -1.1283160092e+00
-1.4106014458e-01 8.5012669836e-01 2.5213012015e+00
1.5309446190e+00 3.7310551758e-02 3.3883993308e+00
2.8239961967e-01 4.1215065182e-01 1.1476952284e-01
-1.3413054171e+00 1.7126390384e-01 -2.8866244432e+00
-1.9465834848e+00 1.5771027986e+00 -3.9082928573e-02
2.6723919842e-01 -1.4630793312e+00 -6.2730335026e+00
-1.9212988317e+00 6.4268035035e-01 -1.2491932131e+00
1.7871006610e+00 1.8510872449e+00 3.5900321914e-01
-2.8414505973e-01 4.8445794891e-02 1.1468591999e+00
2.3577137477e+00 -2.3684774589e-01 2.4685234832e-01
2.8535310147e+00 -2.2440948379e-01 1.2872428483e-02
-1.1502190651e+00 2.9480774834e+00 2.2365298146e-01
-1.3908241722e+00 2.3798614750e+00 1.0284839617e-01
-1.5628405157e-01 -4.5069962660e-01 2.8764837850e+00
-3.0652746048e+00 2.7909180378e+00 -4.8153275352e-02
-9.2209836910e-01 -6.5134149771e-01 1.3123029447e+00
9.1897845560e-01 1.4845886062e+00 3.5641475073e+00
-1.5312687480e+00 1.4394648696e+00 4.1042581420e-02
-8.0907103804e-01 -1.8582117815e+00 -1.3424191477e+00
-1.3519347555e+00 8.0576916483e-01 -1.3473579344e+00
-9.0094415351e-01 2.5895769489e+00 5.8457376831e-01
2.9004488595e-01 -3.8330205564e-01 3.8091888777e-01
1.4899615900e+00 1.8745603415e+00 8.3700711641e-01
1.5913161873e+00 1.3797576146e+00 8.6948337471e-01
4.0039269743e-01 -1.9071019346e-01 1.8407812625e-01
2.1402711210e+00 1.4596439605e+00 2.0637553110e-01
3.1292038601e+00 -8.9666697850e-01 -1.3774518506e-03
-1.6313086859e+00 5.4472255355e-01 -2.3195469630e+00
8.9107131524e-01 1.5241705116e+00 3.6933560002e+00
3.7209065965e-01 -1.8022442405e-01 4.7497350842e-01
-7.6621094946e-01 -1.2760475909e-01 9.3919260601e-01
9.1747395894e-01 -8.6153154770e-01 5.1430992063e-01
1.8215462419e+00 1.0441081686e+00 9.6602000541e-01
-4.9685948658e-01 7.7164525981e-01 1.6913803885e+00
1.8498756861e+00 -1.5343971859e-01 1.7903240399e+00
-1.8174370923e-01 -4.9081388259e-01 2.5352143979e+00
-1.4907064335e+00 2.3171954641e+00 3.0815840244e-01
2.9667022240e+00 -2.0048240236e-01 7.7283013204e-02
1.1704118487e+00 1.8307909114e+00 2.1584796969e+00
7.1875240550e-01 2.3899197894e+00 2.0614751535e+00
-1.4016833736e+00 -3.2567453142e-01 -9.0188668520e-01
-3.8870157793e-01 1.0451224625e+00 2.8622181538e+00
1.1245612296e+00 7.8132948666e-01 2.2571873504e+00
-2.2307549053e+00 2.8356122541e+00 -4.5914291441e-02
-4.1945248290e-01 1.1971079514e+00 6.6943310396e+00
-4.5059782046e-01 -1.8307607185e-01 1.7689435941e+00
1.4456390755e+00 -4.9346638877e-03 3.4073804066e+00
1.9161186728e+00 8.7490717893e-01 8.9599567736e-01
1.9827221223e+00 -1.3714046275e+00 2.2208565802e-01
2.1866939146e+00 -2.2831965919e+00 -9.3845501437e-02
1.0258344673e+00 4.2399976860e-01 2.5890608900e+00
1.8974519981e+00 1.0930779276e+00 8.6625116950e-01
2.1842046979e+00 2.1296744745e+00 1.2647084801e-01
-2.9769826218e-03 2.0176161300e+00 6.5862234653e+00
2.9739320719e+00 1.8038826671e+00 3.4536905791e-02
2.0275787571e+00 1.2345131465e+00 5.1390503405e-01
1.6805562312e+00 7.9212108031e-01 1.5683527084e+00
1.9564155925e+00 9.3828735673e-01 7.4066467401e-01
-1.8381654205e+00 1.5666304483e+00 1.2618002650e-01
1.6930629441e+00 1.7237870402e+00 3.3171048416e-01
5.5021610318e-01 -1.3893142551e+00 -5.0342806839e+00
-6.6386864144e-02 4.3477080794e-01 3.9644567775e-01
1.4947238435e+00 1.6005757454e+00 6.9276316165e-01
-1.4303800684e+00 6.2694550362e-01 -2.1928651161e+00
1.8568662451e+00 1.5082349552e+00 3.4877480343e-01
9.6000978564e-02 6.0187268471e-01 2.1413751201e-01
6.2243414926e-01 2.7245115664e-01 6.4030815869e-01
1.3135797154e+00 2.9597177646e+00 4.3961535620e-02
2.0712400725e+00 5.1256274163e-01 9.8590089100e-01
-2.9772640857e+00 -4.6394982392e-03 -1.2453783880e-01
-1.5834145173e+00 -4.0173063468e-01 -1.8696957877e+00
2.2835312545e+00 7.4917348894e-01 5.2602763298e-01
-2.9844705888e+00 1.2390882948e+00 5.9860342816e-02
-8.7867202483e-01 -1.1916007971e-01 -8.5286914499e-01
4.8865137753e-01 2.7144170401e+00 4.7585824501e-01
2.0054630842e-01 -7.9045773393e-01 -4.1541829744e-01
2.7652844460e+00 -5.7407777069e-01 1.3548712770e-01
2.6904730338e+00 2.9043127117e+00 -5.9417889278e-02
-1.0636982818e+00 3.1979206492e-01 -2.3790187334e+00
1.5458942833e+00 -3.2046504097e+00 -8.6529080824e-02
-1.1289125810e+00 -4.1679974912e-01 -8.2454648290e-01
-2.5111992363e-01 5.7332874535e-01 8.3432139803e-01
-1.3318639143e+00 1.5476900459e+00 1.2516135094e+00
-1.6344562859e+00 2.2238590675e+00 1.1141074224e-01
-1.1433375122e+00 8.0793277400e-01 -1.0145547878e+00
-1.1448280556e+00 5.5785971087e-01 -2.0702454928e+00
-8.9705960267e-01 1.1916115471e+00 1.4164886401e+00
2.3594274842e+00 1.5971516960e+00 1.6935337037e-02
1.0891280683e+00 -6.8577952421e-02 2.9811832176e+00
1.2942429092e+00 1.0508973369e+00 1.7662571433e+00
1.6628131609e+00 2.5373033054e+00 -5.8341875130e-02
-1.5977790860e+00 -2.9551092350e-01 -2.0239453154e+00
4.3579924572e-01 -9.5385535425e-01 -1.7089863176e+00
1.1875546051e-01 -5.0496333260e-01 1.2704985601e+00
-5.4315304649e-01 -1.2610746274e+00 -1.0851820680e+00
2.3710886598e-01 5.8666857101e-01 2.3903145650e-01
-7.6104130959e-01 -7.3461402365e-01 3.1747089801e+00
1.3825860017e+00 4.5631338308e-01 2.5159953338e+00
2.0948329653e-01 -1.1168331046e+00 -2.3766886023e+00
1.5797239737e+00 4.2232719409e-01 2.4161245863e+00
-2.6945242143e+00 7.1024251236e-01 -1.0018855178e-01
2.1882981896e-01 -1.8665953307e+00 -5.7865745831e+00
1.3949862855e+00 -7.9755338253e-01 1.7920958388e+00
-1.1388047772e+00 -5.9191643922e-02 -2.1172557297e+00
-1.9277894975e+00 1.7943399745e+00 -1.7738952706e-01
7.7906028499e-01 2.2796997388e+00 1.5547857315e+00
-7.1474625522e-01 -1.3925498967e+00 6.5770750716e-02
5.2436071426e-01 3.0852518149e-01 5.7535180465e-01
-2.9457709631e+00 1.7710163880e+00 -1.5997113191e-01
1.3866997556e+00 1.6919153131e+00 1.5324503363e+00
3.3458638512e-03 -1.0304403227e+00 -1.4746141164e+00
-8.3207209013e-01 -9.6723563733e-01 1.9740911503e+00
1.3404269928e+00 2.0227622669e+00 1.0181282901e+00
-2.7245634238e+00 4.7374727547e-01 7.9820532541e-04
-2.2788450962e+00 2.1739838477e+00 -3.5645052544e-02
-5.6909615039e-01 -1.1281209295e+00 -5.6185763506e-01
-9.8874779911e-01 1.0113025046e-02 -2.1802024452e+00
1.0202390010e+00 -5.6474529572e-01 2.8378229917e+00
2.4628171066e+00 -3.9642261380e-01 3.9378794670e-01
3.2765644297e-01 -1.5952947582e+00 -6.4664620959e+00
1.1286287254e+00 -5.1605267517e-01 2.5810587197e+00
-1.0107779118e+00 2.0045896429e+00 1.6679819723e+00
1.8164528628e+00 1.0803441670e+00 6.4326543810e-01
-2.1785177052e+00 2.1866481709e+00 -7.1977001524e-02
1.4837789898e+00 2.3863590413e-01 3.3091505749e+00
2.0882191939e+00 2.7685475372e+00 3.1086291272e-02
-5.4918257334e-01 -1.1312331206e-01 1.8054760441e+00
3.0104278374e+00 -2.3168926702e+00 -1.0605725025e-01
1.2990521224e+00 2.0879900118e+00 8.5681852353e-01
-5.4990155388e-01 -1.2048907526e-01 1.9925827196e+00
-1.3676986071e+00 -4.8990828033e-01 -1.5309778600e+00
1.0005226656e+00 1.2590941329e+00 2.1097895943e+00
4.7646920995e-01 2.4888569683e+00 1.6575272113e+00
-1.8578409767e+00 -5.9901494364e-02 -1.9083258643e+00
-4.1835772953e-01 4.8660747737e-02 1.2836933260e+00
-6.0838328703e-01 9.9736905170e-01 1.1308191771e+00
1.9074859384e+00 6.4406096014e-01 9.8107449653e-01
1.5042443719e+00 2.1178524777e-01 3.2260817000e+00
6.9329310425e-02 1.7325928233e+00 7.4944303523e+00
2.3137878600e+00 5.8074503429e-02 6.3593993960e-01
3.2390897330e-01 5.7259132507e-01 5.8034691386e-01
2.2208046343e-01 -1.5904201568e-01 2.5099966861e-01
-1.8892364236e+00 6.2520451796e-01 -1.0816115696e+00
2.0291104015e-01 -3.2020189383e-01 8.6463500311e-01
1.6651002745e+00 1.6627001324e-01 2.3100964114e+00
-8.7585174744e-01 -3.0841560350e+00 -1.7106647454e-01
-2.0037495179e+00 2.7494522747e+00 1.0277048474e-01
-3.8573435505e-01 -7.9573372250e-01 3.0614509274e+00
5.6689925597e-01 -1.7284111949e-02 3.8885060431e-01
-8.4069678130e-01 1.3453546855e-01 -1.2804539299e+00
5.1009708997e-01 8.2092401690e-01 2.2106200851e+00
1.5198269105e+00 -2.3032850805e-01 3.2366051430e+00
1.3515009168e+00 1.2904103201e+00 1.8891880324e+00
-2.2095387003e+00 1.8451066535e+00 -1.3587675822e-01
-5.7138848577e-01 -5.4429044289e-01 3.6196700379e+00
-7.4670598595e-01 7.8235608125e-01 6.0414757166e-01
3.0930186957e+00 2.1490752582e-01 -3.4534520859e-02
1.9120197276e+00 2.5186003290e+00 6.8199098728e-04
-1.1017131081e+00 2.0940454481e+00 9.3808961846e-01
1.9426933083e+00 -3.5910384017e-01 1.1910688735e+00
-1.6660922248e+00 7.0237261964e-01 -1.8494714392e+00
-7.1240713999e-02 8.3669860212e-02 1.2708723716e+00
2.8343995242e+00 -1.1421446643e+00 7.6702282408e-02
-9.1594386003e-01 -6.1750690607e-01 1.5120652832e+00
2.6809950338e-01 -1.4025102857e+00 -5.3420131710e+00
1.8047179364e+00 -2.7318160499e+00 -9.0557027678e-02
-2.6597058846e+00 3.0684329979e+00 1.5147340697e-01
-1.4033895675e+00 2.7946680443e+00 -1.6449925636e-03
-1.2341120815e+00 2.3430573184e+00 9.3669854628e-01
-8.4360888449e-01 5.1805935454e-01 -1.5733126609e+00
-9.6146913076e-01 1.0230906853e+00 2.8477362093e-01
-1.6366754536e+00 2.1828467272e+00 3.3183041290e-01
2.4490126596e+00 7.9263042950e-01 3.0832855070e-01
8.0676960505e-01 1.4434377114e-01 1.6472432683e+00
2.1762510014e+00 -5.4474250510e-01 5.9245467231e-01
5.1867027753e-01 2.3874336079e+00 1.8573368964e+00
-5.0437398733e-01 6.7924545653e-01 1.0086135444e+00
1.0715690715e+00 -1.3794237474e+00 -1.8323703904e+00
2.7787813548e+00 -1.2872717143e+00 7.3274223375e-02
-1.8537640836e+00 -8.2964265506e-01 -1.0879881785e-01
-1.8601629219e-01 2.0650712241e+00 4.8147443758e+00
1.1550442719e+00 -1.2519970784e+00 -8.5546507190e-01
1.6192184199e+00 -1.5507081772e-01 3.0162286461e+00
8.2887682448e-01 -3.2244982907e-01 2.2839445884e+00
1.5108926224e+00 -3.7721356305e-01 2.9732012651e+00
-2.9522118703e+00 2.9503226071e+00 -3.2265985011e-02
-4.3946757859e-01 -3.6101194770e-01 2.8727256901e+00
-4.5906749508e-02 -1.0228832791e+00 -2.3615560307e-01
-1.5601025254e+00 1.4599319889e+00 8.7499618039e-03
-1.6483738944e+00 1.5187830432e-01 -2.3235714560e+00
1.2072710738e+00 3.4606733071e-01 2.7920464892e+00
-1.7514876120e+00 6.7225536626e-02 -2.1061021020e+00
-1.4494095233e+00 2.6397359788e+00 2.6281712770e-01
-1.0524573608e+00 2.0009380216e+00 1.8901924554e+00
-1.0253901955e+00 -1.6260112891e+00 9.6300976794e-02
-2.8015782922e+00 4.6541866662e-01 -9.5210215951e-02
1.6030496598e+00 1.7878207455e+00 6.5794758628e-01
-2.9145920558e+00 1.9878102692e+00 3.4227342614e-02
3.7507374994e-01 -1.0980420805e+00 -3.6723473999e+00
3.3343593795e-02 -1.5749237365e+00 -5.8073268951e+00
1.4502199309e+00 -1.1902771193e-01 3.3845706806e+00
1.6016500513e-01 2.5260103590e+00 1.7048863286e+00
-1.3332103636e+00 1.6701827580e+00 6.4923647199e-01
-3.6486444788e-01 1.9241534561e-01 1.0881017209e+00
1.4400634666e+00 -1.1110302345e+00 8.0823959237e-01
-1.4008708750e+00 5.4303303417e-01 -2.2637939108e+00
2.3299747711e+00 2.1164109026e+00 1.7537914791e-01
8.8929362276e-01 1.5675317130e+00 3.5661469037e+00
8.7229782311e-01 -1.0003668681e+00 -1.2964191940e+00
3.6855547086e-01 -5.5518651835e-01 6.1480870483e-01
9.2192159720e-01 6.6864767048e-01 2.0532978776e+00
-1.4562218485e+00 -4.3025885021e-01 -1.4013109588e+00
-1.1164872248e+00 -3.5944021402e-01 -7.1386323971e-01
2.9423496714e-01 6.6515768661e-01 8.3922800187e-01
1.9952548723e+00 -2.0436530856e+00 -3.0547506767e-02
1.2288875604e+00 2.0901486435e+00 1.2722121439e+00
-1.0075435916e-01 -1.2961617200e+00 -2.8058492316e+00
2.4227509799e+00 1.2799346548e+00 8.5124169381e-02
1.0763558522e+00 9.6339196595e-01 2.3788891190e+00
2.5075617684e+00 8.6184828133e-01 2.0957943330e-01
1.1887817159e-01 3.3198388152e-01 4.9416964462e-01
-9.9347089220e-01 3.0085147421e+00 -5.0206877335e-02
-2.4219546337e-01 -5.8118739722e-01 3.0980122645e+00
3.0648372642e+00 -2.3140193774e+00 2.4215256722e-02
9.6753682923e-01 -5.2567419007e-01 2.2305422351e+00
1.3703501788e+00 6.4372748920e-01 2.6452782093e+00
1.4357200299e+00 3.0385081651e+00 -8.2671496774e-02
1.1109657577e+00 -1.8872145654e+00 -2.2104613919e+00
1.2556677071e+00 1.3472491140e+00 1.6373660727e+00
-2.0467819225e+00 2.7707008902e+00 1.1541087708e-01
1.0816459389e+00 -3.0371507584e+00 6.3255911899e-03
1.3934195662e+00 1.4504028149e+00 1.6035881842e+00
3.7982021754e-01 -7.3027346070e-01 -4.2828290726e-01
5.2553079553e-01 2.7746712294e+00 4.4201805417e-01
-3.1498697398e+00 3.0153342177e+00 -2.6646885806e-02
-1.4912688462e+00 -3.1543093062e+00 2.5406682662e-03
1.8652174820e+00 2.7430903589e+00 2.4136549158e-01
-1.3403841908e+00 1.7010101825e+00 1.1386392044e+00
6.7775575517e-01 -3.0870807287e+00 -2.5618669402e-01
-3.9886488853e-01 7.1305589751e-01 7.5227654206e-01
2.7533084398e-01 -1.5779150851e+00 -6.4396551679e+00
-1.9025981366e+00 1.2237685467e+00 -3.4873517086e-01
-3.0236435727e+00 4.4681238230e-01 -2.8568162968e-02
1.0016416100e+00 -2.1980413255e-01 2.5566170948e+00
-1.7830964803e+00 2.7086438184e+00 8.5691362034e-03
-2.9982597963e+00 -2.5238965187e-01 9.3159733268e-02
7.0511587670e-01 1.0864161262e+00 3.6161187139e+00
6.4208149550e-02 1.5003711818e+00 8.0331299756e+00
4.3279847503e-01 -9.4248388703e-02 7.2394533817e-02
7.6176684960e-01 -1.4414464949e+00 -4.5400499547e+00
-2.5160001076e+00 1.2773642229e+00 -1.7384937534e-01
-8.3458974178e-01 6.1034294835e-03 -3.1430310102e-01
1.2039462006e+00 2.9652704840e+00 7.3896647257e-02
2.2808040312e+00 2.8971684221e+00 -6.0292324871e-02
-1.8872753028e+00 2.5105475528e+00 -4.8864315975e-02
7.6608832650e-01 4.2840801797e-01 1.4150934203e+00
1.0487761316e+00 8.9639802429e-01 2.2910136530e+00
-1.4194252025e+00 2.1590837950e+00 1.1732666939e+00
-1.9533072287e+00 1.8758585380e+00 1.1243780874e-01
1.7356460010e+00 2.6171790497e+00 2.0190757524e-01
-1.4462772373e+00 7.9828411979e-01 -1.0836134080e+00
5.9741639096e-01 -9.0084406159e-01 -1.3821787588e+00
6.0393398594e-01 2.0965289651e+00 2.3787673635e+00
5.7132110494e-01 9.8737918758e-01 2.6711394986e+00
6.0153742738e-01 -8.9345468453e-01 -5.2609445181e-01
1.8644404895e+00 5.4009512938e-01 1.7226295711e+00
1.2930127290e+00 8.2880817561e-01 1.8672854360e+00
-1.5293838030e+00 2.0538498088e+00 3.0564718143e-01
-1.9103257661e+00 1.1840023805e+00 -2.2442947221e-01
5.6789037780e-01 -4.1263321044e-01 4.2259319902e-01
1.2331196011e+00 -1.0292333418e+00 1.3607607770e+00
3.0926189944e+00 8.6673885854e-01 3.8783441091e-02
-2.5274148944e+00 7.3549386142e-01 -2.4390012178e-01
-2.0528987470e+00 1.9099266894e+00 8.3522862662e-02
-1.3025754978e+00 -2.5421328780e-01 -1.9473093355e+00
2.2991921610e+00 1.1480032223e+00 3.3395848159e-01
-1.1859805081e+00 7.3408854879e-01 -1.8464841814e+00
-1.4252202674e+00 6.9464258147e-03 -2.8709136648e+00
-1.9406656431e+00 -8.6577525721e-01 -3.7233440244e-01
-4.8848452910e-01 2.6219877855e-01 6.5503819883e-01
-1.0280852494e+00 4.8407023011e-01 -2.2538621330e+00
-1.5843632959e+00 -2.7248713717e+00 4.8583175440e-02
2.8609640822e+00 1.2112725052e+00 -4.6214967307e-02
1.1509528001e+00 4.7745674695e-01 2.5396784818e+00
2.0405378440e+00 7.7153569741e-01 5.7147564780e-01
8.6831376909e-01 -3.9164533111e-01 2.3994017699e+00
-8.8834243334e-01 8.9375447774e-01 -6.8049530054e-01
1.4396022222e-01 4.8233996679e-01 4.4130839611e-01
-4.9373488319e-01 -1.0195587475e-01 1.9975587326e+00
1.4710182014e+00 -3.0619376374e-01 3.1459753713e+00
-2.2149714119e+00 -1.4331089411e+00 -1.2672413535e-01
-1.9422498436e+00 1.4832879379e+00 -8.2659743208e-02
-1.2780495821e+00 1.5368446004e+00 7.5209540303e-01
-5.5622405654e-01 6.7734379326e-01 5.9200832920e-01
-2.2720337448e+00 7.7745457906e-01 -4.0364357973e-01
-3.0380845110e-01 6.8530296318e-01 1.1705774329e+00
-1.2887481733e+00 9.3331951632e-02 -2.7819499522e+00
-2.1316052269e+00 -1.6227150501e-01 -1.0443816601e+00
1.1258520843e+00 8.8540394129e-01 2.2442790381e+00
3.8951128493e-01 -5.0641376638e-01 3.3071958629e-01
1.2274262652e+00 1.3840394912e+00 1.9459806201e+00
-8.6890878269e-01 1.1684061320e+00 1.3700407587e+00
-4.2348624394e-01 9.6514233808e-01 3.0954270956e+00
3.3035572560e-01 -1.4799267029e+00 -6.3061071926e+00
1.2872281871e+00 1.3219491091e+00 2.0489739514e+00
-1.0402728975e+00 1.9800364276e+00 1.8657217789e+00
6.2124615192e-01 2.1684378676e-01 1.4698602449e+00
8.1585608612e-01 6.0900309717e-01 1.3906554387e+00
-1.5015812869e+00 7.0014807144e-01 -1.2500383872e+00
2.0681622759e+00 1.9524238345e+00 8.1308010346e-02
1.0875045831e+00 -2.0316762328e-01 2.9832364265e+00
2.0383800402e+00 -1.2102363578e+00 3.8794461436e-01
-1.5053030511e+00 9.5863288848e-01 -1.0959498022e+00
3.4592141633e-01 2.2421960692e+00 3.4948002073e+00
-8.8362668288e-01 4.8136456765e-01 -1.3810519146e+00
1.6817739919e+00 1.9812096687e+00 8.4171155906e-01
-4.9568051976e-01 1.7035204473e+00 6.1231652301e+00
1.0806444746e+00 -8.8631640533e-01 1.3634954222e+00
4.7340340005e-01 -6.9606521806e-02 3.4537651326e-01
1.1139880749e+00 2.2795548457e+00 1.0573085897e+00
2.2456507971e+00 9.9346970513e-01 3.2724776207e-01
-1.5393309127e+00 1.9042635238e-02 -2.8590295853e+00
2.6823521136e+00 5.3472028499e-01 3.0078316948e-01
-1.0469374211e+00 3.0240891466e+00 1.3068894046e-01
-2.5599262856e+00 -2.0447675487e+00 -6.1099622025e-02
2.8240015978e+00 4.8521786281e-01 6.0061207173e-02
9.4705639497e-01 -4.7238431490e-01 2.3915270218e+00
7.2500505212e-01 -7.4864325596e-01 7.3672595564e-01
1.7151155683e-02 -1.8650829992e+00 -5.7817252045e+00
1.4439329932e+00 1.9069670085e+00 8.5204036771e-01
2.3953337295e+00 2.3097493660e+00 -6.1174829543e-02
8.2679605394e-01 -8.9369453418e-01 -4.2454207200e-01
1.0713093270e+00 9.3888758679e-01 2.3700126511e+00
4.9424294604e-01 -3.1858802717e-01 4.5349828023e-01
-6.5775446175e-01 2.6227461473e+00 8.4196901708e-01
-1.1621113099e+00 -1.1598303940e+00 1.3774631128e+00
-1.8387078353e+00 -9.6877341254e-01 -9.6253080036e-02
-2.7423493151e-01 1.1247124749e+00 3.6094272020e+00
-1.1590534579e+00 3.0041212700e+00 1.0954125784e-01
-2.3434086244e+00 9.3571234213e-01 -3.3042389742e-01
1.8768858006e+00 2.1173721688e+00 3.1335044106e-01
-1.2889612316e-01 -8.6266833521e-02 1.7419299128e+00
1.0259436640e+00 -8.4113530110e-01 1.6384850965e+00
1.1051415900e+00 2.8360163712e+00 1.3566801605e-01
-1.1216179663e+00 1.4053695943e+00 1.2150107681e+00
1.0265211934e+00 1.9884618987e+00 1.7106845586e+00
2.0869904143e+00 7.7202447075e-01 7.2212956523e-01
7.8071208653e-01 7.2394602591e-01 1.3949718821e+00
-7.4597120381e-01 -5.9081328282e-01 1.4785905908e+00
7.4735196203e-01 7.0492790687e-01 1.6734242536e+00
-1.9642754256e+00 -1.3663786402e+00 2.4089824170e-01
1.0477375403e-01 5.8016367859e-01 1.0359315031e+00
-1.2347209033e+00 2.3878161025e+00 3.8948436529e-01
5.9630941166e-01 1.3250130642e-02 1.0683474200e+00
1.1825971426e+00 1.7565249710e+00 2.6364699090e+00
2.1529336229e-01 1.6810426038e+00 7.6674624782e+00
1.3969220743e-01 5.3440819978e-01 2.8274253185e-01
1.9110612918e+00 1.7146866329e+00 2.1318572244e-01
-7.8375941352e-01 7.6239534306e-01 1.0679113160e-01
1.3996063569e+00 -1.1359456441e+00 -1.9244267967e-02
2.1696448937e+00 -4.5205419800e-01 6.7577403271e-01
1.2986417060e+00 1.1439335878e+00 1.8577909075e+00
-4.1525069622e-01 -3.1746623235e-01 2.5173364022e+00
-1.1299651286e+00 1.2482389947e+00 8.3731289953e-01
-1.9825071557e+00 1.3498346064e+00 -3.3777945840e-01
-1.5043998901e+00 -2.7602091357e+00 -5.7171797561e-02
-7.6087155469e-01 1.6831978613e+00 4.7585385425e+00
-1.0103288004e+00 1.6164975195e+00 1.9534649170e+00
1.4806500078e+00 3.8232463803e-01 2.4567246995e+00
-9.7188706824e-01 -1.1062052559e+00 1.3888629867e+00
-7.2852037420e-01 -3.9681547558e-02 3.5843756385e-01
8.6192554389e-01 -1.3919520239e+00 -3.3257757974e+00
-9.5029389781e-01 3.9153779195e-01 -1.5021760660e+00
-1.2699089312e+00 -7.5059598874e-01 6.2174458978e-01
-8.3237530909e-01 -3.4786425490e-01 9.8357363729e-01
-2.7139106246e+00 1.8532597326e+00 1.2970887893e-02
-5.5682991376e-01 1.2277420601e+00 4.8638242300e+00
1.1278394095e+00 1.3518518325e+00 2.1949262243e+00
-1.4163738582e+00 9.5759856711e-01 -4.6630894595e-01
-7.3645344380e-01 8.5520621504e-01 4.9299067966e-01
-7.0962655563e-01 5.6680520357e-01 -2.8926885622e-01
-1.5820305935e+00 1.4192368600e+00 6.1339810156e-01
-2.1516071886e+00 2.7727679671e-02 -5.8356539036e-01
-1.4326892751e+00 3.8538480514e-01 -2.6961810587e+00
1.3933805278e+00 -6.5295013615e-01 2.5344772313e+00
-1.5872319542e+00 2.0585115255e+00 5.0327497789e-01
2.9047365696e+00 2.0910490914e+00 -1.8592029743e-01
-1.5347400279e+00 4.3908449366e-01 -2.4505876181e+00
-9.5118806748e-01 1.3284331384e+00 1.8566979451e+00
-8.4594230891e-03 -6.3898018403e-01 1.6288034380e+00
-1.6529748293e+00 -6.2269072230e-01 -6.8916555579e-01
-1.2914621584e+00 7.3069662398e-01 -1.4651890056e+00
-2.3352918070e-01 -1.9757479778e+00 -4.4069823090e+00
-3.0133390403e+00 -2.1374751426e+00 -9.4028147665e-02
-1.2376511328e+00 1.3011423058e+00 5.9280091066e-01
3.4448534200e-01 1.8858966596e+00 6.0945347038e+00
1.3637347107e+00 1.9756877229e+00 9.9774139214e-01
1.6237138242e-01 -9.3077808266e-01 -9.9395753708e-01
-2.6054901873e+00 -7.5425090480e-01 -1.9961817865e-01
-4.4082289825e-01 1.0697059623e-01 1.1048822514e+00
-1.5437524819e-01 8.8565008972e-02 1.0482898363e+00
2.2608890145e+00 -2.9893696099e+00 -9.3005598809e-02
3.1752144914e-01 2.1016587305e+00 4.8148565564e+00
1.5964436182e+00 -2.5857764845e-01 3.4025975091e+00
-1.6386354490e+00 1.6171629041e+00 2.6828308219e-01
1.1777653957e+00 1.2577076915e+00 2.3770915638e+00
-6.1252654084e-01 -1.8006213052e+00 -1.8183844625e+00
-2.8053994343e+00 2.2464114544e+00 -9.7647415693e-02
-2.3595889737e-01 1.0420675873e+00 5.4041147595e+00
9.1506516797e-01 -5.3823943597e-01 1.3863270090e+00
1.3508083052e+00 2.3522034194e+00 4.4423837428e-01
-1.2157869210e+00 3.4270387038e-01 -2.8865213985e+00
1.5263113305e+00 1.3274425821e-01 3.0009929795e+00
1.5171581961e+00 1.3867861325e+00 1.0448854790e+00
2.1621239084e+00 2.5402249184e+00 1.3732505520e-01
-1.3656231768e+00 2.9016532845e+00 5.2234981829e-02
2.7056490511e+00 2.3278554416e+00 1.3559573623e-02
-1.2246200297e+00 -2.5395543435e-01 -1.8882089020e+00
9.1691427522e-01 2.0981973473e+00 1.1788341989e+00
-1.1209457629e+00 3.0624802538e-02 -1.9329045121e+00
6.3666507182e-01 -1.4889790475e+00 -5.0603626687e+00
1.8410004783e+00 5.6010115685e-01 1.5598702416e+00
1.6372256208e+00 1.8700347498e+00 5.4126617294e-01
5.4518815682e-01 -1.0970701079e+00 -2.6520760646e+00
6.8655612555e-01 -1.7984400017e-01 7.3487534148e-01
-1.9335843909e+00 5.3551732764e-01 -1.1313608103e+00
1.0578254576e+00 9.0383653295e-01 2.2512574371e+00
-1.5522565431e-01 4.0665440432e-01 8.3545319898e-01
-1.6930688278e+00 1.1419952572e+00 -6.5216592530e-01
3.0548757884e+00 -3.3074565499e-01 -6.3338087513e-02
-1.0937791355e+00 -4.5074166790e-01 2.2325581832e-01
6.3880883800e-01 6.3223832838e-01 1.9139625246e+00
-1.8255466839e+00 2.0721964613e-01 -1.3800748275e+00
1.6120522160e+00 9.2471541107e-01 1.5038511629e+00
-1.9435944813e+00 -5.5735729703e-01 -8.3337526598e-01
-1.8056851819e+00 6.6775913131e-01 -1.2948514946e+00
1.4065460816e+00 -6.6970191909e-01 1.8426111314e+00
3.0007950942e+00 2.4003187989e+00 -3.3404897053e-02
5.1318775243e-01 -5.6442663748e-01 6.1813110297e-01
-1.8730384271e+00 1.0626697752e+00 -5.7557622259e-01
-1.6522322501e+00 1.0384448102e+00 -6.2363376002e-01
