1.1725409459e+00 2.5620743431e+00 3.9851292631e-01
-2.1830280468e+00 -2.2745733199e-01 -7.4174164273e-01
9.0153040828e-01 -2.1144185688e+00 -2.1129607142e+00
-1.3730969191e+00 -2.6537920641e+00 -1.1494491539e-02
1.0072626065e+00 2.6889959319e-01 2.7664791689e+00
-2.4669226573e+00 2.7190659653e+00 1.8537620238e-03
2.2988687739e+00 1.9076579476e+00 4.9212451946e-02
3.0000000000e+00 3.5108840935e-01 2.9046330248e-02
2.8819576122e+00 1.1201067247e+00 1.7733839553e-02
-3.0000000000e+00 2.5335644253e+00 1.4698770843e-04
-2.5613251978e+00 -8.6043648070e-01 -7.4229482020e-02
-6.0198943630e-01 -1.4102010622e+00 -9.1647968652e-01
1.5909197476e+00 7.0760862425e-01 1.8785006361e+00
1.7675169533e+00 9.3742227762e-01 1.0778719775e+00
1.9680147780e+00 -3.2759188516e-01 1.3866309562e+00
4.9618788096e-01 2.1758738937e+00 3.3517799055e+00
2.3638759012e+00 2.5686429561e+00 6.3551777072e-03
-2.4848415755e+00 1.1459165662e+00 -8.1199501140e-02
5.8438228459e-01 -1.4880559737e+00 -5.3124989029e+00
1.1053219522e+00 3.1180085764e-01 3.0260776431e+00
3.0000000000e+00 -2.6982287112e+00 -1.6342985212e-05
-2.1433061946e+00 1.3055226171e+00 -1.1840963485e-01
-2.6913192581e-01 -2.4751375299e+00 -1.3772869188e+00
-1.4398486504e+00 -2.0955839679e+00 1.5190951544e-03
2.2241420347e+00 -2.6135342303e+00 -6.1855261995e-03
-1.9530708213e+00 -5.7822639268e-01 -7.3773259994e-01
-7.5541793504e-01 -2.2266552294e+00 -1.0267324402e+00
-2.9749175726e+00 -2.0935958952e+00 7.9018224049e-04
-1.9836491804e+00 1.1357646738e+00 -3.2639614069e-01
-6.9094140608e-01 -2.9195720638e+00 -1.2815077267e-01
-1.8496680425e+00 -3.2060265410e-01 -1.4019349709e+00
1.9543130237e+00 2.7291906859e+00 2.0250962892e-02
-1.7987044438e+00 2.7584447096e+00 3.0013673949e-02
-2.0575312234e+00 -3.0000000000e+00 2.9384455665e-03
1.9889902393e+00 1.3070356767e+00 3.9154385022e-01
1.8016566780e+00 -2.0519495658e+00 -1.5363057266e-01
-2.5057897132e+00 3.0000000000e+00 5.2287211266e-04
2.1043741326e+00 2.9620473466e+00 4.3750239952e-03
1.9471843297e-01 2.7775941806e+00 7.0987004809e-01
1.8068591143e+00 2.1351700352e+00 1.9973360936e-01
1.8001457103e+00 2.1271280706e+00 2.0797382723e-01
-1.3652050168e-01 2.0320990321e+00 5.4749724805e+00
-2.9201427224e+00 -1.5448679400e+00 -1.2625074870e-05
-2.0039530194e+00 -9.0567965830e-01 -2.2522692576e-01
2.7414003162e+00 2.8639583708e+00 3.1753999492e-04
4.7004368095e-01 1.4694177593e+00 6.3456107613e+00
-2.1430618751e+00 2.7311630621e+00 8.2632871010e-03
-1.6539492022e+00 2.6724754665e+00 6.7622180159e-02
1.0454083707e+00 3.0000000000e+00 1.0092229161e-01
-2.1396008335e+00 -1.7347496505e+00 4.5520385122e-02
-1.0218265768e+00 2.9935508101e+00 1.0811339575e-01
5.6909156000e-01 9.7936749544e-01 2.6900869769e+00
3.0000000000e+00 8.5729387837e-01 1.5944170887e-02
8.3353138371e-01 5.1743981574e-01 1.7120960680e+00
3.0000000000e+00 3.0000000000e+00 4.1029727458e-05
2.0016550076e-02 6.1357685194e-01 7.0148121746e-01
-2.0665008894e+00 -2.5424199477e+00 1.1383747943e-02
-1.2183860240e-01 1.1585977668e-01 1.1383713573e+00
1.2256222546e+00 2.4419876783e+00 5.0630946317e-01
2.8537123249e+00 4.2206711194e-01 5.5549453939e-02
-7.2964127219e-01 -1.9891094786e+00 -1.5495570673e+00
1.8243423597e+00 1.0407020680e+00 8.4209151955e-01
-2.8561522699e+00 -2.2955549398e+00 1.0562935465e-03
-2.0206359379e+00 1.9998413394e+00 7.2485452337e-02
-1.7756923733e+00 -2.2764935506e+00 3.3324305505e-02
1.8364249232e+00 1.7390802945e+00 3.6228327021e-01
-2.8494119255e-01 -2.9422554481e+00 -2.4854968256e-01
-2.3921646295e+00 1.5912698788e+00 -1.1499961169e-02
-8.5769247752e-01 -2.1366354606e+00 -8.8415901379e-01
2.9174906030e+00 1.4764489010e+00 7.1126772686e-03
-2.5783903569e+00 1.8531477892e+00 1.3109568377e-03
-3.2631870485e-01 -2.0729017640e+00 -3.1815511841e+00
-3.0000000000e+00 1.7285493579e+00 -9.8634653209e-04
2.6826236142e+00 2.3960481999e+00 2.3517941292e-03
4.0838758802e-01 -3.0751121011e-01 3.8281669367e-01
-2.5929555765e+00 6.3883722779e-01 -1.4873196084e-01
7.3254835423e-01 4.7270901615e-01 1.2646196229e+00
1.1862705748e+00 6.6596872038e-02 3.4959432498e+00
2.6425709302e+00 -1.4368914078e+00 2.0083654959e-02
-1.8499408846e+00 -2.7843143130e+00 8.5730463964e-03
5.8495924531e-01 -2.1117749075e+00 -3.3371381269e+00
1.5452627117e+00 2.1476163208e+00 4.4738898650e-01
3.0000000000e+00 -2.7622594397e-01 3.1061946037e-02
3.0000000000e+00 -1.9713357012e+00 4.9107075510e-04
8.8557700600e-01 7.0722311608e-01 1.9171618916e+00
3.0000000000e+00 1.6980016286e+00 2.7987562372e-03
2.9894773686e+00 2.1483357239e+00 9.3530892933e-04
-1.1883770349e+00 -1.2228249255e+00 9.7828838394e-01
-1.1152428401e+00 -1.8425812633e+00 -2.7444930942e-01
1.7783401728e+00 2.8318383586e+00 2.6093499020e-02
-2.8610810990e+00 -4.4998842118e-01 -5.1343817168e-02
8.0069008815e-01 1.6691148191e+00 4.3220392903e+00
2.9989532423e+00 1.5513393091e+00 3.9591525553e-03
-1.7055918430e+00 -1.9196472354e+00 8.8959340227e-02
-2.4539746987e+00 2.7622835399e+00 1.7058024723e-03
-1.8859250880e+00 2.7667973148e+00 2.0982366509e-02
-2.7695071617e-01 2.6029066100e+00 1.2636694902e+00
1.5235781791e+00 1.8257248611e+00 8.2345757016e-01
-2.8708663430e+00 -8.6104737470e-01 -2.2748164543e-02
-2.4173765822e+00 1.9547946218e+00 8.4946280011e-03
-2.5622035828e+00 -6.3810037956e-01 -1.2619074404e-01
-7.4623834741e-01 -1.0246135647e+00 2.3304383081e+00
2.1049058848e+00 2.6637791600e+00 1.4111783131e-02
-1.1595865376e+00 -1.4416529480e+00 4.9584136956e-01
-1.5583079613e+00 -3.9315866284e-01 -1.6416976525e+00
-2.0857817849e+00 3.0000000000e+00 3.7182540401e-03
-2.4059682601e+00 -1.4044503774e+00 3.5087872527e-03
-1.1693982700e-02 1.2448627841e+00 6.3446250394e+00
-1.7233522580e-01 -1.7288332678e+00 -5.1888626742e+00
5.3257610971e-01 3.0221045050e-01 3.8497999978e-01
-8.7492827935e-01 -1.9150116965e+00 -1.0038536146e+00
2.5015638290e+00 2.8320078802e+00 1.2424578743e-03
-1.8103195051e+00 -3.0000000000e+00 4.7782896829e-03
-2.6510054442e+00 -1.2850693195e-01 -1.6277648203e-01
2.2685013050e+00 -1.2019514576e-01 6.5683213274e-01
2.1737926353e-01 -3.0000000000e+00 -2.5399172378e-01
2.9137723575e+00 -7.4718068238e-01 3.0247376375e-02
2.5595052591e+00 2.4104884279e+00 4.1791034839e-03
-2.1563916001e-01 -1.5604670186e+00 -4.6335301858e+00
-3.4209927673e-01 1.9385951600e+00 5.6832259008e+00
2.7455760254e-01 2.7064480268e+00 8.8713782127e-01
1.9078266895e+00 -2.3860315365e+00 -5.3099520369e-02
6.7041194713e-01 7.3703211751e-01 1.4240123064e+00
1.9718408131e+00 1.8498118065e+00 1.9352170602e-01
1.8760489231e+00 -2.6450028743e+00 -2.8853785602e-02
3.4633728999e-01 2.1342562999e+00 4.1264888544e+00
2.1645426953e+00 -1.1851913219e+00 2.0325711196e-01
2.7018031427e-02 -3.0000000000e+00 -2.4770800757e-01
1.8073027774e+00 -2.2844840625e+00 -1.0271914169e-01
-4.4109618382e-02 2.1186602692e+00 4.7863561847e+00
-2.9271100485e+00 -2.0251503080e+00 1.0978148135e-03
2.9092537484e+00 -4.9189293626e-01 4.1555700341e-02
2.2931438554e+00 -3.0000000000e+00 -1.0077656870e-03
2.5255606539e+00 -4.8573873783e-01 2.1797358770e-01
-9.0655917081e-01 -1.3085466677e+00 8.0824890644e-01
6.4864261288e-02 -2.4559256963e+00 -1.8237345262e+00
-3.8533441911e-01 -2.5384132955e+00 -9.7983144923e-01
2.2967996850e+00 -1.1298854134e+00 1.6548062187e-01
-1.0011189741e+00 -1.2576297101e+00 1.0770010378e+00
1.8924082873e-01 -8.1907584106e-01 -1.7181286200e-01
1.9441809933e-01 -2.4010668370e+00 -2.1469728776e+00
1.7875739028e+00 -2.6704988297e+00 -3.8033674418e-02
-4.2715343171e-01 1.8943502401e+00 5.6140698997e+00
1.4307149300e+00 2.4640280938e+00 2.7855603363e-01
1.9795333511e+00 -2.8273570555e+00 -9.5943361944e-03
2.0645264949e+00 1.5146674273e+00 2.3252317608e-01
-6.2522101058e-02 2.3641805033e+00 2.7496583014e+00
-5.1959380267e-01 -2.1395368453e+00 -2.0803633246e+00
-4.6596790767e-01 -1.4528932521e+00 -2.1228256730e+00
-1.9522360823e+00 1.5021183852e+00 8.5084354340e-04
-2.4586394815e+00 2.6644857812e+00 2.3136203445e-03
-1.9021174818e+00 -1.7983300720e+00 8.5059349951e-02
-1.4596361166e+00 -2.4599787724e+00 -4.6445024304e-03
-2.8906686655e+00 -2.0356495023e+00 1.3211661679e-03
2.4962922742e+00 -2.5403646814e+00 -1.5793148824e-03
2.9649016526e+00 -2.5396924563e+00 -2.8195353946e-05
9.0305018721e-01 -2.0886551916e+00 -2.2065931039e+00
-3.0000000000e+00 -2.1946249627e+00 5.9980780085e-04
-1.9461458004e+00 -1.1256557808e+00 -1.8480616611e-02
-1.6801166073e+00 -1.4488298952e+00 2.3532779296e-01
6.6562750048e-01 -7.7326997115e-01 -2.1182964923e-01
2.8225036883e+00 -1.7037153751e+00 3.5469279976e-03
2.5887768280e+00 1.9849151068e+00 1.1387649302e-02
7.0118394683e-02 -2.6789125818e-02 7.5915771315e-01
-2.8347051332e+00 -1.4018799111e+00 -1.9923021755e-03
7.1470818194e-01 1.3724256667e+00 4.6425901720e+00
-2.3475241070e+00 2.2732799643e+00 1.0804916444e-02
3.0000000000e+00 -7.9518877237e-01 1.8523213036e-02
-2.6231797982e+00 -1.5050543501e+00 1.9392584653e-03
-6.9895465713e-01 -2.9895010289e+00 -9.1258392758e-02
-2.8361171676e-01 -8.7856185002e-01 2.3145009486e+00
-3.0000000000e+00 2.2277712774e+00 2.0317613300e-04
-1.1344467673e+00 -1.8371849952e+00 -2.3226939057e-01
2.3838574395e+00 -1.1162547373e-01 4.4828992586e-01
2.8996495646e+00 6.2551689565e-01 3.6218476730e-02
-2.0152351520e+00 -2.7152856390e+00 7.8982543934e-03
3.0000000000e+00 1.6368176915e+00 3.2320142142e-03
-7.3342290845e-01 -1.2614079640e+00 7.5957520739e-01
2.2374971304e+00 -2.8291690633e+00 -2.7297135204e-03
2.0367202427e+00 -5.4967388536e-01 9.7446801998e-01
-2.3528513661e+00 -8.5606423967e-01 -1.4201994596e-01
-1.7147763476e+00 -2.6875776362e+00 1.1709003773e-02
1.3895394713e+00 2.5944887845e+00 2.0754368917e-01
-2.8183876259e+00 1.6080650384e+00 -3.8637120010e-03
2.5885265648e+00 1.0745823627e+00 7.0923409785e-02
2.1285589225e+00 -2.5472606236e-02 1.0082958038e+00
9.7681212864e-01 1.7667168012e+00 3.0482322404e+00
-2.7910456649e-01 -2.0143089097e+00 -3.6799573314e+00
-2.4739509556e-01 -1.8123452026e+00 -4.6141361753e+00
-9.6798586299e-03 1.4266717705e+00 7.7147173498e+00
3.9907764169e-01 1.8454980216e+00 6.0510616518e+00
3.6642218048e-01 2.1860279748e+00 3.6672534181e+00
-2.6653574196e+00 9.6949515557e-01 -6.3769336359e-02
-1.9778878968e+00 -7.3960162636e-01 -4.5228231383e-01
1.9781897239e+00 2.4439731447e+00 4.8091963565e-02
-1.8152509033e+00 1.2916579127e+00 -1.6910034207e-01
-1.3834732002e+00 1.9258526017e+00 8.6518390715e-01
-1.3455540965e+00 2.7371250078e+00 1.3798262369e-01
-6.1994503775e-01 2.2726531036e+00 2.3525607987e+00
-1.4717399120e+00 -1.4443049561e+00 3.8497399147e-01
-2.1347064634e+00 -1.3888372248e+00 3.1953934802e-02
1.1324283749e+00 4.3959681624e-01 2.8388838551e+00
1.2281423936e+00 -6.8797304898e-02 3.5509544337e+00
-8.8326493007e-01 -1.6264424565e+00 -5.9906161049e-01
-2.7595520731e+00 -5.3715385339e-01 -7.0177290779e-02
-2.8691951001e+00 -2.8649280486e+00 2.0936611238e-04
-9.1234787653e-01 -2.5689664340e+00 -2.5920559480e-01
2.3694506214e+00 2.8674668821e+00 2.0236516493e-03
1.9222158172e+00 9.5070405903e-01 7.5567338035e-01
2.3418288852e+00 1.4725083434e+00 9.1689609593e-02
-2.4846264535e+00 7.4087966954e-01 -1.9355525542e-01
2.6597030559e+00 1.0479800265e+00 5.5300515169e-02
-2.6864547905e+00 -1.0864961152e+00 -2.2164223715e-02
2.1119001078e+00 3.0000000000e+00 3.5953305336e-03
5.0341976772e-01 2.4546773226e-01 2.9205209484e-01
2.0695526142e+00 -2.0049178211e+00 -4.2093288506e-02
-7.8589515129e-01 3.0000000000e+00 1.6144738176e-01
1.6173354216e+00 2.5412750413e+00 1.2596647004e-01
2.4568472684e+00 -2.2754420044e+00 -3.3011833179e-03
1.6724186657e-01 2.7804117188e+00 7.0942307934e-01
-3.0000000000e+00 -2.6937853177e+00 1.8542270306e-04
-9.8175215038e-01 -2.7704919661e+00 -9.4802192261e-02
2.3357057565e+00 2.6626500194e+00 5.2042902961e-03
1.3520048493e+00 2.0724540668e+00 8.8623505877e-01
-2.1269805588e+00 -6.7208539924e-01 -4.1826697081e-01
1.6383814831e+00 2.0010902997e+00 4.5014940521e-01
2.4924981578e+00 -8.5989623579e-01 1.5201469734e-01
6.4698538761e-01 2.7872534397e+00 4.6828291694e-01
-2.8679100627e+00 -1.0239784534e+00 -1.4213693963e-02
3.0000000000e+00 3.8175625978e-01 2.8389878864e-02
2.2954730890e+00 -1.5647169470e+00 2.8881519422e-02
3.6082145320e-01 -2.5976790468e+00 -1.1349310984e+00
1.9382878709e-01 7.3050143335e-01 1.0441481232e+00
1.0134771199e+00 -4.6448545799e-01 2.3519763854e+00
1.7103723821e+00 -2.9835408121e+00 -1.5341836883e-02
6.2648962964e-01 2.5688647806e+00 1.0298332754e+00
-2.4550551217e+00 -1.2112771208e+00 -2.0707568501e-02
1.5152793663e+00 2.6295274594e+00 1.2887231774e-01
-3.0000000000e+00 -7.7512561232e-01 -1.5771390021e-02
2.0087272516e+00 -2.6631666329e-01 1.3004015964e+00
9.7984429247e-01 -9.8315291402e-01 -2.5512718016e-01
-2.5910929062e+00 -1.2726031104e+00 -1.0237236123e-02
2.7878695979e+00 1.1075806076e+00 2.8186196352e-02
-1.6136204283e+00 -3.2502127949e-01 -1.8290856675e+00
8.5668615761e-01 -2.0663014114e+00 -2.4890752225e+00
2.2425024527e+00 9.0484321268e-01 3.3092805187e-01
2.4287371451e-01 -2.2918885917e-02 2.3027716955e-01
3.0000000000e+00 -1.1846085626e+00 8.7314287903e-03
-2.0117592225e+00 2.4701479572e+00 3.2685300085e-02
-2.0328500227e+00 2.6972605176e+00 1.4893429136e-02
-2.4357070771e+00 2.2880776886e+00 6.6590007004e-03
-1.7067237349e+00 -9.0217880122e-01 -1.6544402418e-01
1.9138314401e+00 2.9725177972e+00 8.9078269684e-03
-4.3891699733e-01 3.0000000000e+00 2.4731130569e-01
-2.1667119217e+00 1.4868730346e+00 -3.3570481157e-02
2.6679939965e+00 7.4056876226e-01 8.7786801492e-02
2.3275695100e+00 -2.2647562807e+00 -7.7271541905e-03
-1.8075656830e+00 -2.3419186142e+00 2.7942819140e-02
-4.3048482004e-01 -1.7885709222e-01 2.4147677365e+00
2.3435616819e+00 -2.9817414342e+00 -8.2656404432e-04
2.6147778389e+00 1.3368523907e+00 3.8893893180e-02
-1.2760511821e+00 -1.9658674010e+00 -8.9945736622e-02
-2.4737482207e+00 -5.9539874363e-01 -1.8616219906e-01
1.7725145979e-02 2.1134873929e+00 4.8394981969e+00
-2.7026526626e+00 1.8088862819e+00 -6.4355733264e-04
-2.4564851378e+00 -2.9576766303e+00 9.3730163076e-04
-1.9507818534e+00 9.9177165221e-01 -5.4481121833e-01
-2.7775922934e+00 2.8187022008e+00 2.4328450133e-04
2.0874944620e+00 5.9206427959e-01 7.9310617051e-01
-5.4783843957e-01 -1.4291474201e+00 -1.3876641712e+00
4.0226440001e-01 -6.9882514807e-01 -1.4604947200e-01
2.1070685022e+00 1.2655319243e+00 2.8993536052e-01
1.6607864107e+00 2.0441829619e+00 3.8796143604e-01
-2.7181159111e+00 2.8484334055e+00 3.0591553475e-04
3.8039113278e-01 -1.9181258406e+00 -5.2482100972e+00
-7.0097115332e-02 3.0674543429e-01 6.4045723222e-01
2.6207953554e+00 -9.7407423223e-01 7.5033761490e-02
2.2153404489e+00 5.6883540583e-01 5.6357262861e-01
2.1156079756e+00 -5.8805709996e-01 7.5872546468e-01
7.7641513376e-01 -1.7026954437e+00 -4.1695296504e+00
5.8220690166e-01 1.5975263718e+00 5.8198103953e+00
3.0000000000e+00 -7.7916069195e-01 1.8971323521e-02
1.1268181867e+00 2.6532257730e+00 3.2668981291e-01
-8.4784313615e-01 -3.0000000000e+00 -5.5015104803e-02
-2.7762884776e+00 -1.5471400250e+00 7.6537439376e-04
-1.1551414960e+00 -2.1947741903e+00 -2.3528380534e-01
2.5469708674e+00 2.0191154575e+00 1.2806658662e-02
1.3994485621e+00 1.8078593131e+00 1.1693140264e+00
2.1862738302e+00 1.2767689786e+00 2.2073508177e-01
-1.0652380094e+00 -2.8899340879e+00 -3.8159507189e-02
-2.3399925190e-01 -5.5480926722e-01 3.2817241389e+00
-2.2722382924e+00 -3.5728773121e-01 -5.0494615917e-01
1.1234936522e+00 1.1446815210e+00 2.4105455723e+00
-1.9429508184e+00 -2.2905671986e+00 2.7432541864e-02
-1.1856820818e-01 1.2616120926e+00 6.4514033044e+00
-1.2280168891e+00 2.3122034715e+00 6.7877778874e-01
-2.6663330624e+00 -1.5872403385e+00 2.9236148414e-03
1.3067008830e+00 2.7885726170e-01 3.3158176862e+00
-1.3575058983e+00 2.6913772745e+00 1.5712467977e-01
2.8855469616e+00 2.3455885882e+00 9.3264844836e-04
-1.6341353011e-01 -3.2883341700e-01 2.5850393283e+00
2.8886508879e+00 1.6586997835e+00 5.4790482814e-03
-4.2033199515e-01 -6.3040712261e-01 3.7586745579e+00
-5.3404358121e-01 2.5218372152e+00 1.3256172854e+00
-9.8462855069e-01 -1.4959088686e+00 1.3097881065e-01
-3.0000000000e+00 -1.9727828314e+00 7.5741031507e-04
2.6174843184e-01 -3.3991281981e-01 6.0302697278e-01
-1.2665529464e+00 2.4873530462e+00 3.8563322758e-01
-1.7807845990e+00 -1.2853083458e+00 1.5492753909e-01
-1.5596692462e+00 -2.5192311595e+00 9.6883198932e-03
1.5181895910e+00 2.7379505568e+00 8.6979267226e-02
-4.3723659585e-01 -4.1046754747e-01 3.3562830318e+00
-1.2520991426e-01 1.4726404193e+00 7.8118303984e+00
-9.6038275082e-01 2.2925742745e+00 1.2975106165e+00
-2.0268006594e+00 1.1821362208e+00 -2.5297308534e-01
-1.5616189728e+00 -1.0229095774e+00 2.1689467633e-01
-2.3561078707e+00 -2.9990395170e+00 1.1756362090e-03
-2.7042798865e-01 -1.3321674731e+00 -2.5603354493e+00
-2.3700130731e+00 -1.9465304796e+00 1.5876227802e-02
2.2651288272e+00 -1.7896428058e+00 -2.0598479110e-03
2.3123613554e+00 1.6408662369e+00 7.6763503790e-02
2.4672738522e+00 -1.8604124756e+00 1.4629115695e-03
6.3677792802e-02 2.1769435063e+00 4.2571745051e+00
-6.3480353145e-01 -3.5644398045e-01 2.4922149174e+00
2.7229311254e+00 1.1520339467e+00 3.4688060186e-02
2.2614858030e+00 2.3114388896e+00 2.2160553626e-02
-2.8957204103e+00 1.7394900459e+00 -1.2999538118e-03
3.0000000000e+00 4.8936856556e-02 3.2995043308e-02
-2.3970162929e+00 1.6353087417e+00 -6.6811614518e-03
-2.1832402037e+00 3.0000000000e+00 2.4371489658e-03
1.7843430996e+00 -3.0000000000e+00 -1.0750205011e-02
-2.6518481728e+00 2.7893584592e+00 5.4696011444e-04
3.8200221170e-01 -1.2008097207e+00 -4.2051500846e+00
-2.1079494607e+00 -8.4210400928e-01 -2.5771132061e-01
2.0776286975e+00 6.7482736876e-02 1.1510987565e+00
2.5824703229e+00 8.3059702220e-02 2.1357541340e-01
2.6189914097e+00 1.8166219395e+00 1.4415176137e-02
6.7086255025e-01 -2.6205096266e+00 -8.0453009757e-01
5.3319911643e-01 -2.7254117282e+00 -6.4743525338e-01
-1.4948942290e+00 -2.0477537749e+00 3.1875714356e-02
-2.2781516162e+00 1.6246211098e+00 -4.6627964808e-03
-2.7299881724e+00 1.2649651210e+00 -2.2614765878e-02
2.5485344964e+00 -2.9511337148e-01 2.2876379983e-01
-1.6812063141e+00 -5.6828783854e-01 -1.0104098869e+00
-3.0260197711e-01 -2.4611932543e+00 -1.3791559362e+00
2.2677123342e+00 -1.7599532658e+00 8.3000621569e-04
3.6037220990e-01 1.1272644894e+00 4.4206883066e+00
-1.3290902761e+00 -2.0521494687e-01 -2.2203890614e+00
1.4537085013e+00 1.7863869980e+00 1.0422513283e+00
2.3432573319e+00 -3.3862202489e-01 4.7017878306e-01
1.2982411637e+00 3.7034233847e-02 3.5849419568e+00
1.9036827088e+00 3.0000000000e+00 8.2141992871e-03
-2.2253072358e-01 1.7528134729e+00 7.3008226756e+00
2.2389776275e+00 -2.7294226389e+00 -3.9036093852e-03
-4.5646885301e-01 2.1363977208e+00 3.7619308909e+00
1.1742851001e+00 2.7351474916e+00 2.1926604342e-01
-2.8463544677e-01 -2.3352001903e+00 -1.9742808625e+00
-1.4447893563e+00 2.9404744524e+00 4.7271078205e-02
4.7108331033e-01 -3.0000000000e+00 -2.2788471297e-01
3.2284408010e-01 -1.5829278757e-01 2.8124149165e-01
2.3910622671e+00 4.6371237951e-01 3.5273818782e-01
1.8570329076e-02 -8.0135856772e-01 9.5704234975e-01
-2.8832991340e+00 1.4655786336e+00 -5.8561736176e-03
-5.6788552642e-01 -1.0885421181e+00 1.6764825142e+00
4.2522229579e-01 -7.7464560652e-01 -5.5270183414e-01
1.8962943977e+00 1.0971859391e+00 6.6178029888e-01
-8.0341137278e-01 -1.5753119727e+00 -7.6249716277e-01
-2.2998986236e+00 1.1348775966e+00 -1.5191275524e-01
1.0959131197e+00 -2.2413013283e+00 -1.0966150450e+00
1.5547506297e+00 2.5259603970e+00 1.6056388225e-01
-1.1167524177e+00 -2.7583730118e+00 -5.4066023692e-02
2.0412626250e+00 1.8280932565e+00 1.5636058925e-01
5.6781231520e-01 -2.3086552420e+00 -2.2260857860e+00
-3.0000000000e+00 1.5244235114e+00 -2.7823954687e-03
-1.9030687875e+00 -1.2270592534e-01 -1.5472212972e+00
-8.5983187612e-01 -2.4916319786e+00 -3.9255874770e-01
-1.7725396326e+00 -8.7997162487e-01 -2.4621778268e-01
-2.7289474123e+00 1.4050081052e+00 -1.3838074129e-02
-1.2849447233e+00 -2.7770861438e+00 -1.5755208424e-02
2.3263480545e-01 -2.4816169024e+00 -1.7007713582e+00
2.3389198785e-01 2.7534979864e+00 7.6355307235e-01
-2.2843292837e+00 -5.8384421608e-01 -3.4234907316e-01
2.9638936106e+00 -3.4490297572e-02 3.9596105314e-02
-2.8757199092e-01 2.1554204746e+00 4.1135584575e+00
-3.0000000000e+00 3.0000000000e+00 3.2235359613e-05
-2.3998749594e+00 -9.8576932467e-01 -7.8756073270e-02
3.0000000000e+00 -1.4222338250e+00 4.5991372585e-03
2.5485314965e+00 1.4817658779e+00 3.9011091627e-02
2.7361620892e+00 -1.3248337283e+00 1.9926652464e-02
1.1035959481e+00 -2.0424583888e+00 -1.5677980228e+00
-8.6948078605e-01 2.9450117593e+00 1.7756163221e-01
1.9421899374e+00 -3.7206229278e-01 1.4294316865e+00
5.0559058377e-01 6.7833385707e-01 8.5166745785e-01
-1.4613888807e+00 -3.1484339897e-01 -1.9314136410e+00
-2.1773502829e+00 -2.8631978856e+00 3.3315300593e-03
1.9856828130e+00 4.9055596406e-01 1.1433867311e+00
-2.3773878828e+00 2.1777873938e+00 1.0590515114e-02
-2.9389360760e+00 -1.9934460382e+00 1.0543083895e-03
2.4729745900e+00 -2.0453163991e-01 3.1742175585e-01
2.5058102943e+00 -1.9375068599e+00 -5.5870927213e-06
-2.2735879440e+00 -3.1932282527e-01 -5.2498444901e-01
-2.5321061456e+00 3.0000000000e+00 4.5674253042e-04
2.6001980165e+00 1.3667249539e-01 1.9634823751e-01
-6.0447864110e-01 2.1218164032e+00 3.2978089123e+00
9.4765056724e-01 -2.6285571805e+00 -5.0746384768e-01
2.1634150586e+00 7.2967016520e-01 5.4106993948e-01
-2.7257576105e-02 1.8853710625e+00 6.8048685564e+00
2.5296586914e-01 1.7017204423e+00 7.3754013846e+00
1.4333530501e+00 4.3438107495e-01 2.8457220319e+00
-2.3501229371e+00 1.1211386217e-01 -5.0749314398e-01
7.8094416657e-01 -5.6902258647e-01 1.0786526977e+00
-1.3372681665e+00 -1.4230077978e+00 4.9551835032e-01
1.5141585453e+00 3.0000000000e+00 3.0682086967e-02
-2.7738739442e+00 -2.5668411894e+00 8.2252313626e-04
-2.4054359799e+00 -2.4248325700e+00 5.5489180772e-03
1.2997993940e-01 3.5136722639e-01 1.1706669035e-01
-3.6782345108e-01 -1.6572761303e+00 -3.8231021913e+00
1.5734919565e-02 -2.2738419953e-01 1.4511069537e+00
1.5531359340e+00 2.1539690458e+00 4.3120026252e-01
1.1349061242e+00 1.1119210204e+00 2.3499116415e+00
-2.2102352434e+00 -3.0000000000e+00 1.9071887254e-03
3.0000000000e+00 2.0813130951e+00 1.0617918626e-03
2.0792969918e+00 -1.8771820785e+00 -3.6131394924e-02
1.9004365721e+00 2.4526189773e+00 6.2780229426e-02
-1.9608889329e+00 2.5598273805e-01 -1.4391855973e+00
1.9140597335e+00 1.3521520914e+00 4.5958413355e-01
-1.1587306489e+00 -1.9218431706e+00 -2.3714667051e-01
3.5332611367e-01 2.7671370887e+00 6.7676203529e-01
2.2186016931e+00 1.7511467847e-01 7.4814360177e-01
-2.4580062012e+00 -8.3179539124e-01 -1.1264685507e-01
2.6445606163e+00 1.4621365140e+00 2.6686951668e-02
1.4290014565e-01 -3.5687095407e-01 1.0770752103e+00
-1.0390283693e+00 2.9285400387e+00 1.3730864362e-01
-2.8168498667e+00 -8.2193690967e-01 -3.1474446988e-02
-2.6215269797e+00 1.0513277223e+00 -6.2950757220e-02
1.1823118651e+00 2.1654180275e+00 1.1140983026e+00
-2.2664718316e+00 -2.3436626137e+00 1.0836261955e-02
-7.5763072086e-01 -1.4454923321e+00 -3.5490707453e-01
-1.8766094493e+00 -1.2614267399e+00 8.6216118281e-02
-5.2825766120e-01 -1.7258294619e+00 -2.7917087144e+00
1.4466464486e-01 -7.2153243739e-01 6.4694324634e-01
2.3146226269e+00 2.1292110254e+00 2.8200390666e-02
3.0000000000e+00 7.9502981984e-01 1.7583376670e-02
-2.0490004781e+00 -2.7884748139e+00 5.9031151699e-03
1.2399448371e+00 8.4640797984e-01 2.1974139840e+00
2.6266250816e-01 8.9380176661e-01 2.2621757070e+00
2.1424623908e+00 -3.0000000000e+00 -2.1983902926e-03
-7.1047870224e-01 -6.7629522809e-01 3.2093011789e+00
-3.0000000000e+00 2.3057091251e+00 2.0506895130e-04
2.5839548837e+00 2.4573820796e+00 3.1947824969e-03
8.3173189941e-01 7.3111909689e-01 1.8081381145e+00
1.6568602637e+00 4.4470385032e-01 2.2420414639e+00
-1.8932099460e+00 -2.8198252790e+00 7.3019383647e-03
-2.6774661077e+00 -1.6054628815e+00 2.9825973561e-03
-1.3500945971e+00 2.2193401544e+00 6.0378739351e-01
2.5603851721e-01 6.2340595102e-01 4.4411062277e-01
2.7587369340e+00 2.9637672543e+00 1.8895099213e-04
-2.9227733057e+00 -1.9672802631e+00 1.1694850090e-03
-1.5176284003e+00 -1.8841476149e+00 8.9050657178e-02
2.6875243148e+00 -2.3048993642e+00 -5.2532017707e-04
1.9346526917e+00 -3.0000000000e+00 -5.7657557410e-03
-4.7079241031e-01 -1.3005425425e+00 -8.0378100872e-01
1.8394566585e+00 -2.8195822408e-01 1.8770299558e+00
-1.0794485394e+00 -2.0996760917e+00 -3.8542454972e-01
-1.5179867578e+00 -1.8548428088e+00 1.0152853527e-01
1.9657355176e+00 2.9453582677e+00 8.2006932818e-03
-2.2128233647e+00 -9.1394631322e-01 -1.6102550366e-01
-2.9929717979e+00 2.2569358877e+00 2.1707055794e-04
2.7049317564e+00 -2.5243258182e+00 -3.7756316738e-04
-2.4979556071e+00 1.2368382262e+00 -5.8677580564e-02
-1.9070479594e+00 -2.2202523688e-01 -1.4180544655e+00
-2.2879312821e+00 -2.7198810474e+00 3.6991585639e-03
2.7466999125e+00 -7.6421446392e-01 6.3330176464e-02
-2.9487643928e+00 6.3952971991e-02 -4.6678946395e-02
2.3584821672e+00 2.0712401270e+00 2.6713733696e-02
-2.7535983605e+00 7.4759136798e-01 -6.6320504095e-02
-1.4391096415e+00 -1.9062132726e+00 5.4544829849e-02
-1.0354996679e+00 2.6265565032e+00 4.2821852320e-01
1.7393754805e+00 2.8568878711e+00 2.7038558910e-02
-1.6830240477e+00 2.0968096021e+00 2.5928551634e-01
3.0000000000e+00 -2.7113192124e-01 3.1139924415e-02
4.1688903642e-01 2.4566530291e+00 1.7994216327e+00
2.9024133208e+00 1.0118323578e+00 1.9701992064e-02
-1.9153299906e+00 6.5947053880e-01 -1.1285703272e+00
-2.7541735513e+00 -2.5559133581e+00 9.2888625615e-04
1.7635805786e-01 -1.9853428193e+00 -5.0658188143e+00
-2.6836936409e+00 -6.1990458347e-01 -8.2871203453e-02
-2.4571944710e-01 -8.1072936698e-01 2.5891944187e+00
-1.6147912075e-01 -7.5314114240e-01 2.4326210306e+00
-2.4945590312e+00 -5.1051258913e-01 -2.0050944354e-01
-2.7155553484e+00 -1.4566150810e+00 -5.8698197670e-04
1.9220443902e+00 9.7013095948e-01 7.3626090275e-01
3.1116846933e-01 -2.2581581097e+00 -2.9886539021e+00
-2.0244942585e+00 -7.5349791291e-01 -4.0282855016e-01
-8.9819824588e-01 -2.6412626886e+00 -2.1203807902e-01
-1.1318004550e+00 -2.0183124349e+00 -3.0381694007e-01
2.7918303365e+00 2.3588276377e+00 1.4884170377e-03
1.3206344824e-01 1.2276263835e+00 6.0133445162e+00
-1.6594994839e+00 -1.9775601297e+00 7.5577806906e-02
-1.8034396817e+00 -2.1352362757e+00 4.7484784432e-02
7.2716195741e-03 -1.8581376048e+00 -5.6014261758e+00
-1.6700037785e+00 -2.1498088356e+00 4.4597305172e-02
1.5252911370e+00 1.4242440151e+00 1.1693310420e+00
-5.4141138647e-01 -9.5310016976e-01 2.6794006335e+00
2.1502625746e+00 -2.6415570674e+00 -8.2687826856e-03
1.0584064310e+00 -1.4704581155e-01 3.1058777807e+00
2.5705960872e-01 2.6159485931e+00 1.2227642075e+00
-2.4047878460e+00 -2.3261706815e+00 7.0262901832e-03
2.6161799995e+00 1.4445847692e+00 3.1317087086e-02
2.0243628325e+00 -1.7265813157e+00 -3.1960680724e-02
-1.4706389949e+00 -6.3699281631e-01 -6.2487627810e-01
-1.7881305101e+00 1.8486160453e+00 2.1194702989e-01
2.6505070189e+00 2.9771334690e+00 3.1699781367e-04
-1.3588694187e+00 -3.0000000000e+00 4.5173340158e-04
2.3104805238e+00 5.3742549736e-01 4.3119016787e-01
-1.2345143170e+00 2.4480428361e+00 4.6845849457e-01
7.9262657721e-01 5.4253106754e-01 1.5324717428e+00
1.9815114982e+00 2.9560115407e+00 7.3694632247e-03
7.8017212502e-01 1.4293302200e+00 4.4311757044e+00
-1.5503048016e+00 -1.4306045887e+00 3.3497709914e-01
1.8149606967e-01 1.1541782158e+00 5.1498169162e+00
-7.5225143196e-01 -1.6220308762e+00 -1.1738356765e+00
-4.6113393955e-01 2.1876869139e+00 3.3787897665e+00
1.0993997440e+00 4.2186562283e-01 2.8025342857e+00
3.0000000000e+00 -2.3415548870e+00 1.9147693133e-05
2.5590351523e-01 -2.4720398832e+00 -1.7407861259e+00
-1.3462019560e+00 -1.0376629182e+00 7.1520486357e-01
-1.3096928029e+00 -1.4004298233e+00 5.4439910525e-01
-2.0013092228e+00 2.9250585862e+00 7.2156464972e-03
-2.4513112830e+00 -6.1353645015e-01 -1.9378155347e-01
2.4569780811e+00 -2.2877852260e+00 -3.2600043153e-03
2.9957714486e+00 2.3132052240e+00 5.5556964366e-04
-2.9623812132e+00 1.7650270857e+00 -8.7785205068e-04
2.1824525325e+00 -2.9214929287e+00 -2.5105101668e-03
7.0138902142e-01 1.5804470516e+00 5.0614854069e+00
2.7933278117e+00 -2.5429306549e+00 -1.7596356655e-04
2.6446134516e+00 -1.0842486362e+00 5.4021114322e-02
1.6871181628e+00 1.1646475316e+00 9.8878477913e-01
3.0330586342e-01 2.3940651122e+00 2.3245138501e+00
1.1973431183e-02 -1.1196254634e+00 -2.1765578084e+00
1.8253483335e+00 -2.3883390367e+00 -7.5077264612e-02
5.5089067398e-01 -3.0000000000e+00 -2.1315898814e-01
-3.0000000000e+00 -3.3907468846e-01 -3.0661563141e-02
1.9004133700e+00 -2.1932782636e+00 -8.1563251792e-02
2.3558614803e-01 1.8112109887e+00 6.9207520092e+00
2.1316193638e+00 -3.0000000000e+00 -2.3189974470e-03
-1.5186297402e+00 -6.4680105533e-01 -6.6555680400e-01
2.0246728212e+00 2.1510051094e+00 8.7545602925e-02
3.6985388897e-02 6.9290511272e-01 1.0292942514e+00
2.2955295718e+00 1.6984230767e-01 5.8845824417e-01
-2.4198861806e+00 -5.7561021698e-01 -2.3061432054e-01
2.2560713803e+00 -2.3164724859e+00 -1.0868582026e-02
-2.0850983992e+00 1.5556120093e+00 -3.2837928193e-03
-8.5362701096e-01 2.1628841388e+00 2.1004147338e+00
-1.4538772503e+00 2.8475068311e+00 6.6975358777e-02
2.8161002667e+00 2.4031782167e+00 1.1375937602e-03
2.8887729461e+00 1.0507389852e+00 1.9578990182e-02
2.5261965741e+00 1.1999181795e+00 7.2694136181e-02
1.1921977906e+00 1.0198673008e+00 2.1829407668e+00
-2.4756450475e+00 2.7541665927e-01 -3.1594197701e-01
2.4538709716e+00 2.4996265700e+00 5.2491281524e-03
2.3307730726e-01 5.8557615017e-01 3.1813338921e-01
2.8027593454e+00 -2.2915110928e+00 -1.3504953907e-04
-2.1945492415e+00 -1.7242487475e+00 3.7555809446e-02
1.8456730782e+00 1.5217892916e+00 4.6080239709e-01
-3.4224421684e-01 -1.2655681802e-01 2.2769119874e+00
-2.6568462026e+00 2.2240402123e+00 2.0610001503e-03
2.3835996846e+00 -2.0189609730e+00 -4.9162985706e-03
-2.9964542693e+00 -6.5155229541e-01 -2.0487335396e-02
-3.0000000000e+00 1.4259247572e-01 -3.6301191661e-02
1.5483253174e+00 8.0321824325e-01 1.7858405502e+00
2.7646661793e+00 7.7635300777e-02 9.9422099100e-02
-9.3572295716e-01 -1.5215351371e+00 -8.0199257488e-02
-4.2794669749e-01 -4.5865850416e-01 3.5166345215e+00
1.7918140836e+00 2.5647621154e-01 2.0531322930e+00
5.3593173711e-01 2.8096261062e+00 4.9010479914e-01
2.9977109445e+00 6.7471384035e-01 2.1104138545e-02
3.3149755452e-01 -2.1641901767e+00 -3.6254947325e+00
6.3994077688e-01 2.9289749928e+00 2.6929044303e-01
-1.8102776790e+00 -3.0000000000e+00 4.7785464204e-03
-2.3687597048e+00 -2.9243904409e+00 1.4570932570e-03
2.8611463157e+00 2.9041330594e+00 1.3886991613e-04
-9.4328815093e-01 2.5463679183e+00 6.6718361319e-01
-1.5478992462e+00 2.9679496666e+00 3.0843397553e-02
-2.7030445716e+00 -2.9791509696e+00 3.0868687667e-04
2.4983339905e+00 2.5076037561e+00 4.1327618809e-03
1.1735748901e+00 2.9787558767e+00 8.3385424077e-02
2.6274507951e+00 1.3364003551e+00 3.6861839244e-02
-2.8147417143e+00 -3.0198956073e-01 -7.3497281231e-02
2.5321153443e+00 -5.5336407523e-01 1.9903051555e-01
-1.0693208531e+00 2.7866678176e+00 2.2564758564e-01
-2.8978765336e+00 7.1134655859e-01 -3.6964380419e-02
2.8135571348e+00 7.7145287515e-01 4.4384273574e-02
2.4757319219e+00 -1.1298860989e+00 9.2002479382e-02
-3.0000000000e+00 1.8789432993e+00 -2.8510887718e-04
-1.5996228100e+00 2.4812218954e+00 1.4761601507e-01
4.6318929771e-01 3.0698285882e-02 2.5627625099e-01
7.7410274464e-01 1.5784428041e+00 4.5946030470e+00
-2.3787363597e+00 -2.2866831418e+00 8.4332938970e-03
-1.8961656145e+00 -2.1236126875e-01 -1.4607199799e+00
-1.7991100804e+00 -5.7065368753e-01 -9.2619952973e-01
2.5544179809e+00 1.5128257247e-01 2.3436211954e-01
5.6219903695e-01 1.3337042428e+00 5.2714707238e+00
-2.1344952669e+00 -1.2143210191e+00 -1.2367799983e-02
-2.8304209888e+00 3.4429247211e-01 -7.3110862366e-02
1.6307108152e+00 8.0292541855e-01 1.5990176581e+00
2.7659915965e+00 -2.7181333179e+00 -1.4340783050e-04
-2.1288780837e+00 3.0000000000e+00 3.0922119533e-03
2.9095754653e+00 -1.0251922543e+00 1.9172748068e-02
1.5332037683e+00 1.7363101716e+00 8.9197638008e-01
-1.7737757531e+00 3.9509599471e-02 -2.0902459508e+00
-2.7196923298e+00 -2.1844833442e+00 2.5139408480e-03
-3.5613697224e-01 2.4426641048e+00 1.9632865473e+00
2.1033491254e+00 2.2784709101e+00 4.6875895178e-02
1.7782763451e+00 2.5117060678e+00 8.1091077589e-02
9.1132749913e-01 6.4053838473e-01 1.9682321483e+00
3.0000000000e+00 -2.2254707358e+00 8.4097033434e-05
-2.0665926715e-03 -1.5765389781e+00 -5.9607688791e+00
2.1937460568e+00 2.1076369879e+00 4.9468431330e-02
2.6195944880e+00 2.8501838411e+00 6.3773742802e-04
-4.0551901120e-02 8.6220765319e-01 2.3381696225e+00
2.9268060536e+00 4.3677570460e-01 3.8825948186e-02
1.4349923634e+00 -2.0722990233e+00 -5.9579409839e-01
-1.2423807450e-01 -1.2113299910e+00 -2.3335764561e+00
1.9067401457e+00 -1.9933650079e+00 -9.9342166427e-02
1.0669647385e+00 1.9806843589e+00 1.9948007155e+00
-1.3870457364e+00 1.7632009449e+00 9.4370340091e-01
2.6686143555e+00 -1.9726180157e+00 7.3962824949e-04
-1.1024482304e+00 2.7137056591e+00 2.7422332664e-01
1.8267090239e+00 -3.7411239868e-01 1.8178196058e+00
-2.8908685550e+00 4.9073886597e-02 -6.0982323974e-02
-1.1304496240e+00 3.0000000000e+00 8.3094363275e-02
-2.3720411104e+00 -7.3847601634e-01 -1.8794778079e-01
-1.9204818015e+00 -1.2715762761e+00 6.8464438209e-02
9.9055675610e-01 1.2826033472e+00 3.0698450786e+00
1.5205237896e+00 -2.8207825853e+00 -5.7928131910e-02
-4.9858870885e-01 -2.6072045413e+00 -6.5262322960e-01
-1.9769616679e+00 -1.8070509548e+00 6.9473139702e-02
-2.3935181346e+00 2.3215235491e+00 7.8248797822e-03
8.5519863727e-01 1.1963983825e+00 3.3394598943e+00
-1.2726310270e+00 -8.5433260503e-01 6.9591723739e-01
2.3698263739e+00 -8.3782654116e-01 2.4398645371e-01
2.2008081608e+00 2.2601468856e+00 3.2966615403e-02
-4.3240293500e-01 -2.1468804905e+00 -2.3998601274e+00
1.8609216955e+00 3.1501536846e-02 1.9247810530e+00
-1.9673861446e+00 -2.9812966874e+00 3.8635641978e-03
2.6218602179e+00 -5.4455889588e-01 1.4079137856e-01
1.8133890640e+00 1.4305856193e+00 5.5895391243e-01
9.0720169398e-01 5.0244964945e-01 2.0317215016e+00
-2.6805217461e-02 -4.1266611364e-01 2.0736867476e+00
1.6423395575e+00 1.3159028507e+00 9.6017410926e-01
-9.1534985715e-01 -1.0187856612e+00 2.0660610652e+00
1.8161200144e+00 6.9967603373e-01 1.3161808860e+00
-5.0034740380e-01 -2.1382119134e+00 -2.1625807557e+00
-2.1587032511e+00 -4.9139278359e-01 -5.6763566214e-01
3.0000000000e+00 -1.4567773707e+00 4.1343479740e-03
-3.0000000000e+00 1.3682641885e+00 -5.0176341363e-03
-2.6161871800e+00 -7.6208237055e-01 -7.9332431896e-02
2.3726549452e+00 -1.5847938095e-01 4.6104355929e-01
-1.7368072063e+00 2.3629585914e+00 1.2589784271e-01
4.9821723194e-01 -1.4005132674e+00 -5.3894345734e+00
1.9871007996e+00 2.4023656557e+00 5.2546219948e-02
2.3437995618e+00 9.6642992052e-01 2.1466931699e-01
9.7070981321e-01 2.9507830660e+00 1.4467688262e-01
1.8715052427e+00 1.3870115800e-01 1.8449158174e+00
4.7079773462e-01 9.2429289094e-01 2.3352186570e+00
-2.5337554440e+00 -2.1318322811e+00 6.2649844907e-03
2.6881536698e+00 5.7307970738e-01 9.9760519762e-02
-1.6545284031e-01 -8.6328706943e-01 1.7302134483e+00
-2.6986783846e+00 2.0756215275e+00 1.5469068655e-03
5.2122901356e-01 -1.1314814302e+00 -3.3435694549e+00
3.1086637457e-01 -2.3650824126e+00 -2.3009075799e+00
3.7080042851e-01 1.2247767121e+00 5.3100650423e+00
-2.7819362158e+00 -1.1591770842e+00 -1.1619287064e-02
-9.2601195497e-01 -1.5468560361e+00 -1.9863762573e-01
1.2759892174e+00 6.9688251982e-01 2.4008344972e+00
-2.2841235708e+00 -7.5531579284e-01 -2.2974630844e-01
-2.1370725853e+00 1.2338853633e+00 -1.6457238933e-01
2.3918664837e+00 1.0516202226e+00 1.5739825039e-01
-1.3756509482e+00 -2.5255558660e+00 -2.0424327223e-02
-1.6417830188e-01 -3.0000000000e+00 -2.1940717159e-01
9.9281589077e-01 -2.0722414945e+00 -1.9065246305e+00
-1.8460196017e+00 -9.6114345358e-01 -1.4757590158e-01
3.2063771081e-01 -1.4780075878e+00 -6.2057537982e+00
-6.2877797779e-01 -2.4640247959e+00 -7.8579117552e-01
1.5813872716e+00 2.6957866999e+00 8.3593959779e-02
-2.0791189185e+00 1.8163082087e+00 5.1120264975e-02
-1.6001134425e+00 -2.0951505675e+00 4.6269504703e-02
4.4154473499e-01 5.2790492909e-02 1.9427797134e-01
2.9964100883e+00 -2.5482034091e+00 -1.7647965785e-05
1.9095603763e+00 2.5297029346e+00 4.7780851941e-02
-3.0000000000e+00 -8.3218295508e-01 -1.3841923444e-02
2.0469449742e+00 -2.3364646825e+00 -3.1287601920e-02
2.7068366532e+00 -2.7768005472e+00 -1.8500139083e-04
-2.5192569414e+00 -1.2883796207e+00 -9.8174659228e-03
-1.5852101674e+00 2.7863144600e+00 5.6467393704e-02
3.0000000000e+00 -1.0342884323e+00 1.2156059274e-02
-3.4709858842e-01 1.5794955181e+00 7.1994449227e+00
2.3427466078e-01 -3.9340095262e-01 7.3815080016e-01
4.1173777274e-01 -1.6784758651e+00 -6.1768481741e+00
-3.3883400613e-01 -2.7356213132e+00 -5.3215713447e-01
-6.8612825306e-01 2.9352488735e+00 2.4635473146e-01
-2.8915741042e+00 2.0643694962e+00 3.2753005635e-04
-3.0000000000e+00 8.4968123204e-01 -1.8334333285e-02
2.7908049763e+00 -5.4612269112e-01 6.8231190739e-02
4.3357856791e-01 -1.3813471268e+00 -5.5059282979e+00
-8.3837556047e-01 -1.5532634070e+00 -5.2986944405e-01
1.1763612763e+00 8.6653557219e-01 2.2243806323e+00
-1.5667275831e+00 2.2222319446e+00 3.1017791457e-01
1.9811775887e+00 2.6627462801e+00 2.3231672608e-02
-2.3802802069e+00 -1.2769427962e+00 -1.1013006973e-02
-2.8679602149e-01 -1.0031266170e+00 1.1955522883e+00
-1.7377320459e+00 -1.1870257104e+00 1.4696425917e-01
-1.7712297596e+00 -2.7392536983e+00 1.0316614559e-02
-4.0271460333e-01 -1.3563517812e+00 -1.7969251084e+00
5.8258561395e-01 1.3466403222e+00 5.2352606586e+00
2.3935585258e+00 2.4945891723e+00 7.0799325029e-03
2.5699133962e+00 2.0193135074e+00 1.1485182273e-02
-2.5262001742e+00 9.3824132619e-01 -1.1646233322e-01
3.0000000000e+00 2.7501050098e-01 3.0500182710e-02
2.3811049887e+00 2.3862938992e+00 1.0491529346e-02
-2.0539642763e+00 -2.9902764940e+00 3.0643308012e-03
3.9995133729e-01 1.7017076260e+00 6.7097360211e+00
3.0000000000e+00 2.0195937614e+00 1.2536136700e-03
2.9765305497e+00 -1.4649499155e+00 4.5003599575e-03
-1.7909787734e+00 -1.9314106074e+00 7.9723259885e-02
-1.6483823494e+00 -3.0000000000e+00 5.2835178789e-03
2.7628545657e+00 -3.0557095606e-01 9.3318907703e-02
-9.9551604943e-01 -5.2084837554e-01 9.3345944953e-01
-3.1357248892e-01 1.5458139078e+00 7.3482240158e+00
-1.8638446853e+00 -1.0826437719e+00 -2.0063739336e-02
2.2571633092e+00 -1.3308572505e-01 6.7891700285e-01
1.8238653890e+00 3.0000000000e+00 1.1024404720e-02
2.5477932506e+00 -2.6946549907e+00 -7.2566553428e-04
-1.1610808895e+00 2.8023534241e+00 1.7292937568e-01
-1.2208055936e+00 -1.0947676449e+00 1.0686289158e+00
1.7860023507e+00 -2.2933705976e+00 -1.1003297311e-01
-2.4598378514e+00 -1.2504194836e+00 -1.4900654470e-02
-2.1954797723e+00 -4.4865089979e-01 -5.5313966094e-01
-2.4648801016e+00 -1.3142040273e+00 -7.1362921993e-03
-1.6889145598e+00 2.5932719601e+00 7.7894482748e-02
-2.6070719994e+00 -2.9108754168e+00 5.9845263072e-04
-3.0000000000e+00 1.8079939082e+00 -5.6258573031e-04
1.6797887907e+00 2.9587512048e+00 2.1704341066e-02
2.3261654810e+00 2.1631018080e+00 2.4678849592e-02
1.9982217538e+00 1.2798041688e+00 3.9517285735e-01
-3.0000000000e+00 -7.4184355633e-01 -1.6930293351e-02
-1.5137901484e-01 -2.9664509835e+00 -2.5712716449e-01
7.4981933575e-01 -2.8718597192e-01 1.4652056114e+00
1.8944047400e+00 2.6303458063e+00 3.6167419498e-02
-2.2808506913e+00 -2.5261146762e+00 6.5519633912e-03
-3.0000000000e+00 -9.7687454662e-01 -9.3995423593e-03
-2.8030282311e-01 2.0178323622e+00 5.2748910979e+00
-2.3335532725e+00 3.4832855484e-01 -4.9423460004e-01
-3.0000000000e+00 2.1989488185e+00 1.9692818460e-04
-1.4943830618e+00 -1.7818114555e+00 1.3402923309e-01
2.3463600375e+00 -1.2799220172e+00 9.1634744719e-02
2.3381385673e+00 -2.4332791449e+00 -5.3632901277e-03
-1.6217401105e+00 2.0551058532e+00 3.4222795572e-01
1.7561772455e+00 1.8156057938e+00 4.2006966596e-01
3.5814294061e-01 -3.0000000000e+00 -2.4390768788e-01
2.5665248844e-01 2.0162365199e+00 5.3465233121e+00
-1.7769265619e+00 -8.9547826657e-01 -2.2077101955e-01
2.6787590024e+00 1.9481524947e+00 8.0381585830e-03
1.5186617850e+00 -1.3092969454e-01 3.1698398996e+00
-1.7412992057e+00 1.4534460713e+00 7.0022084501e-02
2.4737170199e+00 2.1405036855e+00 1.3418496592e-02
-1.3515520130e+00 -1.8505396747e+00 3.2916339273e-02
-2.7013636103e+00 -1.8514035141e+00 3.8874508521e-03
-1.1517155989e+00 -2.2116081123e+00 -2.3396226347e-01
-2.6338956915e+00 8.0339727717e-01 -9.9262886845e-02
-7.3786200158e-02 -1.3998476920e+00 -4.6015238080e+00
9.3962027433e-01 1.8862730689e-01 2.5556170609e+00
1.1226597981e+00 -2.8177387868e+00 -1.7779647404e-01
3.7652938976e-01 -1.8727496579e+00 -5.5281233837e+00
1.2886157154e+00 4.6378679564e-01 2.9214533948e+00
-2.8091157163e+00 4.9093469672e-01 -7.1585354917e-02
2.2646094963e+00 -1.7051840223e+00 6.7568078083e-03
9.5914577469e-01 -2.4231280040e+00 -9.3035371823e-01
2.7819222787e+00 6.1333189959e-01 6.3263728667e-02
2.3870417445e+00 -1.4905337703e+00 3.6175802963e-02
2.2836814375e+00 -5.7134728359e-01 4.6893325430e-01
-1.3090737010e+00 -2.1073649427e+00 -8.2577727386e-02
1.7751720075e+00 -1.3753452185e-01 2.2367156644e+00
-1.0687543434e-01 -4.9395745571e-01 2.6235443744e+00
1.6229354644e+00 3.0000000000e+00 2.1880714135e-02
1.1288623110e+00 2.4015598254e+00 7.0921917304e-01
-6.2085887112e-01 2.0985939674e+00 3.3722794996e+00
-9.7139695953e-01 -2.5328642030e+00 -2.3608511880e-01
-3.4564318971e-01 -3.0000000000e+00 -1.7782101705e-01
2.7174990043e+00 2.5170223789e+00 1.3260832050e-03
6.6769540046e-01 -2.0726723728e+00 -3.2555710234e+00
-2.6312504345e+00 1.5735652471e+00 -8.5631320953e-03
-1.7239941714e+00 -1.7294080916e+00 1.3863983365e-01
-8.3147925513e-01 -1.0600980082e+00 2.0720451872e+00
-1.4514033387e+00 -9.7694979497e-01 3.7431859203e-01
5.1644160781e-01 1.4245693508e+00 5.9369265060e+00
-9.7965297290e-01 -8.0267676235e-01 1.9894129523e+00
-1.2557260456e+00 -1.6744859767e+00 1.1827819967e-01
2.5352161078e+00 -2.8647015338e+00 -4.2829445420e-04
-1.9462681735e+00 -2.3152925830e+00 2.5690660254e-02
-2.5199661246e+00 3.0000000000e+00 4.8622835515e-04
-6.2784726657e-01 2.8055454747e+00 4.4679921098e-01
2.3814109777e+00 -6.0542023857e-01 3.2595206603e-01
2.4775319107e+00 1.4036402249e+00 6.0728503168e-02
-2.3510423518e+00 5.4905421928e-01 -3.9452719862e-01
-1.7604840786e-01 -4.7683116486e-01 2.9641801206e+00
2.7515137228e+00 1.0183151253e+00 3.9129405969e-02
-2.0663388980e+00 2.7493921499e+00 1.0785312868e-02
1.8481240261e+00 -2.0382840054e+00 -1.2663603176e-01
-2.5822867676e+00 1.5786413671e-01 -2.2080373996e-01
-2.7802963879e+00 1.2007533459e+00 -2.2327698152e-02
-2.8674720005e+00 -7.6025763093e-01 -2.9384167430e-02
1.8564127743e+00 7.3226276183e-01 1.1659637547e+00
3.0000000000e+00 1.6793542643e+00 2.9249663627e-03
2.9400276008e+00 1.2393593982e+00 1.0538315092e-02
1.9502798404e+00 1.2408893206e+00 4.7692064239e-01
2.3706102334e+00 2.1162972949e+00 2.2751622175e-02
2.4771636380e+00 -2.5424160857e+00 -1.7738637222e-03
-1.8966472281e+00 -2.6904547923e+00 1.0468782409e-02
2.2816083337e+00 1.5334139407e+00 1.0399499405e-01
-8.4773562316e-01 2.3482013165e+00 1.3924393676e+00
-1.2387145927e+00 -9.6966064504e-01 1.0020610329e+00
-7.7126262217e-01 -2.5914476244e+00 -3.7124735335e-01
1.7703936101e-01 1.8584028450e+00 6.7836379416e+00
2.3906848642e+00 -3.7927147509e-01 3.8902179576e-01
-2.2609792007e+00 6.2905876508e-01 -4.7861391963e-01
1.3339478976e+00 2.3630786331e+00 4.8048222242e-01
-1.8136098242e+00 3.4885815130e-01 -1.8565071222e+00
-2.8317016049e+00 -1.1328566161e+00 -1.0878772125e-02
-2.4462827640e+00 -1.1793035855e+00 -2.6337028984e-02
3.0000000000e+00 2.4876043513e+00 3.0832920011e-04
8.8653111212e-01 -3.7677039145e-01 2.0275214523e+00
-2.3269828425e+00 -8.6564986724e-01 -1.4742680591e-01
4.8751959550e-01 2.7174426397e+00 7.2539784992e-01
-2.8913854258e+00 3.5418579013e-01 -5.5212605239e-02
1.1054594571e+00 5.4090356960e-01 2.5841713039e+00
-2.7228267098e+00 4.2921709743e-01 -1.0942023752e-01
-2.3760280202e+00 2.9286404251e+00 1.3386103322e-03
1.1069610971e+00 2.1697720683e+00 1.3043729257e+00
-2.9816580891e+00 -1.0001566390e+00 -9.4959806350e-03
1.9012693545e+00 2.2735423432e+00 1.0300437123e-01
-2.3895421193e+00 -4.3107071317e-01 -3.2016346314e-01
-2.4737094162e+00 -2.7271679732e-01 -2.8743191646e-01
-2.5333968526e+00 1.3060602576e+00 -4.0891044642e-02
2.9181618807e+00 -5.9500315200e-01 3.5886652068e-02
3.0000000000e+00 1.4412122666e+00 5.0473518650e-03
-2.0227544894e+00 7.6366374528e-01 -7.5498823597e-01
2.9583402166e+00 -1.5506842273e+00 3.6767332130e-03
-1.8528656117e+00 2.1245274837e+00 1.3022590707e-01
-2.7796166334e+00 2.6068139432e+00 4.7515743847e-04
-1.2578198817e+00 2.2141799851e+00 7.8369072283e-01
7.4264334808e-01 1.9323879175e+00 3.7444354214e+00
-1.7145322394e+00 2.3875565428e+00 1.2826302874e-01
-2.8522764839e+00 -1.4625647649e+00 -8.5729368882e-04
2.8531182134e+00 -1.3299798307e+00 1.1888362539e-02
-2.5104051658e+00 9.7329465406e-01 -1.1446977585e-01
1.6313541842e+00 6.9208479831e-01 1.8106773915e+00
2.2124577517e+00 6.3398167418e-01 5.2751352767e-01
7.3900011835e-01 -2.4125146270e+00 -1.3839214102e+00
-2.3546926115e+00 -2.6899936640e-01 -4.2975120128e-01
2.4124252058e+00 -1.8789705226e-01 3.9762762045e-01
-1.9363736176e+00 2.6911933705e+00 2.2509055280e-02
2.0273838294e+00 4.4060782407e-01 1.0796570751e+00
7.4987768550e-01 -2.4338976819e+00 -1.2841865305e+00
-2.7609478953e+00 -6.4979379583e-01 -5.7566133206e-02
-2.8212923530e+00 -5.0323486569e-01 -5.6870674068e-02
-2.4705530908e+00 -2.0675056495e+00 9.0166932199e-03
-1.7461604602e+00 -2.7196304754e+00 1.0903518880e-02
-1.5507816989e-01 7.8382293767e-02 1.3239211764e+00
-2.1877483746e+00 2.7210661474e+00 7.0173950548e-03
-2.1221397184e-01 1.6926378001e+00 7.5789929511e+00
-3.0000000000e+00 -1.1804468429e-01 -3.5428800175e-02
-1.6900224199e+00 -3.5758523654e-01 -1.6300542906e+00
-1.6529883662e+00 -2.0388505147e+00 6.1993247694e-02
-5.4908446421e-01 1.9186628560e+00 4.8289214844e+00
5.0890073417e-01 -1.7025076721e+00 -5.7317211521e+00
1.8034171685e+00 2.2584458045e+00 1.5147110119e-01
1.8168853827e+00 2.1881299836e+00 1.7123795118e-01
-2.6161826781e+00 -2.9508134599e+00 5.0086845133e-04
-2.7309143543e+00 -2.3755346960e+00 1.6221128127e-03
-7.3479198195e-01 -2.9302236384e+00 -1.0855326479e-01
2.2452037246e+00 2.5504380459e+00 1.1495587494e-02
2.4652877057e+00 2.9524422019e+00 8.9721234925e-04
-2.0568785151e+00 -1.7683969991e+00 5.7990409407e-02
8.7481104642e-01 1.6106635913e+00 3.9381607070e+00
2.2284073102e+00 3.0000000000e+00 2.1823012536e-03
1.1506558333e+00 -2.3562877341e+00 -7.3348716314e-01
2.0785582725e+00 -1.9998620973e+00 -3.9997051506e-02
-1.6337867709e+00 2.4770099244e+00 1.3335073671e-01
1.2415296194e-01 2.7691497091e+00 7.4937563981e-01
-4.8529623343e-01 -3.0000000000e+00 -1.4122505601e-01
-1.2293452763e-01 -3.0000000000e+00 -2.2713137243e-01
2.7016413800e+00 1.1816492493e+00 3.6010435791e-02
1.8552368722e+00 -4.8878248572e-01 1.5627721507e+00
-5.7838783304e-01 -2.9841352206e+00 -1.2557266602e-01
4.7402006719e-01 -1.8854619418e+00 -5.1357881317e+00
-1.9146760967e+00 -2.2847816351e+00 2.9060515853e-02
1.6370365718e+00 -3.0000000000e+00 -1.8690890491e-02
-1.9402697062e+00 -4.6955586310e-01 -9.4678734680e-01
-4.0260731912e-01 -7.3789320212e-01 3.5463066397e+00
-2.9512393204e+00 -1.1784502783e+00 -5.6288695660e-03
1.1121497774e+00 5.7459976637e-01 2.5350552963e+00
-1.2736680791e+00 1.9850476642e+00 1.1079864525e+00
-2.6884243103e+00 4.8445822156e-01 -1.2031793448e-01
-2.9533167799e+00 -2.7544330732e+00 1.9630454507e-04
1.4773509996e+00 -2.1279126222e+00 -4.7411220622e-01
-2.6503524544e+00 3.0000000000e+00 2.4431712218e-04
-1.0821400681e+00 -6.6369689201e-01 1.0338820945e+00
7.1335750155e-01 1.1116717259e+00 3.3475118795e+00
4.4779861494e-01 3.5092050918e-01 1.2465176515e-01
-2.9576241813e+00 -2.2623166925e+00 6.6957965035e-04
-1.6981342436e-01 -5.7594861701e-04 1.5841220860e+00
1.6875391853e+00 -3.0000000000e+00 -1.5559679320e-02
1.9726501118e+00 1.4495781569e+00 3.4179471207e-01
3.0000000000e+00 1.2808768153e+00 7.1487990750e-03
2.7587388321e+00 -1.9001011535e+00 1.4647354250e-03
-4.8030068638e-01 -1.2053412082e+00 1.9219364264e-01
-2.3903983249e+00 -2.8097441939e+00 1.9683471636e-03
7.5759121216e-01 1.7717563868e+00 4.3289784392e+00
6.4830498055e-01 -1.6090991233e+00 -5.0829503410e+00
2.4262496599e+00 -2.2217911856e+00 -4.2345851368e-03
-2.8582602214e+00 1.9717570940e+00 1.9317571563e-04
2.1918549342e-01 -2.8751125317e+00 -4.2959550727e-01
-4.2287445875e-01 -1.8535477134e+00 -3.4462244924e+00
5.7707159585e-02 2.0117184816e+00 5.7348826999e+00
2.1890044907e-01 -1.1674196925e+00 -3.6938245871e+00
8.3303440420e-01 -2.9739848681e+00 -1.6641339284e-01
3.5709435400e-01 -8.3926615264e-01 -8.8733065865e-01
-2.7529656861e+00 2.3291593263e+00 1.0184857229e-03
2.1756312157e+00 1.4305516985e+00 1.8027178886e-01
-1.0407980077e-01 -2.6361809899e+00 -9.5919179502e-01
-1.0067706415e+00 -2.3647026884e+00 -3.3186260275e-01
1.6951054573e+00 5.3694177686e-01 1.9457929995e+00
-8.4633456873e-01 -1.3939170306e+00 2.4225042526e-01
-1.0769395698e+00 -1.5627573798e+00 1.0382560472e-01
1.0092545595e+00 2.8158936793e+00 2.3125783513e-01
-2.8193027355e+00 1.2484843981e+00 -1.6443279378e-02
-1.8834448018e+00 6.1016427752e-01 -1.2860333615e+00
-1.3033304720e+00 -7.2209431629e-01 1.8013513805e-01
4.0869686923e-01 1.4124992414e+00 6.4510596841e+00
-1.9667820623e+00 -5.0249635280e-01 -8.4724033567e-01
3.0000000000e+00 -2.9351428067e+00 -7.8365289224e-06
-2.7447973103e+00 1.4620564150e+00 -1.0300355318e-02
2.4920289765e+00 -9.1519465592e-02 3.0423906731e-01
-1.0615104283e+00 -1.8423583120e+00 -3.9476039511e-01
-2.7346984396e+00 -2.4015980805e+00 1.5008489386e-03
-2.5894236942e+00 -2.8876044151e+00 6.9824047623e-04
-2.0746580158e+00 2.7606473800e+00 1.0000309810e-02
2.0202376415e+00 -2.7137193633e+00 -1.2106782306e-02
2.1444108800e-01 2.1205486117e+00 4.5599597738e+00
8.4289255876e-01 6.4674741846e-01 1.7527049414e+00
1.0768619100e+00 1.2835336114e+00 2.7265881911e+00
-1.6482023940e+00 -2.6147011381e+00 1.2630931381e-02
6.0599836398e-01 -3.0000000000e+00 -2.0172351603e-01
4.0170857887e-01 1.3900054135e+00 6.3729058971e+00
6.7377451348e-01 4.2542857402e-01 9.9040690464e-01
-1.6463850157e+00 -3.4901618510e-01 -1.7162491713e+00
2.3610657645e+00 -2.2627820522e+00 -6.2890878779e-03
1.7725905743e+00 -1.9091523512e+00 -1.9351514818e-01
1.4910314086e+00 2.6360112601e+00 1.3541802489e-01
3.6841671709e-01 -1.0960922767e+00 -3.1968894827e+00
1.6579902899e+00 -2.5961373398e+00 -7.9560487872e-02
-5.3512900726e-01 -1.8623335827e+00 -2.7391681137e+00
2.0018268713e+00 -2.9382725853e+00 -5.5646727159e-03
2.2281877139e+00 -6.2280774834e-02 7.5120663335e-01
1.5218472893e+00 2.5734628671e+00 1.5232237411e-01
8.8018481146e-01 7.5391276857e-01 1.9516524920e+00
-2.0265531229e+00 2.8259072121e+00 9.6100020339e-03
-1.1433223589e+00 -2.9465348941e+00 -1.8217653529e-02
-1.3664164348e+00 3.0000000000e+00 4.5883805895e-02
-4.5213611153e-01 -1.2628864437e+00 -5.5488098289e-01
-7.3446638370e-01 -8.9561929170e-01 2.9077016084e+00
-4.4748133594e-02 1.8277497199e+00 7.2085725971e+00
-1.2342044667e+00 1.8778178518e+00 1.3841314116e+00
2.8726765446e-04 -2.6207783533e+00 -1.0692556155e+00
3.9914680523e-01 -2.2482005057e+00 -2.9319650390e+00
-2.4652866225e+00 2.5215563048e+00 3.4076143603e-03
-8.3244421372e-02 1.1902168220e+00 5.7856540522e+00
1.8125435417e+00 3.1406307921e-01 1.9106297116e+00
2.0994156855e+00 -2.9776287494e+00 -2.9871012197e-03
1.3222715245e+00 -2.7946763465e+00 -1.1672837758e-01
2.3126770170e+00 -1.8705670691e+00 -4.2836636865e-03
2.8012490115e+00 2.2628407651e+00 1.8857170432e-03
2.7419070962e+00 1.4606331211e+00 1.7196133033e-02
-2.1790891612e+00 1.3506425550e+00 -8.8074666358e-02
1.5290672122e+00 -2.8958592513e+00 -4.1875513268e-02
1.4164363130e+00 -2.6032027946e+00 -1.7401960714e-01
1.0168767802e+00 2.4136376506e+00 8.6836433283e-01
-3.0000000000e+00 -1.6193827094e-01 -3.4749524894e-02
1.9927168971e+00 -2.4515610210e+00 -3.0716783921e-02
-1.4324883757e-01 1.3584830858e-01 1.1479225483e+00
1.4152458406e+00 2.3283591286e+00 4.2351264674e-01
7.1232553816e-02 -2.5805477311e+00 -1.2483610870e+00
1.3013147745e+00 -2.1183244431e+00 -8.2796140522e-01
5.4233138164e-01 2.1837552029e+00 3.1451282612e+00
2.5249078619e+00 -2.5550416739e+00 -1.2641746212e-03
1.4887717782e+00 1.0295073998e+00 1.5715734452e+00
-2.4573703780e+00 2.4586070634e-01 -3.4147028299e-01
-1.3760483072e+00 3.0000000000e+00 4.4677234560e-02
4.2647452840e-01 -2.5322573425e+00 -1.3462057586e+00
-1.9014813176e+00 -5.4157380068e-01 -8.7200569057e-01
-1.0292147288e+00 2.9215615284e+00 1.4424542290e-01
-4.5651889457e-01 -2.2163055235e+00 -2.0194509714e+00
-2.8946173564e+00 -1.2858270214e+00 -4.0832703114e-03
1.0591687668e-01 2.7771963494e+00 7.3021057160e-01
-3.0000000000e+00 -1.7379784367e-01 -3.4541333774e-02
2.3817265697e+00 1.1258398658e-01 4.4829169887e-01
-2.0001501914e+00 2.1780078345e+00 6.4945120851e-02
3.9871296528e-01 -1.3659828334e+00 -5.4978018370e+00
-5.7104381509e-01 -3.0000000000e+00 -1.1865634684e-01
3.8493422334e-01 -2.8475038685e+00 -4.5378539339e-01
3.0000000000e+00 9.2117988319e-01 1.4332465977e-02
3.9922017352e-01 1.0183138682e+00 3.2601282529e+00
2.8420170767e+00 -2.1678060201e+00 8.7939054142e-05
-2.4921933619e+00 1.7161989720e+00 -1.9429254965e-03
-3.0000000000e+00 2.5435188140e+00 1.4369700924e-04
2.4178830103e+00 2.8212867865e+00 1.9427239304e-03
7.4769954826e-01 5.0866427727e-01 1.3344063802e+00
3.0000000000e+00 1.3575844961e+00 6.0654029599e-03
2.0839866167e+00 -2.7706620247e-01 1.0662219222e+00
-3.6531273373e-01 -7.3285238613e-01 3.4694981556e+00
-1.0390920803e+00 1.9205588937e+00 2.1346377053e+00
-1.2282078108e+00 -3.0000000000e+00 -6.4689514231e-03
8.1355523857e-01 -1.8160679965e+00 -3.6670545087e+00
2.3896419803e+00 2.5616234620e+00 5.7778351263e-03
-3.6313650716e-01 2.3938093460e+00 2.2363332652e+00
-8.7483569510e-01 -8.0605024811e-01 2.5249283062e+00
-1.5208779319e+00 -2.5587086497e+00 5.5531043356e-03
-3.2037088932e-01 2.4893031456e+00 1.7566844293e+00
2.0954690638e+00 5.6769426934e-01 7.9732288537e-01
1.2870748664e-01 -2.5622900719e+00 -1.3352518840e+00
2.8197813163e+00 -2.2968764608e+00 -1.0697818038e-04
1.8061083231e+00 -2.0045001643e+00 -1.5768271897e-01
-7.1502431138e-01 2.5749840898e+00 8.9368150703e-01
1.7609598914e+00 -1.2293076514e-01 2.3006597279e+00
1.7348491257e+00 -2.5566211191e+00 -6.7516783487e-02
1.5439396479e-01 1.8469620250e+00 6.9143238973e+00
1.3315100446e-01 2.8286134270e+00 5.9603900673e-01
2.0083099765e+00 2.5626494807e+00 2.9441590214e-02
1.1078340211e+00 -3.1273155643e-01 3.0196093338e+00
-9.7572045152e-01 -2.8579859194e+00 -6.6401211739e-02
-4.4788099360e-01 2.9034519606e+00 3.6836268445e-01
2.8093759153e+00 -1.2531571759e+00 1.7826411992e-02
-2.8848785236e+00 6.8628304886e-01 -4.0641010021e-02
3.0000000000e+00 5.0535554319e-01 2.5422301261e-02
-3.0000000000e+00 -1.3532205228e+00 -1.8665768819e-03
-1.3565729738e-02 2.8749383325e+00 5.0521977552e-01
8.2226594561e-01 -8.1435689159e-01 1.2772338688e-01
-4.4734518944e-02 2.1488477634e+00 4.5160262503e+00
-1.7996505073e+00 -3.7662691265e-02 -1.9517872057e+00
-4.2085978573e-01 2.4323842955e+00 1.9215414002e+00
-2.2380103710e+00 9.8088412492e-01 -2.7483669332e-01
4.8182324843e-01 -2.1762912702e+00 -3.2341503405e+00
-1.3432618802e-01 1.2647543198e+00 6.4585301116e+00
-2.9166723121e+00 -9.1876807156e-01 -1.6016149679e-02
1.3088898379e+00 2.0181124512e+00 1.0885967031e+00
-2.1683862289e+00 -8.3802871222e-01 -2.3350429363e-01
2.4438594761e+00 -1.7129096429e+00 8.7203017477e-03
-1.3132275321e+00 2.7513080762e+00 1.4296570723e-01
-7.8855372811e-01 3.0000000000e+00 1.6076987882e-01
7.9829564277e-01 -2.0220116836e+00 -2.9424657161e+00
-2.9973782184e+00 -2.5546735065e+00 2.7886609425e-04
-4.7355006009e-01 -1.7642258787e+00 -3.1888780580e+00
-8.8801117074e-01 -9.4140694360e-01 2.3435404212e+00
-3.0000000000e+00 2.7357797262e+00 8.4513014279e-05
5.9415458620e-01 -2.9843383324e+00 -2.1856245804e-01
2.5456091493e+00 -6.8720317679e-01 1.6139128382e-01
5.3294520671e-01 -1.8114872940e+00 -5.2504056190e+00
-1.2696426225e+00 2.2728261552e+00 6.6859921122e-01
2.8142887305e+00 4.6712373819e-01 6.3945382159e-02
2.0302142820e+00 2.1732671565e+00 8.1346952820e-02
2.8325470150e-03 2.0185109631e+00 5.6954521116e+00
-2.8313238194e+00 2.0049932054e+00 4.0107084990e-04
-3.0000000000e+00 8.2042007813e-01 -1.9285135632e-02
2.5140971577e+00 -1.0276239255e+00 1.0146805677e-01
1.7847632627e+00 -2.6133737546e+00 -4.6471793831e-02
-1.7962065494e+00 2.3967695465e+00 9.3029215219e-02
5.2083888526e-01 -9.6664846897e-01 -1.9049085056e+00
-2.5418759881e+00 -2.1242818717e+00 6.1334250048e-03
-2.9358434511e+00 1.6090305729e+00 -2.4705598406e-03
-5.9255335634e-01 -1.3999146504e+00 -8.9659352273e-01
9.7646616358e-03 -3.0000000000e+00 -2.4600053692e-01
2.3510402705e+00 2.4095689731e-01 4.7463636258e-01
-1.3534197560e+00 -2.0013668044e+00 -3.0238887221e-02
-7.2334339593e-01 1.7670144013e+00 4.4251523857e+00
2.1542740652e+00 2.5381832158e-01 8.7360727806e-01
-2.4328059386e+00 -1.0399096386e+00 -5.7551613296e-02
-3.0000000000e+00 2.5981294857e+00 1.2575021912e-04
2.3962499199e-01 2.5112400324e+00 1.7199716161e+00
2.5415553982e+00 -8.0237275134e-01 1.3882981099e-01
8.1916318220e-01 6.3329660560e-01 1.6647372567e+00
-2.0126487770e+00 -1.8342100421e+00 6.0556890242e-02
7.0940421099e-01 -1.7659663862e+00 -4.4494994509e+00
2.4450269294e+00 7.3072181659e-01 2.1373210675e-01
-1.5346823746e+00 -1.5843872910e+00 2.5468149978e-01
2.7202804408e+00 2.7487001078e+00 5.6458663745e-04
-2.0260356807e+00 2.9046238852e+00 7.0826298560e-03
1.5288613165e+00 2.5607465897e+00 1.5543639348e-01
2.1698462518e-01 1.7195798685e+00 7.4361525897e+00
-3.9592207608e-02 2.9686403742e+00 3.4255949027e-01
3.5868338076e-01 -1.1183748763e+00 -3.4138434591e+00
2.8183631638e+00 2.6287089248e+00 5.2195925701e-04
2.9058147302e+00 -2.9012867267e+00 -2.3243007613e-05
-2.4632678563e+00 1.1015720134e+00 -9.8966636283e-02
-2.0943417082e+00 -2.6968285629e+00 6.9343986277e-03
8.2478310124e-01 -2.1563331427e+00 -2.2269287554e+00
-2.3444273994e+00 1.1896254980e+00 -1.1210642884e-01
2.0440325623e+00 -2.2486115971e+00 -3.7643762405e-02
-1.8103473978e+00 -2.5165014125e+00 1.7938134175e-02
-2.3604543429e+00 1.7700848952e+00 5.5638565599e-03
-1.0060028085e+00 -2.0078926799e+00 -5.7480489293e-01
3.0000000000e+00 1.7801443990e+00 2.2982712416e-03
-1.9253809408e+00 2.2437478992e+00 7.9187707325e-02
1.5129083963e+00 1.4494483971e+00 1.1856140989e+00
-2.6012055558e+00 -2.6228848882e+00 1.5186190288e-03
-2.3925016369e+00 1.9919494149e+00 1.0317654412e-02
5.8713454874e-01 -1.9245330995e+00 -4.4381372984e+00
2.0711588061e+00 -2.7196855242e-01 1.1059824645e+00
-2.6976606507e+00 -2.7381426115e+00 7.0835969021e-04
-2.1076945560e+00 2.7234379761e+00 9.9037220323e-03
-9.2633316009e-01 -1.1983457170e+00 1.3518119778e+00
2.0748760731e-01 5.3890728515e-01 2.0334007376e-01
-2.3351896871e+00 2.7083774634e+00 3.6910954054e-03
-1.1247876242e+00 -2.2432268861e+00 -2.5536973594e-01
-2.2684747043e+00 2.8933595596e+00 2.5651706156e-03
2.4999215164e+00 1.5300102089e+00 4.3712375725e-02
-2.9658003958e+00 1.0292564956e+00 -1.5077388777e-02
5.0439163431e-01 -2.2804514273e+00 -2.5249797695e+00
1.9581365911e+00 7.9001202823e-01 8.6215853555e-01
9.0926532969e-01 3.0000000000e+00 1.3149551093e-01
-1.7224108851e+00 2.6574997977e+00 5.6186099170e-02
-2.3773082831e+00 -1.2464066597e+00 -1.6090509917e-02
-1.5608253842e+00 -9.4746505722e-01 1.0071430913e-01
-7.0837175040e-02 4.1471064009e-01 5.6269347566e-01
9.1528924534e-01 -2.1269812839e+00 -2.0128417342e+00
-2.7524469403e+00 -7.0290314106e-01 -5.3641216430e-02
2.6596522953e+00 -1.7290492629e+00 5.3187187710e-03
-9.3395871017e-02 -2.3644407635e+00 -2.1819602902e+00
2.7890183067e+00 2.7103947484e+00 4.5200101481e-04
-2.2885525551e+00 -3.8301299125e-01 -4.6627696925e-01
7.3921154665e-02 -5.8245713400e-01 1.4977418431e+00
1.0674418471e+00 2.5133999835e+00 5.8513621203e-01
-1.8480135956e+00 2.1390497450e+00 1.2988342071e-01
1.9555643137e+00 3.0000000000e+00 6.7390511376e-03
-3.3944507206e-01 -2.3066045230e+00 -1.9755780466e+00
-4.5949532035e-01 -6.7903102018e-01 3.7474202053e+00
-6.8813618819e-02 -7.3268492194e-01 1.9434350108e+00
-1.7660825844e+00 1.5309297271e+00 1.2192741710e-01
1.3100008746e+00 6.9867751298e-02 3.5678320628e+00
1.7443224714e+00 2.8629476650e+00 2.5943508008e-02
2.1054672674e+00 -1.4887426130e+00 5.5004009224e-02
1.8936134632e+00 2.3724167445e+00 8.1257539317e-02
2.5868357415e+00 -2.3025096184e+00 -1.2455817363e-03
-4.1569057084e-01 -2.5791229644e+00 -8.2236948535e-01
2.5525001129e+00 1.6232628945e+00 2.9097793028e-02
1.3522998835e+00 -1.3559673017e+00 -5.5584691725e-01
2.2532906177e+00 1.5021855891e+00 1.2177602205e-01
2.3194869152e+00 2.0118942349e+00 3.6192347288e-02
-1.4518254209e+00 -3.0000000000e+00 3.2478950593e-03
1.6179049570e+00 2.2184908842e+00 3.0656137862e-01
1.9817267313e+00 2.6381400482e+00 2.5276691536e-02
-1.4371238804e+00 2.2529171213e+00 4.3677636867e-01
-6.9938040241e-01 -4.1737009656e-01 2.4203632817e+00
-2.5860563170e+00 2.3683386935e+00 2.5383628746e-03
-1.4097335396e+00 2.2753479421e+00 4.5072114586e-01
-1.9051901760e+00 2.5428745182e+00 4.0932338029e-02
-1.8997675801e+00 -2.1151896514e-01 -1.4520123539e+00
-8.2786909955e-01 -2.3995703045e+00 -5.6094190576e-01
2.5814643941e+00 -2.0968165178e+00 -8.7335708984e-04
2.0920716612e+00 -1.8476670420e+00 -3.1006009727e-02
-6.3690478438e-01 -1.0087436007e+00 2.4197584031e+00
-2.3749926914e+00 5.0052937741e-01 -3.8266798324e-01
-1.0610110527e+00 -2.6897297018e+00 -9.4003027055e-02
2.8425897632e+00 1.0712756424e+00 2.3439009071e-02
2.3684460837e+00 1.3432103611e+00 1.0369104450e-01
-2.4853565275e+00 -1.2668603557e+00 -1.2485957441e-02
8.2815338139e-02 -2.5604247339e+00 -1.3347756050e+00
2.3153041239e+00 1.4574032001e-01 5.5609071573e-01
2.7080724348e+00 2.5172063428e+00 1.3924188855e-03
1.6474237622e+00 4.4306939894e-02 2.7670133801e+00
-6.8426366279e-01 -1.5135738223e+00 -1.0857872239e+00
-1.6062818868e+00 -9.2874529954e-01 -4.8659544113e-03
6.6619636888e-01 -1.3505948512e+00 -4.2979473650e+00
-1.4486464247e+00 -2.3305082657e+00 -9.3739284265e-03
-1.2652917316e+00 1.9348252740e+00 1.2031238189e+00
2.6230508299e+00 -1.5206974877e+00 1.5748951534e-02
6.0753753087e-01 -2.9355090496e+00 -2.6504997521e-01
-1.8577908827e+00 -1.2343259100e+00 8.5139835429e-02
1.3746576361e+00 2.1249421217e+00 7.5461882910e-01
2.5608510619e+00 1.2918613552e+00 5.3207761105e-02
-1.0449328403e+00 2.7602922624e+00 2.6229804033e-01
-1.3949474344e+00 -2.9596673791e-01 -1.9542115097e+00
2.1245799103e+00 2.9145665845e+00 4.9187974321e-03
5.6128601773e-01 -1.3438264344e+00 -4.8084825188e+00
-2.2028148540e+00 1.4879157845e+00 -3.3302100256e-02
3.0000000000e+00 4.0321675777e-01 2.7909239982e-02
2.3967419296e+00 5.7432036203e-01 3.0883342811e-01
-1.2336790305e+00 -1.4113339036e+00 5.6221667981e-01
2.3794785906e+00 2.5731119115e+00 5.8250010650e-03
-2.5500090573e+00 -1.0063767269e+00 -4.7419137409e-02
2.9939531807e+00 -2.2140107491e+00 9.3167582067e-05
2.1920023584e+00 1.9867157398e+00 6.4920803198e-02
-1.4039748590e+00 -1.7811526921e+00 1.0868019949e-01
1.1381800027e+00 -2.3143240265e+00 -8.3892683264e-01
1.0981619036e+00 -3.1756371427e-01 2.9832534901e+00
-6.5604275561e-01 -1.6150561846e+00 -1.6920005821e+00
2.8051707167e+00 -2.4676032144e+00 -1.7301314370e-04
-2.2625948583e+00 2.0672027978e+00 2.1255151672e-02
-2.7949895589e+00 2.2155278155e+00 8.6210491891e-04
-1.1122847110e+00 -2.9636025953e+00 -2.0099663044e-02
5.1390882125e-01 2.8043104117e-01 3.2064256958e-01
2.0961298902e+00 -3.0000000000e+00 -2.7552145589e-03
2.4724308850e+00 -1.3623131184e+00 4.6985204466e-02
2.8514912208e+00 -1.3049275196e+00 1.2852446409e-02
5.8480825501e-02 -1.2760595081e+00 -4.2055222089e+00
-1.4095929221e+00 -9.9395893413e-01 5.0202675167e-01
2.5654757108e+00 1.5719057770e+00 3.0421040643e-02
-3.0000000000e+00 1.9272783130e+00 -1.4193787011e-04
-3.0000000000e+00 8.4288262317e-01 -1.8554421168e-02
3.0000000000e+00 -2.1086060794e+00 2.1216478001e-04
-2.4878261043e+00 -2.4444465820e+00 3.8748084083e-03
2.7885032389e+00 2.9578989341e-01 8.2012048689e-02
7.3960516150e-02 2.5570756441e+00 1.5723594275e+00
1.6776721643e+00 1.6574378054e+00 6.4918667557e-01
-2.5681573023e+00 -2.0535662928e-01 -2.1475926175e-01
-9.4152494328e-01 -1.4274959133e+00 3.0803836372e-01
1.5983735592e+00 -3.2800715839e-01 2.6766076415e+00
6.7999009768e-01 3.1442118779e-01 1.0518375573e+00
2.3606749803e+00 2.4450804662e+00 9.6317203327e-03
-2.5209548962e+00 -1.3415089101e+00 -5.0113576831e-03
2.6717143093e+00 -1.0008102907e-01 1.4872924774e-01
-2.6304753423e+00 1.0233638553e+00 -6.4952741354e-02
-1.1886505004e+00 -8.7796610409e-01 1.0866349952e+00
-2.3772969829e+00 -2.7701463440e+00 2.3377979588e-03
-1.7984430915e+00 2.6644366789e+00 4.1752081712e-02
-3.2381527405e-01 -2.9565458504e+00 -2.2221176377e-01
1.6889617285e+00 -2.9657120673e+00 -1.7927833614e-02
5.1672886619e-01 -2.6590553385e+00 -8.3048985169e-01
2.6022282261e+00 -2.6737086991e+00 -5.4049714658e-04
-1.6453974347e+00 -1.2904553176e+00 2.7361090577e-01
5.8849060937e-01 1.1998155866e+00 4.3093244515e+00
2.3817334611e+00 -5.9680634410e-02 4.5475530452e-01
-2.4767180173e+00 7.7375436625e-01 -1.8907415237e-01
-2.9122740996e+00 1.3503872529e-01 -5.4917182928e-02
2.2983235178e+00 1.8600956589e+00 5.4220950247e-02
-1.7449579799e+00 -1.0109061782e+00 -2.4315109383e-02
2.4454973455e+00 1.9870437116e+00 2.1994741034e-02
9.5092130063e-01 1.4237508688e+00 3.4758687620e+00
-7.0662632119e-03 1.3000774667e+00 6.8463966763e+00
1.6516656864e+00 6.9206974535e-01 1.7590215226e+00
-5.0570278244e-01 1.7748077024e+00 5.8255657929e+00
-7.8679945342e-01 -1.8194847219e+00 -1.3602462158e+00
4.5145420788e-01 -1.7517535411e+00 -5.8368194352e+00
2.4619542077e-01 -2.8129597595e+00 -5.4696671025e-01
6.6201028212e-01 1.5680006060e+00 5.3171127704e+00
-1.0566866130e+00 3.0000000000e+00 9.7749379735e-02
2.4767846394e+00 2.7842228978e+00 1.6955961559e-03
1.1113084494e+00 2.4891836950e+00 5.7307887053e-01
4.5944353550e-01 -7.2541003105e-01 -3.0176263462e-01
-1.8278089166e+00 1.8357709497e+00 1.7844438208e-01
1.1441616248e+00 -2.2590600502e+00 -9.4122722856e-01
-7.3885675382e-02 -1.3198173192e+00 -3.8707989356e+00
1.0432505995e+00 2.7023175788e+00 3.2911174979e-01
2.5576140056e+00 -4.7645632936e-02 2.3766116347e-01
9.5782663928e-01 -2.2173456669e+00 -1.5479068363e+00
-2.1704102582e+00 1.6054394526e+00 -1.4692340618e-04
-2.5954823387e+00 -2.4205482361e+00 2.6544546847e-03
2.3122458780e+00 1.8995965300e-01 5.5290205332e-01
1.3384201931e+00 -1.5273053723e+00 -9.5672964692e-01
-2.7810126905e+00 5.2835036817e-01 -7.7983836431e-02
2.9985087422e+00 -2.1084194976e+00 2.1311027868e-04
2.5849330718e+00 1.8907139257e-01 2.0493772697e-01
-4.2725875902e-01 2.0778549589e+00 4.3006817626e+00
-7.4994363045e-01 2.3886546356e+00 1.4681105033e+00
-2.2846428960e+00 -5.4642540012e-01 -3.6713073198e-01
-3.0000000000e+00 4.3492512910e-01 -3.1246495632e-02
-2.9886610594e+00 -7.8141354973e-01 -1.6385417447e-02
2.3914512786e+00 -1.9207095622e+00 -2.4501437878e-03
1.9151242389e+00 2.6067594236e+00 3.6295419422e-02
8.9684610329e-01 -2.1943541606e+00 -1.8220293021e+00
3.0000000000e+00 -9.1781576884e-01 1.5156460805e-02
4.1373693067e-02 6.3918249883e-01 7.6592903796e-01
-2.1757123238e+00 2.9552570878e+00 3.0399576532e-03
1.1148267979e+00 2.1567630822e+00 1.3175075475e+00
-3.0000000000e+00 2.9795697608e+00 3.5019386554e-05
-6.4726975503e-01 -4.5730006612e-01 2.8865410065e+00
2.1896826836e+00 2.2235631381e+00 3.7970126367e-02
-1.9488489487e-01 -2.7999433141e+00 -4.9082911357e-01
2.0151992996e-01 1.3859919555e+00 7.1422988702e+00
4.4934688933e-01 -7.6361618320e-01 -5.0015944011e-01
4.7415810407e-01 -9.5242804588e-01 -1.8431103198e+00
1.1772393723e+00 2.8685689806e+00 1.3057950713e-01
-1.7810393542e+00 -2.5190692508e+00 1.7972933660e-02
2.8754171154e+00 -2.9176775237e+00 -2.8561663118e-05
7.0151785681e-01 -6.4973288989e-01 4.8972746177e-01
-2.7418891187e+00 1.4510076039e+00 -1.0917285037e-02
5.8312687757e-02 2.3751525757e+00 2.6720834231e+00
-4.6912266122e-01 -1.2726453575e+00 -5.4461558129e-01
-1.5174676653e+00 -8.0092696236e-01 -1.6036723223e-01
1.6039405271e+00 1.7766378576e-01 2.8353343227e+00
-2.1025137732e+00 1.3587717727e+00 -9.4796487181e-02
-8.9717998528e-01 -1.3937848782e+00 3.6862290551e-01
-1.4134150956e+00 -2.9143691991e+00 1.5340085385e-03
-1.5436587841e+00 -1.2409570303e+00 3.8816214736e-01
-2.5369432787e+00 -1.7906916415e+00 8.6999404073e-03
-2.5242656564e+00 1.9168244743e+00 3.6488195648e-03
1.4651625794e+00 -3.0000000000e+00 -3.3246607817e-02
7.0250328199e-01 -3.5806553627e-01 1.1668733585e+00
-2.4131729426e+00 -4.6384453503e-01 -2.8310949307e-01
-5.1971022118e-01 -1.2874495794e+00 -3.8056111775e-01
-2.4519029990e+00 -7.6761771951e-01 -1.3676912206e-01
-2.3505128689e+00 2.0925921247e+00 1.3134548205e-02
-1.9712045279e+00 -5.6263372078e-01 -7.4090750341e-01
2.2237898423e+00 3.4446151203e-01 6.7255039476e-01
2.1319791939e+00 1.8348042318e-01 9.6104199719e-01
2.3021433510e+00 2.3547376012e+00 1.6414149505e-02
2.4396749917e+00 9.4799102157e-01 1.5703826248e-01
-2.3398489863e+00 1.9068292935e+00 1.2782840745e-02
-1.8941955896e+00 -4.1074955900e-02 -1.6442318881e+00
-1.8197220115e+00 2.3292624973e+00 1.0025753794e-01
1.1623904862e+00 -2.8635189175e+00 -1.3537536885e-01
-1.5635325885e+00 -1.5240431924e+00 2.7837088228e-01
1.4678944963e+00 1.7325730952e+00 1.0648412867e+00
1.1441745851e-01 -2.6820131718e+00 -8.9264540056e-01
1.9414272563e+00 3.0000000000e+00 7.1162316245e-03
1.2307636029e+00 -2.4580874777e+00 -4.5621171152e-01
-2.5281861063e+00 -2.6531356382e+00 1.8792517409e-03
1.5026616488e+00 2.1963350394e+00 4.5539001182e-01
-1.7390365327e+00 2.9189184260e+00 2.0019593058e-02
-1.2842634314e+00 2.7326172991e+00 1.6513631826e-01
-2.7207337527e+00 1.7613658505e+00 -1.4874148275e-03
-1.8939356388e+00 -2.2843916650e+00 2.9923541838e-02
-2.7322827488e+00 2.0196898753e-01 -1.1939401907e-01
-2.1513142995e+00 -1.9184146805e+00 3.5518151200e-02
3.6377470350e-01 1.9195988337e+00 5.7249798004e+00
1.5002826552e+00 2.8816517573e+00 5.2602154054e-02
-2.6863847472e+00 2.8916813657e+00 3.0996127911e-04
-3.1338186178e-01 -2.7322864554e-01 2.8285230988e+00
1.2289621573e-01 1.0915135692e+00 4.5681905815e+00
-2.3316736269e+00 -3.9945981018e-01 -4.0074034154e-01
2.5788853174e+00 2.6748285962e+00 1.5512784099e-03
9.2473054544e-01 1.4100289121e+00 3.5973712853e+00
2.9562441943e+00 2.6633915131e+00 2.1180183147e-04
2.3894420522e+00 2.6341426066e+00 4.4985560285e-03
7.7192855683e-01 -2.0007360877e+00 -3.1642409751e+00
-2.7058196754e+00 -1.9692033058e+00 3.5827875179e-03
2.9363945104e+00 7.7570091673e-01 2.4756438122e-02
-9.9061812363e-01 -4.6236728053e-01 6.6142283119e-01
3.0000000000e+00 5.3078178671e-01 2.4762413946e-02
-2.4802134064e+00 -8.1219166297e-01 -1.1102135499e-01
8.2540808454e-01 1.1740878003e+00 3.3479979067e+00
-2.0386767805e+00 -1.3603754070e+00 5.0058731238e-02
1.4770046585e+00 -2.7571618532e+00 -8.4661604013e-02
1.5470280664e-01 1.4020438146e+00 7.3651267685e+00
-2.0947322204e+00 1.5947663361e+00 7.5920781603e-03
-1.4813926900e+00 -2.1270085589e+00 1.3334607995e-02
1.0224137898e+00 -2.1492935679e-01 2.8948343896e+00
-3.5114257755e-01 -6.1325751640e-01 3.6556796447e+00
-8.7253133620e-01 -2.0170738745e+00 -9.6544945683e-01
2.9873071068e+00 1.6459497444e+00 3.3835274749e-03
2.1920899684e+00 8.5241357812e-01 4.1856318818e-01
-1.8566945026e+00 -2.2556116269e+00 3.3532133574e-02
-1.3139949712e-01 -2.0331518955e+00 -4.1721700827e+00
1.5385664416e+00 -2.3039879842e+00 -2.7090188843e-01
-1.7929793009e+00 -1.7334505565e+00 1.2103143501e-01
1.6991351884e-01 -1.9218482819e+00 -5.4891460436e+00
1.9602660501e+00 1.0837256199e+00 5.7273649552e-01
-3.1354398331e-01 2.7793886695e+00 6.6397361462e-01
5.0597931612e-01 2.6476817161e+00 9.0933502171e-01
1.1038532185e+00 2.3899487342e+00 7.7328825637e-01
1.4838455373e+00 -2.7368964888e+00 -8.9191075466e-02
-2.8143969835e+00 5.6460036479e-01 -6.4851482825e-02
-1.8285877571e+00 -4.5533961061e-01 -1.1615875954e+00
-9.3621170281e-01 -9.6274718918e-01 2.1374964981e+00
-1.2160789396e+00 2.9378083087e+00 8.8351770010e-02
-2.8178921996e+00 3.0918959348e-01 -7.8882495810e-02
1.8831051339e+00 4.5223778444e-01 1.4935327071e+00
2.8844620891e+00 -2.1914209074e+00 8.5239648929e-05
1.8532074525e+00 1.6094952460e+00 4.0614800942e-01
2.2740636538e+00 2.1049231503e+00 3.5571843311e-02
1.0084755898e+00 2.4400302668e+00 8.1981965457e-01
2.0832062771e+00 -2.5184739866e+00 -1.6692230808e-02
-1.6800482555e+00 -9.8789739232e-01 3.8625231836e-03
-1.5795495090e+00 -1.7059113400e+00 1.7549386922e-01
2.0629037674e+00 -2.8340609898e+00 -6.3775547372e-03
-8.6928653213e-01 3.0000000000e+00 1.4053677919e-01
-2.8508845779e+00 1.8019451298e+00 -8.3022560866e-04
1.1222778452e+00 8.2656929778e-01 2.2556152776e+00
-1.6423623389e+00 -1.2437063093e+00 2.6763442344e-01
-1.1740438718e+00 2.8268671614e+00 1.5266242563e-01
1.8119506665e+00 -2.2098363558e+00 -1.1663402722e-01
-2.9303938873e+00 -2.6317706341e+00 3.1888315282e-04
-1.6482496335e+00 -2.2504245953e+00 3.1457491214e-02
2.8944637812e-01 -2.5496029368e+00 -1.3632283776e+00
-9.0618504980e-01 -2.9570924882e+00 -5.4871889085e-02
-1.8088800411e+00 1.5693152253e+00 1.1446291056e-01
-2.5148434351e+00 1.4056240742e+00 -2.9089193940e-02
-1.8374691523e+00 -1.7798688200e+00 1.0146623412e-01
-1.7690189324e+00 -2.8180291657e+00 8.3906278579e-03
2.0563108431e+00 2.9471985635e-01 1.1163348331e+00
-2.4134864334e+00 1.0726503161e+00 -1.2649371534e-01
1.1886620837e+00 1.0875242230e+00 2.2098400303e+00
1.0898855938e+00 -9.4953458337e-02 3.2520112404e+00
-2.9074676455e+00 -1.2221878862e+00 -5.4648674375e-03
3.0000000000e+00 -2.2989973463e+00 3.7546019261e-05
3.2333168633e-01 -7.9719025093e-01 -5.2652396111e-01
2.8630678928e+00 2.1710681362e+00 1.7581321842e-03
-2.1147257095e+00 -1.9005788367e+00 4.0831121758e-02
1.8682607780e+00 -2.4511951476e-01 1.8036088344e+00
-3.1416978413e-01 -1.2304747375e+00 -1.1537746925e+00
-2.8386290286e+00 4.0642891564e-01 -6.7519473512e-02
-1.7670676820e+00 1.3681042986e+00 -4.9935122813e-02
-2.0164191249e+00 2.7252396772e+00 1.4471171571e-02
-1.2263514941e+00 -1.9525350087e+00 -1.4526967612e-01
2.1984228857e+00 1.3489929311e+00 1.8920711303e-01
-5.4466384308e-01 -2.6486925866e+00 -5.1942610527e-01
1.0318429662e+00 2.2336647914e+00 1.3267560213e+00
1.5172491810e+00 -2.4909509706e+00 -1.7865108124e-01
1.7494258678e-01 1.2605154145e+00 6.2370192410e+00
-1.6368716615e+00 -1.6835153361e+00 1.7506391931e-01
-2.1352698225e-01 2.8033625281e+00 6.3911758122e-01
3.7798440041e-01 -2.1782274326e+00 -3.4482737924e+00
-9.0635656433e-01 -2.0173165599e+00 -8.5487682986e-01
2.9182104961e+00 2.7717902670e+00 1.7331405147e-04
2.3683006411e+00 -2.4231765069e-01 4.5430274297e-01
-2.9680932016e+00 -7.0356557073e-01 -2.1177429567e-02
1.7999699864e+00 -1.8899220540e+00 -1.7113082753e-01
2.2633074048e+00 -2.6450705506e+00 -4.5492248253e-03
2.4872933861e-01 -2.6715264206e+00 -9.2000141136e-01
-2.9775035789e+00 -2.6481102037e-01 -3.6281681791e-02
-2.8298383325e+00 -1.4283894977e+00 -1.4648078722e-03
-2.7367033374e+00 -1.4155224154e+00 -1.8190835047e-03
-1.3213982188e+00 2.4263515646e+00 3.9637830504e-01
-1.2602808564e-01 -2.6328193717e+00 -9.5524671198e-01
-2.5389478637e+00 1.2010709131e+00 -5.6992610784e-02
-3.3047549973e-01 1.8844805175e+00 6.1154474539e+00
-3.0000000000e+00 2.9234965335e+00 4.3660706680e-05
-1.0446890708e+00 -2.6286900494e+00 -1.2718629584e-01
2.4248038063e+00 2.3497202236e+00 9.5529282763e-03
2.4479202633e+00 -4.8984164210e-01 2.9017525951e-01
-2.3769466884e+00 -1.7477578280e+00 1.7920266906e-02
-2.0684319058e+00 1.9194910352e-02 -1.1369925313e+00
2.8705264908e+00 1.2438027895e+00 1.4655816305e-02
-2.1336195755e+00 1.0260426580e-02 -9.5918309308e-01
-1.4680968904e+00 -1.7845203821e+00 1.2737980616e-01
-1.7458078956e+00 2.6907864918e+00 4.6178432725e-02
4.9221703695e-01 2.9655307998e+00 2.7288244771e-01
-1.8918754307e+00 -1.5998162696e+00 1.1269397016e-01
-1.6183377569e+00 -1.8179968617e+00 1.2353413540e-01
-2.4953701409e+00 2.9588817592e+00 6.5402953455e-04
-2.1958927744e+00 -2.3543301133e+00 1.3094473614e-02
2.8634653312e+00 2.4981318154e+00 6.4365388103e-04
-1.9359779046e+00 4.6889934864e-01 -1.3358291786e+00
-2.5848806325e+00 2.2572092465e+00 3.0498033573e-03
-8.3823514835e-01 -2.7680231637e+00 -1.5931229870e-01
-4.9366516337e-01 -1.7248624448e+00 -3.0272901769e+00
-2.9597093759e+00 2.4665462231e+00 2.1962322236e-04
1.8589462279e+00 -2.4298038386e+00 -5.8691424074e-02
2.7688790783e+00 2.3719222388e-02 9.8276225502e-02
-2.9832569177e+00 8.3719515783e-01 -2.0303048885e-02
-2.7380153831e+00 2.6253240332e+00 5.7374625258e-04
-1.4095276116e-01 -3.0000000000e+00 -2.2385418976e-01
1.7105458938e+00 2.1605943275e+00 2.6048913009e-01
-1.6390919481e+00 -2.7845447224e-01 -1.9294780969e+00
1.0344797212e+00 7.9529178927e-01 2.2169999782e+00
-7.4157772284e-01 -1.9614467694e+00 -1.5298187430e+00
-1.4382459560e+00 -1.1627144237e+00 5.5017874864e-01
-2.9032106284e+00 -2.2789180317e+00 8.6069347326e-04
3.0000000000e+00 -1.9019377095e+00 7.0662418412e-04
6.4652008134e-01 1.3171250731e+00 4.7654518034e+00
-6.2896446944e-01 -5.2274132781e-01 3.2167126937e+00
-2.8850975657e+00 -2.0370029720e+00 1.3587982325e-03
-2.3292126891e+00 9.8010154576e-01 -2.0876017215e-01
-2.7246353202e+00 -1.1716300690e-01 -1.2129170742e-01
-2.9899513262e+00 1.4836822002e+00 -3.4373696672e-03
4.7348085580e-01 -1.8385370747e+00 -5.3838154715e+00
1.7815994598e+00 2.0174806877e+00 2.7656311575e-01
-1.9434914873e+00 2.1043827378e+00 9.2132909179e-02
-2.4478482979e+00 -7.3220563186e-01 -1.5135077639e-01
9.3304615739e-01 2.3905898526e+00 1.0862684232e+00
2.0378815452e+00 -2.4540783269e+00 -2.4707421088e-02
2.4085914349e+00 1.5298069948e+00 6.3707587426e-02
4.5224570366e-01 4.4484245001e-01 1.8794183156e-01
-2.1073595715e+00 -2.8563372708e+00 4.1373588370e-03
8.5192437571e-01 2.9863040515e+00 1.5425556886e-01
2.7443379284e+00 3.5982108628e-01 9.5542626025e-02
2.6920080776e+00 1.3144775242e+00 2.9005295917e-02
2.2780659755e+00 -3.5097187510e-01 5.7783467933e-01
-3.1309957216e-01 -2.5094360189e+00 -1.1806588684e+00
-2.2381688686e+00 -2.3806921047e+00 1.0835681636e-02
-4.2210339100e-01 -8.8155532893e-01 2.8838088180e+00
-1.1638992111e+00 -2.6960870309e+00 -5.4659923815e-02
-2.7154428764e-01 -2.0974807379e+00 -3.2800074994e+00
2.0340204231e+00 -1.7744614081e-01 1.2650352490e+00
-2.2643343158e+00 1.0131327942e+00 -2.3532408594e-01
-1.6202532827e+00 1.8588542340e+00 4.1093713534e-01
2.9979787815e+00 4.7324887491e-01 2.6500752704e-02
2.9740509186e+00 -1.4392776478e+00 4.9357154627e-03
1.7262778983e+00 1.7457584424e+00 5.0669000278e-01
-3.0000000000e+00 -5.1251095862e-01 -2.5111828445e-02
1.4429622949e+00 2.3840291042e+00 3.3805776291e-01
-2.2738391123e+00 3.4195731851e-01 -5.9947645374e-01
9.3321836248e-01 4.6788658567e-01 2.1750950194e+00
-3.9836738284e-01 1.2738249912e+00 5.6587838861e+00
9.2576171133e-02 -1.3107359358e+00 -4.7080458874e+00
-4.4779257514e-01 1.9419672082e+00 5.1987276573e+00
-1.6948727940e+00 -1.7004919591e+00 1.5460468740e-01
2.6227329109e+00 1.0063671172e+00 6.9500134113e-02
-1.1820080860e+00 -3.9723761254e-01 -8.2860966882e-01
-2.3033671290e+00 -1.1061573171e+00 -5.3163402607e-02
5.7783887194e-01 -1.1664945249e+00 -3.4594994975e+00
-1.2959292242e+00 2.3818822515e+00 4.7796976349e-01
8.9421955536e-01 -2.9141168569e+00 -1.9285144624e-01
2.5478719197e+00 -8.6127432388e-02 2.4595647417e-01
-8.8956601664e-01 -1.0747273356e+00 1.9255904834e+00
-2.8056756999e+00 2.4075842615e+00 6.4913816640e-04
-2.4405172682e+00 -1.6054833950e+00 1.1945481134e-02
-7.8982560518e-01 -1.5799919620e+00 -8.4208247429e-01
-3.0000000000e+00 -1.9134334590e+00 7.6400692372e-04
-1.8148101281e+00 1.6362797486e+00 1.4510710199e-01
2.1216820178e+00 2.1469976337e+00 6.0458457299e-02
-2.8213583379e+00 -1.8540383987e+00 2.0709098828e-03
8.9317903817e-01 8.6191199462e-01 2.1590279298e+00
2.6778897340e+00 1.1836485494e+00 3.9793692756e-02
-1.0935058255e+00 -2.7228439067e+00 -7.0676010857e-02
6.2701894829e-01 -3.5138562152e-01 8.5457648020e-01
3.0000000000e+00 1.5321097794e+00 4.1140023088e-03
-1.4541311519e-01 2.4773959129e+00 1.9740817344e+00
8.0883641720e-01 -2.8532756404e+00 -2.8397892459e-01
-1.8080553719e+00 -2.4315695264e-03 -1.9517861291e+00
2.5185897704e+00 3.0964310503e-01 2.4944059498e-01
-6.7449096983e-01 -1.4544914276e+00 -8.0634772974e-01
6.9803271715e-01 -2.3648538737e-01 1.2366424524e+00
-1.6789566412e+00 -1.2402683807e+00 2.2799568457e-01
-2.7862456016e+00 2.1932267530e+00 9.1657558492e-04
-2.6978884845e+00 2.4194325402e+00 1.2102394670e-03
6.5704531579e-01 -2.0201704551e+00 -3.5929943101e+00
-1.0433971312e+00 -1.7381123757e+00 -3.2619062244e-01
1.9129427386e+00 1.7659498920e+00 2.7093452944e-01
3.0000000000e+00 6.2178690402e-01 2.2317964533e-02
1.5567233116e-02 -2.6394607144e+00 -1.0098013760e+00
1.9148769177e+00 -6.0679590221e-01 1.2144891893e+00
-2.1189996014e+00 -2.0959015587e+00 2.8617933127e-02
1.8371913026e-01 2.2661785928e+00 3.3977102681e+00
9.5498079983e-01 2.1402882314e+00 1.8765813383e+00
-2.7989977374e+00 9.6270763184e-01 -3.7010262847e-02
-1.6253258150e-01 1.7242085999e+00 7.6001047015e+00
-1.8086993607e+00 -8.3181964315e-01 -3.4475262360e-01
-1.9315538583e+00 -9.6693414441e-01 -1.5899463798e-01
9.4009831134e-02 1.7072278798e+00 7.7814219949e+00
-1.6455876345e+00 -3.0000000000e+00 5.2801567882e-03
5.4516604941e-01 1.4222421316e-01 4.8128403328e-01
-1.4220617219e-02 -2.5488601698e+00 -1.3423973345e+00
6.1590885201e-01 2.2973610740e+00 2.2385992339e+00
-2.4420487730e+00 -1.7687345222e+00 1.3447713226e-02
-1.3330220829e+00 1.7692694200e+00 1.1145096008e+00
2.7657272970e+00 -8.3028215797e-01 5.2647311992e-02
4.6819928876e-01 2.2017303551e+00 3.2610986402e+00
1.1698639999e+00 -9.0416535805e-02 3.4570894489e+00
2.3700234256e+00 -3.9790631896e-01 4.1232839834e-01
2.4786952190e+00 -7.3419832095e-01 1.9491360110e-01
2.9308670658e+00 -1.8647786899e+00 1.1017996816e-03
7.0800047456e-01 -2.1263194445e+00 -2.8060797765e+00
-3.0000000000e+00 1.0065763269e+00 -1.3476349373e-02
-2.8845050785e+00 1.1780931534e+00 -1.5147741550e-02
-2.3094626003e+00 7.2279404872e-01 -3.6116786163e-01
-1.2048334257e+00 -1.9085540859e+00 -1.5768414623e-01
7.1170653998e-02 -2.1631567536e-01 1.1561659133e+00
4.2209539117e-01 -6.7548636880e-01 -6.7881408279e-02
-1.9783567510e+00 -7.4713142882e-01 -4.4081546072e-01
-2.8419304346e-01 -1.5063979878e+00 -3.8548843972e+00
-2.7645477046e+00 2.3755849125e+00 8.8300561981e-04
-1.9839816709e+00 2.1902581151e+00 6.8241527429e-02
-1.1595325488e+00 -1.4910578137e+00 3.7608375230e-01
9.8988826564e-01 2.5114192043e+00 6.8894113493e-01
-1.2192391635e+00 2.9832200569e+00 7.2381956575e-02
1.2090319986e+00 2.8119884774e+00 1.5131976251e-01
-1.3760306849e+00 -6.1567265294e-01 -4.9096869642e-01
8.1711776280e-01 -2.7778823572e+00 -3.7479191342e-01
1.1691828200e+00 2.1812423694e+00 1.1101410208e+00
2.9094563614e+00 1.4064752190e+00 8.6204676042e-03
1.1223928411e+00 2.5096283002e+00 5.2577769391e-01
1.6351849865e+00 -2.8896263992e+00 -2.9849253672e-02
-3.3575642645e-01 2.9462811211e+00 3.3689811731e-01
-7.2707266273e-02 -2.0117130020e+00 -4.4934513866e+00
-1.8617479621e+00 -8.0785923627e-01 -3.8790176524e-01
-1.7299395836e+00 2.1613647179e+00 1.9691914354e-01
2.5269135808e+00 2.3960001844e+00 5.1235811774e-03
2.4984175129e+00 3.0000000000e+00 6.1976349549e-04
4.8119943543e-01 1.6859193614e+00 6.3035225665e+00
-1.2069318097e+00 1.9214725794e+00 1.4255392837e+00
1.5650871773e-01 7.6493809244e-02 3.0024910355e-01
2.9591352957e+00 2.5816577476e+00 2.8099190622e-04
-1.2470013519e+00 -9.7218387767e-01 9.7497526740e-01
-1.0651410756e+00 2.6771974845e+00 3.3841645604e-01
-2.8093971554e+00 -2.7467604565e+00 4.1087236942e-04
-7.7356217599e-01 -2.6687949349e+00 -2.8179034993e-01
-9.8403104833e-01 -1.6928712254e+00 -4.1381447304e-01
4.6726454705e-02 7.9910696675e-01 1.7162416925e+00
-1.6311608837e+00 -3.0000000000e+00 5.2539538115e-03
4.3904529862e-01 1.1650341698e+00 4.5448202912e+00
2.1612528277e+00 -6.5356187757e-01 6.1651511968e-01
-1.3836620408e-01 -7.4526770384e-01 2.3298397413e+00
2.5459655078e-01 7.3494839360e-01 1.0197930388e+00
-1.8003868879e-01 -1.5067898376e+00 -4.6244939562e+00
-2.0336253062e+00 -1.6281782036e+00 6.9980138444e-02
-2.5765200735e+00 -4.3349580139e-02 -2.2434326065e-01
1.6937234979e+00 1.0176285597e+00 1.1323219377e+00
1.2507319718e+00 -2.6001265995e+00 -2.8087237505e-01
-1.6350364891e+00 -5.6252009960e-01 -1.0374289361e+00
-1.8321886657e+00 1.3586804610e+00 -8.6586061589e-02
-2.8370030295e+00 2.2848248222e+00 6.2951931095e-04
3.0000000000e+00 -1.2621055624e-01 3.2755400942e-02
2.2030302348e+00 1.5765655008e+00 1.2994084184e-01
-1.2789847063e+00 -2.4203206279e+00 -6.9625096470e-02
-6.2510168521e-01 1.1883143576e+00 3.6831459691e+00
2.2275190021e+00 -1.8694305705e+00 -1.1118401442e-02
-2.7280602696e+00 -5.0161181450e-01 -8.4183010662e-02
2.7755438068e+00 -3.4668422800e-01 8.6088885922e-02
1.1306875152e+00 -7.7442319659e-03 3.3971856681e+00
4.4573314861e-01 -2.2691843818e+00 -2.7121962785e+00
1.1356432525e+00 1.2687967471e+00 2.4907517714e+00
-3.0000000000e+00 9.1771785844e-01 -1.6168283718e-02
-3.6741682635e-01 -2.1565495321e+00 -2.6077077492e+00
1.7979957668e+00 3.0000000000e+00 1.2095148218e-02
-1.1485969070e+00 2.2364498537e+00 9.8086336704e-01
1.7786215830e+00 2.1920030729e+00 1.9347270194e-01
-7.5727408765e-01 -1.0754842271e+00 2.0405493746e+00
-5.8438152323e-01 -1.4595253079e+00 -1.3623143895e+00
-8.9714083531e-01 -1.0000206326e+00 2.1690626894e+00
4.7724982550e-01 2.9667533794e+00 2.7542790593e-01
9.4486609285e-01 -1.9411611191e+00 -2.5435629168e+00
3.0000000000e+00 -1.0662503812e+00 1.1381008060e-02
1.0962652480e+00 9.0699520335e-02 3.2733110234e+00
-2.9710070578e+00 5.0988723448e-01 -3.3531606958e-02
-1.1229397691e+00 -1.0593918259e+00 1.3810458287e+00
2.9345202594e+00 -8.0614335202e-01 2.5102233875e-02
-1.6583825519e+00 -2.6089553630e+00 1.3078554284e-02
2.9291991934e+00 -1.4729045673e+00 5.4554540068e-03
-4.3417120171e-01 -2.7121841446e+00 -5.0407333759e-01
-1.7029184937e+00 -1.9912577574e+00 7.2898482950e-02
-1.2941306109e+00 -1.6585145801e+00 1.6738019318e-01
-1.6778740812e+00 2.3543657083e+00 1.5849743513e-01
-2.4368887596e+00 -1.1398423126e+00 -3.4301895918e-02
-2.2104817426e+00 -8.7164250742e-01 -1.8999012876e-01
-2.6010042373e+00 -1.4010413901e-01 -1.9686371587e-01
-2.5258540922e+00 1.1457393420e+00 -7.0308775369e-02
-4.7104824863e-01 -2.1106062530e+00 -2.3889338304e+00
-2.7548465170e+00 1.2780030185e+00 -1.9616420158e-02
2.7706706640e+00 8.5350696832e-01 4.7498961085e-02
-8.4944046471e-01 -1.3195372205e+00 6.5985381527e-01
2.6021233020e+00 -2.5415481225e+00 -7.7653245217e-04
2.8725491598e+00 -2.0759151879e+00 3.2149645485e-04
2.6930747812e+00 2.9243825680e+00 3.1859807507e-04
-6.3259803621e-01 -1.2603902854e+00 4.2162035244e-01
-4.5437960732e-01 2.9427001016e+00 3.1133988845e-01
1.8805830574e-01 -2.2844027910e+00 -2.8872388261e+00
-1.9995526526e+00 -9.8800292528e-01 -1.4115251475e-01
1.9701191882e+00 -3.0000000000e+00 -4.9333964402e-03
2.8631371768e+00 1.2283373492e+00 1.5666473372e-02
-2.7086837525e+00 2.6801528550e+00 5.7436464733e-04
2.0832113399e+00 -7.9615036708e-01 6.1850101264e-01
-3.7653794024e-01 2.3051966030e+00 2.7806130387e+00
5.6980664606e-01 1.4692542554e+00 5.7712232200e+00
7.6356292062e-02 2.5664641844e+00 1.5256787857e+00
-1.9892861887e+00 -1.0239090165e+00 -1.0793943414e-01
2.3826637437e-01 9.7473906601e-01 3.0956194242e+00
-1.5622043515e+00 -6.3574094221e-01 -7.5549523952e-01
-2.3186746484e-01 -1.1244125271e+00 -5.2409586267e-01
-2.5338572101e+00 2.9051004172e+00 6.6577184436e-04
-1.4353103022e+00 1.8557691607e+00 7.7907845388e-01
1.3741070138e+00 7.9431743527e-01 2.1246564977e+00
-2.2674490485e+00 -7.0647372756e-01 -2.7284439372e-01
-2.2992333033e+00 -3.0000000000e+00 1.4281754654e-03
-4.0000320552e-01 -1.2662718002e+00 -9.3356606401e-01
2.3371100414e+00 3.1546033575e-02 5.2934795057e-01
-2.0636411070e+00 -2.2718198805e+00 2.2508711105e-02
-1.5242428797e+00 1.8226855881e+00 5.8796115464e-01
2.0038403809e+00 2.2862800978e+00 6.7897094631e-02
-2.6719791200e+00 -1.5811097282e+00 2.7103748724e-03
-2.7585542454e+00 -2.4448879640e+00 1.2112421523e-03
-2.0706056513e+00 -1.8778680295e+00 4.8149065068e-02
2.0287186200e+00 -3.7931694034e-01 1.1564213486e+00
2.8431251532e-01 7.0986721260e-01 8.5312958111e-01
1.4379742417e+00 2.2935753336e+00 4.3444982884e-01
2.8140713479e+00 -1.2148465408e+00 1.9290952150e-02
1.7877884125e+00 2.1392147627e+00 2.1125413603e-01
1.0502183630e+00 -2.6103531129e+00 -4.3816466654e-01
2.8866728418e+00 2.0173269353e+00 2.3374175984e-03
-4.8235643658e-01 -8.9621531418e-01 2.9455731971e+00
9.8540662293e-01 8.1712879014e-01 2.1799396259e+00
-2.8139969400e-01 2.5130542272e+00 1.6746232270e+00
1.8161008538e+00 2.7332377311e+00 3.3287642598e-02
-4.1229706930e-01 -9.9007110595e-01 1.9868884413e+00
9.6078643112e-01 -2.3590789215e+00 -1.1005229980e+00
2.1096061419e+00 -6.4160954866e-02 1.0603680178e+00
-2.0334620027e+00 2.3598510140e+00 3.9361189648e-02
-2.0017206296e+00 1.2028769422e+00 -2.4328306654e-01
-2.4554994632e+00 2.1084541962e-01 -3.4794937807e-01
2.3195248441e+00 2.6719340687e+00 5.4166853097e-03
2.6335036331e+00 -1.6950253145e-01 1.7156726544e-01
-2.0828563698e+00 -4.9496826511e-01 -6.7631190899e-01
-1.0918200104e-01 2.7402576643e+00 8.3690050931e-01
2.4810911814e+00 -2.2213467039e-01 3.0595398944e-01
2.6159976731e+00 -3.0000000000e+00 -1.4391098240e-04
1.8138503403e+00 2.7458979557e+00 3.2013157453e-02
-2.5324432640e+00 1.0399366581e+00 -9.0563656361e-02
1.7428552825e+00 3.8815502161e-01 2.0548129088e+00
1.0902766854e+00 1.4251768019e+00 2.7798089783e+00
2.1636255664e+00 2.1278677723e+00 5.3387876772e-02
2.3264147732e+00 -3.9781224146e-01 4.7783992600e-01
1.6970966058e+00 1.4980472871e+00 7.1972130407e-01
-8.9200234296e-01 -2.0718367461e+00 -8.5608571438e-01
-1.0973946061e+00 -2.3498355597e+00 -2.3381775790e-01
-2.7048048107e-01 3.0000000000e+00 2.7874529553e-01
-2.7826746641e+00 6.3715083670e-01 -6.8329532664e-02
-1.0942342231e-01 -3.6724324100e-01 2.4329279980e+00
2.3516138149e-01 -9.3312954064e-01 -1.3144890663e+00
-6.2967221626e-01 -1.7152092390e+00 -2.1147000458e+00
-6.9188976533e-01 -6.4142408217e-01 3.2401900186e+00
1.1743785205e-01 -1.8181501441e+00 -6.0179407943e+00
-2.4651896134e+00 -4.0894474634e-01 -2.5615062935e-01
-6.3153849080e-01 2.0885438192e+00 3.3869099578e+00
-3.1338819866e-01 -8.6949022595e-01 2.5346110921e+00
-1.2242848706e-01 -2.3998419568e+00 -1.9479365406e+00
2.8806710744e+00 -7.5105902107e-01 3.5182283430e-02
2.5381297715e+00 -4.3591412137e-01 2.1673008164e-01
-9.7920565639e-01 -1.3047150760e+00 8.8392032806e-01
2.4981367888e+00 1.9812606399e+00 1.7543581380e-02
-1.3716635584e+00 -1.0600886690e+00 6.6213631301e-01
6.0163990117e-01 2.7275459968e-01 6.8145545086e-01
2.7467625629e+00 1.9560764068e+00 5.6265635170e-03
2.1896389771e+00 -2.9095822801e+00 -2.5418637184e-03
1.2949686831e+00 2.1337649383e+00 9.0886660409e-01
-9.7744800281e-01 -2.5014984653e+00 -2.5451759069e-01
3.5073954103e-01 -7.8038633917e-01 -4.8550460307e-01
1.2047294735e+00 2.1926627982e+00 9.9831812902e-01
7.2788798115e-01 2.2716146300e+00 2.0521763734e+00
-1.0682482077e+00 -1.6182556260e+00 -4.5309714475e-02
2.0618020700e+00 -6.0779448697e-01 8.5571910668e-01
2.6266480046e+00 -2.0737424212e+00 -3.1141229861e-04
-1.3971559022e+00 -2.0064270691e+00 -2.3397692289e-03
1.2462241397e+00 -1.7900285696e-01 3.4726555978e+00
1.5607076770e+00 -2.4433719386e+00 -1.7660199289e-01
-2.8928204132e-01 -3.1761674038e-01 2.9500807242e+00
2.2129154287e+00 -1.9751202012e+00 -1.6959904609e-02
-2.1892850992e+00 3.0000000000e+00 2.3725811956e-03
-1.9028646608e+00 -2.1265238041e+00 4.3177524351e-02
-3.5375992138e-01 -2.3447294853e+00 -1.7660067862e+00
-2.9045524953e+00 2.3954832062e-02 -5.7223135652e-02
1.2353505022e+00 2.7239542272e+00 1.9747331710e-01
-9.5466797421e-01 -5.0935999252e-01 1.1526447634e+00
2.0028500862e-01 2.1193820084e+00 4.5969636257e+00
1.8039811087e+00 4.8101366409e-01 1.7039347159e+00
2.3128520751e+00 -1.9127295276e+00 -6.0855321670e-03
4.5034078787e-01 -1.3005749629e+00 -4.9269926125e+00
-3.0000000000e+00 2.7504056953e+00 8.0645482821e-05
9.6185708483e-02 2.6877291496e-01 2.3601031896e-01
1.8280392974e+00 2.7869607409e+00 2.6044556877e-02
1.8543758598e+00 9.1780320389e-02 1.9333011583e+00
-1.7913135824e+00 -1.0315275553e+00 -3.2253007711e-02
1.8104386061e+00 2.2400300288e-01 2.0153380692e+00
2.7249166489e+00 3.0000000000e+00 1.9323262541e-04
4.8476329358e-01 -1.8925209594e-01 4.1836766612e-01
-9.0191444220e-01 -8.7259753361e-01 2.3864035350e+00
-1.2098490167e-01 1.4248500909e+00 7.6186956817e+00
2.5004051095e+00 1.8646168166e+00 2.2434446869e-02
1.6136425647e+00 -3.9610636008e-01 2.5047951869e+00
2.4941089184e+00 1.6892763605e-01 2.9352958771e-01
-5.7047088794e-01 2.2827971020e+00 2.4382088440e+00
2.2887845468e+00 -1.3759847792e+00 7.5707286743e-02
-2.4299391539e+00 9.8040077179e-01 -1.4970560810e-01
-2.3487774502e+00 -1.6075625378e+00 1.8972525229e-02
-1.0761323823e+00 -1.6291645020e+00 -5.3530399103e-02
-1.2044480285e+00 -1.6801681617e+00 5.7567530818e-02
-2.6663487764e+00 -2.0573766380e+00 3.9171672685e-03
-7.1952316636e-01 -2.5092757491e+00 -5.5371223891e-01
-2.0115384574e+00 -1.6236619202e+00 7.5640121752e-02
-1.0044778120e+00 3.0000000000e+00 1.0892978339e-01
-2.1147421555e+00 2.1477987244e+00 4.0622604030e-02
-1.6408226435e+00 -2.0607858030e+00 5.6900770896e-02
2.9674326379e-01 -2.5361501741e+00 -1.4183302805e+00
-2.4783942182e+00 -2.0091214851e+00 9.5052767957e-03
2.4335288485e+00 1.4829995547e+00 6.2721949231e-02
-2.5421335398e+00 2.0293270984e+00 4.2017888529e-03
2.5540796220e+00 -1.8688576194e+00 2.0323326132e-03
-2.6672974891e+00 2.8796008724e+00 3.6059798741e-04
2.4643353089e+00 -5.2787767167e-01 2.6354562496e-01
-5.0485062785e-01 2.8007175849e+00 5.2346740299e-01
2.6031301294e+00 -1.1108199619e+00 5.9914179492e-02
2.2870663379e+00 1.2479216438e+00 1.6397879954e-01
-2.7531451443e+00 -2.1642203484e+00 2.2214188039e-03
3.0000000000e+00 -7.6146931848e-01 1.9466657764e-02
2.8261376546e-01 1.7179321527e+00 7.2024018806e+00
-1.8262445573e+00 2.8865277784e+00 1.6643062745e-02
-9.1846218829e-01 -2.0134036877e+00 -8.1940575264e-01
6.0800118643e-01 5.6933972297e-01 8.2332365611e-01
5.3345018177e-01 -2.0423244303e+00 -3.9557385482e+00
-2.7679686043e+00 -6.6691272286e-01 -5.4132479027e-02
9.5019879688e-01 -1.9162353882e+00 -2.5933309765e+00
2.2883638561e+00 -3.0025143851e-01 5.7622487444e-01
1.0467166153e+00 2.5958970674e+00 4.7041362717e-01
1.1363654151e+00 1.7016676855e-01 3.3128355244e+00
-2.1545395499e+00 1.5593752152e+00 -1.0279745411e-02
4.1773977063e-01 2.8660296234e+00 4.3977552782e-01
-8.0449863655e-02 -1.5263912414e+00 -5.3721040318e+00
-6.2043730957e-01 -1.4852201510e+00 -1.2989844897e+00
-2.2277012734e+00 1.7946983161e+00 1.9502767466e-02
2.4784733930e+00 -4.3720759413e-01 2.7141632798e-01
-1.6881094005e+00 2.4617810101e+00 1.1556509792e-01
-2.5094139934e+00 4.4456417682e-01 -2.5055258072e-01
-2.7692654337e+00 1.1165911461e+00 -2.9403765062e-02
-6.5957723702e-01 1.9465794501e+00 4.0622996906e+00
2.6889157788e+00 -1.8120795101e+00 3.0329652437e-03
-2.5338488675e-01 -2.5211527221e+00 -1.2209931050e+00
2.0772093685e+00 -2.8155025118e+00 -6.3994542390e-03
2.2476793451e+00 -5.5536512369e-01 5.3444613587e-01
-1.6676831585e+00 1.6790388106e+00 3.2245052734e-01
-1.4966798130e+00 -1.2310400223e+00 4.5462782775e-01
-2.7847077882e+00 -2.0114735049e+00 2.3349435340e-03
-1.7714528177e+00 2.5576257321e+00 6.4941917749e-02
-2.6230813401e+00 7.7720483087e-01 -1.0818712415e-01
2.3942905727e+00 2.1422722585e+00 1.9205272446e-02
-3.0986269382e-01 -2.2838223466e+00 -2.1646796904e+00
-1.4503556695e+00 3.0000000000e+00 3.6144398575e-02
-6.5737713463e-01 2.6191948651e+00 8.3777708552e-01
6.5324226179e-01 -1.0511488735e+00 -2.2263969574e+00
2.5494645468e+00 -3.0000000000e+00 -2.2278021879e-04
1.0639063322e+00 2.5720737447e+00 4.9038895499e-01
1.5174568822e+00 2.4109427479e+00 2.5303492493e-01
9.1091701663e-01 2.9641687670e+00 1.5289516416e-01
-1.8356234600e+00 -2.9671114753e+00 5.1123366785e-03
2.8039767421e+00 -8.1867450318e-01 4.5229148073e-02
-2.8218514453e+00 2.7240729420e+00 2.5984604607e-04
-1.0343025926e+00 -2.3754008683e+00 -2.8927584366e-01
-7.0468457257e-01 -2.9053428225e+00 -1.3161655026e-01
2.0744331262e+00 -4.2902585723e-01 9.8979507235e-01
1.2776305422e+00 2.2825110442e+00 6.8104049017e-01
7.5869754386e-01 -2.0458606036e-01 1.5726677611e+00
2.7980645759e+00 -2.4915678341e+00 -1.8111599712e-04
-2.7556628975e+00 5.4905518278e-01 -8.5091065237e-02
3.7027504401e-01 2.3699733656e+00 2.3695893442e+00
-3.0000000000e+00 -7.8688182364e-01 -1.5367408024e-02
-3.0000000000e+00 -1.7399654791e+00 5.9890978821e-04
1.7419334575e+00 9.9376553042e-01 1.0597889350e+00
7.1906171959e-01 1.6013782938e+00 4.9363490544e+00
-2.3272385805e+00 -6.2219907202e-01 -2.8006260028e-01
1.3468123041e+00 -2.5194704182e+00 -2.7768309246e-01
1.6449679352e-01 -2.0152189360e+00 -4.8527466317e+00
6.0628741351e-01 -1.5963119173e+00 -5.3353369647e+00
1.0896196521e+00 2.1769914590e+00 1.3330583263e+00
2.1106625976e+00 -2.5439470401e+00 -1.3571518114e-02
2.9655721244e+00 -1.6665579574e+00 2.3170910003e-03
3.2360498733e-01 1.6587848723e+00 7.1986951717e+00
1.1281813528e+00 -2.3836068539e+00 -7.2081492204e-01
3.0000000000e+00 2.5050606156e+00 2.9046794261e-04
-1.3091463113e+00 1.8571371778e+00 1.1425585795e+00
-2.8593761238e+00 -1.6349359201e+00 9.7578608111e-04
1.8287712892e+00 1.9357566019e+00 2.7402653781e-01
2.9632076344e+00 2.5120310687e+00 3.5043119541e-04
2.1262834435e+00 -1.8031332490e-01 9.8851813457e-01
-2.9835036679e+00 1.4895433428e+00 -3.4550541385e-03
-2.0909349646e+00 1.9955484643e+00 5.2114081377e-02
-2.7428408289e+00 1.2056640639e+00 -2.5713336379e-02
-7.7953990506e-01 2.3798644477e+00 1.4354323698e+00
-1.3469372173e+00 -3.0000000000e+00 -2.2652533672e-05
-2.7655950582e+00 -3.0000000000e+00 2.1453946470e-04
3.4428769165e-02 1.4707986007e+00 7.8877313289e+00
-2.4805871694e+00 -3.8520060198e-01 -2.5001282647e-01
-1.4827492159e+00 2.9459921045e+00 4.1290425804e-02
-3.0000000000e+00 1.1982778146e+00 -8.4310365480e-03
-2.6038444815e+00 -2.5963100131e+00 1.6189364477e-03
1.8948355164e+00 1.3518470227e+00 4.8555975134e-01
-1.0010646936e+00 -1.3571503013e+00 6.8237939359e-01
2.7368277690e+00 1.0088610427e+00 4.2470327031e-02
-2.8084810661e+00 1.9235694692e+00 1.3049738843e-04
-2.8803208349e+00 5.2933815424e-01 -5.0131320671e-02
-2.2861554498e+00 3.0000000000e+00 1.5270301675e-03
1.9371406285e+00 5.6365701140e-01 1.1899864316e+00
-6.7544527238e-01 -7.0830348907e-01 3.3713574008e+00
2.8096791431e+00 1.8678457197e+00 5.0510333356e-03
-1.5584879857e+00 2.0891700406e+00 4.0423107785e-01
2.6100561154e+00 -2.6951300850e+00 -4.7939436444e-04
2.2433536172e-01 -1.6068676960e+00 -6.5456367261e+00
2.7553585961e+00 1.4419562762e+00 1.6789985522e-02
-1.0244579208e+00 -6.4883708036e-01 1.3223177731e+00
2.9934319369e+00 -2.3157776595e+00 2.7988734897e-05
6.8104395471e-01 1.2269291007e+00 4.1283035394e+00
-1.8375255358e+00 -7.5039470029e-01 -5.0061157004e-01
3.0000000000e+00 2.1682859275e+00 8.3312781964e-04
5.9215368405e-02 -2.1546081268e+00 -3.7629396163e+00
5.8818239636e-01 -1.4146566727e+00 -5.0368333173e+00
2.1485204924e+00 -3.0000000000e+00 -2.1334297748e-03
1.1641606468e+00 1.6466155491e+00 2.3044846670e+00
-1.0230089837e+00 1.8899279882e+00 2.2857191080e+00
2.6533758246e+00 2.9830141005e+00 3.0430387085e-04
-1.1110294829e+00 -4.5771738685e-01 -1.2730059992e-01
-2.2635481642e+00 -2.0574375351e+00 1.9734298892e-02
1.8878051262e+00 5.9062491463e-01 1.2888970838e+00
-1.2406893075e-01 -1.6214394104e+00 -5.4201333297e+00
2.9026524973e+00 3.0000000000e+00 7.2203591305e-05
-3.0000000000e+00 -1.2609202179e+00 -3.1579862749e-03
4.4929844329e-01 -7.4329932801e-01 -3.9053623544e-01
-6.0792142977e-01 -1.1892936283e+00 9.3212758207e-01
-9.4565416563e-01 -4.9258877255e-01 1.1297373784e+00
2.6278153403e-01 -1.2691245601e+00 -4.8002466748e+00
-3.0093633457e-01 -2.8942858582e+00 -2.9868225227e-01
-7.6364836671e-02 4.2857166837e-02 1.1700113601e+00
1.0684148789e+00 2.8973155900e+00 1.4814974208e-01
-6.6764341704e-01 -2.1693780231e+00 -1.4322421106e+00
-1.5193103898e+00 -1.9008322371e-01 -2.3351568301e+00
-1.4003633340e+00 -1.4179557185e+00 4.5964472170e-01
2.0593690477e+00 2.6725045738e+00 1.6467580078e-02
2.0421170650e+00 -6.7980676807e-01 8.2028506536e-01
-1.0374614586e+00 -7.8782828081e-01 1.6570334725e+00
-2.6868579139e+00 6.6567992997e-01 -9.8636809304e-02
-1.7033054040e+00 2.7577634373e+00 4.2279106662e-02
2.5479197472e+00 4.0180080454e-01 2.0841735348e-01
1.2612484131e+00 1.7940119590e+00 1.6582934212e+00
3.0000000000e+00 2.4624686420e+00 3.3564540157e-04
-1.9894228094e-01 1.9539742117e+00 6.0189321334e+00
1.2987690000e+00 5.9187863494e-01 2.6155717159e+00
2.5229128641e+00 7.4723029700e-01 1.5597677192e-01
-2.3471755469e+00 1.9024148233e+00 1.2095325634e-02
-2.8026448859e+00 3.8765704333e-01 -8.0247685100e-02
-7.5761545275e-01 -2.2821730824e+00 -9.0959583404e-01
-1.7777399697e+00 1.9987251406e+00 2.0472530717e-01
-2.6188352819e+00 4.4866790471e-01 -1.6441702281e-01
-1.4129467679e+00 -1.1411461754e+00 5.9697409869e-01
-1.3385947208e+00 2.1714304756e+00 6.8641400043e-01
1.4715429014e+00 -2.5219986757e+00 -1.8900762244e-01
-2.4669881601e+00 -1.6055033387e+00 1.0386757401e-02
-2.7905779976e+00 3.0000000000e+00 1.1193372151e-04
-1.7500601739e-01 -1.1607715407e+00 -1.3667850556e+00
-3.0000000000e+00 -3.8233498526e-01 -2.9388123451e-02
-2.2084982578e+00 6.5367078250e-01 -5.4246852563e-01
-2.1052603462e-01 -1.4584586404e+00 -4.0993604722e+00
1.0236754358e+00 8.5545143674e-01 2.2343170390e+00
1.7921373760e+00 2.6787959681e-01 2.0394358925e+00
2.9776679858e+00 -1.2665936271e+00 7.9338921783e-03
6.5086898798e-01 -2.3359549643e+00 -1.8991192155e+00
1.2408320887e+00 2.0479198233e+00 1.2191545134e+00
-6.1387296268e-03 -3.6194591877e-02 1.0877705318e+00
-7.3871486188e-01 -1.7756834928e+00 -1.5672842373e+00
-3.0000000000e+00 1.2221999950e+00 -7.8876853554e-03
2.6177555837e+00 -2.8508473509e+00 -2.6347614991e-04
2.9948368258e+00 1.9497672808e+00 1.5480007725e-03
2.7749053314e+00 1.7436598819e+00 7.9980784531e-03
2.7494059193e+00 -2.0284445409e+00 4.6083766079e-04
-1.3864118018e+00 -3.0000000000e+00 1.4404136493e-03
1.4755509778e-01 -1.0709256012e-02 4.5499341168e-01
4.7744922224e-01 8.4732999093e-01 1.7511054192e+00
-1.2332317464e+00 -2.3662108157e+00 -1.0870770561e-01
2.6189822396e+00 9.4067035980e-01 7.8961484645e-02
4.5101619507e-01 -2.6580696715e+00 -8.7763710998e-01
-6.5800487341e-01 2.6597524491e+00 7.2979746161e-01
-1.7904062927e+00 1.5917052819e+00 1.4257583648e-01
4.8481516591e-01 5.6185739479e-01 4.4885699372e-01
-2.3325127017e+00 5.4279161863e-01 -4.2200386493e-01
-3.2898703131e-01 -3.0000000000e+00 -1.8202365089e-01
-4.7131945108e-01 -9.5211503951e-01 2.5223064413e+00
2.9201816989e+00 -4.6770065521e-01 4.0294394874e-02
2.6085162523e+00 -1.6070642353e+00 1.1408502350e-02
-2.6734031148e+00 -2.3210252691e+00 2.3772382374e-03
2.8646973400e+00 1.3754438716e+00 1.1473472703e-02
-2.3094704711e+00 -2.8067575494e+00 2.6350437849e-03
8.2201270496e-01 -2.6337195060e+00 -6.2122265966e-01
3.0000000000e+00 -1.4646490382e+00 4.0331150414e-03
-1.5760095502e+00 -2.3888287407e-01 -2.1322030519e+00
2.9932911160e+00 1.0477753946e+00 1.1801869623e-02
7.7268330248e-01 2.7678121544e+00 4.2186002621e-01
1.5693905368e+00 6.2601714027e-01 2.1052645861e+00
-1.3083081086e+00 -1.5110934967e+00 3.7768413365e-01
1.4249924041e+00 2.3066474320e-01 3.2621031820e+00
-2.8145679572e+00 -7.4161005743e-01 -3.8289314309e-02
-2.4229888361e+00 3.8915708604e-02 -3.9719706492e-01
-2.6847669721e+00 1.2092798072e+00 -3.2139152037e-02
1.1045346999e+00 7.0281313545e-01 2.3366796957e+00
2.7470237556e+00 -2.7908264415e+00 -1.3063135095e-04
-1.4852973020e+00 -2.4491330055e-01 -2.1855018840e+00
-2.4771602620e-01 -2.2462458574e+00 -2.5319667647e+00
-2.2901985113e+00 1.3821432908e+00 -5.9575824605e-02
2.6325665879e+00 2.7991655317e+00 7.3296782250e-04
-2.9388897408e+00 -1.8962945371e+00 1.0844783114e-03
-8.1223013521e-01 -9.1744165715e-01 2.6402472544e+00
6.0629420173e-01 -2.2807139754e+00 -2.2870285477e+00
1.0322041626e+00 2.6950461791e+00 3.4548537165e-01
2.1179368453e+00 2.4368333512e+00 2.8231875132e-02
-1.8370203818e+00 9.7175832586e-01 -7.0848035679e-01
2.8891506485e+00 -2.9213059451e+00 -2.4922778176e-05
2.0114990173e-01 -1.2482572091e+00 -4.4798738455e+00
-1.0159914877e+00 -2.9628998013e+00 -3.3601015640e-02
-1.3447413694e+00 -2.8629463696e+00 -3.8786741621e-03
-1.2829048915e+00 2.9138145340e+00 8.2423194153e-02
1.9660278055e+00 2.1629728461e+00 1.0624447605e-01
1.8718496959e+00 6.2193541829e-02 1.8752907340e+00
-8.4414907739e-01 -2.1278604972e+00 -9.3557095015e-01
7.9652417479e-01 -2.8024539640e+00 -3.5262502841e-01
-2.2578936180e+00 2.1821441417e+00 1.9488758834e-02
2.8542568087e+00 -1.6303511881e+00 4.2744470230e-03
1.3206756474e-01 -1.5205242848e+00 -6.2512453408e+00
3.1613690362e-01 9.6053106033e-01 2.8307682722e+00
-8.2229158626e-02 1.8965536350e+00 6.6810604088e+00
-1.8466798997e+00 -2.2878292091e+00 3.1231923900e-02
2.9310977646e+00 1.3454129369e+00 8.8222007668e-03
-2.0416396451e+00 2.2531575211e+00 4.7574213964e-02
2.4627070572e+00 -2.7214782365e+00 -1.1324320667e-03
1.7532739937e+00 1.4660590641e+00 6.3674246523e-01
-3.0000000000e+00 1.4322497495e-01 -3.6296657466e-02
-2.9911656298e+00 -1.1084483661e+00 -6.3070486906e-03
8.3193656814e-01 -1.2044358007e-01 2.0276353289e+00
6.4476684480e-01 1.2720195593e+00 4.5363203581e+00
-2.8424247691e+00 4.2173644833e-02 -7.5808585219e-02
2.8961880544e+00 -9.3396109251e-01 2.4328877503e-02
5.8330977055e-04 -2.0965905557e+00 -4.0963482527e+00
6.1725158192e-01 -2.1943115203e+00 -2.7396060193e+00
2.7585614373e+00 2.3216694488e-01 9.7003086663e-02
5.9689494966e-01 1.8464268161e+00 4.9901032816e+00
2.7295731764e+00 2.5373739572e+00 1.1613471421e-03
2.8606848747e+00 2.6038157569e+00 4.5226287418e-04
-1.9240100690e+00 -1.3786991727e+00 9.5002526594e-02
2.6741998058e+00 -3.5099669200e-01 1.3310366996e-01
9.2512700266e-01 9.7527596168e-01 2.4412145391e+00
2.7244010584e-01 -9.7825857516e-01 -1.8684214061e+00
-4.1491385265e-01 -1.3511208004e+00 -1.6606778424e+00
3.2712792973e-01 -2.4055218711e+00 -2.0525583551e+00
-8.0013359042e-01 2.1896928154e+00 2.1777127871e+00
-1.8781290674e+00 1.9222548348e+00 1.4229007337e-01
5.2707409638e-02 -8.1380292849e-01 6.4738044201e-01
1.3927578349e-01 -2.3199716050e+00 -2.6502321378e+00
1.8176776517e+00 -2.1947018423e+00 -1.1694062083e-01
-2.3411669783e+00 2.8271832416e+00 2.3488639934e-03
7.6892945856e-01 4.1393846541e-01 1.4597136260e+00
5.4351432141e-01 -1.6490556393e+00 -5.6536010902e+00
-7.0991394526e-01 -2.4671730263e+00 -6.4287516833e-01
-2.3069211332e-01 2.6701741528e+00 1.0308325434e+00
1.7071696833e-01 -1.5916494868e+00 -6.4941792258e+00
1.4277125660e+00 8.7052645536e-01 1.9090654436e+00
-1.2480759615e+00 7.8208804560e-01 -1.6383635601e+00
-2.3843005835e+00 -7.3160381163e-01 -1.8439355168e-01
4.8521481653e-01 3.0000000000e+00 2.3699056372e-01
-2.2360799886e+00 -2.3624576853e+00 1.1393983592e-02
2.8464430882e+00 -1.4186393546e+00 9.3785028041e-03
-1.3730955756e+00 -8.5870399204e-01 3.5556105873e-01
-1.7632801428e+00 -1.8071337377e+00 1.1015134385e-01
1.9450777707e+00 -2.3716838220e+00 -4.6562466285e-02
2.5346285847e+00 -1.3245065366e+00 4.3139426163e-02
-2.2401096274e+00 5.8600406039e-01 -5.3732440987e-01
-3.0000000000e+00 5.3240931383e-01 -2.8531147304e-02
1.7767879669e+00 -2.3551572871e-01 2.1576356555e+00
2.9488675774e+00 1.8723711653e+00 2.4145506994e-03
-2.9490969210e+00 -8.5062816185e-01 -1.6642063498e-02
6.3188552226e-01 2.3743460504e+00 1.8058295319e+00
-2.2213217798e+00 6.5869885927e-01 -5.1886468144e-01
-6.2338200968e-01 -1.5566736177e+00 -1.6574643919e+00
3.0000000000e+00 -7.0442081272e-01 2.1062627713e-02
-2.0786764225e+00 -1.9847739814e+00 3.9436131822e-02
3.0000000000e+00 2.5336602530e+00 2.6307204076e-04
2.2875484894e-02 2.5831878417e+00 1.4538093509e+00
-1.8545290554e+00 7.6393770715e-02 -1.8298397374e+00
2.2292812331e+00 -2.8507615463e+00 -2.6213938731e-03
1.8832794528e+00 1.9544551073e+00 2.2007748489e-01
3.4879071846e-01 -2.8299074676e+00 -4.9512486592e-01
-1.0954656403e+00 -8.8991954003e-01 1.5140605991e+00
-1.5931598911e+00 -2.8647050792e+00 6.7846825449e-03
1.9513651571e+00 1.5238827990e+00 3.3218628981e-01
-2.4322181750e+00 -1.8545139809e+00 1.3531125916e-02
2.4972818035e-01 3.9362320208e-01 -3.2921154287e-02
-2.6185620465e+00 4.4119521235e-01 -1.6562850724e-01
-3.5374064684e-01 -9.5636119412e-01 2.0191806003e+00
-2.2129837160e+00 -1.3064781591e+00 4.2399881811e-03
-2.8009583099e+00 -2.0260505392e+00 2.1203236396e-03
2.5112278197e-01 1.6605779489e+00 7.4984235641e+00
-2.4713665762e+00 1.1043939676e+00 -9.5506142472e-02
1.9255044552e+00 -1.9891103046e+00 -9.0749839315e-02
2.9521538106e-01 -2.5058082674e-01 4.2513736188e-01
-2.9195910749e+00 -4.9932692218e-01 -3.7065439393e-02
-2.6342833047e+00 1.5625919014e+00 -9.0657181577e-03
3.3687514256e-01 -7.5501813648e-01 -3.0821217935e-01
-5.5928876562e-01 -1.6617362299e+00 -2.4609457216e+00
9.3890972270e-01 -2.8649467486e+00 -2.1694570931e-01
-2.8459306694e+00 5.7687140789e-01 -5.5610827983e-02
1.8399930748e+00 -1.5808365260e-01 1.9707374661e+00
-1.4012566048e+00 -7.2053439015e-01 -1.4929456860e-01
9.6799318981e-01 -1.9323743964e+00 -2.4553706382e+00
-1.1706929863e+00 2.2738459583e+00 8.5572572888e-01
1.4439005715e-01 1.0386666133e+00 3.9422659763e+00
5.0321195782e-01 2.2864098934e+00 2.6037903697e+00
1.3017887318e+00 7.2658238063e-01 2.3287269688e+00
1.9372642567e+00 -2.2067032563e+00 -6.7393690915e-02
1.9411419983e+00 -3.0000000000e+00 -5.6050526514e-03
-1.0198900383e+00 2.7280473033e+00 3.1092472334e-01
-2.7446845868e+00 -5.9090288752e-01 -6.8378418739e-02
2.7738292536e+00 -2.8655397918e+00 -8.0851905790e-05
-9.3376846021e-01 -1.3465873899e+00 6.5797041435e-01
2.8384639840e+00 1.0902903121e+00 2.3056516077e-02
2.0814921885e+00 -1.9498217940e+00 -3.8728048680e-02
-2.6925529738e+00 -1.3982082563e-01 -1.3698544365e-01
-1.1986081249e+00 2.5353623157e+00 3.9614326993e-01
1.9027393638e-01 -3.0792855931e-01 8.0387453619e-01
2.0194769850e+00 -2.0677826897e-01 1.2990113987e+00
1.6299279445e-01 2.2473005752e+00 3.5739613473e+00
-1.8643549330e+00 1.3043212543e+00 -1.5669144843e-01
-1.2070862958e+00 -8.0907928745e-01 8.5984190935e-01
1.6101144251e+00 -2.1082636229e+00 -3.0761368364e-01
-1.7609196973e-01 -1.5941213271e+00 -5.0255742041e+00
1.5781555550e+00 1.1271086003e+00 1.2647869605e+00
-2.2228171675e-01 -2.2988349886e+00 -2.3071352265e+00
2.2033037817e+00 2.0388574458e+00 5.5497557951e-02
3.9310458419e-01 2.7809111854e-01 1.1981762916e-02
4.1375116154e-01 -3.4560327611e-01 4.0009196730e-01
1.7163478063e+00 -2.7028654581e+00 -4.4819043972e-02
-2.4186489284e+00 1.2656106852e+00 -6.8857710071e-02
6.7406869270e-01 -2.6887145075e+00 -6.3438471617e-01
2.5054415493e-01 5.9118460506e-01 3.2713166833e-01
-8.2847324114e-01 2.5544662720e+00 7.9919633905e-01
-1.6298783280e-01 2.0956265936e+00 4.8742542402e+00
-2.6011815134e+00 -7.0210120500e-01 -9.6061600894e-02
1.8885431018e+00 1.8209800222e+00 2.7055890759e-01
2.4943844247e+00 2.5149611473e+00 4.1115725980e-03
2.3089465834e+00 3.5529039505e-01 5.0942764095e-01
2.9621825623e+00 1.7390028430e+00 3.1047679323e-03
2.4601648300e+00 -1.6337183761e+00 1.4568510573e-02
2.8234515517e+00 5.6360669385e-02 7.6599067990e-02
-2.0137050976e+00 -2.5513756459e+00 1.2469310325e-02
2.9518848833e+00 1.6971299865e-01 4.0604317449e-02
2.3754761544e+00 -2.7167599265e+00 -1.9262895655e-03
-7.6468412513e-02 -4.4919882689e-01 2.4076145207e+00
-2.7536569456e+00 1.0814681027e+00 -3.4300537345e-02
2.4737300774e+00 2.6646487914e+00 2.7033013967e-03
-3.5959646943e-01 2.6637036081e+00 9.7682792940e-01
-2.7609825881e+00 2.6591154009e+00 4.5447368096e-04
-9.6792602094e-01 -2.2402751475e+00 -5.0510649105e-01
-2.5837203973e+00 2.3964052359e+00 2.4326690076e-03
-4.6432782507e-01 -2.2634606904e+00 -1.8036486576e+00
2.6826349186e+00 2.0567168928e+00 6.0586226252e-03
-1.1010294260e+00 -2.9501935356e+00 -2.3113198911e-02
2.9457915882e+00 -1.7153962102e+00 2.0687844583e-03
1.4944918567e+00 -2.6004764091e+00 -1.3752090756e-01
-9.6008222624e-01 -1.3260320212e+00 7.7972427027e-01
2.5940624702e+00 1.9145097614e+00 1.3055245149e-02
-2.5859027733e+00 -1.3028360383e-02 -2.1795205717e-01
5.3964501459e-01 2.7390935294e+00 6.3582176329e-01
-1.0008560544e+00 -1.7069911484e+00 -3.9073610379e-01
7.0769273860e-01 -8.0221580897e-01 -2.4012967985e-01
9.2633820085e-01 1.0044697114e+00 2.5201209995e+00
2.6341628155e+00 -2.0589393837e+00 -1.6013996588e-04
2.0433157123e+00 -1.8695216392e-03 1.2671717605e+00
2.5045166926e+00 2.5524093683e+00 3.4539440892e-03
-2.1907597055e+00 -7.9821204358e-01 -2.5409557107e-01
-2.7410509650e+00 2.0748412140e+00 1.1408451002e-03
-2.5891887555e+00 -1.7882693229e+00 6.7731003779e-03
1.1196368722e+00 2.5468621424e+00 4.7129932444e-01
1.8940757760e+00 -1.8354902844e+00 -1.0429690890e-01
-2.1467250630e+00 1.8066339860e+00 3.3975924212e-02
-2.7974617560e+00 -3.5752185691e-02 -9.1413983743e-02
2.4887451641e+00 -6.4567490118e-01 2.1122268090e-01
-7.1979210288e-01 -1.2175872699e+00 1.0417448039e+00
1.1163508827e+00 -2.1320952369e+00 -1.3056816763e+00
-3.1767447094e-02 -2.4674218164e+00 -1.7033306564e+00
-1.1451865118e+00 -9.2998060284e-01 1.3305932855e+00
1.0908592807e+00 2.0809195050e+00 1.6059268130e+00
2.4251369715e+00 2.3371446886e+00 9.8925996006e-03
1.8521184627e+00 1.0259194553e+00 8.0570930673e-01
-1.1705261401e+00 -2.8210876891e+00 -2.9776108679e-02
-1.5850778657e+00 -2.8243645860e+00 7.1581870527e-03
-1.8052150513e+00 2.9409920374e+00 1.4415699011e-02
-4.5214748244e-01 -3.0000000000e+00 -1.5002621010e-01
-8.0587761101e-01 2.4719015067e+00 1.0652555820e+00
1.7900961517e+00 1.5348084005e-01 2.1517447322e+00
9.6479225268e-01 3.0000000000e+00 1.1856577107e-01
-1.3067965410e+00 1.9897328612e+00 1.0052195922e+00
-1.0352391494e+00 2.0044514874e+00 1.9324229639e+00
2.0233382177e+00 -8.0518541782e-02 1.3276656231e+00
1.3902658297e+00 4.5061897200e-01 2.8752016149e+00
1.0549784341e+00 4.5197216180e-01 2.6269421317e+00
2.8132019144e+00 -1.2861284194e+00 1.6034171208e-02
2.3877330356e+00 -8.7731236016e-01 2.1427948676e-01
-2.3430528794e+00 -2.8925004606e+00 1.7771060436e-03
8.9549915568e-01 1.2607388889e+00 3.4059220667e+00
1.6389704677e+00 -2.2657598691e+00 -2.0666733954e-01
1.4047159441e+00 1.9659625030e+00 9.2835369155e-01
2.1024755833e+00 9.3996694125e-01 4.7866823414e-01
2.8745364236e+00 1.5500627583e+00 7.4998621419e-03
-2.0414260004e+00 1.0893286304e+00 -3.3939962750e-01
-2.0332595287e+00 -3.0000000000e+00 3.1217088756e-03
2.5638889004e-01 8.1670394891e-02 9.3632290386e-02
-2.7474697749e+00 -7.7611822707e-01 -4.6553071909e-02
2.6691293499e+00 3.6948638907e-01 1.3092592808e-01
2.3129993238e+00 2.9609145044e-02 5.7361879685e-01
-2.1567962240e+00 -1.6899105493e+00 4.3895434675e-02
-2.6617115878e-01 2.7160751616e+00 8.6131900706e-01
-1.6113110410e+00 -7.5685542031e-01 -4.1953635789e-01
-1.3408354986e-01 1.1128271128e-01 1.1836096049e+00
1.7071061067e+00 7.3542416109e-01 1.5353176575e+00
9.8181759384e-01 1.3341176716e+00 3.1999204441e+00
-5.8891267114e-01 -7.5481440248e-01 3.5570661708e+00
1.2724460682e+00 1.1845855829e+00 2.0146853209e+00
1.2631064790e-02 -3.3148389607e-01 1.7047593383e+00
2.2703414559e+00 -1.0275187239e+00 2.3087005231e-01
1.8245975972e+00 -2.3078236313e+00 -9.0894660157e-02
1.5458020951e+00 -2.9654747680e-01 2.8891320579e+00
2.6510276046e+00 3.0000000000e+00 2.8573320129e-04
-7.8929648652e-01 2.8028542137e+00 3.5862676686e-01
1.3858933971e+00 6.9308316383e-01 2.3090140123e+00
-2.9850583802e+00 2.4324097006e+00 1.9765816880e-04
2.7884479409e+00 1.6222823381e+00 9.7811121415e-03
-1.2604670149e+00 -6.8833331674e-01 2.2439587885e-01
-2.9956760945e+00 -2.2998851351e+00 5.0928766189e-04
-6.8958333479e-01 2.1149224193e+00 2.9853154836e+00
-7.8994567917e-01 -2.9802940358e+00 -7.3186503050e-02
2.9428952627e+00 -2.6177836544e+00 -3.6211929483e-05
-4.7518610861e-02 -1.9916159799e-01 1.6873343418e+00
7.1775478427e-01 -6.8951850014e-01 3.8008740992e-01
-2.2829267655e-01 -1.9693666453e+00 -4.1344392719e+00
-2.7103068677e+00 -5.8507694999e-01 -7.9330807677e-02
1.2130302108e+00 8.6397905066e-01 2.2023369444e+00
6.0611771647e-01 2.2316317217e+00 2.6391593261e+00
-2.7909635846e+00 1.6180662291e-01 -9.3948708139e-02
5.2974788225e-01 6.1549294625e-01 6.9255076701e-01
1.4736187214e+00 2.5775702689e+00 1.7318599979e-01
2.8389620174e+00 1.4803830133e+00 1.0397311433e-02
-3.0000000000e+00 -2.0618498066e+00 7.1197613639e-04
-9.2005731474e-01 -2.3062533325e+00 -5.2376798183e-01
-1.0894736070e+00 -1.6724417669e+00 -1.1249555746e-01
-2.4249201966e+00 1.7530619844e+00 1.6235073635e-03
-2.2571524301e+00 6.7130663782e-02 -6.7994581226e-01
-2.4243581688e+00 -2.8486010968e+00 1.5322027719e-03
-2.7248606785e+00 -2.0758684712e-01 -1.1548241088e-01
-1.5253282138e-01 2.8569951728e+00 5.3036297013e-01
2.7827692477e+00 1.4730354328e+00 1.3832064079e-02
-2.6267345998e+00 1.7590876907e+00 -1.3958943943e-03
-2.6970295736e+00 1.9395272895e+00 9.1850695284e-04
6.2584423803e-01 1.5412931169e+00 5.5389690052e+00
-2.7301272234e+00 -2.8178635477e+00 4.7451628831e-04
3.7188861032e-01 -1.0491953031e+00 -2.7376301250e+00
2.3454729135e+00 1.9670423334e+00 3.5687738395e-02
-9.8020718203e-02 -2.2787967642e+00 -2.6830631008e+00
-2.6445982567e+00 1.1295608720e+00 -4.7142665112e-02
4.8340203791e-01 2.5959573385e+00 1.1049386383e+00
-9.2921501037e-01 -2.5044187242e+00 -3.0031206400e-01
-8.6805402743e-01 2.4716790033e+00 9.5926081093e-01
-1.5590710438e+00 -2.0553582793e+00 4.6928097185e-02
2.9966276138e+00 -2.6984042118e+00 -1.7034522475e-05
1.4519866731e-02 2.0029306632e+00 5.8316569479e+00
-1.2712419452e+00 7.4516062707e-02 -2.8956049822e+00
2.7493279979e+00 -2.1592183297e+00 -6.6399531093e-05
-1.0318615290e+00 -1.3910424906e+00 5.7890197774e-01
7.1024966777e-02 9.0753332254e-01 2.6488058987e+00
-2.9671944717e+00 -2.8673417119e+00 1.2645508494e-04
-1.0586735420e+00 -2.0191704993e+00 -4.4804636598e-01
1.3724818441e+00 1.4978172978e+00 1.5885826876e+00
-2.8045053638e+00 -2.8824902997e+00 2.7010700749e-04
7.5889806206e-01 -2.7551160552e+00 -4.4550425455e-01
2.2808380292e+00 1.5836972649e+00 9.5816437513e-02
2.2657684645e+00 -2.1976671577e+00 -1.2125664104e-02
-2.2588255718e+00 -7.9686082591e-01 -2.1756609439e-01
-2.7601625223e+00 1.2663059626e-01 -1.0794368138e-01
-2.7260662327e+00 1.3634426349e-01 -1.2446650652e-01
1.3495133752e+00 -2.5811564852e+00 -2.2758765531e-01
-1.4910985544e+00 -2.3773846897e-01 -2.2074846068e+00
-2.3424061478e+00 -2.7527706018e+00 2.7881990430e-03
2.4998049852e+00 2.0754663905e+00 1.3956825928e-02
3.0000000000e+00 -3.0000000000e+00 -5.8641878726e-06
2.9585572705e+00 3.3071679742e-01 3.6148947785e-02
4.5176174034e-02 1.6901715550e+00 7.8995154096e+00
3.3084392082e-01 -2.8241790326e+00 -5.1025959263e-01
-1.2807594624e+00 -9.9743394286e-01 8.8158100609e-01
1.2704197461e+00 6.7889876439e-01 2.4381965571e+00
-2.9592386089e+00 2.1068149934e+00 2.1653516629e-04
1.4808716276e+00 -2.1868856754e+00 -4.2094678900e-01
-2.5334129226e+00 1.4417365925e+00 -2.3255159460e-02
8.7921548098e-01 1.7647026436e+00 3.6117647987e+00
2.2111887539e+00 1.1103636180e+00 2.6484799942e-01
-1.5071416083e+00 2.7481806497e+00 8.3041207815e-02
1.2389402579e+00 2.3129609302e+00 6.9428701158e-01
1.8732925155e+00 2.7384205244e+00 2.6537062687e-02
-9.6456125175e-01 -9.2369912918e-01 2.0845745869e+00
3.0000000000e+00 -2.8753574580e+00 -9.9286043341e-06
2.5184749666e+00 9.4280669178e-01 1.1757336958e-01
-1.7403181118e+00 2.1888123391e+00 1.8051340336e-01
-3.0000000000e+00 -2.3623283748e-01 -3.3280924713e-02
2.8801371843e+00 -1.3621687178e+00 9.5956666939e-03
-1.1774352115e+00 2.9263304121e+00 1.0171688797e-01
-2.2158161406e+00 1.4081085175e+00 -5.9524216226e-02
1.9068387164e+00 -2.7946262604e+00 -1.4929451910e-02
-2.5409438337e+00 5.1286803792e-01 -2.0934258952e-01
1.6763949667e+00 5.4899644132e-01 1.9778937527e+00
4.5385254620e-01 9.2745392833e-02 2.0268924298e-01
3.4584487852e-01 -2.0037079427e+00 -4.7608291243e+00
-6.9314489737e-01 3.0000000000e+00 1.8529568991e-01
2.7735345037e+00 -1.3743530206e+00 1.4698278918e-02
-2.3146497387e+00 -3.2136251167e-01 -4.6288341670e-01
2.3331542902e+00 2.5208098475e+00 8.5733614038e-03
-1.0824148577e+00 -2.2742041053e+00 -2.9488713637e-01
-1.2931897649e+00 2.3496292870e+00 5.2286348498e-01
-1.3896384084e+00 -6.4947807104e-01 -3.8857475329e-01
-2.8549329625e+00 -1.7988550172e-01 -6.7185991887e-02
2.9305727950e+00 -1.3047396712e+00 8.9603071710e-03
-8.1815602913e-01 -1.5627849875e+00 -6.5032042026e-01
4.6467581362e-01 1.6960305057e+00 6.3716131200e+00
1.3180607342e+00 -2.1624885607e+00 -7.2808022711e-01
-4.9161428988e-02 2.2017308591e-01 7.1195755616e-01
2.3077554191e+00 -2.8691748499e-01 5.4489491372e-01
2.2707075064e+00 -9.5068259617e-01 2.7245538264e-01
-3.0000000000e+00 2.0243630904e+00 5.4936047413e-05
-5.2506420796e-01 -4.4801244030e-01 3.3286344884e+00
1.5251579105e+00 -2.3878152237e+00 -2.3091786068e-01
2.5002777612e+00 -1.1259889560e-01 2.9392143608e-01
2.7025482349e+00 5.1238135777e-01 1.0014764192e-01
-6.1980657180e-01 -1.7348240529e+00 -2.2055114840e+00
1.3711283267e+00 -2.3072971333e+00 -4.5789421218e-01
1.7310834388e+00 2.6180350191e+00 6.7377424544e-02
2.9059715143e+00 2.6895684366e+00 2.5563920635e-04
4.4239090651e-01 2.7130227901e+00 7.6847562241e-01
1.4432382998e+00 2.0716954377e+00 6.9652191067e-01
-6.4905821736e-01 8.0597555777e-01 7.2463791857e-01
-8.3875765299e-01 2.5809733153e+00 7.2197081916e-01
1.4571495312e-01 2.8995334214e+00 4.4782028593e-01
1.2933312915e+00 9.8033073270e-01 2.0182155380e+00
-2.4548693749e+00 -2.2846013102e+00 6.3840770757e-03
-2.0057613015e+00 -1.7151755905e+00 7.1858797825e-02
8.2533382067e-01 1.3446682206e+00 3.9751204044e+00
8.1648825405e-01 1.9630853137e+00 3.2146575440e+00
2.5305455341e+00 2.1007346034e+00 1.1357366611e-02
2.8826529413e+00 2.8971012191e+00 1.2675008090e-04
-1.8013709184e+00 -2.4634494495e-01 -1.6571972769e+00
-2.4338598294e+00 1.6505782695e+00 -5.6601924106e-03
-2.3784999273e+00 3.0352380471e-01 -4.3689210052e-01
-8.7372995648e-01 2.4075599140e+00 1.1376491316e+00
1.6966253628e+00 2.1072176626e+00 3.0554220084e-01
-2.6628910852e+00 1.3194319516e+00 -2.4478913622e-02
2.7612365907e-01 -1.9053797220e+00 -5.5358010183e+00
1.0754472763e+00 -2.6090995868e+00 -4.1649637279e-01
1.4995321315e-02 -1.0385684630e+00 -1.2529872613e+00
-1.7879800419e+00 2.1155994778e+00 1.7031710941e-01
1.4263749591e-01 -2.0133201121e-01 8.1082332783e-01
2.3216666454e+00 -2.8628073525e+00 -1.5241028063e-03
-2.9081777866e+00 -1.4279543314e+00 -1.3136292335e-03
-1.4951797898e+00 2.3264344553e+00 3.0945823790e-01
-2.0524142217e+00 -1.5575044230e+00 6.5822107144e-02
2.4917488982e+00 2.3055369646e+00 7.9209535547e-03
-2.8890253687e+00 -2.9052209122e+00 1.6532632432e-04
6.5638296805e-01 1.9111694575e+00 4.3213241091e+00
2.2658976695e+00 -2.2883418222e+00 -1.0772421891e-02
-1.8172700388e+00 1.1808160231e+00 -3.3982556566e-01
-2.7610389016e+00 2.8823012269e+00 2.1145146025e-04
-1.4901813737e+00 -2.9759307453e+00 4.0921720678e-03
-2.2404084153e+00 2.4989872684e+00 1.0973635921e-02
2.3432518707e+00 2.7449124391e+00 3.7071794044e-03
-1.2600347517e+00 3.0000000000e+00 6.0816821854e-02
-1.8982702301e+00 -2.3642937386e+00 2.4411291260e-02
2.4489731925e-02 2.1228226848e+00 4.7540324338e+00
-5.2538103737e-01 2.4906829022e+00 1.4697299873e+00
-1.8753863863e+00 -2.7490428428e+00 9.1640883775e-03
-1.6790485992e+00 -2.8540641045e+00 7.7058108322e-03
2.5597344854e+00 2.0421903901e+00 1.1411959302e-02
-3.1650090292e-01 -1.6602955083e+00 -4.2020589072e+00
6.1946273448e-02 -1.5278742472e+00 -6.0664165494e+00
-1.0115073135e+00 1.9442114602e+00 2.2038913923e+00
2.7532728043e+00 -1.0536678497e+00 3.6675194353e-02
-2.3983505656e+00 -5.7950645651e-01 -2.4527877826e-01
-2.6447386370e+00 2.9134586130e+00 3.5770185568e-04
1.3496397952e+00 -3.0000000000e+00 -4.6991602729e-02
2.8508151464e+00 -1.5197972250e+00 6.5669621243e-03
1.2809403049e+00 3.3043340756e-01 3.2201894156e+00
-2.9286978508e+00 4.5098558288e-01 -4.3205088164e-02
-1.2777896511e+00 2.3607450706e+00 5.2950263304e-01
7.1937686152e-01 1.3648599202e+00 4.5911198489e+00
-1.3287250710e+00 1.9445753643e+00 9.9682564021e-01
1.2964426351e+00 1.0458611737e-01 3.5490710544e+00
1.0629212856e+00 1.0995514297e+00 2.5018174312e+00
7.8449444505e-01 2.2270614368e+00 2.0889294188e+00
-7.9177112648e-01 -1.7243622759e+00 -1.2281800570e+00
2.0694168660e+00 1.2865882414e+00 3.1609519951e-01
-2.3415709618e+00 -2.5549329681e+00 4.9588216892e-03
-1.7197493013e-01 3.0000000000e+00 2.9116130218e-01
-2.7756646933e+00 -9.5911651601e-01 -2.5314730482e-02
-7.5246293475e-01 2.8413459434e+00 3.2717687869e-01
1.2328047685e+00 -2.2802753069e+00 -7.1770121007e-01
-9.0290221118e-01 -9.0987685722e-01 2.3440132261e+00
-2.6107435394e+00 1.3739101673e+00 -2.4161103856e-02
4.1733234956e-03 1.5206058344e+00 8.0438995072e+00
-2.6096143346e+00 -3.0000000000e+00 4.3216341303e-04
-5.5663277558e-01 2.3351646557e+00 2.1788126587e+00
-9.5831539381e-01 -2.6596748844e+00 -1.6029111220e-01
2.6801184156e+00 1.6002344003e+00 1.7140740965e-02
-2.4952232313e+00 2.7042769007e+00 1.6845911792e-03
-3.0000000000e+00 7.0732181463e-01 -2.3003161293e-02
-2.6488538891e+00 1.4402750263e+00 -1.6032841471e-02
8.7630717791e-02 1.5413742870e+00 8.0028993468e+00
-1.8153247672e+00 -1.2716372875e+00 1.2655381124e-01
2.5537654529e-01 -2.8526955598e+00 -4.6704269609e-01
-3.0000000000e+00 -2.0659123637e+00 7.0915364641e-04
3.0000000000e+00 1.0807035208e+00 1.0718166124e-02
2.7154880166e+00 -1.8300362287e+00 2.5510212423e-03
2.5310415241e+00 -4.1630635703e-01 2.2620239313e-01
-1.1325244153e+00 -2.8333340480e+00 -3.5156393316e-02
6.6360155258e-01 1.7200898401e+00 5.0821869249e+00
-1.0483689990e-01 -2.7242275009e+00 -7.0260225171e-01
2.1629360284e+00 1.2476603487e+00 2.4931118139e-01
-2.9220232185e+00 6.6345773444e-01 -3.5332452115e-02
4.5447616337e-01 -1.4398807508e+00 -5.7353623790e+00
2.7361389633e+00 -1.1001898194e-01 1.1272155514e-01
2.1196963041e+00 6.5622229194e-01 6.7329269192e-01
-1.7878074675e+00 -2.6777051255e+00 1.2013221777e-02
-1.6077193876e+00 -2.9154625627e+00 6.2757965744e-03
-2.6178151167e+00 1.0740534552e+00 -6.0395223639e-02
-2.6798161040e+00 -1.5579327594e+00 2.1552979100e-03
2.0838072871e+00 1.6863596384e+00 1.6862803788e-01
2.9800699265e+00 1.8390221616e+00 2.2163416787e-03
9.6109464539e-01 -2.1806823223e+00 -1.6607318163e+00
-1.2763923841e+00 2.1852749359e+00 7.9156995680e-01
4.0635670664e-01 -4.1433172954e-01 4.0882307362e-01
-1.0415453018e+00 2.2908389181e+00 1.1031748201e+00
2.5534014328e+00 -1.4373533934e+00 2.7488916024e-02
2.3862266725e+00 2.1144705323e+00 2.1317092693e-02
3.6624155606e-02 2.6874663960e+00 1.0218684493e+00
-1.3734404589e+00 -3.0674459528e-01 -1.8794469941e+00
-2.9616482557e+00 6.4943789717e-01 -2.9889071447e-02
-2.7237338628e+00 1.1006268548e+00 -3.7023345412e-02
-5.7583923721e-02 3.0000000000e+00 2.9889045987e-01
2.3626498476e+00 1.6894865793e+00 5.7428876098e-02
-2.8864319304e+00 8.6679297065e-01 -3.0250927221e-02
1.3161800654e+00 2.3988689375e+00 4.5645344838e-01
1.3857074833e+00 3.0000000000e+00 4.4388267170e-02
-2.7884182304e+00 5.7514309615e-01 -7.1802185602e-02
6.4481437177e-02 4.0610228147e-01 2.5765943820e-01
2.4789255255e+00 -2.1993671380e+00 -2.9050514236e-03
2.5482209409e-01 -1.4670814513e+00 -6.1919768339e+00
-1.9271806179e+00 -9.5797843215e-01 -1.6881497720e-01
2.6593700702e+00 2.5563231303e+00 1.5698189456e-03
1.4781393993e+00 2.3455142684e+00 3.3934711495e-01
-1.9310565541e+00 2.2172906395e+00 8.1297307915e-02
3.3956506192e-01 -8.6198442772e-01 -1.0213675398e+00
-2.6582009217e+00 2.8670560968e+00 3.9751138938e-04
-2.0398299150e+00 1.3463910860e+00 -1.0971338812e-01
-4.3041638940e-01 1.7553975959e+00 6.3498291540e+00
1.3507546802e+00 1.1031202159e+00 1.8287769474e+00
-1.4852571323e+00 -6.6368864238e-01 -5.5067496968e-01
1.5741343885e-01 -2.9158528591e+00 -3.6461956865e-01
1.9949775160e+00 3.8255908589e-01 1.2267956421e+00
-1.1835487957e+00 2.0469024467e+00 1.2836770534e+00
1.5896377014e+00 7.1111668522e-01 1.8743369516e+00
-1.9931101153e+00 6.4369064107e-01 -9.6982898205e-01
2.0165830812e+00 2.4213462514e+00 4.4344664210e-02
-1.0013342982e-01 2.8592871273e+00 5.3254953658e-01
-1.6877869411e-01 -3.2374776841e-01 2.5929913885e+00
2.7374070763e+00 1.2328496010e+00 2.7815564020e-02
2.4867252390e+00 -1.6055686829e+00 1.6072966967e-02
-4.3935178768e-01 -2.1278100828e+00 -2.4523959663e+00
-2.6679833451e+00 -1.8496330625e+00 4.5965698862e-03
2.6256570607e+00 -2.1474725094e-01 1.7448715004e-01
-1.3667219730e+00 -4.9060986332e-01 -1.0289539710e+00
-1.9331193033e-01 -2.6479628900e+00 -8.5791975841e-01
-2.8200467143e+00 -1.6521365902e-01 -7.8970423391e-02
2.5716449429e+00 -2.9944287268e+00 -1.9783050992e-04
-2.2403707811e+00 -2.9152551528e+00 2.3183724189e-03
2.3119549526e+00 -2.0149322561e+00 -8.7501073846e-03
3.0000000000e+00 1.9063851380e-01 3.1776457988e-02
3.0000000000e+00 9.2963772556e-01 1.4125372314e-02
2.8918506738e+00 -1.2354235773e+00 1.2885166694e-02
8.9136842065e-01 6.9580683457e-01 1.9246284659e+00
2.2442377490e+00 -2.7696431325e+00 -3.2898099270e-03
-2.9919659567e-01 -3.0000000000e+00 -1.8939098567e-01
1.3620376970e+00 2.8455916086e+00 8.9896885437e-02
4.8763089624e-01 -2.8407219231e+00 -4.3529806028e-01
-1.8137534209e+00 -1.4958659307e-01 -1.7807844298e+00
-1.0399422446e+00 2.4730011188e+00 6.8491282422e-01
-2.0942683971e+00 2.8778541534e-01 -1.0290767778e+00
2.4323120282e+00 1.9575153226e+00 2.4912510142e-02
2.5902555806e+00 2.9003528913e+00 6.0169113550e-04
-1.6143818714e+00 2.3994455501e+00 1.7571579619e-01
-7.4351365227e-02 1.9193049119e+00 6.5094516295e+00
-2.8242994317e+00 8.6002352561e-01 -4.0457221200e-02
-3.0000000000e+00 1.6227782698e+00 -1.7751650813e-03
-1.4047954340e+00 -2.5212804033e+00 -1.3832694224e-02
-4.9245887080e-01 -2.4407932328e+00 -1.1014105935e+00
-1.0912283642e+00 -1.8930790094e+00 -3.5666792792e-01
-4.3377136576e-01 -2.4037246484e+00 -1.3461894356e+00
-2.4980354440e+00 -1.1794828380e+00 -2.3747955812e-02
-3.0000000000e+00 1.4525159206e+00 -3.7090371570e-03
-3.2897489851e-01 -8.8453095675e-01 2.4966374050e+00
4.1125466943e-01 2.3332444268e+00 2.5230477528e+00
6.9278863759e-01 2.7722865008e+00 4.6607158061e-01
-8.5416341505e-01 -5.9810622933e-01 2.2194961267e+00
-1.8286816039e+00 -2.3157997724e+00 2.9515489025e-02
4.6652088691e-01 3.0000000000e+00 2.4123568867e-01
-9.2997616774e-02 2.3902721414e+00 2.5539079514e+00
-5.2082811154e-01 2.0632288573e+00 4.0307685138e+00
-2.7036073400e+00 1.9222758104e+00 7.1873335140e-04
2.7947844215e+00 2.4540415808e+00 1.0835010020e-03
7.2892012909e-01 3.7659554026e-01 1.2754981954e+00
-2.2383689336e+00 -1.3418719828e+00 8.2362137542e-03
1.7846965946e+00 2.1902226976e+00 1.9030530650e-01
1.1949878769e+00 1.6197783186e+00 2.1944192577e+00
1.3501754649e+00 -2.7119507803e+00 -1.4613339650e-01
6.1743981681e-01 4.8472982878e-02 8.3809377105e-01
1.9032576260e+00 1.1228448203e+00 6.2914602689e-01
2.3934611407e-01 -2.0489613184e-01 4.8971481572e-01
-2.8089295269e+00 9.3693817690e-01 -3.7368536442e-02
2.3804601655e+00 -3.6179309187e-01 4.0793815549e-01
-1.8030011503e+00 -2.5756984708e+00 1.5488003625e-02
1.9405531446e+00 -2.8178421387e+00 -1.1820489617e-02
2.3162305812e+00 -5.1532109837e-01 4.4701544021e-01
1.7408100246e+00 2.5770811357e+00 7.4760866279e-02
2.4045013993e+00 -7.2037535448e-02 4.1943189790e-01
-9.5022867411e-01 -7.7960253795e-01 2.1148176168e+00
9.9553158201e-01 -2.7921969792e+00 -2.5785367415e-01
2.4181293342e+00 -2.2889308809e+00 -4.2238315851e-03
-6.7132890377e-01 2.5755402679e+00 9.4829108411e-01
-2.6496343375e+00 3.7062255468e-01 -1.5432748099e-01
2.9747091313e+00 2.8143308221e+00 1.0546820871e-04
2.7993707694e+00 -2.0556148266e+00 3.7411201641e-04
1.3064339048e+00 -2.1766417055e+00 -7.3236801422e-01
1.2679163983e+00 1.1590297963e+00 2.0267969218e+00
-7.4184046939e-02 -1.3304976823e+00 -3.9745177978e+00
-1.0742052788e+00 -2.2005534245e+00 -3.4863029551e-01
-2.4009302558e+00 -1.3027296133e-01 -4.0701099053e-01
1.3538592734e+00 -2.9222514420e+00 -6.4477119581e-02
1.3515362308e-01 1.0765486831e-01 3.1691376615e-01
-1.7327089731e+00 -9.2705852476e-01 -1.4079028230e-01
1.9305291099e+00 6.4251704613e-01 1.1060232434e+00
1.4996065555e+00 2.4009706055e+00 2.7424068987e-01
3.6342566847e-01 -2.0240996713e+00 -4.5800626329e+00
7.6965788613e-01 -1.6473788699e+00 -4.2796156103e+00
-2.2199401436e+00 -6.6148399472e-01 -3.4430724593e-01
2.9831633477e+00 1.3685131287e+00 6.4565535155e-03
-1.7343213117e+00 2.4282617748e+00 1.0751219137e-01
-3.0000000000e+00 1.8098033685e+00 -5.5440392247e-04
-1.7316354999e+00 -1.6185678216e+00 1.6778632798e-01
-3.0000000000e+00 4.1494567408e-02 -3.6616652353e-02
6.1328368289e-01 2.6010021530e-02 8.2382668405e-01
-2.2293834196e+00 -2.7557836202e+00 3.9928234787e-03
1.6477608379e-01 2.6353666905e+00 1.1913625389e+00
2.2574392676e+00 -3.1970323794e-01 6.2887650428e-01
-2.5817847546e+00 -2.9114126351e+00 6.6474345375e-04
6.3424604807e-01 -1.5688746706e+00 -5.1580700507e+00
2.4790034194e+00 3.0000000000e+00 6.8169776188e-04
-2.6163455002e+00 -2.2255356507e+00 3.7166772604e-03
8.1893076556e-01 1.8907149866e+00 3.5171179162e+00
1.0149308628e+00 1.4648830136e+00 3.1675944648e+00
-3.1404249142e-01 -8.6309942903e-01 2.5841902460e+00
-2.2419986750e+00 1.0213657036e+00 -2.4609959433e-01
2.8561526723e+00 -4.3855319957e-01 5.5854430046e-02
-1.8704546389e+00 1.0407509679e+00 -5.4788538102e-01
1.1302206907e+00 -2.9397472655e+00 -1.0710609344e-01
-2.4138842152e+00 -1.9290296648e+00 1.3632475425e-02
2.9436951795e+00 -2.4495288388e+00 -3.1329015809e-05
6.0523400480e-01 -8.2894401085e-01 -7.1189659297e-01
2.2574185520e+00 2.0010166456e+00 4.8168595833e-02
-9.0592185842e-01 3.0000000000e+00 1.3164187109e-01
2.9449279797e+00 -2.9046403654e+00 -1.5816777275e-05
3.0000000000e+00 7.0249638301e-01 2.0100206459e-02
1.9541439401e+00 1.6202256044e+00 2.9008674603e-01
-1.6743865691e+00 1.8040939327e+00 3.3728912321e-01
-1.3750867843e+00 2.5357377215e+00 2.4905444640e-01
1.7490563177e+00 -2.1094361379e+00 -1.7847548931e-01
1.0470947720e+00 2.0237800371e+00 1.9397469976e+00
-2.5510219362e+00 -4.1407731777e-01 -1.8768182741e-01
2.9742555408e+00 5.4626480236e-01 2.7669327289e-02
2.2330600985e-01 2.9013760903e+00 4.3190990171e-01
-2.3579300601e+00 1.2478976463e+00 -8.8244019002e-02
1.4608635300e+00 -1.8031839217e-01 3.2744839876e+00
2.9149284494e+00 1.6252966535e+00 5.1688278310e-03
-1.6529089815e-01 -2.4377524909e+00 -1.6970949530e+00
-3.4277897682e-01 -2.0109421587e+00 -3.3940072897e+00
2.2269401978e+00 -1.3774208449e+00 8.6851460905e-02
-9.1408286856e-02 1.2377310778e+00 6.2551747304e+00
2.0189829587e+00 2.0428552452e+00 1.1345402135e-01
3.6783821241e-01 -2.2505481762e+00 -2.9665789768e+00
-2.6049795167e+00 -1.1579506462e+00 -2.0533284561e-02
-6.9781618679e-02 -2.4178569429e+00 -1.9199706252e+00
-1.4868880494e+00 -1.1481060976e+00 4.5690291609e-01
2.6645148698e+00 -1.0066168913e+00 5.8850274342e-02
-6.0270763533e-02 1.3672119344e+00 7.3508735473e+00
-8.3731186904e-01 -2.1037603768e+00 -9.8881946422e-01
1.1062036214e+00 -3.0311600365e-01 3.0341562104e+00
-2.7777706145e+00 1.6080163363e+00 -4.4438060502e-03
-2.4966567075e+00 -2.7989207214e+00 1.3642368502e-03
-1.3801969826e+00 2.4703740602e+00 2.9781520880e-01
-1.5217879893e+00 -1.0309363759e+00 2.9842408440e-01
2.3599456662e+00 -1.1074450471e+00 1.4400803578e-01
-2.9484431649e+00 -2.5619124699e+00 3.5295975210e-04
1.1020291825e+00 2.3153094704e+00 9.4347931439e-01
-1.7268268993e+00 -1.0687795042e+00 6.0114295699e-02
2.2789625541e+00 -6.9176418927e-01 4.1083456519e-01
-2.6258862463e+00 -2.9928057425e+00 4.1353872931e-04
6.6832234256e-01 1.6691628992e+00 5.1751409872e+00
-2.5037612245e+00 -2.6829583144e+00 1.8968239781e-03
6.7423454762e-01 2.0522967258e+00 3.4400654351e+00
-1.7528305389e-01 2.3151834512e+00 3.0326530068e+00
2.1981463427e+00 3.3767025822e-01 7.3021869319e-01
1.1763858039e-01 -3.0000000000e+00 -2.5361116690e-01
8.3489824813e-01 1.0716032833e-01 2.0439167024e+00
1.5153918792e+00 3.0000000000e+00 3.0568682687e-02
-2.8940460381e-01 -2.6851648552e+00 -6.8065305907e-01
1.7975048977e+00 2.0992251089e+00 2.2270959463e-01
2.5353224186e+00 -2.2053973487e+00 -1.8668499015e-03
4.8691013913e-01 -3.0000000000e+00 -2.2516281543e-01
3.5321095288e-01 -9.8739535798e-01 -2.1260647528e+00
-2.1834515823e-01 -1.2273965239e+00 -1.8258155508e+00
-1.8473268861e+00 1.9376688369e-01 -1.8474658968e+00
-2.9964716909e-01 -2.4428113385e+00 -1.4585150397e+00
-2.0656652954e+00 -2.2940189915e+00 2.1269436397e-02
-2.9994201555e+00 -5.0175397977e-01 -2.5554071542e-02
3.0110217999e-01 2.5762112191e-01 -5.3842287711e-02
1.7648622387e+00 -2.8953061980e+00 -1.7993461996e-02
2.0193690290e+00 1.2657163381e-01 1.3205680546e+00
4.1599621758e-01 -2.2022684612e+00 -3.2092318893e+00
7.3196717668e-01 8.9185648989e-01 2.1358392178e+00
9.7275293514e-01 1.6949618983e+00 3.2291282537e+00
4.1482422982e-01 6.1373490313e-01 4.6918593376e-01
3.0000000000e+00 2.2894014210e+00 5.8331208272e-04
2.6518274563e+00 1.7129094263e+00 1.5436856553e-02
2.0376913555e-01 -1.9236795557e+00 -5.4768215319e+00
-1.6092746319e+00 -2.3032362566e+00 2.3359987429e-02
-2.2280893271e+00 1.9519147885e+00 2.5803108680e-02
2.2089068570e+00 -1.2797908765e+00 1.3283830148e-01
-2.8039771757e+00 1.0050734936e+00 -3.3069617227e-02
-1.1010009453e-01 -1.8010595869e+00 -5.3800255476e+00
-5.8215228622e-01 2.7010483788e+00 6.9447022407e-01
-4.7160970504e-01 -2.2927224162e+00 -1.6677317194e+00
-2.7082119509e+00 -2.6513835685e+00 8.7670644309e-04
-4.0045314722e-01 2.0437165161e+00 4.6602819295e+00
2.5320808020e-01 2.0842595190e+00 4.7844078722e+00
-1.1078729998e+00 -8.5101042616e-01 1.4100285449e+00
-2.1291573764e+00 -2.1007023695e+00 2.7558847284e-02
-8.5283951474e-01 1.9299239475e+00 3.0613073956e+00
3.0000000000e+00 -1.6977657122e+00 1.7597467567e-03
1.7703190599e+00 2.8322052356e+00 2.6797438329e-02
2.8660717972e+00 -8.7843595385e-01 3.0878231777e-02
1.2513076607e-01 -2.7198171328e+00 -7.8073558898e-01
2.8683296755e+00 -3.0000000000e+00 -2.1292041936e-05
9.1901637086e-01 -1.9494643023e-01 2.4459475119e+00
2.2929634902e+00 2.5811337055e+00 8.3979158365e-03
2.4362733430e+00 5.7707763577e-01 2.6738514633e-01
8.2326909246e-02 -2.9629291334e+00 -2.9595893010e-01
4.6432042143e-01 7.1747124915e-01 9.6373531508e-01
-1.4807708912e+00 -1.7401231578e+00 1.5720719709e-01
-1.9441073249e+00 -1.3021140889e+00 6.8428215725e-02
-1.8482206350e+00 2.7643935205e+00 2.4434161330e-02
-6.5944822668e-01 -2.4669846033e+00 -7.2666658661e-01
2.2601772081e+00 -2.5114602444e+00 -6.8549807687e-03
-1.5465199479e+00 2.7753440520e+00 6.6519488542e-02
-1.1902654826e+00 -1.6150547587e+00 1.4581569641e-01
-4.2376137531e-01 -2.4257333997e+00 -1.2881258348e+00
2.5333782091e+00 -2.7080310119e+00 -7.6230865986e-04
-2.3025020353e-01 2.1085810295e+00 4.6363933188e+00
-2.1788145306e-01 -4.8277577935e-01 3.1570813952e+00
5.8310300779e-01 1.2677884249e+00 4.7855166500e+00
-3.0000000000e+00 -2.0124229146e-01 -3.4020677263e-02
-2.5920827334e+00 1.0161860378e-01 -2.1426726006e-01
2.9795432183e+00 1.5163473270e-02 3.6636754434e-02
-2.2954156588e+00 -1.0167466430e+00 -8.7411583732e-02
-2.5384865052e+00 1.4883057803e+00 -1.8125050874e-02
1.0494251406e+00 -2.7948052283e+00 -2.2836469101e-01
3.0744360927e-01 -5.2632736583e-02 1.7919704238e-01
2.4709195955e-01 -2.6850703618e+00 -8.7766052017e-01
-1.1321830816e-01 -1.3800634609e+00 -4.1730869081e+00
-2.7753531487e+00 4.1570379883e-01 -8.8465136037e-02
-2.8567655829e+00 1.6119332445e+00 -3.2949057436e-03
7.0404419342e-01 -4.7585088759e-01 9.9967554593e-01
-5.5071343789e-01 -2.2779941154e+00 -1.4892846063e+00
-3.0000000000e+00 -1.6831131596e+00 4.5748006619e-04
4.0888888731e-01 5.0341029605e-01 1.8118013422e-01
2.6229710351e+00 2.5840085646e+00 1.7186887482e-03
2.5136410862e+00 2.0633507956e+00 1.3473430811e-02
2.7289164605e+00 4.3500504276e-01 9.6193286325e-02
-2.8463900799e+00 2.4612603564e+00 4.5504367226e-04
-2.9006017208e+00 1.8206481933e+00 -6.3136934903e-04
-2.2965808021e+00 -2.7433781870e+00 3.3490749587e-03
2.2845645188e+00 3.1314513622e-01 5.6747792815e-01
1.5946168754e+00 2.3666575453e+00 2.2654704775e-01
1.7355329326e+00 2.7678793314e+00 3.8749405321e-02
-1.1515357900e+00 2.5445136047e+00 4.3099124219e-01
-5.8128724570e-02 -3.0000000000e+00 -2.3756407569e-01
7.2184673401e-01 1.0942571506e+00 3.2258699174e+00
-1.9899380178e+00 -7.9736602353e-01 -3.6337205555e-01
9.2529785976e-01 -2.3923448047e+00 -1.0787076188e+00
-2.6677709742e+00 -6.4591955851e-02 -1.5598243842e-01
-2.4238869707e+00 -1.3302712627e+00 -4.6815602091e-03
-2.0950704403e+00 1.7099009158e+00 3.3770187727e-02
1.7447272875e+00 -1.9859357831e+00 -2.0930458313e-01
-2.2480174422e+00 1.1713579466e+00 -1.5698031438e-01
2.8314737007e+00 1.8216269461e+00 5.0392111434e-03
-3.0000000000e+00 1.9742621058e+00 -3.3044043274e-05
2.0078007076e+00 2.1295983146e+00 9.8040122088e-02
2.8583685043e+00 -2.4198042938e+00 -9.7249022760e-05
2.1659319566e+00 -2.1427832421e+00 -2.2832661896e-02
-2.7380427313e+00 -5.1064501909e-01 -7.9771348901e-02
-2.2435619577e+00 1.6890097259e+00 6.9568715835e-03
1.3628571305e+00 2.4522103194e+00 3.4713745922e-01
2.9067155947e+00 2.7631663008e+00 1.9145905954e-04
2.7054012542e+00 -1.3795948534e+00 1.9096817121e-02
-3.7422016930e-01 3.0000000000e+00 2.6069441003e-01
-1.7861098835e+00 2.7900038371e+00 2.7980087320e-02
1.0998964399e+00 2.3705889717e+00 8.2161900384e-01
-6.1412132708e-01 1.9558652777e+00 4.2593584799e+00
2.1346235142e-01 -1.1845837919e-02 2.7651977040e-01
1.7409317298e+00 1.0815803284e+00 9.6133265013e-01
-2.3732220450e+00 -2.0611577723e+00 1.3291026056e-02
1.9640457015e+00 -5.3308898622e-01 1.1823853745e+00
-2.2759380846e+00 2.0856025476e+00 1.9606678748e-02
2.7135694956e+00 1.6597067385e+00 1.2927604231e-02
1.3541892565e-01 2.7721715981e+00 7.3879183353e-01
2.2724098647e+00 -2.9386502288e+00 -1.4643160780e-03
2.3734363646e+00 -1.9932078307e+00 -4.9492769910e-03
-2.3637038425e+00 -1.1640082124e+00 -3.3312391227e-02
1.3626503779e-01 -2.0221124226e+00 -4.7938129321e+00
2.2358757475e+00 -1.6514432891e+00 1.3364418333e-02
2.7520501247e+00 2.5800557854e+00 8.8899495632e-04
3.4436192844e-01 -2.3203425954e+00 -2.5427371124e+00
-2.0499141051e+00 -1.1030818046e-02 -1.1811214976e+00
-1.6890753281e+00 -2.0900486695e+00 5.4431851122e-02
-1.5535879411e+00 -2.5124556871e-01 -2.1211802312e+00
-1.5646630596e+00 2.6503108527e+00 9.7705792933e-02
-1.5778178801e+00 2.9999340785e+00 2.4483601847e-02
2.6096151652e+00 1.3530847360e+00 3.8533156548e-02
-8.1139077788e-03 -3.0000000000e+00 -2.4404093317e-01
-2.6916191691e+00 -8.8712061671e-01 -4.3264820342e-02
1.9315629970e+00 2.1530649113e+00 1.2343326951e-01
-2.5824214937e+00 1.0588792517e+00 -7.1794244465e-02
-1.1827409687e+00 2.7900388291e+00 1.7212744723e-01
-8.5659905073e-01 3.0000000000e+00 1.4366439118e-01
4.3318444486e-02 -2.0583126659e+00 -4.4394322499e+00
-3.0000000000e+00 1.3796550206e+00 -4.8261472785e-03
2.9839066259e+00 1.1214220845e+00 1.0737628441e-02
-5.4291875505e-01 2.2460908803e+00 2.7383942142e+00
-2.0616093852e+00 1.6379876565e+00 2.6543329658e-02
-1.7822597752e+00 2.1913743704e+00 1.5356514279e-01
-2.2343265202e+00 -7.1028494047e-01 -2.9434948466e-01
-1.0168360651e+00 2.5053953736e+00 6.5331322881e-01
1.3322936043e-01 -1.1282736205e+00 -2.9438245767e+00
3.0000000000e+00 4.0922357069e-01 2.7771766834e-02
1.4246517489e+00 1.9019603251e-01 3.3196202775e+00
-1.3597979132e+00 2.5586184030e+00 2.4219377115e-01
5.1821163095e-01 1.9764803932e+00 4.6422754498e+00
3.9407683232e-01 -2.0376890860e+00 -4.4131272983e+00
-6.5074991489e-02 2.4476969617e+00 2.1877299257e+00
1.9141881817e+00 -1.8473106787e+00 -9.4352642802e-02
5.7402494866e-01 2.2778957039e+00 2.4637472662e+00
-2.0333018869e+00 -6.5852436800e-01 -5.2404297046e-01
-3.5734027183e-01 -2.6245965062e-01 2.8197602212e+00
7.3700765146e-01 -2.8338431515e+00 -3.4073882122e-01
2.7214248265e+00 2.6436206446e+00 8.3327761152e-04
-8.5977755844e-01 -2.4845738325e+00 -4.0097110537e-01
2.4609559491e+00 2.1522924030e+00 1.3818126976e-02
-2.1990646695e+00 1.7869931964e+00 2.3010854528e-02
3.5720331199e-01 2.6156008397e-01 -2.9719405087e-02
1.0335807995e+00 2.1357943900e+00 1.6271492597e+00
6.9714079728e-01 1.6749886902e+00 4.9770319929e+00
2.6784355590e+00 1.9047895760e+00 8.9070380193e-03
8.2037859755e-01 1.2752930501e+00 3.7712358628e+00
-4.6568792978e-01 -1.2241518639e+00 -8.1282569014e-02
2.3315766616e+00 -2.9328771097e+00 -1.0868386938e-03
-2.0381155013e+00 3.0000000000e+00 4.5389357164e-03
2.2683445902e+00 2.8971001327e+00 2.8400611554e-03
3.9091084832e-01 5.9575734201e-01 3.8175010829e-01
1.5611319813e+00 1.8123469250e+00 7.5451739679e-01
-1.1043271249e+00 -3.0000000000e+00 -1.7160063569e-02
-1.8512865797e+00 -2.8286073912e+00 7.5503609582e-03
2.9169315727e+00 2.5549862882e+00 3.9263279256e-04
-2.7553560450e+00 -3.2554401436e-01 -9.2653107215e-02
2.2006546918e-01 7.8661727369e-01 1.4052166360e+00
9.3001069604e-01 -3.0000000000e+00 -1.2584381151e-01
-1.3279232723e+00 -2.9240348912e+00 -2.8965806844e-03
-2.6306824040e+00 2.8477970881e+00 4.9632812127e-04
1.6289351015e+00 -2.4293428656e+00 -1.4440194716e-01
-1.7900517945e+00 -9.9366831153e-01 -7.8380161306e-02
-1.8605509547e+00 -2.5546750367e+00 1.5681340805e-02
-1.0122419942e+00 -1.1420267163e+00 1.4772093981e+00
2.4237061187e+00 5.8631162980e-01 2.7685597034e-01
-2.6496330698e+00 1.9603380280e+00 1.6182577910e-03
1.4272538494e+00 -3.9488041124e-02 3.4414782171e+00
-4.0301196905e-01 -2.1667887251e-01 2.6141372377e+00
1.9227178196e+00 3.0000000000e+00 7.6434610869e-03
-1.3288027112e+00 -5.6313698589e-01 -5.8061568710e-01
4.0510175747e-01 1.8150634670e+00 6.1944987487e+00
-1.6944031250e+00 2.0812899973e+00 2.5445586799e-01
1.3961083402e+00 -2.8498449289e-01 3.2428316781e+00
-2.0268428987e-01 -2.2743945974e+00 -2.4892607325e+00
1.5015900472e+00 -2.0973776924e+00 -4.5971198628e-01
1.8358485304e+00 1.0793755464e+00 7.8210802942e-01
2.9299266830e+00 -1.0983219944e+00 1.4923107038e-02
-2.2798879415e+00 4.7485347412e-01 -5.3313126277e-01
1.3311323693e-01 -3.0000000000e+00 -2.5409273143e-01
2.8778015252e-02 1.3281771755e+00 7.0590971772e+00
-8.0006877848e-01 -1.9601084390e+00 -1.2800832046e+00
1.3177057081e+00 3.0000000000e+00 5.3268575816e-02
-5.9718566119e-02 -4.3322520748e-01 2.2914068658e+00
-2.8261461094e+00 2.8698953757e+00 1.5227716668e-04
5.5313428924e-01 -1.7514171728e+00 -5.3784157731e+00
-6.5539062111e-01 -2.8382644174e+00 -1.9842171623e-01
6.1277052378e-01 -2.5309293635e+00 -1.1478817473e+00
-8.7861349878e-01 2.1775849843e+00 1.9506224288e+00
2.8817367929e+00 1.3196255006e+00 1.1875722696e-02
-1.6503241052e+00 -2.6267476558e+00 1.2371527795e-02
2.2701797645e+00 2.4800808301e+00 1.2942162386e-02
2.1741708329e+00 -1.9610948413e+00 -2.1712746274e-02
-2.4063354041e+00 -3.0000000000e+00 9.7568668379e-04
-2.6211743790e+00 3.0000000000e+00 2.8589029259e-04
1.9270708191e+00 1.8247369059e-01 1.6128444303e+00
8.5547087080e-02 -2.9215842216e+00 -3.5290039821e-01
2.8839110406e+00 2.7249978071e+00 2.5281869938e-04
3.2410640304e-01 -2.4198634126e+00 -1.9756686057e+00
-8.0926023962e-01 -1.4678419858e+00 -2.6484566454e-01
-7.3452371981e-01 -2.5199934894e+00 -5.1550344314e-01
1.2641793045e+00 -2.5806459895e+00 -2.8861990100e-01
2.8961279248e+00 -9.3557517745e-01 2.4264479607e-02
-2.3321285194e+00 1.6800194374e+00 -2.3868098520e-04
-1.8638832640e+00 -1.2071303715e+00 6.8262725815e-02
-1.5247157552e+00 2.6119249454e+00 1.2580070183e-01
2.0883745195e-02 4.0750122706e-01 3.5677223574e-01
-2.5591816271e+00 -1.3300548700e+00 -6.0286254033e-03
-6.0224624040e-03 -1.2873535584e+00 -3.9668907258e+00
2.2172325886e+00 -7.0131103132e-01 4.9072603155e-01
-1.6771440637e+00 -4.2588965160e-01 -1.4488092071e+00
1.9662473436e+00 1.1179342109e+00 5.3797490981e-01
2.6007940719e+00 6.3211434191e-01 1.3356787802e-01
-2.2308102529e+00 -2.8646743991e+00 2.8221571300e-03
9.3713931345e-01 -2.9533913319e+00 -1.5153561683e-01
1.3580979865e+00 3.0000000000e+00 4.7852198325e-02
2.4416641430e+00 -2.5639690984e+00 -2.0874922830e-03
-2.2319299741e+00 -1.5524961826e+00 3.0582228291e-02
2.0294225166e-01 7.2672385320e-01 1.0112044356e+00
1.7263119630e-01 2.3394261466e+00 2.8544062295e+00
-9.4221258675e-01 -3.0000000000e+00 -3.8488401172e-02
2.4638857683e+00 1.3812550780e+00 6.6855494297e-02
-6.3351441858e-01 -2.2344872672e+00 -1.3707517545e+00
-2.9399411700e+00 -2.2161090827e+00 7.9784366200e-04
-1.9794365184e+00 -2.8636868925e+00 5.4740078552e-03
5.9038337685e-01 2.1837686020e+00 2.9806494084e+00
1.8856149721e+00 -2.1145618893e+00 -9.7988553184e-02
7.7772047668e-01 -6.8566259979e-01 6.2188816844e-01
2.0855521861e+00 -2.2134978183e+00 -3.2322537812e-02
1.3906310162e+00 -3.4441986996e-01 3.1321737427e+00
-1.5698363531e-01 -4.1833368603e-01 2.7764663871e+00
-1.2857729929e+00 1.8138143251e+00 1.2565762335e+00
1.2823627628e+00 1.8347996054e+00 1.5092570241e+00
-7.8796205112e-02 -2.2761726895e+00 -2.7331947640e+00
-1.8588581362e+00 -1.3121758518e+00 1.1274604736e-01
2.8219411521e+00 -2.2591841771e+00 -7.0897578158e-05
-1.9889482612e+00 2.6441654311e+00 2.1321324746e-02
-2.5860637499e+00 2.7348170769e+00 9.4326780330e-04
1.6632355363e+00 8.8369424060e-01 1.3869332094e+00
2.1676225373e+00 1.7757360087e+00 1.0664151258e-01
-3.0000000000e+00 5.5878276227e-01 -2.7739452359e-02
-2.7993107728e+00 -8.7180188446e-01 -2.9721312868e-02
-2.3718116088e+00 1.7140211385e+00 1.0655631330e-03
-1.8670541041e+00 1.5458592502e+00 6.2342484573e-02
3.0000000000e+00 5.7042015579e-01 2.3710692833e-02
1.7941073043e+00 -3.4776160564e-01 1.9672911196e+00
1.4757085189e+00 1.5165651769e+00 1.2429202994e+00
2.5295962255e+00 -2.4465694974e+00 -1.5701035997e-03
-2.0327586404e+00 -6.2007161792e-01 -5.7813519144e-01
1.9637300221e+00 2.0574355136e+00 1.3514356496e-01
2.9704908961e+00 -3.4751131713e-01 3.4528737163e-02
7.0768532758e-01 -2.1044072235e+00 -2.9233647054e+00
-1.6206889672e+00 -3.5014533798e-01 -1.7432369989e+00
-2.9161626558e+00 -2.7086079062e+00 2.7329837055e-04
6.7063387974e-02 -3.0000000000e+00 -2.5095981726e-01
2.0606400724e+00 -1.1346346497e-01 1.2005302841e+00
2.3066647000e+00 -2.5542206273e-01 5.5536957765e-01
-2.2621987091e+00 -2.5841751823e+00 5.9380921019e-03
1.0848523689e+00 1.8622981163e+00 2.2541006832e+00
-3.3125172525e-01 -1.1842108674e+00 -5.1529455714e-01
3.0000000000e+00 -2.8482587085e-01 3.0927272268e-02
-7.9306201303e-01 -6.8570503903e-01 2.8207265966e+00
-5.3568771784e-01 -1.8234311599e+00 -2.7697422110e+00
-9.3407220465e-01 -2.5644270506e+00 -2.4402207004e-01
-5.9871926399e-01 2.1028507867e+00 3.4397914216e+00
-1.8049197043e+00 1.2813425961e+00 -1.8260992846e-01
-2.6410496677e+00 -1.0966519801e+00 -2.4645402980e-02
-2.5085569151e+00 -9.7963939717e-02 -2.8361832733e-01
-1.9890490425e+00 1.3546521492e-01 -1.3853306347e+00
2.2227099447e+00 -1.3001040866e+00 1.1931063675e-01
2.2158452760e+00 -1.8854574216e+00 -1.3291942423e-02
7.4700254750e-01 2.1080167063e-01 1.4767098422e+00
1.8469215348e+00 2.0734146545e+00 1.9835844899e-01
2.7171251728e+00 1.0775475979e+00 4.0907423447e-02
-8.5060332103e-01 -2.9813168112e+00 -5.9672941862e-02
2.3238954551e+00 1.4613522690e+00 1.0008724247e-01
3.5878060744e-01 -3.0000000000e+00 -2.4383559856e-01
-1.9127055089e+00 1.9653024055e+00 1.2003372392e-01
-2.8902770892e+00 -2.6886869867e+00 3.3049061932e-04
-1.5862892719e+00 -2.8545022480e+00 6.8064097583e-03
1.8128822322e+00 1.5197350898e-01 2.0635835396e+00
-2.6391514705e+00 2.2562743285e+00 2.2213282949e-03
-2.8051293361e+00 -2.3245987756e+00 1.2779048034e-03
-1.6618571902e+00 -2.5641922255e+00 1.4541605750e-02
2.5293585228e+00 2.3020087055e+00 6.6825853861e-03
2.8315642818e+00 -1.2778587183e+00 1.5128352800e-02
2.3751989981e+00 -2.7374090804e+00 -1.7968417807e-03
2.5030660806e+00 1.2012091939e+00 7.9516272629e-02
5.9326116137e-01 1.4899829693e+00 5.6758655871e+00
2.7238644725e+00 -6.3193381717e-01 8.3336465218e-02
2.7912910271e+00 1.2815996778e+00 1.9733122776e-02
-2.4457538098e+00 2.1784266127e+00 7.3060291810e-03
-1.5237063907e+00 -7.4459693841e-01 -3.4012888527e-01
-2.4408774181e+00 -1.7368764865e+00 1.3508609340e-02
-2.9580493925e-01 2.4028434867e+00 2.2815375388e+00
-1.7396414759e+00 2.8437214941e+00 2.6945731199e-02
-2.1869645350e+00 2.3033755546e+00 2.2381648276e-02
5.7151837352e-01 -1.3565527107e+00 -4.8333840633e+00
-2.9148150647e-01 -1.9417589838e+00 -3.9468007900e+00
1.6595697975e+00 1.0808870134e+00 1.1319476056e+00
-3.0000000000e+00 -6.2096134565e-01 -2.1254459613e-02
2.1611914087e+00 1.9940653569e+00 7.2353101575e-02
8.9811210784e-01 -1.8378671227e+00 -3.1043691899e+00
-2.4066935265e-01 -5.7333412968e-01 3.3092371513e+00
-9.6600092799e-01 -1.6009529974e+00 -2.5007741900e-01
-3.4033668669e-01 -1.0102306342e+00 1.4364215176e+00
-2.1217111933e+00 -1.8820250352e+00 4.1059433006e-02
1.9000951877e+00 1.0316813710e+00 7.1451660024e-01
8.1115298608e-01 2.1261180185e+00 2.4699241179e+00
2.8758598532e-03 -2.3884121791e+00 -2.1553183657e+00
-1.5857111500e+00 -3.0000000000e+00 5.0641525377e-03
1.5378859176e+00 -2.4850839421e+00 -1.6965610657e-01
-2.0132894455e+00 -9.7922802631e-01 -1.4926813905e-01
-8.0865035261e-01 -2.7105011350e+00 -2.1822821507e-01
3.0000000000e+00 -9.3941807751e-01 1.4581780945e-02
-1.0309508737e+00 -6.4160254349e-01 1.2539690309e+00
-1.8808149606e+00 -2.1754392972e+00 3.9689787259e-02
-1.4069443566e+00 -1.2948068493e+00 5.6114396901e-01
-2.1614637580e-01 2.6118798759e+00 1.2641814128e+00
-2.4807426700e+00 2.6670306052e+00 2.0492617004e-03
1.7713764077e-01 1.6966393654e-01 1.4021924872e-01
-2.0298872341e+00 -5.2661389687e-01 -7.1425593540e-01
2.7720234735e+00 1.4297832131e+00 1.5929120471e-02
3.0000000000e+00 2.8708522101e+00 7.1975098462e-05
2.6510129356e-01 -1.5152275137e-01 3.5544508179e-01
2.6983832131e+00 1.5012039494e+00 1.9334970105e-02
8.6697615163e-01 -2.8791303838e-01 2.0731132590e+00
-1.3335943281e+00 -5.2177946168e-01 -7.8967826869e-01
-2.7492719382e+00 7.3281473225e-01 -6.9082435490e-02
1.9725491149e+00 -2.9881143810e+00 -5.1378775978e-03
2.8511273852e+00 -2.8532644756e+00 -4.5301465642e-05
7.7488641823e-02 -2.4233023178e+00 -2.0052838636e+00
1.3022847164e+00 3.0000000000e+00 5.5447566873e-02
-2.1523521445e+00 -2.3663698951e+00 1.4375166251e-02
2.5208266131e+00 3.0872497672e-01 2.4746077036e-01
1.4819142483e+00 1.4153348537e+00 1.2963291825e+00
2.0453000427e-01 1.7040051404e-01 8.6774545947e-02
2.5559290078e+00 1.0029373174e+00 9.1718913963e-02
-1.9343868701e+00 2.6793582613e+00 2.3619548596e-02
7.2046697230e-05 5.9037041548e-01 6.5860795913e-01
2.4369320208e+00 1.0964043263e+00 1.2353320966e-01
-2.2295349924e+00 1.3722318599e+00 -7.1309388216e-02
-5.6540107973e-01 -8.9223035562e-01 3.0793303658e+00
2.4492094643e+00 -2.4137192087e+00 -2.8392305202e-03
-2.8463894043e+00 1.6104644902e+00 -3.4494708730e-03
-2.5290630373e+00 -3.8782652734e-01 -2.0983987026e-01
2.5517895894e+00 -2.7176525326e-01 2.2859874584e-01
4.6777456278e-01 -1.1931253709e+00 -4.0135905292e+00
1.9620719776e+00 4.1742598694e-01 1.2906709902e+00
-2.9144556933e+00 -1.2127274620e+00 -5.5695696734e-03
2.0003695494e+00 3.0000000000e+00 5.6561173785e-03
-5.5293641157e-01 -8.7424755975e-01 3.1660966301e+00
-1.7832325505e+00 -2.4263954955e+00 2.2686303279e-02
-1.6331873024e+00 -7.3974849701e-01 -4.8717610544e-01
2.1647194046e+00 -1.1378773689e+00 2.3400721381e-01
-1.8092995302e+00 -7.7531695541e-01 -4.5508685341e-01
9.7065376617e-01 8.9866778978e-01 2.2678788601e+00
-2.2368470024e+00 -2.4839581289e+00 8.3977490910e-03
2.4973021155e+00 2.2983057152e+00 7.8745958602e-03
8.7069312126e-01 -1.9930205367e+00 -2.7234126894e+00
2.8023670979e+00 -2.6390295851e+00 -1.3320682897e-04
8.8864531315e-01 2.3353486891e+00 1.3597940655e+00
-1.1797496717e+00 -1.4355138726e+00 5.1493688729e-01
3.0000000000e+00 -1.5021374970e+00 3.5743932779e-03
1.1920906312e+00 -9.9668470556e-02 3.4890995390e+00
2.9047764953e+00 -4.1535931650e-01 4.5256969941e-02
-8.5533593221e-01 -2.6571409373e+00 -2.3036898617e-01
5.1580542716e-01 1.6262389388e+00 6.2085172842e+00
-2.7729891799e+00 -1.4888760106e+00 -1.8182115324e-04
-3.0000000000e+00 5.4090316822e-01 -2.8278424340e-02
-2.5932466577e-01 -1.5535074759e+00 -4.2865239783e+00
-1.1492266274e+00 -6.9096801307e-01 7.6625406816e-01
4.3791332818e-01 -2.9924402528e+00 -2.4101999408e-01
1.9270737997e+00 1.7168087723e+00 2.7756875870e-01
2.7942517691e+00 2.4564161075e+00 1.0782153495e-03
3.3434936986e-01 2.7307523913e+00 7.8383132200e-01
1.5323526857e+00 -3.3752459485e-01 2.8546821289e+00
1.1062457882e+00 1.3737085792e+00 2.6840817038e+00
2.2156714064e+00 -2.9839414055e-01 7.2410532202e-01
2.4327818377e+00 -2.1743399537e+00 -4.0821484362e-03
-9.3821588594e-01 1.9563670628e+00 2.5226828726e+00
-9.1445037984e-01 -1.8593719867e+00 -8.4842493168e-01
3.0588852130e-01 1.0194419926e+00 3.4427531763e+00
2.1477404724e+00 1.6069546810e+00 1.5154358140e-01
2.7814434344e+00 2.3220059606e-01 8.7635860159e-02
-2.8795821877e+00 2.5147871772e+00 3.2959619472e-04
1.2780702629e-01 -1.1268520622e+00 -2.9025898296e+00
2.7505741006e+00 2.7670335316e+00 4.4699328699e-04
-2.9289110441e-01 -6.7958130361e-01 3.3811769315e+00
-2.9496000073e+00 7.3342225331e-01 -2.8144717285e-02
1.6216438605e+00 2.0063284820e+00 4.6927896525e-01
1.8235137406e+00 7.2553729421e-01 1.2571250131e+00
2.4175441171e+00 -7.1580519000e-01 2.4956092029e-01
-2.9289061518e+00 -7.8684537332e-01 -2.1181701182e-02
1.9497100964e+00 -8.1443678182e-02 1.5842148875e+00
-9.8778496558e-01 2.3767843732e+00 9.9523388528e-01
2.4104502721e+00 -2.8285731630e+00 -1.0514083066e-03
2.7480720049e+00 1.5752164334e+00 1.3138404805e-02
1.9134480764e+00 2.0871280204e+00 1.5240701719e-01
1.2080460872e+00 1.3909172784e+00 2.2583412301e+00
5.8824036607e-01 1.5683900408e+00 5.7872653774e+00
-2.2222652409e+00 9.4001433551e-01 -3.1585208739e-01
1.9311498365e+00 1.9747765314e+00 1.7912869286e-01
-2.3161562262e+00 -2.3832333102e+00 8.3883247780e-03
-1.2219786190e+00 -2.8850152298e+00 -1.4685960861e-02
-8.7996746302e-02 -2.9955705905e+00 -2.3763556251e-01
-8.4724466210e-01 2.0679390955e+00 2.5290830839e+00
-1.5050459969e+00 -2.2983880778e+00 6.2328749021e-03
-1.7078859626e+00 -2.5924694834e+00 1.4600316909e-02
1.7786657021e+00 -3.0000000000e+00 -1.0993253006e-02
2.9722695547e+00 -2.1022458626e+00 2.3430294438e-04
2.7021313719e+00 9.5736065850e-01 5.4057225386e-02
-2.1543275230e+00 1.4694552391e+00 -3.9741493264e-02
-3.6280328855e-01 1.9232289215e+00 5.7105947177e+00
2.5541408362e-01 -1.9922444199e+00 -4.9798094313e+00
-1.6267929590e+00 1.8546297312e+00 4.0172011808e-01
-3.7276922683e-01 -1.3507746063e+00 -1.9657551641e+00
7.9047815616e-01 -2.6745400034e+00 -5.6751849364e-01
1.9878124163e+00 2.6314018917e+00 2.5271511065e-02
2.1850322104e+00 -4.5292946200e-01 7.1245725176e-01
-4.9618435289e-01 -2.4861982976e+00 -9.5995185070e-01
1.1371781950e+00 1.9123547508e+00 1.8991409147e+00
-2.5885515895e+00 2.3686583242e+00 2.5015512100e-03
-2.9325798390e+00 -3.3383175081e-01 -4.2214434884e-02
-2.8954487924e+00 -9.9993377867e-01 -1.3738439650e-02
-2.4072187877e+00 -2.6486647659e+00 3.0241852598e-03
3.9920596981e-01 2.0362039628e+00 4.7205606724e+00
2.3520134814e-01 1.4689544906e+00 7.4378493365e+00
3.4988343256e-01 -1.2545239310e+00 -4.7074690935e+00
-7.1833063863e-01 2.1582078870e+00 2.6359459087e+00
-2.1448445292e+00 -2.7414346525e+00 5.3283743113e-03
-6.1828152130e-01 -4.9284272451e-01 3.1601026716e+00
2.2756970505e+00 -2.7234782037e+00 -3.2777549140e-03
1.6288066969e+00 1.2679796782e+00 1.0267487491e+00
1.6896632889e-01 2.6329363855e+00 1.1994763163e+00
3.0000000000e+00 2.0183049309e+00 1.2579066016e-03
1.6323414308e-01 9.2666773317e-01 2.7158380397e+00
2.9839635987e+00 8.9837862522e-01 1.6139115323e-02
-2.4766457929e+00 6.5106177191e-01 -2.2640614807e-01
-2.9324344620e+00 -1.0292873586e+00 -1.0689677359e-02
-7.1687644910e-02 -1.7545263170e+00 -5.6748718251e+00
-2.0892375679e+00 -1.8206352583e+00 4.9289450320e-02
2.1385296455e+00 -1.7814072448e+00 -1.5310743363e-02
-2.2359936017e+00 -1.2340046496e+00 -1.5154851439e-02
-2.6428837995e-01 1.4954047314e+00 7.4744050079e+00
1.8372847620e+00 -2.8159098303e-01 1.8854000696e+00
-2.4898909420e-01 -2.3610248660e+00 -1.9254784982e+00
-2.9139986527e+00 -2.9081421402e+00 1.4436764555e-04
-2.7288411748e+00 3.0000000000e+00 1.5865807905e-04
4.3113895319e-01 2.7258081638e+00 7.4113320754e-01
-6.8723976578e-01 -2.0569715513e+00 -1.6167254967e+00
-1.6412437538e+00 -8.8501766140e-01 -1.3663636986e-01
4.2247274241e-01 -2.2120071537e+00 -3.1304433412e+00
2.1282985725e+00 -7.2099027550e-01 6.1651141722e-01
2.1344343945e-01 2.2394577632e+00 3.5690910258e+00
-1.1643584879e+00 -2.4778307781e+00 -1.1931454160e-01
-1.1490929956e-01 -5.5820338903e-01 2.6795460289e+00
2.1284171210e-02 2.3370008120e+00 2.9585104772e+00
2.3894221650e+00 -3.6177608721e-01 3.9543123800e-01
-7.1981680412e-01 -9.8658633583e-01 2.5490504407e+00
-2.9103171403e+00 -2.6675886535e+00 3.1819426654e-04
-1.3333464542e+00 -6.8688772415e-01 -6.2801130736e-02
4.9965177462e-01 -5.5009529664e-01 3.0475689174e-01
-2.6341802935e+00 2.6342935119e+00 1.0022814211e-03
1.1618421450e+00 1.8260161800e+00 1.9991793293e+00
-1.4580648063e+00 2.8234584674e+00 7.2619886662e-02
3.5069403974e-01 -9.0571018298e-01 -1.3931916351e+00
2.6266662721e+00 2.1407197710e+00 6.4519379549e-03
-1.5636888970e+00 -3.4492371061e-01 -1.8087467425e+00
-2.8566054806e+00 -1.4734817645e+00 -6.9477926774e-04
2.2746542171e+00 1.0712736782e+00 2.2903735545e-01
-5.7159197196e-02 -1.3917174693e+00 -4.6388763928e+00
-1.3867844043e+00 -7.8480274313e-01 1.0817535370e-01
-1.6719548414e+00 1.4198693575e+00 9.1942985416e-02
-1.6226636226e+00 1.7295775540e+00 4.0553877770e-01
-5.4602309712e-01 -2.4220902171e+00 -1.0501171359e+00
-2.5499825404e+00 -3.0000000000e+00 5.5532372784e-04
2.1315190187e+00 -2.0324341589e-01 9.6656585194e-01
-2.4076938158e+00 4.7712980584e-02 -4.1883761796e-01
-9.6987243268e-01 -1.1574932055e+00 1.4871678846e+00
-1.7593661507e+00 -5.1165441420e-01 -1.1163424614e+00
-1.6816159975e+00 -9.5998947931e-01 -4.1246335615e-02
2.6826087756e-01 1.0063142476e+00 3.3746883701e+00
-1.3378420937e+00 -1.5218475184e+00 3.6057694103e-01
-2.1366584693e+00 -1.9179051951e-01 -8.6404542443e-01
-7.1603160526e-01 -1.3950101357e+00 -2.2836301177e-01
1.0606958245e-01 1.2958128306e+00 6.6958447819e+00
1.7548979199e+00 2.0877238926e+00 2.6306409148e-01
-2.9540174567e+00 1.3494538844e+00 -6.5947980976e-03
1.1332386457e+00 3.0000000000e+00 8.3446891808e-02
1.9745545240e+00 -2.6051341210e+00 -2.1383488706e-02
-1.1430262876e+00 -7.9083048171e-01 1.1156789626e+00
-6.1748448612e-01 3.0000000000e+00 2.0468726889e-01
-2.2433780614e+00 2.5209033427e+00 1.0187532633e-02
1.3412956229e+00 -2.3486639509e+00 -4.5181554922e-01
-1.8114981874e+00 1.8194675141e+00 1.9090507257e-01
2.2474460470e+00 -2.6944674056e+00 -4.2093747671e-03
-2.1936684708e-01 -2.7634935271e+00 -5.5117008123e-01
1.6442736185e+00 1.6569643515e+00 7.1412383014e-01
-1.0105985379e+00 -2.7014086173e+00 -1.1151198607e-01
6.2163020760e-01 -7.2229898342e-01 -6.9589544979e-02
2.3913774001e+00 9.4922660162e-01 1.8673050314e-01
-1.4432173794e+00 -3.0000000000e+00 3.0500743880e-03
4.3897690695e-01 -1.3532650927e+00 -5.3199893375e+00
2.8626073810e+00 -1.2739788689e+00 1.3307361151e-02
5.7994607823e-01 -1.8938989679e+00 -4.6341267150e+00
4.6246360626e-01 8.1617690357e-01 1.5345190026e+00
1.0482640948e+00 -2.4582048834e+00 -7.0270519746e-01
3.4362827402e-02 5.8517375918e-01 5.8342257225e-01
-2.9811091029e+00 9.6383750078e-01 -1.6139228700e-02
-1.9620210047e+00 -1.2650384193e+00 4.8792129081e-02
9.5112192901e-01 2.7764907629e+00 3.0090304212e-01
-2.3148364138e+00 -2.2994757061e-01 -5.0361394008e-01
8.3975693693e-01 1.2473522140e+00 3.5876175136e+00
-1.2831128938e+00 -3.6651445817e-01 -1.3898018714e+00
-1.7813724663e+00 1.7563708231e+00 2.1083370060e-01
-8.9142729532e-01 -1.6084543362e+00 -5.1575052607e-01
-2.8772261369e-01 -2.3441605229e+00 -1.9237462872e+00
2.7599386873e+00 -1.7768381697e-01 9.9888985154e-02
-2.2482220869e+00 2.2840962889e+00 1.7358758624e-02
1.7663233588e+00 2.5026835443e+00 8.6923874602e-02
4.7104814302e-01 1.0098541599e-01 2.4398079145e-01
1.0997214862e+00 2.2167589955e+00 1.1971081399e+00
5.7074855864e-01 3.0000000000e+00 2.1657292292e-01
-1.8498958863e-01 1.6060524749e+00 7.8431998926e+00
-3.0000000000e+00 -2.0648670945e+00 7.0988491726e-04
-7.4405875894e-01 1.9966552324e+00 3.3529490643e+00
-1.0693235599e+00 -1.9238692204e+00 -4.1793230371e-01
4.2249209689e-01 1.1643352087e+00 4.5910877823e+00
-1.6058359842e+00 -5.8229226319e-01 -9.6732968631e-01
-2.4846728739e-01 -2.3073138747e+00 -2.2003920727e+00
2.3837166759e+00 8.4712593720e-01 2.2508205125e-01
-6.8166998090e-01 2.1005270824e+00 3.0992296346e+00
-1.0806288621e+00 -1.4730266748e+00 3.5696597270e-01
-4.1134692423e-01 -1.8731671595e+00 -3.4785535899e+00
-4.4994825651e-01 1.9053172957e+00 5.4308702519e+00
1.1806425574e+00 -2.5873701749e-01 3.2794040667e+00
1.0748419066e-01 -2.9494436448e+00 -3.1506221608e-01
-1.8329419230e+00 1.7143871264e+00 1.5751447564e-01
1.0439807677e+00 9.2918548268e-01 2.2975652550e+00
2.9649468512e-01 -2.5319169648e+00 -1.4371748501e+00
3.0000000000e+00 -2.2924031904e+00 4.0900639820e-05
-3.0000000000e+00 -2.9415762170e+00 8.2372769547e-05
-1.5456961059e-01 -1.0035087727e+00 3.1234403706e-01
-2.6000944772e+00 -2.2443432283e+00 3.8431241479e-03
-2.3641837607e+00 -4.0206520773e-02 -4.7667533273e-01
8.0624521912e-01 -1.8183792313e+00 -3.7039232390e+00
-2.1678460081e+00 2.9605694869e+00 3.0789517032e-03
-3.0000000000e+00 -2.1716753754e+00 6.2131575953e-04
-3.0000000000e+00 9.2911523119e-01 -1.5813248954e-02
-2.2857001537e+00 -1.2733126205e+00 -8.6093260027e-03
-4.7352353468e-01 -1.4784528942e+00 -2.2423894651e+00
2.5898134912e+00 9.3642573839e-01 8.9574523634e-02
-3.0388241190e-02 -2.1262754270e+00 -3.8289016088e+00
3.0000000000e+00 -1.6333769464e+00 2.2567993096e-03
1.5967920198e+00 3.9598886820e-01 2.5231718917e+00
2.9449395288e+00 -6.0717652583e-01 3.1113096779e-02
-1.4384312194e+00 1.9277355478e+00 7.2909565879e-01
-1.9899704334e+00 -2.1378000572e-01 -1.2066958020e+00
1.9632418006e+00 2.7841310083e+00 1.5899851911e-02
2.2063905783e+00 7.2015903268e-01 4.8198434770e-01
5.7353763096e-01 4.7706873206e-01 5.8753729619e-01
-8.1433621931e-01 -2.9878768538e+00 -6.5305625368e-02
7.7840146429e-02 -2.3165605227e+00 -2.6503158480e+00
-7.3732469951e-01 -1.7425817293e+00 -1.5345942353e+00
-1.4813120751e+00 1.9261995223e+00 6.3646647541e-01
1.5867443587e+00 -2.1985539347e+00 -2.8622313842e-01
2.6738564358e+00 -2.5486944207e+00 -4.5495263376e-04
1.2014139068e+00 1.3096548855e+00 2.2712430999e+00
1.4939063333e+00 2.9171935622e+00 4.6336895753e-02
5.8109982306e-01 1.0211303133e+00 2.9898502865e+00
2.2999646669e+00 -3.0000000000e+00 -9.7111933535e-04
2.8559326157e+00 7.2659167336e-01 3.8945513878e-02
-1.7980438584e+00 -2.4399367120e+00 2.1864769474e-02
1.4168924360e+00 1.8662952404e+00 1.0396402078e+00
1.2947054202e+00 -2.0358386416e+00 -9.6357549089e-01
1.9574733806e+00 2.0770971643e+00 1.3268586322e-01
6.8615573791e-01 1.4892011302e+00 5.1037095203e+00
2.0710365228e+00 -2.3502022936e+00 -2.6998287899e-02
7.2490202788e-01 -2.6631928057e+00 -6.4886178341e-01
-1.8166360209e+00 2.6154388696e-01 -1.9201998323e+00
1.3526789635e+00 -1.3905292676e-01 3.4966812075e+00
3.4584218586e-01 1.1035224046e+00 4.2208218055e+00
7.9604650302e-01 1.4439203233e+00 4.3666914546e+00
1.9252566895e+00 -1.0397285168e-01 1.6684831041e+00
1.6738702504e+00 9.0890180204e-01 1.3240546955e+00
1.6741500501e+00 2.1171239778e+00 3.2155852442e-01
6.6202099887e-01 -1.3504162353e+00 -4.3210195992e+00
-6.2087551881e-01 -6.2552657104e-01 3.4938474739e+00
1.8109550366e+00 1.1541299585e+00 7.5828488872e-01
2.0697738667e+00 -2.0737668281e+00 -4.0965477688e-02
2.2213474153e+00 1.7384648112e+00 9.2489377493e-02
9.3073841165e-02 1.6791826392e+00 7.8769608118e+00
-1.1076784329e+00 -1.8413431120e+00 -2.8920170375e-01
-1.4693047016e+00 3.0000000000e+00 3.4181083183e-02
-7.9053765027e-01 -1.9881111987e+00 -1.2943981345e+00
-5.8115116379e-02 -1.6314666741e+00 -5.7988905267e+00
-2.7873206564e+00 -2.3691302646e+00 1.2631003379e-03
7.7295208819e-01 2.3409076371e+00 1.6197954067e+00
-2.1261672205e+00 -2.8834986177e+00 3.6062547521e-03
-2.5176485341e+00 -3.0000000000e+00 6.3362924596e-04
-7.5538099261e-03 1.2965060138e+00 6.8159548199e+00
2.5449338343e+00 9.4144297001e-01 1.0626472551e-01
2.4914049077e+00 -1.9722620025e+00 -9.0493920177e-04
-2.3167959645e+00 -2.7169932856e+00 3.3916650303e-03
-2.3045732397e+00 -2.7780867532e+00 2.9308761212e-03
-2.1105813285e+00 1.1230038381e+00 -2.6073377370e-01
-3.0000000000e+00 -2.1509058006e+00 6.4024513407e-04
-1.6496273635e+00 -2.1358695380e+00 4.5139306228e-02
-2.7184868030e+00 -2.3932245889e-02 -1.2809369877e-01
1.8993889524e+00 -2.8031982690e+00 -1.4921725353e-02
1.2745276777e+00 1.4032715116e+00 1.9954600635e+00
-8.9118509948e-01 -1.4855468391e+00 -6.7119451589e-02
-2.1080212730e-01 -6.4315042997e-01 3.0971085892e+00
1.9864058519e+00 2.4950497406e+00 3.9842792024e-02
-2.2304051034e+00 -9.6114465197e-01 -1.2777969311e-01
-1.9413357301e+00 1.9781623640e+00 1.0506183278e-01
2.0137804062e+00 -2.6696440493e+00 -1.4503445618e-02
-1.8406504985e+00 -1.3601038482e+00 1.3345842828e-01
-2.7463001801e+00 -4.9709645263e-01 -7.8633764155e-02
-2.7327719504e+00 -3.0000000000e+00 2.4990795173e-04
-6.0595713422e-01 -2.6526265934e+00 -4.5163109243e-01
-3.0000000000e+00 -9.8060415101e-01 -9.2952379440e-03
-2.4511290444e+00 2.9005912531e+00 1.0334870697e-03
5.6337305498e-01 2.6168407744e+00 9.4903128588e-01
2.2934683830e+00 2.6381279799e+00 6.8750844192e-03
1.9199384621e+00 1.8777631166e-01 1.6352435440e+00
-7.2255882638e-01 -1.7486075936e+00 -1.6223747765e+00
-2.6806475114e+00 -9.7737643177e-01 -3.4000434275e-02
1.9461203254e+00 -2.3684600925e+00 -4.6696137617e-02
2.0266735838e+00 -4.0803019296e-01 1.1379554802e+00
-8.4702936100e-01 1.8631362190e+00 3.3294815299e+00
1.7499996910e+00 8.2703370757e-01 1.2762705293e+00
-2.8703581514e+00 3.0000000000e+00 7.0452413119e-05
1.3112523301e+00 -2.2727619188e-01 3.4161313811e+00
-1.0532737569e+00 -6.3864627521e-01 1.1054945776e+00
3.0000000000e+00 -2.2182457888e+00 8.9879905163e-05
1.0034433450e+00 -2.7253406989e-01 2.7357195967e+00
-1.3632820455e+00 -1.0584469930e+00 6.8265369009e-01
2.8728210682e+00 -2.4007702419e+00 -7.7762984743e-05
-1.2557755069e+00 2.4413255647e+00 4.5220394134e-01
2.1235527143e+00 1.9460240001e+00 9.2431705924e-02
-1.9002320757e+00 -2.1525442444e+00 4.0784977412e-02
2.2620495952e+00 -7.1669648064e-01 4.1856878845e-01
-4.9255919745e-01 2.9449347665e+00 2.9745958797e-01
2.7990179228e+00 -1.3567496557e+00 1.3919756471e-02
-2.8574135481e+00 -1.9443822570e+00 1.6839278750e-03
1.5763328512e+00 -2.2021575484e-01 2.9039087912e+00
1.4867152897e+00 1.1596662368e+00 1.4540171839e+00
1.0088702823e+00 2.9263798663e+00 1.4863329295e-01
-1.1729578362e-01 1.2071091329e+00 5.9305177819e+00
-1.4754132831e+00 1.8906910874e+00 6.6812570822e-01
-3.0000000000e+00 -2.1056105967e+00 6.7904339889e-04
2.5616886251e+00 4.9235793590e-01 1.8211393423e-01
-3.9273042835e-02 -2.5752937468e+00 -1.2194802503e+00
-2.1644952732e+00 -1.6597109300e+00 4.3003263845e-02
1.6523620767e+00 3.3707578390e-01 2.4494024976e+00
2.6669532821e+00 -8.4799392229e-01 7.8073962102e-02
-6.0876817701e-01 -1.2646965987e+00 2.8286895175e-01
5.3365735609e-01 1.5760697977e+00 6.1274936627e+00
2.0361239248e+00 -2.1093018548e-01 1.2437785090e+00
7.8790547326e-01 2.9492328398e-02 1.7920839077e+00
-3.0000000000e+00 1.6156907025e+00 -1.8383903688e-03
-2.5511948601e+00 1.1504312513e+00 -6.3313070042e-02
-1.4405381486e+00 -1.1620102190e+00 5.4576392248e-01
-1.3920675732e-01 -1.9790517613e+00 -4.4617652257e+00
2.8507279865e+00 -1.7386616459e+00 2.7246471288e-03
-3.4708080176e-02 -7.4353053953e-02 1.2997760877e+00
-1.6851791638e+00 2.5461893703e+00 9.1334360930e-02
2.7832498187e+00 -1.0548490150e+00 3.2095967026e-02
-6.3308358303e-01 -2.2033391968e+00 -1.4594042844e+00
-9.3073419861e-01 2.7837698561e+00 3.0173505429e-01
5.4677446088e-01 2.9095213551e+00 3.2578790749e-01
-2.3459785138e+00 -1.5751348075e+00 1.8279009790e-02
2.8187438988e+00 -2.2943570255e+00 -1.0697454718e-04
2.7739527512e+00 -2.0720918427e+00 2.7941051661e-04
-1.5699364393e+00 1.8019909555e+00 5.0197407597e-01
-8.0514337228e-01 -1.2469281579e+00 1.0135746866e+00
1.0423992509e+00 4.7264420886e-01 2.5534077244e+00
1.7958750273e+00 2.4970009668e+00 7.9843596088e-02
-1.0649115063e+00 2.5807552218e+00 4.6722202705e-01
3.1043786134e-01 -2.7136939857e+00 -7.7825086571e-01
1.2943705214e+00 -2.8778374558e+00 -9.1185551806e-02
-2.3149229303e+00 -9.0809118435e-01 -1.3122676444e-01
-7.9991884374e-01 2.0419226469e+00 2.8611010513e+00
5.7575144568e-01 2.2918583899e-01 5.7909573683e-01
2.3363909236e+00 -3.0000000000e+00 -7.9469132268e-04
8.8034902230e-01 2.3260177130e+00 1.4125229138e+00
-1.6698609867e+00 1.5436661621e+00 2.3462394093e-01
4.8754666446e-01 -1.3077683591e+00 -4.8687547166e+00
-2.8554440058e+00 2.6012782353e+00 3.0712233460e-04
-8.6327499935e-01 2.8522072426e+00 2.6181029629e-01
-5.1897833968e-01 2.0055224868e+00 4.4309456965e+00
3.0026711182e-01 -1.4900278897e+00 -6.2715957503e+00
-1.6840907419e-01 -1.0956528825e-01 1.9141028776e+00
-8.9097119434e-01 2.8606119856e+00 2.4115674530e-01
1.8134002445e+00 2.2326757767e+00 1.5590760015e-01
4.8388546659e-01 -5.1054451459e-01 3.5844865558e-01
-2.0576666716e+00 -1.2935776951e-01 -1.0997618593e+00
2.2829038601e+00 1.4081130570e+00 1.2753620945e-01
9.5810666096e-01 1.5016757770e-01 2.6795100765e+00
-2.8802170278e+00 -2.5008132405e+00 5.8539436049e-04
-1.9495458278e+00 -2.8200313582e-01 -1.2261765696e+00
-1.0246451317e+00 2.9040075965e+00 1.5648488599e-01
2.7940095932e+00 -2.1354150935e+00 9.6908967177e-05
5.6480804553e-01 -2.8673639466e+00 -3.6585840398e-01
-2.1409873327e+00 9.5137312316e-01 -3.8560049568e-01
-1.1021568066e+00 -2.6028378839e+00 -1.0774263070e-01
-2.4794940339e+00 1.2539289775e+00 -5.8956630751e-02
8.4566789790e-01 -2.8052217064e+00 -3.2268551145e-01
2.5275120255e+00 2.6541359255e+00 2.1606426111e-03
-9.7915680347e-01 -2.2344465469e+00 -4.8933197919e-01
4.3011992337e-01 1.2734123753e+00 5.4841557073e+00
1.9491172093e+00 1.3235507653e+00 4.3050012632e-01
2.2443856443e-01 -2.6195968229e-01 6.1661716530e-01
-2.5783810372e+00 -9.3703813835e-01 -5.5339656419e-02
-1.1391126413e+00 2.5668996958e+00 4.1361712594e-01
-4.1071026474e-01 2.1716118921e+00 3.6513630240e+00
-2.6551510141e+00 -1.5009935419e+00 1.2637442119e-03
-2.0288071015e+00 -1.6114810495e+00 7.1607267892e-02
2.4411574629e+00 -1.0224464163e+00 1.3354537299e-01
-9.8613362957e-03 1.1753801851e+00 5.6350854911e+00
-3.0000000000e+00 6.8732389694e-01 -2.3658475480e-02
2.5411220224e+00 1.6975080867e+00 2.6386151668e-02
-2.4344885440e+00 1.7701902704e+00 2.1862251936e-03
1.7821614635e+00 2.8376189334e+00 2.5163800212e-02
2.0189329874e+00 2.3248006742e-01 1.2700521890e+00
-2.2790167595e-01 -2.1782358953e+00 -2.9764906196e+00
-9.1304164903e-01 -2.8765130755e+00 -7.7885424826e-02
2.2005391677e+00 1.8087130842e+00 8.8546874461e-02
2.6583538068e+00 -2.0770502043e+00 -1.2218759613e-04
-1.7860866198e-02 -1.7844414021e-01 1.4918084329e+00
-2.6576905681e+00 -5.1355966862e-01 -1.0945498518e-01
-2.3518067782e+00 -2.4303660675e+00 6.6209777972e-03
1.7879204371e+00 -2.4497368783e+00 -7.4596987891e-02
-2.1333942543e+00 1.2062757836e+00 -1.8486166495e-01
-9.4418101318e-01 -7.9393182866e-01 2.1655178072e+00
-2.3389901831e-01 -2.7550368952e+00 -5.6063979903e-01
2.6787286156e-01 1.4137168312e+00 7.0751455595e+00
2.3040977598e+00 -2.8689436377e+00 -1.6381495615e-03
-3.0000000000e+00 -1.3733922118e+00 -1.6281539434e-03
2.0295066558e+00 -5.1672539282e-01 1.0266581170e+00
4.7816072260e-01 -1.5504010953e+00 -5.9550101722e+00
-1.7424997292e+00 3.0000000000e+00 1.4081686639e-02
-6.0123378708e-02 -1.5985164030e+00 -5.7312109642e+00
2.1410418829e+00 2.6090838879e+00 1.4712996769e-02
1.1233877913e-01 -1.6067194608e+00 -6.4072796585e+00
2.8671368562e+00 2.7356651828e+00 2.6652678219e-04
2.1889111951e-01 -7.8575046783e-02 3.5607620944e-01
2.8170695977e+00 -2.4627826282e+00 -1.5453688302e-04
1.2124969091e+00 7.5224731465e-02 3.5277921126e+00
2.0070144736e-01 6.8884704378e-01 7.9254737595e-01
-2.1459894777e-01 -2.6759842726e+00 -7.6253693504e-01
1.0219350055e+00 1.2004091906e+00 2.7936858118e+00
-2.4955457331e+00 -2.8791381810e-01 -2.6253371972e-01
2.5656058598e+00 4.1776764199e-01 1.9192620172e-01
2.4979164562e+00 6.9675026258e-01 1.8381457895e-01
5.1588766581e-01 -3.0000000000e+00 -2.1991536820e-01
-1.8891024224e+00 -1.2089258182e+00 5.5895205266e-02
3.8610718981e-02 1.5139828976e-01 5.5059739362e-01
-9.3533068968e-01 2.4956646045e+00 7.9044045114e-01
1.2585460960e+00 1.8737294609e+00 1.5221313337e+00
-2.5349657879e+00 2.5618796385e+00 2.1162889519e-03
1.2017499926e-01 1.1282296957e+00 4.9819952021e+00
1.4832560973e+00 2.2649155933e+00 4.1022473553e-01
-1.7303349446e+00 2.4157862386e+00 1.1271442499e-01
-1.5546355294e+00 -2.0139087224e+00 5.5376913980e-02
-2.8937879822e+00 1.6041967340e+00 -2.9858728240e-03
-2.1345234847e+00 2.4303823509e+00 2.1325961901e-02
2.3036191134e+00 -1.4292897913e+00 5.8305029230e-02
1.0536993591e+00 5.6263543923e-01 2.4346495154e+00
-1.6131494305e+00 -3.0000000000e+00 5.1992002403e-03
2.2403975818e+00 -3.0000000000e+00 -1.3350752837e-03
-2.4236558501e+00 2.6786952201e+00 2.6374694934e-03
-1.2930663713e+00 -2.6824747837e+00 -2.3806088413e-02
-1.3281434159e+00 -2.8553938093e+00 -5.5951020028e-03
2.6501912860e+00 -2.9684651716e+00 -1.3079497502e-04
6.0350736827e-01 1.6571742306e+00 5.6145671804e+00
6.2719763471e-01 -9.9854993644e-01 -1.8969802961e+00
2.4064481239e+00 1.1944756136e+00 1.1666045243e-01
1.2496302251e+00 -2.4061431835e-01 3.3874035728e+00
-2.4393844333e+00 6.2575481137e-01 -2.6707709410e-01
2.3752963720e+00 -1.0778296743e+00 1.4728854330e-01
-2.5442461606e+00 3.0000000000e+00 4.2891125606e-04
2.3307480294e+00 1.2124743005e+00 1.4911372126e-01
1.9803036668e+00 -4.9232014324e-01 1.1852929303e+00
-2.4930979234e+00 -5.3947152097e-01 -1.9232771473e-01
-9.7265682601e-01 -1.2303217387e+00 1.1960669849e+00
-1.5648477751e+00 -8.0762820476e-01 -2.2126842581e-01
1.3362919756e+00 -2.7359725889e+00 -1.3946358275e-01
2.4763830180e+00 -2.3483714895e+00 -2.6549352629e-03
3.0000000000e+00 3.6578317360e-01 2.8736425851e-02
2.9821315767e+00 -2.8546780335e-01 3.3784778053e-02
-3.9631495523e-01 -1.4039091921e+00 -2.2594617550e+00
-8.6084186193e-01 -1.7129867064e+00 -8.9480296829e-01
-3.3589356769e-01 -2.6066684484e+00 -8.4175575464e-01
-1.6932098612e+00 -1.7861534789e+00 1.2730792595e-01
-1.4952816837e+00 9.3426441592e-01 -1.1032061904e+00
-1.4463969924e+00 -2.4091538950e+00 -8.8298325144e-03
1.8360098332e+00 1.9337004284e+00 2.6839191199e-01
2.6591272729e-01 -6.5644851436e-01 3.4862992537e-01
-2.4349302924e+00 -2.1987551899e+00 8.2226652432e-03
-1.3789467463e+00 -7.7339583073e-01 9.6081893835e-02
2.1730703266e+00 -7.7456095026e-01 5.0105468184e-01
2.6305096296e+00 -1.4413107562e+00 2.0667877645e-02
-2.1993500604e-01 1.9767488500e+00 5.7806928849e+00
2.5163253995e+00 1.2047268940e-01 2.7398531276e-01
2.1627255773e+00 -1.1934078468e+00 1.9897346934e-01
1.6080178684e+00 4.4428518613e-01 2.3933589705e+00
3.0000000000e+00 2.6500950922e-01 3.0670965327e-02
2.4934434135e+00 -2.6243275848e+00 -1.2753281494e-03
-2.6627631412e+00 1.9404285834e+00 1.2876709876e-03
-2.9270224177e+00 -2.7922909173e+00 1.9910748458e-04
6.9780125169e-01 1.4231345692e+00 4.8938188089e+00
1.7621542031e+00 1.2142581877e-01 2.2827896320e+00
5.3807079083e-02 -9.6104404546e-01 -6.5752626089e-01
-2.6115033195e+00 2.5439925469e+00 1.4687772543e-03
2.2524406915e+00 1.6060025012e+00 1.0286777229e-01
-1.9698147557e+00 -2.2931744564e+00 2.6026634248e-02
-4.0263247370e-01 2.8221680555e+00 5.2903690742e-01
6.3292879287e-01 8.3452107128e-01 1.7730082582e+00
-2.2284478052e+00 2.2724278930e-01 -7.2473588155e-01
1.9371845655e+00 1.1319811402e+00 5.6986818264e-01
-3.0000000000e+00 -1.2169972143e+00 -3.8946819628e-03
1.3589508631e+00 1.6996959356e+00 1.4413468131e+00
1.6948310676e-01 2.4285932449e+00 2.2522195645e+00
-2.6608817342e+00 -9.2927558693e-01 -4.2664953036e-02
3.5263447201e-01 2.5320521030e+00 1.5095095991e+00
1.2805466176e+00 1.7801638467e+00 1.6087347123e+00
-2.9289521363e+00 3.0000000000e+00 4.9705312036e-05
-5.9659259415e-01 -1.8443285211e+00 -2.3862418771e+00
2.5194309703e+00 -1.3134151184e+00 4.7118843564e-02
-2.3215509653e+00 1.0274044184e-01 -5.5681439892e-01
-1.2213519680e+00 -2.2548825447e+00 -1.4641287588e-01
2.7549799039e+00 1.9848761311e+00 5.0325069376e-03
9.9218690314e-01 7.0754426773e-01 2.1605942349e+00
5.3183961710e-01 -1.3540502642e+00 -4.9985689180e+00
-2.1843967396e+00 -1.3350786952e+00 1.3771439742e-02
-2.7145372845e+00 3.0000000000e+00 1.7181337987e-04
4.1626774661e-01 2.4717530739e+00 1.7232391507e+00
-2.8851431326e+00 -9.8048998725e-01 -1.5249956378e-02
-2.4057424511e+00 4.9211997150e-01 -3.4748540626e-01
-2.4355036482e+00 -2.6557693249e+00 2.6693096622e-03
2.0072370554e+00 2.2375527056e+00 7.5947931735e-02
-2.9779088428e+00 -2.7869262378e+00 1.5590974201e-04
3.0000000000e+00 2.3919036329e+00 4.2324536752e-04
2.0554098324e+00 2.1699875938e+00 7.4371071153e-02
2.9128902222e+00 2.1395366278e-01 4.8138621025e-02
1.5306050294e-01 -8.3158802358e-01 -7.8595243353e-02
5.0167676531e-01 7.2223813395e-01 1.0356283985e+00
2.9033243910e+00 -2.7673022931e+00 -3.8282496543e-05
-2.9837283948e+00 -2.1884974716e+00 6.6131987166e-04
2.0755527246e+00 8.6525130206e-01 5.7519677845e-01
-7.0595780837e-02 -2.7089565774e+00 -7.5919482886e-01
2.5849750996e+00 -1.2485117389e+00 4.5058017274e-02
2.9697353577e+00 6.1917733413e-01 2.6009960236e-02
5.2508517044e-01 -2.6705507495e-01 5.4119447323e-01
-2.6243930922e+00 1.5899546637e+00 -7.8719023064e-03
-2.2484348720e+00 -6.3816697061e-01 -3.3724565024e-01
-1.7456028601e+00 -1.7786004865e+00 1.2051317720e-01
1.1214202305e+00 -6.5071919537e-02 3.3595723040e+00
-2.0650833690e-01 1.6767928915e+00 7.6461002046e+00
-1.5442848174e+00 2.9902233652e+00 2.8374219779e-02
1.3221758962e-01 8.4607773566e-01 1.9948072957e+00
1.6970560640e+00 2.8577771629e+00 3.1101339929e-02
2.6147355024e+00 -4.2249241181e-01 1.6172913714e-01
1.2331116135e+00 1.5007960085e-01 3.4876559181e+00
1.3366825781e+00 -2.7716448546e+00 -1.2221286592e-01
-1.9721528945e-01 1.9834918837e+00 5.7793155316e+00
4.7112333548e-01 -1.5157797210e+00 -5.9214469948e+00
2.2416182802e+00 7.0518889114e-01 4.4094889847e-01
1.4693415583e+00 1.3588224077e+00 1.3684796973e+00
-2.6481155901e+00 1.9208106923e+00 1.2803918275e-03
-1.3978566398e-02 -1.9972255333e+00 -4.7452505349e+00
2.4742193561e+00 -1.1009616276e+00 9.9280843839e-02
9.4299896615e-01 2.0140696030e+00 2.4037148413e+00
6.7813203955e-01 -1.3983228088e-01 1.1648090054e+00
5.3289916168e-01 1.7135438618e+00 5.9179008848e+00
-3.0000000000e+00 -1.4188356800e+00 -1.1446654707e-03
-3.0000000000e+00 -1.4628631560e+00 -7.4308887371e-04
-1.9203961839e+00 7.7115601967e-01 -9.3818148821e-01
2.5604456020e+00 -1.3501608550e+00 3.6260083862e-02
-1.9635551048e+00 1.2051636042e+00 -2.5606569267e-01
1.1942254821e+00 4.2176974141e-02 3.5179264251e+00
-1.3000417000e+00 -1.1010993001e+00 8.5615258518e-01
7.5269358681e-01 1.1545444013e+00 3.4795285946e+00
-4.2467090965e-01 -4.9346581866e-01 3.6091195964e+00
2.0581878609e+00 1.4481297533e+00 2.6080242053e-01
-2.9960777720e+00 -2.9356638637e-01 -3.2497004847e-02
-2.0221244159e+00 -2.5946600173e+00 1.0906978851e-02
-1.2635079363e+00 -4.1432257430e-01 -1.0838718228e+00
1.0537629390e+00 -2.6369663183e-01 2.9412224012e+00
8.5685868281e-01 -1.9149669041e+00 -3.0888790021e+00
-2.2339226960e+00 -1.4626795284e+00 2.4428519764e-02
2.1916070662e+00 -2.8571740003e+00 -3.1038828001e-03
-1.3054213199e+00 -1.5753126155e+00 2.8372081273e-01
2.8594166185e+00 -1.2170919037e+00 1.5658233828e-02
-6.1834662565e-01 -1.9681953504e+00 -2.1097086525e+00
-3.9277776481e-01 -1.0960603695e+00 8.4079509805e-01
-2.3374163865e-01 2.2598042287e+00 3.3800861323e+00
-1.6001707950e+00 -2.1411538214e-01 -2.1650477335e+00
2.5446993398e+00 6.8925377158e-01 1.5512564024e-01
8.5230907001e-01 -2.3014360185e+00 -1.5473151431e+00
2.0924619786e+00 6.7290294758e-01 7.1116387040e-01
-1.9082342716e+00 6.2747928901e-01 -1.1955858690e+00
-1.9826000440e+00 9.1584113456e-03 -1.3895103180e+00
9.7423360430e-01 6.2246935486e-01 2.1585337661e+00
-2.1304924945e+00 -8.2417437366e-01 -2.6386340590e-01
-2.4617570368e+00 6.4989232290e-01 -2.3920175474e-01
-1.2421530067e-01 -2.7150423835e+00 -7.1654209943e-01
6.8226387010e-02 2.8955231875e+00 4.6282243331e-01
1.8796648352e+00 -2.2126264758e+00 -8.6587948342e-02
1.0401730833e+00 -2.6240432710e+00 -4.2781712423e-01
2.1744637913e+00 -9.2617359592e-01 3.8004295304e-01
6.5525266844e-01 2.2474188570e+00 2.3960276279e+00
-2.5684385833e+00 -1.4531733342e+00 1.1668796524e-03
-9.7496906146e-01 2.7605360008e+00 3.0224454643e-01
4.0630224326e-01 -1.2957004209e+00 -4.9868072533e+00
-2.6829026089e-01 1.1139077149e+00 4.7018882023e+00
6.9795209703e-01 1.5815267496e+00 5.0833396459e+00
1.5980621463e+00 -2.4895215335e-01 2.7964947234e+00
7.5482432390e-01 -6.4222488501e-01 7.1566075736e-01
-3.7842594320e-02 2.8519626192e+00 5.5292719027e-01
2.3819326201e+00 -2.1316523437e+00 -5.8444411611e-03
-2.7778762813e+00 -7.2216718111e-02 -9.8504370920e-02
8.9761627396e-01 -3.8409403245e-02 2.4219838708e+00
1.9743333848e+00 -1.2374036031e-01 1.4850953240e+00
2.6585908372e+00 2.3149241759e+00 3.3972427060e-03
2.2409691159e+00 -4.0659545705e-01 6.2453795673e-01
1.0512881756e+00 -2.6327464098e+00 -4.0582820787e-01
1.5806448024e+00 3.1087414298e-01 2.7283697193e+00
3.3340142492e-01 -1.7444018305e+00 -6.2232650675e+00
2.4335313046e+00 -1.7088713812e-01 3.7069738870e-01
1.5164707074e+00 -2.0308809603e+00 -4.8096836256e-01
-3.0000000000e+00 1.1205228804e+00 -1.0334837707e-02
-1.2927699866e+00 -2.1040922326e+00 -9.6559177851e-02
2.0152413772e-01 -2.2999286155e+00 -2.7794484052e+00
-1.5957449655e+00 2.7287235752e+00 6.7364119241e-02
-2.1358382776e+00 1.1382857665e+00 -2.3359435249e-01
2.1064810903e+00 2.8194993495e-01 9.8365234150e-01
-2.4821318206e+00 3.0000000000e+00 5.8971969911e-04
2.8838504245e+00 -1.7794477441e+00 1.9909295104e-03
1.3209841138e+00 -3.2056507178e-01 3.2435877472e+00
-2.3166246286e+00 2.6150869455e+00 5.4573631818e-03
-3.0000000000e+00 2.5096194380e-01 -3.5084223820e-02
-2.4740202290e+00 -6.0490147748e-01 -1.8269544299e-01
2.6571551384e+00 1.3034114205e+00 3.4558151203e-02
6.1922311584e-01 -2.6556934260e+00 -7.5901210730e-01
3.0000000000e+00 1.9701286058e-03 3.3122678936e-02
-1.5215060521e-01 -1.0961468515e+00 -7.6453312009e-01
1.4866458753e+00 1.2603372710e+00 1.3822248196e+00
-2.9624830144e+00 -6.2255568280e-01 -2.5216135254e-02
-4.3149291010e-01 2.6633272165e+00 9.2385859439e-01
-2.5722071341e+00 2.7477779592e+00 9.7176524647e-04
-2.3290178175e+00 -2.0065017690e-01 -4.9258216611e-01
-1.8131840386e+00 3.0000000000e+00 1.0919206719e-02
-1.7133089611e+00 2.5248330188e+00 8.8273922695e-02
2.4203064721e+00 -3.1396027234e-01 3.6526197419e-01
2.1399878680e+00 2.8482808734e+00 6.0523909728e-03
-4.8584210540e-01 1.9690783945e+00 4.8335148299e+00
-2.6889979962e+00 6.0286532169e-01 -1.0587222111e-01
1.8978574185e+00 2.4046977964e+00 7.2985792756e-02
-2.6762153432e+00 2.2666409450e+00 1.7584461016e-03
4.0571037342e-01 -2.1601322904e+00 -3.5210287498e+00
-5.8731127145e-01 2.4363680282e+00 1.6045980483e+00
-2.7030098938e+00 -1.4300116408e+00 -1.2975642550e-03
-2.2224771359e+00 -2.7524616368e+00 4.1192419203e-03
2.1164731229e+00 1.2043196387e+00 3.0851125968e-01
4.1540345832e-01 1.4259638904e+00 6.4780449554e+00
2.0879005077e+00 6.5047860509e-01 7.4006247598e-01
7.6347459411e-01 2.8742420307e+00 2.8332660887e-01
7.8971398831e-01 1.6512304569e+00 4.4223977218e+00
-2.9667811392e+00 -7.3814324563e-01 -1.9866200448e-02
-1.5810122060e+00 -1.4923526934e+00 2.8473436491e-01
1.7962051008e+00 -2.5830325486e+00 -4.8893700609e-02
-2.5681026330e+00 1.0857286461e+00 -7.0819845826e-02
2.6587608692e+00 -7.2426465750e-01 9.7494176361e-02
-2.0884931826e+00 3.5816702260e-01 -1.0064988005e+00
-2.1692766912e+00 4.9723662345e-02 -8.7590302498e-01
-2.8982580578e+00 1.0238888428e+00 -2.0857776010e-02
2.6311210761e+00 -1.7323454226e+00 5.6210628720e-03
2.2585912590e+00 -2.3411106184e+00 -1.0241644514e-02
2.7530095830e+00 -1.6851727662e+00 4.9543664824e-03
-3.1392463409e-01 5.4058680045e-01 8.0958287118e-01
-2.5263803144e+00 -3.0000000000e+00 6.1162842313e-04
-2.3782142549e+00 -1.7120187570e+00 1.7811444772e-02
-2.3935874713e+00 -1.7640158457e+00 1.6636921030e-02
2.9396517613e+00 4.3372732407e-01 3.6588787409e-02
2.3452429153e+00 4.5872827553e-01 4.1483618618e-01
-1.5498920299e+00 -1.8512553602e-01 -2.3148203694e+00
6.7917251742e-01 1.5832114003e+00 5.2040970260e+00
1.6697215641e-01 -1.2712071068e-01 5.8565036209e-01
-1.3155112317e+00 -1.0355564814e+00 8.0025630973e-01
-2.1631519976e+00 4.7574887351e-01 -7.5284177251e-01
-3.0000000000e+00 -1.8318257076e+00 7.2764562754e-04
-4.3088595171e-01 -2.8544365369e+00 -2.9173219165e-01
-2.4386637731e+00 1.7807343517e+00 2.5418938911e-03
7.6339319697e-01 2.5661444040e+00 8.6014047398e-01
-3.0000000000e+00 2.7672236848e+00 7.6338874035e-05
1.7272385416e+00 2.3196568299e+00 1.6773981954e-01
7.4472010073e-01 2.5564798491e+00 9.1204562280e-01
-4.8470594896e-01 -6.8764003974e-01 3.7420673348e+00
-4.2977106685e-01 -1.4177339505e+00 -2.1231500584e+00
2.3344051244e+00 8.6033689958e-01 2.6167061599e-01
3.1986312867e-01 1.6891432141e+00 7.1388772967e+00
-1.1638445660e+00 -1.3861491446e+00 6.3424110452e-01
-9.5016059179e-02 -2.0623453030e+00 -4.1030522165e+00
-1.1880351265e+00 2.2247325204e+00 9.1463466652e-01
2.5781957771e+00 8.3847030425e-02 2.1720015095e-01
1.7047409794e+00 2.6476904005e+00 6.6500687775e-02
-2.5790496224e+00 -3.0000000000e+00 4.9202327678e-04
-2.3370842874e+00 1.0159027314e+00 -1.8706503282e-01
-1.4981782173e+00 -7.5546944615e-01 -2.5977940204e-01
-6.4914455299e-01 -1.3154371964e+00 4.7209835156e-02
2.2325443980e+00 1.1512928703e+00 2.3132313861e-01
2.4113682925e+00 -1.9163505089e+00 -1.6318026583e-03
3.7225233904e-01 2.9254657528e+00 3.5800747758e-01
6.7217990568e-01 -1.9913887389e+00 -3.6815356860e+00
2.8029414969e+00 -2.8808178323e+00 -6.0606152328e-05
-2.0176208297e+00 -2.5164923994e-01 -1.0958547183e+00
-3.0000000000e+00 2.1052021610e+00 1.4717890547e-04
-2.8926521680e+00 -1.7913904553e+00 1.3225662925e-03
1.0493520835e+00 2.5055695568e+00 6.2229699702e-01
2.1782106329e+00 -2.8283513547e+00 -3.7147389657e-03
2.0920122398e+00 -2.4751487062e+00 -1.8005336667e-02
-1.9646441322e+00 -1.1979071403e+00 1.8417492231e-02
3.0000000000e+00 1.7584518709e-01 3.1959935420e-02
2.8300317274e+00 2.9290574638e+00 1.4850704935e-04
1.2821987925e-01 2.5325498562e+00 1.6789309293e+00
-1.5917405390e+00 -4.6686156908e-01 -1.3701624423e+00
-6.6792544117e-01 3.0000000000e+00 1.9179205528e-01
2.2744645159e-01 1.8006876680e+00 7.0084791636e+00
2.8630931417e+00 3.0000000000e+00 9.0369410452e-05
-1.6578160125e-01 -2.6336563161e-02 1.6490555366e+00
-2.6288530619e+00 -2.3209204494e+00 2.8938561064e-03
6.7854888953e-01 -1.3950177495e-01 1.1670193345e+00
-2.8870170523e+00 1.9794519257e+00 1.4260285158e-04
-1.5007786787e+00 -1.4266009641e+00 3.7570130767e-01
-9.8332623714e-01 -9.7046167898e-01 1.9589321108e+00
-2.9911568910e+00 2.2647389778e+00 2.2019524716e-04
1.7299671722e+00 1.4870211343e+00 6.6509707262e-01
-2.0400314234e+00 -5.9626451466e-01 -6.0289451207e-01
1.7944472249e+00 1.9982667059e+00 2.7471537494e-01
2.0235943190e+00 5.7849662492e-02 1.3255311273e+00
-3.2952598705e-01 -2.7708621509e+00 -4.7172035226e-01
5.8559226203e-01 2.2657703884e+00 2.5014382762e+00
3.0000000000e+00 -1.5873985687e+00 2.6696084461e-03
9.5170957851e-01 2.1184842324e+00 1.9698137373e+00
2.4968304578e-01 1.4433774865e+00 7.2840996851e+00
-2.1949181232e+00 5.5431652560e-01 -6.3628813413e-01
2.3082287363e+00 -7.6636651987e-01 3.3581225211e-01
2.0036917439e+00 3.0000000000e+00 5.5822513594e-03
7.2065505701e-01 2.0745058396e+00 3.1086301429e+00
1.3955279394e-01 9.0243655818e-01 2.5084596417e+00
2.7244348268e+00 9.5492354607e-01 4.9269918266e-02
2.0045662669e+00 -1.6920591969e+00 -3.0100565851e-02
2.7666668849e+00 2.5660552177e+00 8.6344531173e-04
2.7493182134e+00 -1.1659005857e+00 2.8871462500e-02
-1.0830107742e+00 2.9477521139e+00 1.1537380592e-01
-2.8444731149e+00 2.1276001233e+00 5.8136926717e-04
2.5082199169e+00 2.8004266084e+00 1.3642921692e-03
2.4715475886e+00 1.0105615685e+00 1.2565040216e-01
2.9484537450e+00 2.1534442677e+00 1.1587450393e-03
2.4678321067e+00 2.8115077859e+00 1.5899115895e-03
2.9534250972e+00 -2.4564398360e+00 -2.7236038730e-05
2.0355802962e+00 2.1750484926e+00 7.9347365032e-02
2.8033405634e+00 -1.9775425597e-01 8.1751108761e-02
1.5502914641e+00 -2.8699341228e+00 -4.3305898439e-02
1.2108539564e+00 1.2873783926e+00 2.2302992858e+00
3.3196415260e-01 2.7664508196e+00 6.8848553659e-01
7.4896641184e-02 -2.1617350972e+00 -3.7262914496e+00
-2.6011717280e+00 -1.7305657192e+00 6.2042493913e-03
2.6111645956e+00 -3.0000000000e+00 -1.4866266023e-04
4.0129791010e-01 -1.5103686477e+00 -6.1482028317e+00
-2.9682270643e+00 7.3469284333e-01 -2.5725994716e-02
-1.0320063684e+00 -8.3435946374e-01 1.7595753072e+00
-1.5693027031e+00 -2.5967237136e+00 9.3452867228e-03
-2.1032131401e+00 -1.5905024114e+00 5.4451382790e-02
-2.7993481159e+00 2.4304274753e+00 6.4627759978e-04
2.7685653866e+00 1.4882112507e+00 1.4328829213e-02
-2.2011752886e+00 2.8576672274e+00 4.0077959352e-03
-6.8419638577e-01 -2.7050860050e+00 -3.1199307012e-01
2.2803702829e+00 -1.3423818608e+00 8.8217961128e-02
-1.4788358122e+00 -1.7941928933e+00 1.2412596718e-01
1.7466379321e+00 1.9187972075e+00 3.6925718846e-01
2.6463565032e+00 -7.9315836596e-01 9.2796159549e-02
9.6502214975e-01 6.7550948768e-01 2.1087863890e+00
1.7310477214e+00 4.6827729441e-01 1.9604705495e+00
-2.7973398657e+00 -5.7423591902e-01 -5.6526707971e-02
-2.8686338678e+00 -2.4438146909e+00 7.1448444043e-04
-2.1818549784e+00 -2.1210834108e+00 2.2729533921e-02
2.8508045119e+00 -1.4250448729e+00 9.0173170748e-03
-4.0685929926e-01 2.9369774035e+00 3.3222577144e-01
2.7793118318e+00 -2.0028812473e+00 6.2950530667e-04
-2.6100859606e+00 1.4765129456e+00 -1.5459230402e-02
1.3477967924e+00 8.5589864006e-01 2.0629295308e+00
2.1126140710e+00 1.2960801813e+00 2.7230085952e-01
-2.7289183265e+00 2.1430068491e+00 1.3328283456e-03
4.7725441012e-01 -4.9421935553e-01 3.7477178879e-01
6.4521412451e-02 -1.7504955466e+00 -6.1644958783e+00
3.0000000000e+00 -1.2626752078e+00 7.1930298937e-03
-1.7653372521e-02 -1.6810209756e+00 -6.0043574213e+00
3.5350625864e-01 9.6725529716e-01 2.8419627004e+00
1.8176885930e+00 1.8116112573e+00 3.4707494676e-01
7.9865752232e-01 8.9616379013e-01 2.1917679386e+00
9.4862750120e-02 2.2772862124e+00 3.3940707899e+00
-3.1166066684e-01 2.4964241188e+00 1.7293129116e+00
2.4459333733e+00 1.1187053382e-01 3.5690424476e-01
-1.3869874437e+00 2.7157479355e+00 1.3282144831e-01
-2.5357034953e+00 -6.4053739205e-01 -1.3794482065e-01
2.7723337426e+00 -2.2131385283e+00 -1.1487522227e-04
-2.9181612679e+00 2.7382497870e+00 1.3929691539e-04
4.7669917464e-02 2.6068939590e+00 1.3431901368e+00
-1.5579535394e+00 3.0000000000e+00 2.6066537118e-02
-1.4909522044e+00 2.5482915677e-01 -2.8877247984e+00
-2.0556317800e+00 -2.8624679276e+00 4.6272128994e-03
1.6164518559e+00 9.7669689574e-01 1.3542196042e+00
2.3634194841e+00 3.0000000000e+00 1.1837741285e-03
-1.8709877384e+00 2.8174481879e+00 1.8402399117e-02
2.9243303586e+00 -1.9840574295e+00 5.7662699820e-04
2.2759143174e+00 -1.5317360139e-02 6.4825946583e-01
-1.2333666092e+00 2.3501041954e+00 6.1000615078e-01
1.4830987598e+00 1.3885864032e+00 1.3103331037e+00
1.3799486870e-01 -1.7129225922e+00 -6.3962675802e+00
-1.1013562225e+00 -4.5452931142e-01 -8.8202926368e-02
-2.0391463616e+00 -1.9896975886e+00 4.3392894492e-02
-8.1390317118e-02 3.0000000000e+00 2.9790782684e-01
-2.7400952441e+00 -1.8957440621e+00 3.1633335898e-03
5.7626529265e-01 1.4338527500e+00 5.6317919519e+00
-3.0000000000e+00 -6.6605554391e-01 -1.9629767862e-02
-1.8723098265e+00 1.4676455749e+00 5.2294204993e-03
-1.0083639690e+00 1.9195240484e+00 2.2846393732e+00
-2.3809096201e+00 2.1948333919e-01 -4.4877152169e-01
2.8999469734e+00 -3.3355699410e-01 4.8975157832e-02
1.3829743668e+00 1.2781670006e+00 1.6665152685e+00
-1.3132851640e+00 2.7498847983e+00 1.4368995062e-01
4.5445759489e-01 -1.3118959611e+00 -4.9978684279e+00
-1.5105428374e+00 -1.2906398051e+00 4.2745808467e-01
4.8768836533e-01 2.2851430233e+00 2.6517938436e+00
1.4350751732e+00 -1.7450979957e-01 3.3364375386e+00
2.5814470421e+00 -7.6784454277e-01 1.2527537943e-01
4.4499898455e-01 -2.1915536344e+00 -3.2202955450e+00
2.6802419737e+00 -1.5966347455e+00 9.4488420746e-03
1.0859617935e+00 -2.7868496275e+00 -2.1733290736e-01
-2.4726853374e+00 1.0891395757e+00 -9.9020260664e-02
1.9207129351e+00 6.1254126476e-02 1.6892461918e+00
1.2898487627e+00 -2.2668005680e+00 -6.3463648663e-01
4.5158468700e-01 -1.3198802416e+00 -5.0620730429e+00
1.8156489201e+00 -1.8949814295e-01 2.0454836746e+00
-1.2672457456e+00 -2.3759527277e+00 -8.4809570878e-02
-1.0603926032e+00 2.7007524433e+00 3.1480357391e-01
-2.8664844025e+00 1.2075225267e+00 -1.5115947373e-02
-1.9968268666e+00 2.8741524274e+00 9.0089675091e-03
-1.1688458721e+00 2.8902549914e+00 1.2028714981e-01
-2.2910208834e+00 1.7171529420e+00 6.0662944179e-03
1.7220121837e+00 -2.1306374538e+00 -1.9299830835e-01
-1.0018084001e+00 2.4320444733e+00 8.3296804198e-01
-1.5539540164e+00 -2.5058727644e+00 9.3422264789e-03
-1.6582253257e+00 -9.3945887709e-01 -5.0943342110e-02
2.6700686078e+00 -1.5807587994e+00 1.0469400483e-02
-2.7076236170e+00 -2.2831222489e+00 2.2048424043e-03
2.8471841217e+00 1.1636776531e+00 1.9217064098e-02
2.2382113715e+00 2.7982366678e+00 4.8376448068e-03
1.1013183603e+00 -3.0899347183e-01 3.0092056410e+00
1.5785358766e+00 -2.9109270031e+00 -3.3359085953e-02
-2.1480711319e+00 -2.9839522203e+00 2.4280953564e-03
2.2558670277e-01 1.5425074211e+00 7.6522795206e+00
1.7616525506e-01 1.8340211211e+00 6.9497973858e+00
1.8388103137e+00 3.0000000000e+00 1.0443350857e-02
-2.3956078473e+00 1.6378088622e+00 -6.4128715658e-03
-1.0501947939e-01 -2.9183285054e+00 -3.2754469256e-01
2.8761692077e+00 2.9893337521e+00 8.8032332781e-05
2.1466385500e+00 -1.2448662628e+00 1.7406946223e-01
-7.3703136510e-01 2.0477152289e+00 3.1313399052e+00
-9.4388221146e-01 2.9534820399e+00 1.4961005182e-01
1.2433525450e+00 2.3803094155e-01 3.3775981468e+00
2.8265900120e-01 1.8655058402e-01 -1.4123458320e-02
3.0000000000e+00 -1.7515322160e+00 1.4110839243e-03
1.3275619883e+00 -3.0000000000e+00 -5.0018056757e-02
1.3547376124e-01 9.0863364009e-01 2.5748543423e+00
-2.9050207994e+00 -1.6086764645e+00 5.2195741211e-04
-1.9220927567e+00 1.7286652323e+00 1.0240363044e-01
2.6964602244e-01 -6.1706800880e-01 4.5305012169e-01
2.2031685594e+00 2.7173270396e+00 7.6728497219e-03
1.7297933227e+00 4.6665605453e-01 1.9673818712e+00
-1.3654917133e+00 -2.1108876639e+00 -4.1083519603e-02
2.7939898195e+00 -1.4204782439e+00 1.1667045998e-02
-2.6566125207e+00 5.9725205995e-01 -1.2162607023e-01
1.8506951832e+00 2.6336843542e+00 4.1968616420e-02
2.1355135339e-01 2.7122315802e+00 8.9526314177e-01
-1.5802163909e+00 -2.5181107569e+00 1.1470793902e-02
-1.8572325728e+00 2.7543209296e-02 -1.8046902676e+00
6.2977618760e-01 1.0626671098e+00 3.2120851690e+00
-1.5191444420e+00 2.4345288787e+00 2.1771075689e-01
1.8713303988e+00 -3.7212934649e-01 1.6658620916e+00
1.9878899135e+00 2.8180777881e+00 1.2660071252e-02
-2.5327335153e+00 -8.0394211013e-01 -9.5592561645e-02
-1.7887593878e+00 1.6044986122e+00 1.5113368506e-01
2.5377109263e+00 -1.9956008469e+00 -5.0328401921e-04
-2.6319754008e+00 -3.0000000000e+00 3.9241412033e-04
-5.6359031243e-01 -3.0000000000e+00 -1.2059286611e-01
1.7139306006e+00 2.1654417183e+00 2.5487091872e-01
4.6776846450e-01 2.6085868252e+00 1.0758704730e+00
-3.0842618051e-01 2.7474190986e+00 7.5015375261e-01
-1.4016969890e+00 -1.1848859680e+00 6.1872696409e-01
-3.5828787984e-01 -1.9383502539e+00 -3.6009723533e+00
-2.9399780131e+00 -2.2031354134e+00 8.1527478183e-04
-1.8677910746e-01 2.0947126791e+00 4.8420622019e+00
-1.5723644602e+00 -3.0000000000e+00 4.9738728365e-03
-4.3099234841e-01 -2.9310144731e+00 -2.1126402359e-01
2.7615971341e+00 1.6718465937e+00 1.0002554829e-02
2.5397147548e+00 -1.3699809590e+00 3.6525413283e-02
2.2062044715e+00 -2.6490260913e+00 -6.0708129819e-03
-1.4532591111e+00 2.1719690981e+00 4.9036509055e-01
2.9971179384e+00 -1.4048967402e-01 3.3122962856e-02
6.1759822985e-01 -2.0411323734e+00 -3.6398168502e+00
-2.6783946677e+00 -2.4436620606e+00 1.7512192007e-03
1.9488791972e+00 2.8050021540e+00 1.5499131639e-02
-8.7016198515e-01 -1.4047390939e+00 2.4995870723e-01
2.0257672497e+00 1.9905833779e+00 1.2296952170e-01
-1.6660950001e+00 2.5996433754e+00 8.2550621167e-02
1.6979787866e+00 -2.2201941574e+00 -1.8142220716e-01
-2.7110074040e+00 2.3383202612e+00 1.2960097996e-03
-1.6846090931e+00 -2.9734066648e+00 5.6786645975e-03
-2.1554547186e+00 -1.9103913765e+00 3.5471938741e-02
-2.3935642672e+00 3.7233223443e-01 -3.9875713036e-01
2.7974673234e+00 1.4883382979e+00 1.2486740504e-02
2.8166300095e-01 -2.8260552823e+00 -5.1530659902e-01
6.7513629503e-01 3.0000000000e+00 1.9024073936e-01
1.0926041087e+00 6.4068112175e-01 2.3976778458e+00
1.2402920513e+00 -2.9365189598e+00 -8.2836296727e-02
-2.8397243314e+00 3.5799275568e-01 -6.9536368721e-02
2.4420362884e+00 -1.7268099515e+00 7.7889140791e-03
2.5252727145e+00 -1.4062481335e+00 3.3827199187e-02
2.7290927230e+00 -2.4006839665e+00 -3.6252550038e-04
3.0000000000e+00 -1.7672794740e+00 1.3195231811e-03
-2.7882659442e+00 -9.8456830225e-01 -2.2221463602e-02
2.7824062081e+00 -1.8726194843e+00 1.6667707789e-03
-6.8225250569e-02 -9.0721014758e-02 1.4833350211e+00
1.2489306405e+00 -1.5183514838e-01 3.5048641371e+00
-2.0871398430e+00 1.1962681242e+00 -2.1237090254e-01
-1.8064572129e+00 -1.7227049567e-01 -1.7686533896e+00
-2.6591658371e+00 -5.9358052610e-02 -1.6171727260e-01
-1.9635840874e+00 1.3833736936e-01 -1.4667148728e+00
2.3358353210e+00 1.3216250669e+00 1.2152605901e-01
2.3847699426e+00 -8.9070516892e-02 4.4850541061e-01
1.7803570647e+00 3.4677760790e-01 1.9840377357e+00
4.3939592275e-01 1.0549106617e+00 3.5287573124e+00
2.3476646971e+00 8.9396345408e-01 2.3752447223e-01
1.7167838909e-01 1.5400010675e+00 7.8180372503e+00
-2.1819205162e+00 2.7632090229e+00 6.2094545223e-03
-2.6995840204e+00 -2.2883054812e+00 2.2631816397e-03
2.5614178808e+00 2.9189297007e-01 2.1364076182e-01
6.8832623628e-01 2.1748188619e+00 2.6844808388e+00
2.5929977437e+00 2.8339477703e+00 7.8059959760e-04
2.5192681843e+00 2.1318599768e+00 1.1080294554e-02
3.2067773653e-01 1.0502035725e+00 3.7317301906e+00
2.8154969651e+00 2.9294657877e+00 1.6069034360e-04
8.9746359077e-01 1.3925538984e-01 2.3767458840e+00
1.8317046820e+00 2.3874835488e+00 9.7337285864e-02
-2.7781960217e+00 5.2803128062e-01 -7.8965183408e-02
-5.3076984795e-01 2.7204163927e+00 6.8633204038e-01
2.8685241808e+00 3.0524815831e-01 5.6524694246e-02
1.4855385130e+00 2.6270327871e+00 1.4188727822e-01
1.0000201728e+00 1.2968230532e+00 3.0566762329e+00
-2.7479851405e+00 -9.9237303728e-01 -2.5255750502e-02
2.3302035568e-01 -5.7568184105e-01 6.8297943558e-01
2.0375405216e+00 3.0000000000e+00 4.8764982115e-03
7.1785866981e-01 -2.7817991984e+00 -4.2704676774e-01
4.5166559542e-03 -1.5089528804e+00 -5.7450728107e+00
-2.2631808036e-01 -8.5786766314e-01 2.1513985469e+00
-2.8203527079e+00 -3.8852491337e-01 -6.5907756077e-02
-2.2533784100e+00 -1.5760141608e+00 2.8549742131e-02
-1.0282086190e+00 2.8646471177e+00 1.8201317725e-01
2.9915776145e+00 -1.4391972056e+00 4.5450880108e-03
1.6781061252e+00 2.8407946317e+00 3.5447574801e-02
2.9522778006e+00 -1.2848828006e+00 8.5357534617e-03
-1.8041717298e+00 2.7817243839e+00 2.7010455550e-02
2.9053251763e+00 1.3859909839e+00 9.1942274560e-03
-1.6089153066e+00 -2.3499786580e+00 2.0326829652e-02
-2.5462283830e+00 2.2161445883e+00 3.9934098084e-03
-1.8361842806e+00 2.8737694061e+00 1.6871946174e-02
1.0783150746e+00 1.5710314272e+00 2.8100449551e+00
-3.1125128716e-01 -6.4825243341e-01 3.5095617653e+00
2.8230779838e+00 -2.6091046118e+00 -1.1949196825e-04
-1.8930667657e+00 4.2854458081e-01 -1.5115327334e+00
2.6716553194e+00 2.3146406486e+00 3.1816839249e-03
1.7051117827e+00 1.7033137329e+00 5.6892128448e-01
-1.6695439563e+00 -7.6742951959e-01 -4.3800974093e-01
2.1741152687e+00 1.3003123722e+00 2.2154633456e-01
-8.2381723547e-01 2.9164124352e+00 2.1611420736e-01
1.1228389201e+00 6.9914519571e-01 2.3595241380e+00
-2.8914342069e+00 -2.9695826420e+00 1.3015264187e-04
2.4113945070e+00 -1.5094409361e+00 3.1182299590e-02
-2.7163586132e+00 -3.0000000000e+00 2.6944538848e-04
1.3661621815e+00 7.4617404837e-01 2.2252247415e+00
-1.2938293599e+00 -1.5359845715e+00 3.3917211983e-01
3.0000000000e+00 -1.3135086919e+00 6.2859637305e-03
-2.1618503525e+00 -2.0051413446e+00 2.9913647327e-02
1.3520645305e-01 2.6398473182e+00 1.1839478162e+00
-1.0741603692e+00 2.1732556601e+00 1.3276472376e+00
1.5890812750e+00 2.0603218951e+00 4.6844835079e-01
2.4066508426e+00 6.1280274963e-01 2.8529621073e-01
-1.2570449784e+00 2.2026935552e+00 8.0416345073e-01
1.3901296656e+00 -2.4657385754e-02 3.5093937687e+00
-2.5400021570e+00 6.5227188430e-02 -2.6140957172e-01
-9.1088342166e-01 2.6903334553e+00 4.3986076994e-01
-2.9926284779e+00 -3.3823286727e-01 -3.1776055240e-02
-1.4843689490e+00 -2.4272592483e+00 -1.7352440373e-04
2.0870566116e+00 2.2924880673e+00 4.8212231048e-02
6.4277086839e-01 2.3942749838e+00 1.6887331086e+00
-2.7015907820e+00 -3.1310464841e-01 -1.1699429762e-01
-2.8461861615e+00 1.2475546699e+00 -1.4691213932e-02
1.6813021688e-02 -2.2604448617e+00 -2.9715830806e+00
-2.4055889577e+00 1.2016033977e-01 -4.2149070470e-01
1.8377238619e+00 1.4146253559e-01 1.9734533179e+00
-2.5220952988e+00 1.4012436631e+00 -2.8993808664e-02
2.4643368240e+00 -8.7846658505e-01 1.6318850799e-01
-2.3893406505e+00 1.8995848724e+00 9.1116410216e-03
7.9980096999e-01 -4.0876085034e-01 1.5521718282e+00
2.3467269247e+00 1.2134202033e+00 1.4056756041e-01
-7.9327484070e-02 2.9239890514e+00 4.1120255570e-01
-1.2698480418e+00 -2.2562646856e+00 -1.0540191914e-01
7.6413959262e-01 -2.1067782344e+00 -2.6880367343e+00
-2.9999776607e+00 -2.2166084388e+00 5.7884873939e-04
2.9482748888e-01 2.4931760844e+00 1.7631626600e+00
-2.0986796045e+00 -2.5586825928e-01 -9.0128446868e-01
2.3714409159e+00 1.7398804242e+00 5.0411948155e-02
-1.9522715750e+00 -2.8896150994e+00 5.3373542191e-03
1.7758599975e+00 -2.0615235600e+00 -1.6985492930e-01
3.0000000000e+00 -3.0471942515e-01 3.0601446689e-02
1.2938175836e+00 7.5683795000e-01 2.2803322255e+00
-2.2227436416e+00 -4.1515479276e-01 -5.3955726516e-01
2.0374871538e+00 -4.6096472667e-01 1.0601633104e+00
-1.0979943016e-01 -2.6882997806e+00 -7.9701648449e-01
1.9776573236e+00 -3.1033059953e-01 1.3693989473e+00
-2.9280557599e+00 1.0603028875e+00 -1.6742118965e-02
-9.8338223761e-01 -7.0940173059e-01 1.7753730569e+00
-2.3834642802e+00 9.7874943864e-01 -1.7571599264e-01
2.9009434939e+00 2.7109334599e+00 2.4243742945e-04
7.0716748729e-01 2.0658256891e+00 3.2157579593e+00
1.0802947068e+00 2.3823739027e+00 8.3013469331e-01
-6.1836085898e-02 -1.6639641320e+00 -5.8053048148e+00
1.7369953719e+00 3.0000000000e+00 1.4972051907e-02
-2.4971370994e+00 -8.3796360200e-01 -9.7828116965e-02
-1.6142320167e+00 -3.9895583874e-01 -1.5921439194e+00
-2.6054540262e+00 2.3365789159e+00 2.4092293683e-03
2.5900041222e+00 1.7320115986e-01 2.0206193690e-01
-1.1298576422e+00 -1.0364636702e+00 1.3809051130e+00
1.7458249141e+00 1.8260008335e-01 2.3016992280e+00
-2.1679547423e+00 -1.0413218486e-01 -8.3928889273e-01
2.5270120072e+00 2.6847616403e+00 1.9363255228e-03
-2.2914372381e+00 6.3264619020e-01 -4.3344384432e-01
-2.0191040726e+00 2.3213414447e+00 4.5633277593e-02
5.2026918184e-01 -1.6108173003e-01 5.0089491044e-01
-2.8530957891e+00 -8.2559733897e-01 -2.6818295216e-02
1.5572172352e+00 5.3091674276e-01 2.3483922952e+00
2.5875462502e+00 1.9092622363e+00 1.3622110627e-02
-4.8978876865e-01 2.2422478695e+00 2.9198678107e+00
2.8150056530e+00 1.0022800212e+00 3.0218782197e-02
-2.0677534334e+00 2.7266154741e+00 1.1619594212e-02
-3.1623794707e-01 2.5016200594e+00 1.6976903879e+00
-1.4181033093e+00 -2.0020883789e+00 1.0603341275e-02
1.1413243218e+00 -2.7436362311e+00 -2.2475729224e-01
2.9327619248e+00 -2.6099498784e+00 -4.0950789320e-05
2.9550986378e-01 2.5561857489e+00 1.4526509062e+00
-3.0000000000e+00 2.1931114552e+00 1.9521759127e-04
1.7893667485e-01 -3.5680353527e-01 9.1636194686e-01
-2.3892999024e+00 -1.1365923962e+00 -3.8338090478e-02
1.2973161491e+00 -2.1885927298e+00 -7.3392204421e-01
2.1771974067e+00 -5.6650696445e-01 6.5294202807e-01
2.6512021981e+00 9.3602302350e-01 6.9607518005e-02
2.5700124647e+00 -2.5428155097e+00 -9.6577375438e-04
3.0000000000e+00 -1.1203788988e+00 1.0124208106e-02
-3.0332091163e-01 -9.9118635803e-01 1.4157191495e+00
2.5023544550e+00 1.0680938221e-01 2.8990726727e-01
-2.1199383311e+00 -2.0512628143e-01 -8.9305889871e-01
8.3199994122e-01 -4.2796953775e-02 2.0511415285e+00
-1.2867057376e-02 1.6580753291e-01 6.9433888473e-01
2.8726375621e+00 -1.6322539739e+00 3.9355390596e-03
2.3776549140e-02 9.5160631514e-02 6.9847565953e-01
1.7095449584e-01 2.6351491432e+00 1.1897607748e+00
2.0550057920e-01 1.9269211009e+00 6.2057416226e+00
-1.2909814126e+00 -2.7432518674e+00 -1.7896840745e-02
1.1705954629e+00 1.5339732511e+00 2.3820285069e+00
1.9407504122e+00 -2.3356883213e+00 -5.1554888304e-02
2.4625080444e+00 -1.9977244993e+00 -1.9548040611e-03
-9.6949376799e-02 -3.0771343880e-02 1.4333166599e+00
-3.2122109379e-01 -2.4686928489e+00 -1.3187655040e+00
-2.9084418516e+00 -1.1850457749e+00 -6.4750599450e-03
-2.3724992933e+00 2.6540094378e+00 3.6816336549e-03
1.7337205420e+00 2.1874048019e+00 2.2726214276e-01
1.4878363563e+00 1.6826369358e+00 1.0619176660e+00
2.3825906892e+00 -5.7824257660e-02 4.5347288915e-01
1.7224190681e+00 1.3852913729e+00 7.4553944935e-01
2.0671320960e+00 1.2156543237e+00 3.5251986573e-01
1.3611042602e+00 1.3344740775e+00 1.7127973253e+00
-2.0335471382e+00 -1.0719893206e+00 -7.4408508168e-02
-1.2822650040e+00 -2.1929043812e+00 -1.0335311998e-01
-2.5928975849e+00 1.8752667351e+00 1.4713756681e-03
1.6275180401e+00 -8.6057996072e-02 2.8342442066e+00
1.7588316367e+00 1.8248380370e+00 4.1102802669e-01
3.9191043503e-01 1.8720904049e+00 5.9212893540e+00
4.7872568324e-01 -2.8891619645e-01 4.4397450180e-01
-4.4446273392e-01 3.0000000000e+00 2.4610019968e-01
-1.7858221921e+00 -1.2288252647e+00 1.2976471352e-01
6.2170323047e-01 5.7742468241e-01 8.8394440247e-01
-1.6979664246e+00 -2.3648344475e+00 2.5233499221e-02
1.3948545835e+00 -1.0643113766e-01 3.4692226808e+00
9.7293281154e-01 2.2194267132e+00 1.5368622714e+00
1.3823740630e+00 -2.7222114393e+00 -1.2831816704e-01
1.1407091854e+00 2.9986034926e+00 8.2549357122e-02
-2.6966991818e+00 4.3537074584e-01 -1.2137765825e-01
-1.4735909933e+00 -2.4912204065e+00 -1.4177601071e-03
-1.6141192014e-02 -3.0000000000e+00 -2.4309908026e-01
2.1603629616e+00 -2.1130587457e-01 8.8777473843e-01
-1.2627007521e-01 -1.4466889439e+00 -4.6146808749e+00
1.0437543845e+00 -2.4309638858e+00 -7.6621944300e-01
1.8512710518e+00 -2.5603566972e+00 -4.1881281562e-02
2.0181346286e+00 2.7464198173e+00 1.4804827710e-02
-7.1855136645e-02 -1.2990605485e+00 -3.6725835860e+00
1.1684519612e+00 1.6105159763e+00 2.3270559580e+00
1.0157515948e+00 2.1007552447e+00 1.8031699748e+00
1.2841668882e+00 -2.4418405128e+00 -4.1439402205e-01
-2.2908513616e+00 -2.8097081468e+00 2.7772735085e-03
-2.8127309497e+00 3.0000000000e+00 9.8566540887e-05
-3.0000000000e+00 2.8560206265e+00 5.6156576641e-05
-1.5575766565e+00 -2.5028994084e+00 9.7484005826e-03
2.3496983382e+00 1.5312790608e+00 8.0294022234e-02
-3.0000000000e+00 2.0584642413e+00 1.0056146419e-04
-1.9828047612e+00 3.0000000000e+00 5.6872499968e-03
-1.1520576072e+00 -1.7921693711e+00 -1.5957912404e-01
-3.7911327047e-01 -2.5087673264e-01 2.7721105071e+00
-2.9867798760e+00 -1.1888269159e+00 -4.6579757619e-03
2.7313525770e+00 -2.8997616790e+00 -9.7478428058e-05
-3.0000000000e+00 -2.6379125744e+00 2.1843616034e-04
-1.1420425385e+00 -2.3477640261e+00 -1.8940111045e-01
-1.9361835829e+00 6.6678073110e-01 -1.0683948680e+00
-2.5467750928e+00 -1.5683170233e+00 5.8277675325e-03
2.8357099452e+00 -8.5196775244e-01 3.7121784940e-02
2.4182990111e+00 -1.3471055446e+00 5.8777877228e-02
-2.3882252294e+00 -1.5168842922e+00 1.2328883091e-02
3.2725211645e-02 4.2251762239e-01 3.3277170524e-01
1.4305035468e+00 3.5832757379e-01 3.0186653329e+00
1.3834768302e+00 -2.7738759279e+00 -1.0590681143e-01
2.7410523756e+00 2.8796514923e-01 1.0164920295e-01
-2.4938929861e+00 2.9620313492e+00 6.5052066189e-04
1.2880235237e+00 1.4283382944e+00 1.9359729751e+00
-2.1832128056e+00 -4.0677061964e-01 -6.0759333572e-01
-2.3527958943e+00 -2.3121089264e+00 8.7364652867e-03
-2.2137454937e+00 -1.2248860492e+00 -1.6332527413e-02
2.3704608762e+00 2.2772216510e+00 1.5040575443e-02
-1.7127833157e+00 -5.2771972494e-02 -2.2052460716e+00
2.9384605884e+00 1.3456386046e+00 8.4999662900e-03
-1.7743430977e+00 -8.1336761895e-01 -3.7483646687e-01
7.8530143854e-01 5.0450749624e-01 1.5031265037e+00
3.0000000000e+00 1.2641407285e+00 7.4053787863e-03
-6.3365300845e-01 2.2403335566e+00 2.4895919875e+00
1.4190073581e+00 2.3598733945e+00 3.8581077091e-01
6.8532082445e-01 1.3255561840e-01 1.1679323444e+00
6.2334430543e-01 1.2004790653e+00 4.1859650941e+00
-2.8246216468e+00 1.2655256181e-01 -8.1634178519e-02
1.5652307268e+00 1.7936325709e+00 7.6373201357e-01
-2.3828075484e-02 -2.6650114507e+00 -9.0959793158e-01
1.1712405760e+00 -2.8207656107e+00 -1.5664611714e-01
1.7193699617e+00 -2.1797998207e+00 -1.7976258519e-01
-1.1741625321e-01 -1.2522460147e+00 -2.8505752599e+00
3.0000000000e+00 -1.2878423539e-01 3.2737466594e-02
1.3559549452e+00 -2.4533636224e+00 -3.2788726306e-01
1.6104090127e+00 -2.8652120148e+00 -3.5918119630e-02
-4.8669104296e-01 -6.5077533376e-01 3.7680950930e+00
9.2712883788e-01 5.7944247377e-01 2.0428648851e+00
-1.2072798802e+00 2.0177355632e+00 1.2626586026e+00
-2.7145664423e+00 2.8395951892e-01 -1.2443697018e-01
2.3949696619e+00 6.6599202375e-01 2.7854716452e-01
4.4568111633e-01 -2.4311461883e+00 -1.7902375067e+00
3.6436520114e-01 9.1671790047e-01 2.3585341044e+00
-1.8954726634e-02 1.1437831442e+00 5.2965757213e+00
-5.2639412107e-02 -2.6698827072e+00 -8.8125822834e-01
3.0000000000e+00 1.7864885104e+00 2.2631195347e-03
2.2644951207e+00 -2.8471658849e+00 -2.2083530903e-03
-1.8669330545e+00 -1.4781307052e+00 1.2881634408e-01
5.9706497986e-01 1.6001579667e-01 7.0176810337e-01
2.0216041460e+00 1.0143966237e+00 5.3686548220e-01
2.6840074240e+00 -3.0000000000e+00 -8.9884319988e-05
-2.6735402328e+00 -7.3850441621e-02 -1.5195375423e-01
4.4894404032e-01 -2.8084817771e-01 3.9830449784e-01
1.4888469911e+00 2.9685056857e+00 3.7897360962e-02
-5.1117532629e-01 2.2993646839e+00 2.5002541010e+00
-2.5884747017e+00 -1.2089511393e+00 -1.6070097991e-02
-1.5068300418e+00 2.1281554352e+00 4.4896600490e-01
-1.8351718564e+00 -2.2978877551e+00 3.0738599101e-02
1.4963188084e+00 6.4292781453e-02 3.2626495499e+00
-2.9003818559e+00 -1.5869744382e-01 -5.5379129211e-02
-1.4264040263e+00 -7.2237007976e-01 -2.1003900411e-01
9.8100260923e-01 -2.3215178006e-02 2.8488625052e+00
-3.0000000000e+00 -9.2355384504e-01 -1.0950200039e-02
2.8414430606e+00 2.2783584709e+00 1.4530763249e-03
-2.1733846313e+00 1.0889076206e+00 -2.4756601995e-01
-1.4604444159e+00 -1.8840843374e+00 7.2801346587e-02
-2.1465595119e+00 -2.2256525728e+00 2.0217085359e-02
2.9708721393e+00 -9.3452717497e-01 1.6981049073e-02
2.0218840132e+00 9.7481473838e-01 5.6791921926e-01
4.4386275830e-01 2.1299475761e-01 1.2838439897e-01
9.6944293116e-01 1.1097424560e+00 2.7349344216e+00
-3.0000000000e+00 -4.0302560479e-01 -2.8748883222e-02
-2.8474142550e+00 -2.0399221851e+00 1.6489470405e-03
-2.1385595612e+00 1.5772132597e+00 -3.6866324866e-03
2.4801891854e+00 -1.1513144719e+00 8.5785328135e-02
-1.2862980129e+00 -2.9555798790e+00 -4.4929437308e-03
-2.9787976826e+00 -1.2985457807e+00 -2.8061267862e-03
-9.2525633849e-01 7.2832056784e-01 -9.6183617440e-01
-1.1873375726e+00 -2.9152054952e+00 -1.6084260606e-02
3.5561041410e-01 -9.9976814550e-01 -2.2461497686e+00
1.2039184377e+00 2.9196446822e+00 9.9580399151e-02
3.0000000000e+00 -1.8133812474e+00 1.0769486753e-03
-2.4039047015e+00 1.3943339826e+00 -4.2325035243e-02
2.5135481250e+00 -1.4259499741e+00 3.2726199112e-02
-1.7395830438e-01 1.6721568508e+00 7.7533622686e+00
8.0662399098e-02 -7.6003094143e-01 8.1888386098e-01
2.0831545033e+00 -2.5842875810e+00 -1.3761462629e-02
1.4305333931e-01 6.9364853732e-01 8.8367702066e-01
2.6747481248e+00 -1.5379427493e+00 1.2261574240e-02
3.0000000000e+00 1.3184191622e+00 6.5998728470e-03
-2.8721072872e+00 2.6620368409e+00 2.3347180384e-04
8.1754051876e-01 1.7994145227e+00 3.8713452993e+00
2.6176162394e+00 -1.7768232552e+00 4.4058206361e-03
2.8764201299e+00 -2.9693386961e+00 -2.2747733473e-05
-2.8961049412e+00 -2.2200023961e+00 9.9500991536e-04
-2.6833506712e+00 -2.9305964768e+00 4.0060552640e-04
1.7364973111e+00 9.4938785283e-01 1.1284117757e+00
-2.6549154288e+00 -2.2843235357e+00 2.7895224665e-03
-1.8569289324e+00 2.4157590834e+00 7.0363239058e-02
-1.5309930681e+00 3.0000000000e+00 2.8354220508e-02
-1.0550389213e+00 -1.9602171609e+00 -4.5820891926e-01
3.4089081244e-01 -2.8858014101e+00 -3.9760401320e-01
-2.8381309179e+00 3.0000000000e+00 8.5081722792e-05
2.9297052721e-01 1.4540451606e+00 7.1599557945e+00
2.2831740407e+00 1.7034879440e+00 7.7154140775e-02
2.9659444895e+00 2.5955519603e+00 2.5706423439e-04
5.6156253218e-01 -1.7258174672e+00 -5.4109471709e+00
2.2983077278e+00 3.9843086159e-01 5.1044937267e-01
1.1283742190e+00 4.2680712132e-01 2.8572319378e+00
1.7809112061e+00 2.7774402493e+00 3.1934504695e-02
3.9753852555e-01 8.7306196039e-01 1.9602669136e+00
5.5476371923e-01 -2.6097221743e+00 -9.4737438657e-01
-1.9931749740e+00 1.0710626896e+00 -3.9770968358e-01
2.7987108048e+00 -3.3491695517e-01 7.8174605048e-02
1.9934922852e-01 -1.3558063056e-01 4.9592844335e-01
1.6019788539e+00 1.8688427082e-01 2.8322419683e+00
1.6258787771e+00 2.1696893013e+00 3.3415896520e-01
2.1561897779e-01 -1.2802094580e+00 -4.8215689043e+00
1.6281441776e+00 2.6211398007e-01 2.6472864883e+00
-2.9687105196e+00 -1.9242535521e+00 9.1566651173e-04
8.3634620521e-02 3.8561229037e-01 2.1282415056e-01
-2.2017953473e+00 -9.7514029785e-01 -1.2620067470e-01
1.2234729635e+00 2.3073314529e+00 7.3076537887e-01
-2.7113223677e+00 2.3446110985e+00 1.2808742497e-03
2.2270346251e+00 2.7384039311e+00 6.3933035033e-03
2.8462325435e+00 -1.9893203911e+00 6.6290352278e-04
1.2579565741e+00 -3.0000000000e+00 -6.0425595093e-02
2.5841339882e-02 2.0242030002e+00 5.6404237296e+00
2.8605830962e+00 -2.4379062966e+00 -9.6740284711e-05
2.2465966953e+00 2.2405208320e+00 2.8592460904e-02
-3.0000000000e+00 -2.1272768090e-01 -3.3787051648e-02
-2.2468439570e+00 2.8214250319e+00 3.7374749364e-03
2.4092270197e+00 1.2186910181e+00 1.1064817644e-01
1.1141771425e+00 7.0602131556e-01 2.3430897141e+00
2.5663885416e+00 2.2474737475e+00 6.5099220657e-03
1.9839378642e+00 7.8643027117e-01 8.1369275637e-01
-2.4498548105e-01 -1.7416969244e+00 -4.7344051146e+00
-3.5042750318e-01 -9.0504425135e-01 2.4369540791e+00
2.8670524375e+00 -1.2635475843e+00 1.3410999394e-02
-2.7332911002e+00 -2.4581181696e+00 1.3180889568e-03
1.6953542992e+00 2.3309943044e+00 1.8088403780e-01
-3.0000000000e+00 7.5173866836e-01 -2.1541059252e-02
1.1850940312e+00 -4.5841203156e-02 3.5042523273e+00
-2.5306844667e+00 1.7780289657e+00 1.2135384530e-04
2.9640279865e+00 -9.6783444047e-01 1.6512282528e-02
2.3640718212e+00 -8.8875388277e-02 4.8173004569e-01
8.2239231935e-01 -3.4780767913e-01 1.7627640107e+00
2.3149948918e+00 -2.2252436290e+00 -8.7392293741e-03
2.5719401055e+00 -1.4129141910e+00 2.8163206205e-02
7.7792962579e-01 1.8655775242e+00 3.8521404171e+00
2.9450069700e+00 -2.8403947740e+00 -2.0127933958e-05
7.8152461279e-01 1.4235648536e-01 1.7157454170e+00
1.5590371330e+00 -1.5883532684e+00 -4.0983546179e-01
-1.4061251280e-01 2.2332206956e+00 3.7171453806e+00
-2.6211166341e+00 -1.2114259758e+00 -1.4574331900e-02
2.3021836571e+00 -1.0352275800e+00 2.0571395740e-01
2.3504942781e+00 -2.7207117025e+00 -2.1908471026e-03
6.7154965926e-01 2.3671859972e+00 1.7485196896e+00
2.9902209963e+00 -2.1255140862e+00 1.9183463910e-04
-1.5349203346e+00 -1.0411844973e+00 2.8635180666e-01
-1.2468311913e+00 1.9259813585e+00 1.2768509523e+00
-2.2290954489e+00 2.7550279722e+00 5.1653171840e-03
6.6556799387e-01 1.1804380972e-01 1.0654260022e+00
-1.4413694605e+00 -2.8482758575e+00 2.0765437577e-03
-1.5807855639e+00 -1.1748277782e+00 3.1901437016e-01
-1.3482526633e+00 -2.9117624146e+00 -1.9819082588e-03
-1.4454330004e+00 2.8871942631e+00 5.8661733464e-02
8.3303999923e-01 6.9921960100e-01 1.7681194013e+00
-1.5213594883e-01 1.3092567035e+00 6.8074597574e+00
2.9698664957e+00 1.7940329957e+00 2.6125697429e-03
2.3673499830e+00 -2.7731924130e+00 -1.6550491281e-03
1.3040848487e+00 2.5379682687e+00 3.1220048460e-01
-2.4108490340e+00 -2.3397981021e+00 6.6614812228e-03
2.8514235698e+00 2.2960622236e+00 1.3062709721e-03
-1.2980990245e+00 -2.7407764473e+00 -1.6960534843e-02
-7.0285950615e-01 -3.0000000000e+00 -8.5955984701e-02
4.3973467487e-01 2.7525407772e+00 6.6718361906e-01
-1.7461309463e+00 -2.1146406779e+00 5.1405714798e-02
2.0508318242e+00 4.2017031049e-01 1.0346745859e+00
-1.2045896710e+00 1.9965455207e+00 1.3094191579e+00
-3.0300365826e-01 1.7580197832e+00 6.9728585699e+00
1.8418691301e+00 -5.5447172374e-01 1.4994804079e+00
9.7940461687e-01 -2.2688177977e+00 -1.3226286517e+00
-2.6309609535e-01 -4.0780890034e-01 3.1638244433e+00
2.1349442628e+00 1.3978954555e+00 2.1761263076e-01
2.1806140510e+00 -2.3489265105e+00 -1.5451645121e-02
-7.3588283982e-02 -1.0842360295e+00 -1.1845206820e+00
-2.2502779040e+00 2.8767995373e+00 2.9770243316e-03
9.7193776098e-01 2.3687572521e+00 1.0707649770e+00
-6.8661134677e-01 2.1239314339e+00 2.9478226960e+00
2.3206263187e+00 -7.5549082703e-01 3.2787830975e-01
-2.5837968635e+00 2.0856458099e+00 3.3527205193e-03
-2.0232231823e+00 -1.5212608018e+00 7.2790804640e-02
-2.0998409450e+00 1.3873779016e+00 -7.8974872630e-02
-2.4548037384e+00 -2.4056627259e+00 4.8395640426e-03
9.5340924058e-03 -4.3496563517e-01 1.8943046429e+00
1.4061217787e+00 6.2902283817e-01 2.4253037035e+00
1.7469071722e+00 5.6683134659e-01 1.7347920156e+00
3.9254193514e-01 -6.3587178731e-01 1.0125191521e-01
2.4616514102e+00 -1.3289727121e+00 5.4470742681e-02
-9.0064725233e-01 -1.3527976244e+00 5.7745816589e-01
-1.3872021332e+00 -2.3467280563e+00 -2.9988111590e-02
2.4238272725e+00 -1.3809030171e+00 5.1217535085e-02
2.0202715766e+00 3.9781471569e-01 1.1389516835e+00
-5.1112195167e-01 2.4185082557e+00 1.8351854235e+00
3.2287970250e-01 -2.6879795259e-04 1.1968826261e-01
1.1575194814e+00 2.2574393577e+00 9.6087943605e-01
-2.6251346249e+00 -1.9155794058e+00 5.4905307734e-03
3.0000000000e+00 -1.6535039650e+00 2.0916010645e-03
-2.9308638658e+00 2.1389496970e+00 3.0465185467e-04
-3.1200236107e-01 -2.6811496215e+00 -6.7166293599e-01
1.6083189274e+00 1.6880233857e-01 2.8291283353e+00
-2.6610445170e+00 5.6445891690e-01 -1.2403276094e-01
2.7327893883e-01 2.4666059835e-01 -4.2302631028e-02
-2.4712266890e+00 1.8146986008e+00 2.8119964929e-03
-1.5147430948e+00 1.9590207957e+00 5.5252064627e-01
-7.6003718785e-01 -2.0716198577e+00 -1.3021644538e+00
2.1477431981e+00 -5.0253230940e-01 7.5878264209e-01
4.8839087944e-01 -2.8119525322e+00 -4.8661428594e-01
2.4032376737e+00 -1.2968955859e-01 4.1736901138e-01
-2.9984465166e+00 -2.8492736099e+00 1.1414868595e-04
2.7285396555e+00 9.0238453703e-01 5.2860654079e-02
-2.3090122899e+00 -9.7465153109e-01 -1.0255949469e-01
3.3631910146e-01 -2.1083823605e-01 3.2641969220e-01
-1.8242538100e+00 -3.0000000000e+00 4.6904961946e-03
2.0777391469e-01 -7.9405513611e-01 -8.8388511873e-02
-7.8359700017e-01 -2.3822318410e+00 -6.6710950134e-01
-2.7441745343e+00 -2.4534303934e+00 1.2681393325e-03
1.6212982294e+00 1.1197735493e+00 1.1745931544e+00
-2.9906869380e+00 2.2810169411e+00 2.2077273630e-04
2.7809199202e+00 -2.1568355121e+00 1.7878461137e-05
2.7549574790e+00 3.0000000000e+00 1.6432142158e-04
2.5401980600e+00 -1.6006517716e+00 1.4358228162e-02
-8.9877916318e-02 -2.9815192695e+00 -2.5244510064e-01
2.0245779671e+00 -2.0783638852e+00 -5.1847571265e-02
-8.8694592765e-01 2.9424927969e+00 1.7399103390e-01
-5.1952158862e-01 1.8643679746e+00 5.3044260456e+00
1.5384363289e-01 -1.4107021995e-02 4.4072606740e-01
8.1308732976e-01 1.4282756254e+00 4.2404294233e+00
1.2266213341e+00 -2.1240914846e+00 -1.0056992027e+00
-1.1407758920e+00 -2.6311313134e+00 -8.0156919379e-02
-3.5631417061e-01 -2.7574991675e+00 -4.7864036671e-01
-2.0961893413e+00 6.1021991844e-03 -1.0569464611e+00
8.5261862186e-01 1.4895485649e+00 4.0895463262e+00
1.1818539108e+00 -3.0000000000e+00 -7.3308512151e-02
-2.2536502782e+00 -1.3328286490e+00 5.1032094507e-03
-9.7457753831e-01 -2.4188866209e+00 -3.2636740793e-01
3.6652437720e-03 7.6442560003e-01 1.5155479810e+00
2.7392253863e+00 1.8861167203e+00 6.8968660407e-03
-1.7743778699e-03 2.9394736704e-01 4.7482227422e-01
2.7268501243e+00 2.7643440625e+00 5.1292447213e-04
1.2088966822e+00 3.0000000000e+00 6.9980880644e-02
1.9644432906e+00 -2.5693187179e+00 -2.5003248113e-02
-2.3077434243e+00 -2.1848208189e+00 1.3387745592e-02
-4.4224394336e-01 1.8605423400e+00 5.7473112549e+00
-1.5215316573e-01 1.6153899503e+00 7.9192144801e+00
-2.6666470150e+00 -1.9037751184e-01 -1.4794480594e-01
4.9889113177e-01 -3.0164000455e-01 4.8432408519e-01
-2.6867400248e+00 -3.0000000000e+00 3.0810486451e-04
5.6185550149e-01 -2.6616807070e+00 -7.8947473008e-01
-9.5158123455e-01 -1.4639545517e+00 1.7914364129e-01
-1.9928982675e+00 -2.7958658268e+00 6.5378192065e-03
8.8644127809e-01 3.0238542973e-01 2.1648856917e+00
2.0621411115e-02 -2.6168808244e+00 -1.0917088984e+00
2.1883655224e+00 1.2010119985e+00 2.4692673275e-01
-6.3496683746e-02 -1.3729993178e+00 -4.4390952843e+00
-2.5627035405e+00 2.7892868391e+00 8.8379630100e-04
2.5769824660e-01 1.5993734630e+00 7.5570563269e+00
1.8229614809e+00 -2.5620028218e+00 -4.6829110347e-02
-1.6856059782e-01 -2.5732867201e+00 -1.1245844206e+00
-2.1171461267e+00 1.1477645309e+00 -2.3661071621e-01
1.3153889641e+00 2.7905135850e+00 1.2597395824e-01
8.9029974616e-01 -2.8353454733e+00 -2.6622922261e-01
-2.4231481664e+00 -3.9095393193e-01 -3.0202024804e-01
2.7410067903e+00 1.5139018354e+00 1.5456293284e-02
-2.8438028331e+00 -2.3328997560e+00 1.0394910773e-03
2.9085670857e+00 -2.3233229439e+00 -1.6929606680e-05
-8.6051966124e-01 -2.6117460557e+00 -2.6601579127e-01
1.4479912505e+00 2.5986206336e+00 1.7392839644e-01
1.9789407167e+00 -2.9373968790e+00 -6.1907411318e-03
8.9392722606e-02 -1.5870518510e-01 9.4976956620e-01
-2.1498561042e+00 1.3429041489e+00 -9.6684467796e-02
-7.3040118970e-01 2.8110578708e+00 3.8028811650e-01
-2.4626257012e+00 1.3198930098e+00 -4.8967627447e-02
-4.4178484039e-01 -3.5903734528e-01 3.1597219125e+00
-2.4645293704e+00 -1.2911898244e+00 -9.7208474470e-03
-2.3652889161e+00 -7.0389371761e-01 -2.0873389809e-01
-1.3090644444e+00 -1.9623512182e+00 -5.5625733022e-02
-2.3060494071e+00 3.5452148407e-01 -5.3781582528e-01
6.8889336471e-01 -1.8161672325e+00 -4.4056328224e+00
2.8614313931e-01 -1.9361826782e+00 -5.3256959736e+00
-2.9623634985e+00 -6.8048003272e-01 -2.2728098965e-02
-1.2558278325e+00 2.1714146424e+00 8.5877955578e-01
-1.9689416425e-01 -1.7741266464e+00 -4.9871160107e+00
2.3614813080e+00 2.8018775119e+00 2.7336297686e-03
4.2101224523e-02 2.7840107557e+00 7.1852464447e-01
2.7182696955e+00 -3.4227364058e-01 1.1094539932e-01
-2.0023097044e+00 -1.7149007144e+00 7.2639721194e-02
6.0798485311e-01 2.5261686803e+00 1.2042995956e+00
-7.6981784621e-02 6.8760723552e-02 1.1101148805e+00
1.4720719186e+00 3.0000000000e+00 3.4752417936e-02
1.2768715034e+00 -2.3250671050e+00 -5.7366182991e-01
1.1596247947e+00 1.9713890370e-01 3.3300934525e+00
1.5823781672e+00 2.2428143555e+00 3.2282843735e-01
-2.6411137987e+00 -2.4645142142e+00 1.9589780018e-03
-5.9643029737e-02 -3.9036176681e-03 1.2235487520e+00
-1.2487409173e+00 -1.4140313527e+00 5.5210181181e-01
6.3380139588e-01 2.4308005592e+00 1.5444358781e+00
-1.6556633857e+00 3.5505022910e-01 -2.3624763797e+00
3.1935948294e-01 -1.1951655935e+00 -4.1518773946e+00
1.3958595493e+00 2.1888547507e+00 6.2337275522e-01
1.4512316513e-01 -1.6333557585e+00 -6.4864596828e+00
-7.8111400083e-01 -2.5154880661e+00 -4.6094626864e-01
-2.3629129983e+00 -2.8708651235e+00 1.7806436075e-03
-2.0234160278e+00 1.7458936299e+00 6.0668108431e-02
9.4696718098e-01 -2.2639109164e+00 -1.4253263274e+00
-3.4410479260e-01 2.7038693821e+00 8.5788793117e-01
3.0000000000e+00 -1.5541584686e+00 3.0001472457e-03
-2.4383899344e+00 -8.2069067951e-01 -1.2351098863e-01
8.4260213626e-01 2.6186022602e+00 6.3903121261e-01
-1.5555561577e+00 -1.8224572877e+00 1.2068956108e-01
-4.0321270755e-01 -1.0289720014e+00 1.5791070192e+00
2.3795964618e+00 4.0691074446e-01 3.8571472336e-01
4.1236494062e-02 2.7828930023e+00 7.2161179279e-01
-3.3637353883e-01 -2.5811374726e+00 -9.1496552533e-01
2.4310099485e+00 -2.4608764245e+00 -2.8837395356e-03
1.1839806650e-01 -9.1411334620e-01 -5.8228661555e-01
2.3251956622e+00 3.0000000000e+00 1.4126775926e-03
2.5198577895e+00 4.6984021311e-01 2.1884857868e-01
-1.9752705614e+00 1.6029616495e+00 4.1372787468e-02
-1.9847813295e+00 3.5688958672e-01 -1.2993761734e+00
-2.2732612831e+00 -2.9118671974e+00 2.1092108676e-03
1.6534715608e+00 -3.0000000000e+00 -1.7620800157e-02
-5.5291885177e-01 -1.9508407602e+00 -2.4871141493e+00
3.0000000000e+00 1.4050281079e+00 5.4679678367e-03
-7.0521888029e-01 2.2219418458e+00 2.3522970186e+00
-2.8315827512e+00 1.3549128551e-01 -7.9049979528e-02
-1.5674987860e+00 -8.8727184446e-01 -3.0841823141e-02
1.6295873231e-01 -1.9251351291e+00 -5.4664057151e+00
1.3268860792e+00 8.5177070003e-01 2.0977475190e+00
1.6621570639e+00 -2.1904071716e+00 -2.2017026246e-01
-3.0000000000e+00 -3.0000000000e+00 6.6712802967e-05
-2.0498107519e+00 -1.8369574421e+00 5.4288768534e-02
-2.3774673780e+00 -2.9737831609e+00 1.1902763025e-03
-1.6042881939e+00 1.6591794339e+00 4.1262230903e-01
1.6641289831e+00 1.2025213311e+00 1.0032789945e+00
1.7998612803e+00 -2.8532372758e+00 -1.8538920629e-02
5.9802282743e-01 1.3518959786e+00 5.1809406241e+00
-2.4086495870e+00 -1.0004326096e+00 -7.2520407004e-02
-2.0703786764e+00 1.4341250332e+00 -5.4619788905e-02
1.6411948998e+00 1.2249704366e+00 1.0339099196e+00
-2.1430295496e+00 2.9294845586e-01 -9.0110799380e-01
-7.3957136632e-01 -2.7406472224e+00 -2.3652020605e-01
2.4808424976e+00 4.4110474529e-01 2.6029621277e-01
2.6128416842e+00 2.3104624481e+00 4.3314916034e-03
2.0398923696e+00 -3.1134020334e-01 1.1743394305e+00
1.9965998006e+00 2.3160465256e+00 6.4498100966e-02
9.6754477206e-01 1.0078561674e+00 2.4855942249e+00
1.6961222143e+00 -4.0229730502e-01 2.2267254067e+00
1.9886232423e+00 6.8730806116e-02 1.4421738008e+00
2.5566606290e+00 -1.1481904727e+00 6.5403413160e-02
3.0000000000e+00 -1.6898018808e+00 1.8163626054e-03
2.7937987392e-01 2.1754185695e+00 3.9644339522e+00
2.5924848364e+00 -4.8775123605e-01 1.6742080614e-01
2.7568947611e+00 -2.9571016842e+00 -6.3431797779e-05
-4.5469695988e-01 -1.8666116159e+00 -3.2253489917e+00
-9.6406404075e-01 -2.4735393353e+00 -2.9083746336e-01
-1.3120679682e+00 -3.0000000000e+00 -1.5788904551e-03
-2.2078140045e+00 -5.6729824063e-01 -4.3532244513e-01
-8.5277995486e-01 -1.4404784488e+00 2.2065891976e-02
-2.9605997845e+00 4.5254112696e-01 -3.7149099553e-02
-1.7677138240e+00 -2.0140687040e+00 6.6505734489e-02
1.6720530947e+00 1.8998303627e+00 4.8089447884e-01
4.7872786360e-01 1.4549078216e+00 6.2528086738e+00
2.3460549591e+00 -2.5145665762e-01 4.8807310749e-01
2.2770984441e+00 -2.5814121803e+00 -5.1339324994e-03
9.1820033119e-01 2.8671670362e+00 2.2503518733e-01
-2.0358794405e+00 1.7250779505e+00 5.3009988593e-02
-2.5866700616e+00 -2.1771758451e+00 4.6246808725e-03
-1.2658432438e+00 -2.3051705062e+00 -9.9801401509e-02
1.0467833485e+00 -5.4699987700e-02 3.1209763155e+00
-1.1160737136e+00 3.0000000000e+00 8.5841249924e-02
-4.8971987048e-01 6.1847567145e-01 5.8729036691e-01
2.3226879998e+00 -2.2551331954e+00 -8.0584923889e-03
-2.2551052672e+00 3.0000000000e+00 1.7624363528e-03
2.9727591877e+00 -1.8005369319e-01 3.6962047481e-02
2.6162382625e+00 -2.3550736640e+00 -9.5754472675e-04
-1.9147034887e-01 -7.4535341290e-01 2.6488575060e+00
2.0662978101e+00 -2.2684676553e+00 -3.2531880057e-02
2.1835465624e+00 5.4717623957e-01 6.3466778719e-01
-1.9266218444e+00 -1.1977233708e+00 3.2806041313e-02
2.7394123794e+00 2.1945131490e+00 3.1629114781e-03
1.1690105751e+00 1.4596998583e+00 2.4191959934e+00
-2.1078254649e+00 -2.9200822662e+00 3.3646157502e-03
-3.0000000000e+00 -9.8625614387e-01 -9.1382393767e-03
1.9448695738e+00 1.9545566013e+00 1.7713832743e-01
4.8976522013e-01 -7.6570433222e-01 -5.0518553496e-01
6.9843710171e-01 -2.6680028598e+00 -6.6110341743e-01
2.9109320366e+00 -9.8921990252e-01 2.0456593748e-02
2.6257536787e+00 2.3469682594e+00 3.6465204815e-03
2.2628950197e+00 -9.1315041343e-01 3.0073279590e-01
-4.2750994023e-01 -2.9561078305e+00 -1.9045476428e-01
-2.7799200480e+00 3.8711388429e-01 -8.8613169796e-02
1.1672413194e-01 -4.4666739076e-01 1.3019989130e+00
2.0480484307e+00 -1.5276835601e+00 3.5562577166e-02
-2.8318456781e+00 -5.5194190235e-01 -5.0566914330e-02
-2.7948599960e+00 1.4338408426e+00 -9.5425079379e-03
-6.3965306965e-01 -1.2990560944e+00 1.3508136251e-01
1.6239662984e+00 -3.1302772236e-01 2.6177572687e+00
2.7409176911e+00 -8.5776167035e-01 5.6100594088e-02
6.7585809844e-01 1.4542748821e+00 5.1006737259e+00
-1.6558152576e+00 -1.6932988134e+00 1.6669925617e-01
1.4043196968e+00 1.2494918561e+00 1.6165884479e+00
4.9156773944e-01 -2.0804496094e+00 -3.8462112829e+00
7.5114029986e-01 -1.8800796983e+00 -3.8035011148e+00
2.1118298681e+00 -7.9866281963e-01 5.7104913940e-01
2.5298358675e+00 -3.0000000000e+00 -2.5242493352e-04
1.6583701597e+00 -3.8792011664e-01 2.3775222632e+00
3.1026990416e-01 1.2170465220e+00 5.4432112764e+00
-4.3975837904e-01 -1.8144492482e+00 -3.3927626635e+00
-2.7523948354e-01 -3.0000000000e+00 -1.9515452931e-01
2.4891807975e+00 2.0700633889e+00 1.4854913883e-02
-3.0000000000e+00 -1.0972139953e+00 -6.3275630080e-03
-5.3445785741e-01 -9.5227371732e-01 2.6727684718e+00
1.8823267523e+00 2.9110774790e+00 1.3001796119e-02
2.0987030957e+00 -2.9975622286e+00 -2.7503322186e-03
-2.1753528842e-01 2.5697828314e+00 1.4487809900e+00
1.0514265476e+00 1.8839885883e-02 3.1466281407e+00
-1.7538219404e+00 -1.5928853010e+00 1.6549102628e-01
-7.0141459822e-01 -1.8493621862e+00 -1.7961392069e+00
3.0000000000e+00 -3.4081548406e-01 2.9961264308e-02
2.8924309359e+00 2.8185176077e+00 1.6627554955e-04
-1.7542123757e+00 2.6336431021e+00 5.4318030924e-02
1.5271935146e-01 9.2552233574e-01 2.7192531469e+00
-2.3402258544e+00 -1.1190583728e+00 -4.6408875084e-02
8.9764369140e-01 1.0074328489e+00 2.5576039690e+00
1.4743204300e+00 4.4140418677e-02 3.3289125011e+00
-2.3133005643e+00 -2.3360173008e+00 9.4681690180e-03
-3.0000000000e+00 2.3134442604e+00 2.0430490297e-04
-2.1217081414e+00 1.0685384016e+00 -2.9958073419e-01
1.1234103325e+00 2.7091515914e+00 2.7045301983e-01
-5.2014482328e-02 -7.8732176599e-01 1.5236271795e+00
-9.1016281435e-01 2.2674920838e+00 1.5147491118e+00
-3.6476962043e-01 2.5107630741e+00 1.5976503431e+00
-2.1563668307e+00 2.4736337529e+00 1.7281372732e-02
2.0015888614e+00 2.7510120262e+00 1.5533222164e-02
2.7742109482e+00 2.4849503504e-01 8.9771479976e-02
-2.4189668660e+00 1.5029248705e-01 -4.0102279690e-01
2.0752747908e+00 -2.7378249264e+00 -8.5964191356e-03
6.7353684016e-01 -3.0000000000e+00 -1.8666674454e-01
-2.0940257504e+00 -9.5835288840e-01 -1.5904676692e-01
2.0090991703e+00 1.2838809507e-02 1.3802499576e+00
-9.9467552153e-01 -2.6451828022e+00 -1.4708319891e-01
5.4078453007e-01 1.4462895760e+00 5.8756108806e+00
3.0000000000e+00 1.2517391800e+00 7.6003099616e-03
2.3452222746e+00 -2.7430857063e+00 -2.0881345765e-03
1.5741397837e+00 2.4181788425e+00 2.0900480301e-01
-1.1337942025e+00 -9.7727484280e-01 1.3911012916e+00
1.9706178761e-01 -1.6874544601e+00 -6.4945863081e+00
-2.7950474012e+00 -2.3419492501e+00 1.2925189533e-03
6.9008771204e-01 2.0383635352e+00 3.4469674032e+00
-1.1755148193e-01 -1.9812859751e+00 -4.5297136711e+00
-1.1485720017e+00 -1.0168946996e+00 1.3299317010e+00
1.2905619154e+00 -2.6991279704e-01 3.3490230149e+00
1.4328756644e+00 2.4141755147e+00 3.1977368434e-01
3.6054456646e-01 -1.3570633188e+00 -5.5034634731e+00
6.3399157529e-01 8.5438511748e-01 1.8781496585e+00
2.6820261948e+00 2.3773401949e+00 2.4992846381e-03
2.8164363143e+00 2.6189208343e+00 5.4655236007e-04
2.1101515737e+00 5.7238720447e-01 7.6194943003e-01
-2.4080469910e-01 -1.9067255466e+00 -4.3518811040e+00
1.5938792986e+00 1.4753390048e+00 9.5865162324e-01
8.5751150627e-01 -2.8228784235e+00 -2.9561302800e-01
2.2586483964e+00 7.3919885795e-01 3.9941104149e-01
-2.0572573175e+00 -2.7416811723e+00 6.6556890893e-03
6.1621686591e-01 -3.0000000000e+00 -1.9951054388e-01
-1.4987573433e+00 -1.9318751546e+00 6.6089336183e-02
-2.8494313583e+00 1.8017910507e+00 -8.3323569455e-04
7.5504113817e-01 1.2789463961e+00 4.0750427918e+00
1.6954133030e+00 -2.7610688061e+00 -3.9343292402e-02
1.4277439982e+00 1.0787523912e+00 1.6624915610e+00
-2.6879935634e+00 2.1593804059e+00 1.7476851602e-03
2.3757193525e+00 -2.1530976747e+00 -6.1251989615e-03
-3.1535304680e-01 -4.5191932671e-01 3.4046816410e+00
-1.8204769499e+00 -9.4419371967e-02 -1.8296491771e+00
-1.6148517826e+00 -1.4702368197e+00 2.7265881513e-01
-9.8008887088e-01 -1.3491150910e+00 6.9767364016e-01
-1.0280691718e+00 -5.8653951796e-01 1.0367872576e+00
1.4076079103e-01 1.8377797542e+00 7.0046484017e+00
1.0569067417e-01 2.3692791419e+00 2.6924987590e+00
-3.0000000000e+00 -2.1522708378e+00 6.3901954680e-04
2.4118643386e+00 -1.7623550609e+00 5.3507100448e-03
-2.8761199601e+00 2.2469963303e+00 4.9551999079e-04
-2.2817356934e-01 -5.4441186340e-01 3.2546131086e+00
-1.9647509932e+00 1.2862163231e+00 -1.7000779162e-01
-2.1194470069e+00 1.6573751803e-01 -9.9964068085e-01
-1.2321475813e-01 8.2937592859e-02 1.2231282257e+00
1.2580047186e+00 2.9072777469e+00 9.1828345461e-02
-1.4261449330e+00 2.6508732747e+00 1.4870328879e-01
2.6386822256e+00 -6.8036303885e-01 1.1234051556e-01
2.7607870273e+00 -2.2620395527e+00 -2.1080973478e-04
-6.1470346226e-01 -4.7947771433e-01 3.1265054686e+00
6.7222497843e-01 -1.6186918002e+00 -4.9312472319e+00
-1.7863350350e+00 2.9791315654e+00 1.3162263907e-02
2.5041862004e+00 2.3970620110e+00 5.6998621304e-03
-2.2071329658e+00 1.6398306926e+00 3.0021671758e-03
-1.7387058282e+00 -1.7892859681e+00 1.1895388727e-01
2.0107913069e+00 1.0173736720e+00 5.5029097986e-01
-4.7294658935e-01 -1.7841534717e+00 -3.1922789724e+00
1.8066213363e-01 -2.7630638155e+00 -6.6671658399e-01
-2.1590772379e+00 -1.8842923803e+00 3.6368983526e-02
-6.8428225111e-01 2.0016337344e+00 3.6348376715e+00
3.1742911074e-02 -1.5656690860e+00 -6.0746999364e+00
-4.6499976436e-01 -2.0592511681e+00 -2.6110210722e+00
-4.0401681436e-01 2.7690373608e+00 6.4675598904e-01
-2.0679028271e+00 -2.4714113613e+00 1.3667246014e-02
-1.0038596561e+00 2.8725462942e+00 1.8539008089e-01
2.7804654975e+00 -1.0343438388e+00 3.3923016646e-02
-2.6410916813e+00 2.3011641481e+00 2.0732169495e-03
5.5355928883e-01 2.8102016453e+00 4.7975417226e-01
-1.5334124523e+00 -2.4491970884e+00 7.7503943126e-03
4.5481773908e-01 -1.8871750532e+00 -5.1977087782e+00
-1.2078462686e+00 -8.2106400476e-01 8.8651858346e-01
1.1348536754e+00 8.6498143256e-01 2.2425212475e+00
1.9223372026e+00 -3.9120811006e-01 1.4738533053e+00
1.5981422871e+00 1.0280101905e+00 1.3283939575e+00
-2.2279103995e+00 9.8442841133e-01 -2.8061700900e-01
6.9050720648e-01 1.5871225033e-01 1.1855137148e+00
-1.8378868822e+00 2.2191473358e+00 1.1776806562e-01
-1.2674795488e+00 -8.0688016776e-01 5.9626431438e-01
-1.6060476382e+00 2.9028478290e+00 3.3537973137e-02
2.9524889021e+00 1.1234247305e-01 4.1204145683e-02
6.3108993582e-01 -1.8942185554e-01 9.2865386944e-01
-2.1570199406e+00 -1.5157126261e+00 4.1003289431e-02
4.2892334715e-01 -1.3078906861e+00 -5.0330372372e+00
5.2313820844e-01 9.5877215932e-01 2.5725666017e+00
1.9034116981e+00 2.2038498008e+00 1.2145237131e-01
-2.6029184365e+00 4.6120308443e-02 -2.0558322523e-01
1.9986938415e+00 2.7709961251e+00 1.4564091559e-02
1.7403059420e+00 -2.3460954130e+00 -1.1726426636e-01
1.3678461005e+00 2.6868029696e+00 1.6051295196e-01
9.4940779294e-01 2.3848574175e-01 2.5507018825e+00
9.7420244696e-01 -2.0665511146e+00 -1.9990228186e+00
3.4987760032e-02 -9.5649009765e-01 -4.9143979598e-01
-2.0618784708e+00 1.9503301204e-01 -1.1533434232e+00
-2.2011832626e+00 1.4488200404e-01 -7.9949829668e-01
-1.6493829979e+00 -1.9810270325e+00 7.4402786929e-02
7.4525995108e-01 -3.0569330349e-02 1.5463361586e+00
8.0423663054e-01 -4.1698223478e-01 1.5581138552e+00
3.0000000000e+00 -8.4721031715e-01 1.7077911406e-02
1.9593984410e-01 -1.7289386501e+00 -6.4042272919e+00
-2.7100052671e+00 6.0648700340e-01 -9.6634166844e-02
5.9270823450e-01 1.9429595415e+00 4.4833210273e+00
2.0501010123e+00 -2.2263100231e+00 -3.7922766468e-02
-1.3316755698e+00 2.6189221472e+00 2.1560794086e-01
-2.3898303453e+00 -2.0695695732e+00 1.2317382397e-02
5.6864513943e-02 1.4930091771e+00 7.9400954937e+00
1.2130364471e+00 -7.4213439528e-02 3.5323694831e+00
2.9837875784e+00 -1.0471121126e+00 1.2826122144e-02
-2.9084941446e+00 1.8479061607e+00 -4.5661719005e-04
-2.9339650592e+00 5.1627189661e-01 -3.9670599908e-02
-1.9050273769e+00 -2.7597120684e+00 8.5236217151e-03
6.2908626102e-01 -2.3472314293e+00 -1.8931179005e+00
2.2813810871e+00 -1.4410405559e+00 5.8079571341e-02
7.5416693689e-01 2.3657896864e+00 1.5622479792e+00
8.7780719965e-01 1.3882804468e+00 3.8090411699e+00
-9.3868336216e-02 1.9910797539e+00 5.8881392263e+00
1.1887083516e+00 -2.8716917099e+00 -1.2291009854e-01
2.4584298148e+00 1.4671944470e+00 5.8368059954e-02
2.1856539382e+00 2.6475058201e+00 1.0656402512e-02
-2.7794587447e+00 4.8232086429e-01 -8.2116187445e-02
-2.3742216440e+00 -1.0304882369e+00 -6.9224760015e-02
9.2369243533e-01 7.2981243743e-02 2.5511190765e+00
1.7335480158e+00 2.3185520560e+00 1.6472073579e-01
-1.0835263658e+00 -9.9593504580e-01 1.5696161150e+00
5.5170796028e-02 3.7273122037e-01 2.7848400979e-01
2.1126928275e+00 -1.9267541698e+00 -3.1240624281e-02
1.2879949231e+00 5.5770463544e-01 2.6987464900e+00
-7.6686433587e-01 2.3680241917e+00 1.5106114976e+00
1.6584821393e-01 1.9743592696e+00 5.9121305248e+00
-2.9514143073e+00 -2.5886325620e+00 3.2319507999e-04
-2.4078659678e+00 2.2847331257e-01 -4.0836901450e-01
-7.8144352543e-01 -1.3168788548e+00 5.1552231785e-01
2.3743496104e-01 -1.5531968230e+00 -6.4762021283e+00
-3.0000000000e+00 -3.7829722860e-01 -2.9510701471e-02
-2.8190928813e+00 -2.2862963582e+00 1.2920771251e-03
3.2619273364e-01 2.8198214014e+00 5.6436860426e-01
-2.1581334006e+00 -2.0413820583e+00 2.8372773526e-02
2.5725865750e+00 -2.9851060621e-01 2.0778923568e-01
1.7705244196e+00 3.0000000000e+00 1.3327130784e-02
6.4115754239e-01 -3.0000000000e+00 -1.9400543407e-01
-5.9367558763e-01 2.0203472560e+00 3.9786190181e+00
-2.6590879877e+00 3.0000000000e+00 2.3300704296e-04
-1.3707791120e+00 -9.5497108697e-01 5.5391370045e-01
-2.4583529910e+00 1.4111742495e+00 -3.3577893634e-02
-1.3940509247e+00 2.4820659586e+00 2.7685783589e-01
-2.3073315288e+00 2.7261676064e+00 3.9684109948e-03
2.5281653477e+00 -2.6889042622e+00 -8.3868123828e-04
-2.5620179169e+00 7.6547516054e-01 -1.3971396842e-01
1.1913256581e+00 -2.7511191074e+00 -1.9380423499e-01
-9.6443520696e-01 -1.1351793186e+00 1.5770785783e+00
2.6551925668e+00 -2.5644085551e+00 -5.0352123494e-04
2.0090888417e+00 -2.5679039762e+00 -2.0503997804e-02
2.3619831343e+00 -1.0259763699e+00 1.7347685284e-01
1.9510412488e-01 -9.6072132644e-02 4.4584625378e-01
4.2046681366e-01 -1.9552655366e+00 -4.8987251820e+00
-5.5773477634e-01 -1.5675782880e+00 -2.1387234577e+00
-2.3850256492e+00 2.7162904346e+00 2.8197860160e-03
1.8610595387e+00 2.5904315339e+00 4.6821652795e-02
5.9371891204e-01 -3.0000000000e+00 -2.0434716997e-01
1.7660426794e+00 1.1168555929e+00 8.7609778032e-01
-1.0866566131e+00 2.5190586636e+00 5.4006077323e-01
2.9055611168e+00 1.7160128503e-01 5.0719953898e-02
2.6450000070e+00 -2.0194156905e+00 2.0828024991e-04
-3.0000000000e+00 1.0909858296e+00 -1.1111072264e-02
6.8598707024e-01 -2.8675534042e+00 -3.1916586043e-01
-1.5389604968e+00 -1.0659808812e+00 3.0616899141e-01
1.3297322531e+00 2.2347996252e-01 3.3969637747e+00
-1.6017485307e+00 -1.8033402464e+00 1.2974835077e-01
-1.7347477142e+00 -2.0441100020e+00 6.2473835076e-02
-1.4900407622e+00 -6.3546601968e-01 -6.6444461967e-01
-4.4387010172e-02 -1.1598139602e+00 -2.2847058930e+00
1.4256112057e+00 1.7134826921e+00 1.2088579651e+00
1.7777287608e+00 9.3501606507e-01 1.0593340143e+00
-1.6391689269e+00 2.8218305883e+00 4.1378965974e-02
-3.4937057931e-01 2.9403841489e+00 3.4211161334e-01
5.4221135282e-01 2.8730498695e+00 3.7957107759e-01
-6.4359489227e-01 -1.2483407234e+00 5.6498746686e-01
-1.7404699753e-01 1.5778002293e+00 7.8845319288e+00
-6.0776637258e-01 -2.6149219912e+00 -5.1238999174e-01
2.7440640981e+00 -2.2836521083e+00 -2.8213377399e-04
1.6649070316e+00 -2.4318417369e+00 -1.2580114120e-01
-2.6768880526e+00 -9.8409328212e-01 -3.3681877709e-02
3.0000000000e+00 2.1268149859e+00 9.3648818175e-04
-2.6214870627e+00 4.3220743508e-01 -1.6493616939e-01
1.7874829951e+00 -2.2818183069e-01 2.1233755491e+00
-3.8901994456e-01 2.2177865650e+00 3.3707047871e+00
2.6223395201e+00 9.5440486522e-01 7.6100535084e-02
1.0623356095e+00 -2.1974065269e+00 -1.2991594674e+00
1.2972846630e-01 -2.2894111756e-01 9.1700805013e-01
-1.9665214347e+00 -2.1860894812e-03 -1.4353635901e+00
1.8401230992e-01 -3.4266319896e-01 8.7714843392e-01
6.9761608646e-01 1.7466536038e+00 4.7859631724e+00
-7.6898061326e-01 2.1383317295e+00 2.5370173531e+00
7.4232406177e-01 2.2861965078e+00 1.9414087543e+00
-2.4276314777e+00 -8.3528713711e-01 -1.2230508891e-01
-1.8562189019e+00 3.2091474652e-01 -1.7402061483e+00
-3.8206123171e-01 -2.1652160929e+00 -2.5116075857e+00
2.0534547405e+00 -2.9704059812e+00 -3.8315595488e-03
-5.8273989297e-01 -8.3715253602e-01 3.3321998245e+00
7.4753809400e-02 2.4465549955e+00 2.1912933561e+00
1.6575642117e+00 2.0070330401e+00 4.1983330479e-01
-1.6633634892e+00 1.5491884141e+00 2.4794211444e-01
9.2014343512e-01 2.2634052606e+00 1.5329660146e+00
1.6943975353e+00 1.7994625013e+00 5.1997546469e-01
2.0521521243e+00 -2.5161155477e+00 -1.9505691663e-02
-2.2223045759e+00 3.0000000000e+00 2.0461717098e-03
-1.4700458324e+00 -2.8813276461e+00 3.5844062746e-03
-1.3796586867e-01 1.6669982957e+00 7.8527951099e+00
-4.0170917410e-01 -1.1622957156e+00 1.8423331505e-01
2.2768242119e+00 -1.9469437714e+00 -9.8653935657e-03
-2.8660657014e+00 2.1505605214e+00 5.1148085888e-04
-2.6011560223e+00 -2.0304903108e+00 5.4563330985e-03
2.7209746036e+00 -2.2605344285e+00 -3.4465692437e-04
3.0000000000e+00 -2.2866619721e+00 4.3941134108e-05
2.0839245271e+00 -1.9700640183e+00 -3.8548470307e-02
-2.2128550793e+00 2.9193392125e+00 2.9817865500e-03
-2.3463341343e+00 -1.7204982291e+00 2.0471218708e-02
-9.5167914184e-01 -5.1091665710e-01 1.1809831750e+00
2.2005917811e-01 -2.2202983605e+00 -3.3266328085e+00
1.2317026719e+00 8.6619662015e-01 2.1854741542e+00
-2.5948134292e+00 -2.7986565469e+00 9.1543895661e-04
-4.4053478444e-01 2.6298580754e+00 1.0271675258e+00
-1.4017803908e+00 2.3330533656e+00 4.0290598083e-01
-1.6894160622e+00 2.4910529769e+00 1.0591539357e-01
8.1931828443e-01 2.6504668129e+00 5.9626915402e-01
2.6549110028e+00 -1.4060702405e+00 2.1312910876e-02
4.5709887800e-01 1.2677944318e+00 5.3295672467e+00
1.3629270568e+00 1.7360769313e+00 1.3813323590e+00
2.8332982879e+00 -1.4336638561e+00 9.4625537496e-03
7.8946882042e-01 -2.5203907533e+00 -9.4013726742e-01
-2.2137339277e+00 2.3269975131e+00 1.8812085507e-02
2.0604135969e+00 1.8133605335e+00 1.4945828075e-01
2.8419331222e+00 2.3056657156e+00 1.3362337550e-03
-7.5708043395e-01 -5.6947202689e-01 2.7150479601e+00
-5.2505698573e-01 2.4471571171e+00 1.6688365030e+00
-1.7592980224e+00 -3.0000000000e+00 5.0551432419e-03
-2.0978649956e+00 -4.3330574055e-01 -7.2408701841e-01
2.9101718124e+00 1.6172391065e+00 5.3935913641e-03
1.9267403198e+00 -5.7499036014e-01 1.2288324002e+00
6.3366465548e-01 2.6399764480e-01 8.3814833290e-01
2.9684573928e+00 -1.3301734519e+00 6.9864511446e-03
1.9459617061e+00 -2.8397325372e+00 -1.0611094746e-02
4.5174855845e-01 3.0000000000e+00 2.4452377101e-01
1.8344924046e+00 2.5471780043e+00 5.9414245545e-02
-2.9703741154e+00 2.0420994614e+00 1.1982224095e-04
1.7149112815e+00 2.7819404814e+00 3.9400891039e-02
-2.9624768203e+00 1.7929464710e+00 -7.0806901276e-04
1.4883777746e+00 1.8821277280e+00 8.4070397148e-01
2.6213481846e+00 -1.3471609236e-01 1.8195051954e-01
1.3310298958e+00 1.3009540610e+00 1.8212229459e+00
-1.8636598343e-01 2.2372575875e+00 3.6293329777e+00
2.5851159695e-01 -7.1977760190e-01 1.1733898732e-01
-2.1277718496e+00 -1.9817581290e+00 3.4481648526e-02
-1.3936502592e+00 -2.6847565962e+00 -6.7031751862e-03
-2.4179145504e+00 1.4803353637e+00 -2.5912020371e-02
1.4989301728e+00 9.4413819597e-01 1.6571571662e+00
1.9871309674e+00 -1.6968702885e+00 -3.7006512076e-02
2.2651485080e-01 -1.9170188464e+00 -5.5095265033e+00
1.8906568068e+00 -3.0000000000e+00 -6.9626250742e-03
-3.0000000000e+00 1.8125889056e+00 -5.4192817522e-04
1.6216760479e+00 -2.3680459969e+00 -1.7371192560e-01
1.6353179026e+00 1.0118930327e+00 1.2662841406e+00
-9.5380796446e-01 -1.3970778049e+00 4.6075612219e-01
2.4158510860e-01 -1.2897218586e+00 -4.9567384105e+00
-2.4815079826e+00 1.7184050540e+00 -1.6695497875e-03
-5.3288308670e-01 -1.0657314576e+00 1.7655416683e+00
-2.1280544701e+00 2.9053063704e-01 -9.3963380436e-01
2.7308859385e+00 1.8650806297e+00 7.5467947248e-03
-2.5766427951e+00 -1.2186401479e+00 -1.5544890726e-02
-8.2065167745e-01 -2.6899002306e+00 -2.2742516307e-01
-3.8050057131e-01 -1.8599904897e+00 -3.6965800893e+00
-1.6215266576e+00 -8.9626275548e-01 -8.9597921187e-02
-1.4499053045e+00 1.7078745988e+00 7.6495224517e-01
-2.3081602855e+00 2.6048634080e+00 5.8646715230e-03
-2.0521675920e+00 -1.4916958935e+00 6.3262223843e-02
1.3068201501e+00 -2.9485084102e+00 -6.5970809445e-02
-1.5171509118e+00 -2.2291230069e+00 1.3144543625e-02
-1.7612777555e+00 1.3094796840e-01 -2.1561007815e+00
-9.3303902226e-01 -5.7053263156e-01 1.5888839166e+00
-1.8422874307e+00 1.7229635635e+00 1.5246660616e-01
-2.6946812009e+00 -4.2689810528e-01 -1.0645033223e-01
2.9732737429e-01 2.1725888348e+00 3.9464862585e+00
1.0454219953e-01 -1.6311164134e+00 -6.4068899141e+00
2.3785287482e+00 -2.2746008593e+00 -5.5512668559e-03
3.0000000000e+00 1.5960275912e+00 3.5531578625e-03
-1.1779033719e-01 2.8137902974e-02 1.3476148683e+00
-6.4749388274e-02 1.7297233231e+00 7.7402084690e+00
1.0217972066e+00 2.9197899700e+00 1.4881507068e-01
-3.9844856088e-02 3.6044223107e-01 5.1505562440e-01
-3.0000000000e+00 2.4969105574e+00 1.5900321585e-04
-2.8933384188e+00 -7.5423222113e-01 -2.6623267824e-02
-2.3322708874e+00 1.3317098909e+00 -6.8151885576e-02
-1.3504639971e+00 -1.8955796875e+00 7.3617170434e-03
3.8043825761e-01 1.5436406756e+00 6.9790139665e+00
-2.3832223363e+00 -8.0600479208e-01 -1.5170758890e-01
2.8570832411e+00 9.0173570959e-01 2.9589947991e-02
1.6218562240e+00 7.6821856693e-01 1.6843528473e+00
2.2531782109e+00 -2.0974499039e+00 -1.3880424551e-02
-1.5576173972e-01 1.8908532682e+00 6.6108800080e+00
2.2726078144e+00 -1.3024530545e+00 1.0428057468e-01
-1.9044800619e+00 1.6004279234e+00 7.0993107340e-02
3.0000000000e+00 2.8928499609e+00 6.5576827229e-05
7.9928719775e-01 -7.8182261363e-01 2.2180207419e-01
-1.9324858431e+00 2.6806429482e-01 -1.5246227122e+00
-3.7246979061e-01 2.2269535605e+00 3.3457506462e+00
-1.5372944076e+00 -2.9571103854e+00 5.0033419609e-03
4.1009196138e-02 1.9277144308e-01 4.7963238587e-01
9.2674996332e-01 2.9274057818e+00 1.7332711885e-01
1.0683241794e+00 1.5706268078e+00 2.8624501632e+00
2.5892664726e+00 2.6194574803e+00 1.7991846052e-03
2.9149287604e+00 3.5730626330e-01 4.3814839034e-02
-2.3394613427e+00 -1.8286632244e+00 2.0147683783e-02
1.3523548395e+00 2.3849064112e+00 4.3166056895e-01
1.5358330972e+00 -3.0000000000e+00 -2.6471610403e-02
-2.4340430132e+00 -1.8779347552e+00 1.3189103728e-02
-2.1441852559e-02 -3.4238678339e-01 1.9126048789e+00
-2.4946114591e+00 -2.5561508657e+00 2.8201820551e-03
6.0166093342e-01 1.7400763629e+00 5.4100791862e+00
-2.2487369887e+00 -2.1848634499e-01 -6.2026364762e-01
-2.9429445367e+00 -1.8106007653e+00 1.0034828613e-03
-8.4205059359e-01 -1.6760468432e+00 -8.9691546999e-01
-1.9142849091e+00 3.8375389221e-01 -1.4929697463e+00
3.0000000000e+00 2.3978999458e+00 4.1513632852e-04
1.3422019435e+00 -2.2036520308e+00 -6.2614928629e-01
1.8931265684e+00 7.2014007134e-01 1.0944147676e+00
2.9737004668e+00 -5.8986142383e-01 2.7561167631e-02
1.7008704783e+00 5.4885557461e-01 1.9055862616e+00
-2.1357233235e+00 -4.3636049371e-01 -6.5738104812e-01
2.2860200359e+00 1.4499758503e+00 1.1760040802e-01
-9.4067912162e-01 1.1987368577e+00 1.7542143864e+00
1.7223122850e+00 -3.1641925060e-02 2.4821763847e+00
2.5993428976e+00 2.6251250841e+00 1.6757544255e-03
-1.3834918284e+00 3.0000000000e+00 4.3760904457e-02
-1.8012427498e+00 -5.9440436283e-01 -8.6661356439e-01
-5.7281407159e-01 2.2782519420e+00 2.4578838015e+00
5.4485838160e-01 -1.4912585345e+00 -5.5277190953e+00
-1.4294368252e+00 -8.4583184873e-01 1.6119896432e-01
1.9624288402e+00 4.9834512451e-01 1.1993815114e+00
1.1456248134e+00 3.0000000000e+00 8.1139632130e-02
-1.7650927128e+00 1.2312096757e+00 -2.5946186284e-01
2.2706350037e+00 1.1481809848e+00 2.0467992797e-01
2.4318927793e+00 -3.0000000000e+00 -4.5939537221e-04
2.5400576702e+00 6.0815936637e-02 2.5323181133e-01
-1.8521977450e+00 -1.3344287321e+00 1.2197675527e-01
3.4240676380e-01 -3.0000000000e+00 -2.4561523577e-01
1.1597119557e+00 1.8208690907e+00 2.0194639986e+00
1.4881981636e+00 -2.6638963896e+00 -1.1368399093e-01
2.1327207386e+00 1.2659002992e-01 9.7732122583e-01
1.2677786385e+00 1.0391676180e+00 2.0394915435e+00
2.2021540936e+00 3.0000000000e+00 2.4478055062e-03
-2.3135325959e+00 -1.5166606215e+00 1.8821604157e-02
2.8866673822e+00 -1.2088003999e+00 1.4114768657e-02
-1.2453303783e+00 -2.9802712060e+00 -6.2316566147e-03
-7.4467057280e-01 2.3610681966e+00 1.5914901249e+00
-2.3831623004e+00 1.7362007964e+00 2.2060667469e-03
-9.6336386820e-01 -2.9951777032e+00 -3.6083529248e-02
1.7589172729e+00 -2.0553341345e+00 -1.8383332233e-01
3.3418439433e-01 -2.5891826112e+00 -1.1812449039e+00
-2.8098405605e+00 1.6874399519e+00 -2.4342294086e-03
2.3792839766e+00 2.1463667876e+00 2.0334661347e-02
2.3208972963e+00 4.5341678842e-01 4.5224506125e-01
2.8553404024e+00 -1.2804890954e+00 1.3510309075e-02
-1.4457854276e+00 2.1700952453e+00 5.0342526058e-01
6.5102763397e-01 1.2383846011e+00 4.3158329931e+00
2.4673829582e+00 -6.2122675874e-01 2.3546793940e-01
2.3702330290e+00 -1.9851889828e+00 -4.9448332310e-03
2.5403983664e+00 -5.5867655196e-01 1.9170666201e-01
2.2857237035e+00 1.5465631408e+00 1.0014047377e-01
-1.9388632962e+00 7.7807164449e-01 -8.9128482189e-01
2.9838675638e-02 5.3932639681e-01 4.7401707488e-01
-9.5833617866e-01 -2.2111391211e+00 -5.5213411827e-01
-1.0625097548e+00 -1.0991377190e+00 1.4838974014e+00
-2.3332147340e+00 -1.0581477653e+00 -6.6136815611e-02
5.9272035842e-02 1.8514542838e+00 7.0295336540e+00
-3.2056153755e-01 2.1394350566e+00 4.1603014531e+00
-3.9815762337e-01 -1.2743274945e+00 -1.0292902640e+00
7.0359377778e-01 6.0817093493e-01 1.2239439630e+00
-1.8745200070e+00 -2.3705252728e+00 2.4710751419e-02
7.6258490385e-01 9.6389291465e-01 2.4753598995e+00
2.2138516213e+00 -2.7723638579e+00 -3.8172843580e-03
8.7240933275e-02 -2.7681463886e+00 -6.4951801468e-01
5.4940180771e-01 1.9589223404e+00 4.6050351761e+00
2.3217265875e+00 1.0673471828e+00 1.9643249707e-01
-2.7118062530e+00 2.8114083116e+00 3.6272768038e-04
-2.5102709555e+00 7.6551353297e-01 -1.6957480199e-01
2.4912191946e-02 -2.2368551706e+00 -3.1414049310e+00
-7.1215570407e-01 -2.2574030705e+00 -1.0813747921e+00
-1.7599331876e+00 -1.0771462376e+00 4.0293038907e-02
-1.5935059260e+00 -4.6241177465e-01 -1.3854929470e+00
-9.4039478790e-02 1.7276024937e+00 7.7158887106e+00
2.5104592376e+00 2.7647664929e+00 1.5517595078e-03
6.9591078363e-01 -2.7698521368e+00 -4.5973813993e-01
-2.6032851317e+00 2.8664999566e+00 5.3607293194e-04
2.6581879957e+00 1.0163263267e+00 5.8876613962e-02
-1.8361850420e+00 2.1350423865e+00 1.3697510081e-01
1.5043394288e+00 2.0656716330e+00 5.9399249299e-01
3.0000000000e+00 -3.0367456654e-01 3.0619048480e-02
2.9885945269e+00 -1.2413079802e+00 8.0305758268e-03
8.1225465329e-02 1.0872655319e+00 4.5808634528e+00
4.7540005408e-01 -1.2502554274e+00 -4.4734333825e+00
-1.1956399153e+00 -2.9149632217e+00 -1.5141016641e-02
-8.2234687096e-01 -1.2896648990e+00 7.8147002557e-01
-3.0000000000e+00 -1.5075243123e+00 -3.9776349264e-04
-1.3879222947e-01 1.4523151731e+00 7.7097396780e+00
5.3537110827e-01 -2.2737067125e+00 -2.4963950131e+00
3.0000000000e+00 -3.8247702571e-01 2.9148927078e-02
-5.4020120370e-01 -1.0172437764e+00 2.1957879201e+00
-2.9028117811e+00 -2.8478641749e+00 1.8752538457e-04
1.5303286891e+00 3.0000000000e+00 2.9221148278e-02
5.6876218850e-02 2.7344094341e+00 8.6225049767e-01
2.9217045122e+00 2.3701099832e+00 7.0694162027e-04
2.8978920860e+00 1.1236639995e+00 1.6315693513e-02
-3.0659828740e-01 -1.9072165671e+00 -3.9961503271e+00
1.0365246203e-01 -1.4834622801e+00 -6.0149901247e+00
-3.2626791129e-01 1.8769537088e+00 6.1837446264e+00
-2.2589719743e+00 -2.8649519461e+00 2.5796231623e-03
-3.6937840146e-01 1.6786273969e+00 6.9491072888e+00
1.9230063008e+00 2.4109406284e+00 6.5312781283e-02
2.6944325993e+00 -4.8252853624e-01 1.1045871971e-01
2.0680863427e+00 2.0015976111e+00 1.0249250353e-01
2.4557638891e-01 2.6449567415e+00 1.1156465840e+00
1.7919235269e-01 -1.1990784335e+00 -3.9075548994e+00
1.5055683528e+00 -2.7541593417e+00 -7.8109354414e-02
2.7939518919e+00 7.6017427006e-01 4.9313661972e-02
1.9041211987e+00 2.2784734877e-01 1.6637854804e+00
1.0046533070e+00 2.7941536722e+00 2.5369094430e-01
-1.6801488224e+00 1.5589063041e+00 2.3445272758e-01
-2.1320945418e+00 1.7361936770e+00 2.9536766389e-02
2.6188389750e+00 -4.4110726280e-01 1.5671291470e-01
-2.1723830174e-01 1.4884771586e+00 7.6269140346e+00
2.8398027499e+00 -1.1080556340e+00 2.2194508586e-02
-1.9592549401e+00 -9.3646355657e-01 -1.9495353812e-01
-1.0022839898e-01 3.7293388947e-01 6.4295580576e-01
-2.7781996253e+00 -9.7895837553e-02 -9.7516956754e-02
-5.1389924666e-01 -2.0568258223e+00 -2.3908842793e+00
6.0581004513e-01 -2.7489361270e+00 -5.5284545458e-01
8.8722086534e-01 -2.8076812160e+00 -2.9788390071e-01
-4.5223368597e-01 2.0308897734e+00 4.5499043204e+00
-3.0000000000e+00 -8.2147395430e-02 -3.5874183557e-02
7.6949286103e-02 -2.2561100548e+00 -3.0551691598e+00
1.4247712464e+00 2.1567230733e-02 3.4469077306e+00
-1.2631780190e+00 -1.9457144319e+00 -9.7315562018e-02
-8.9528902738e-01 1.9282766617e+00 2.8377775026e+00
2.3122278559e+00 -5.8041031327e-01 4.2327127841e-01
2.8606623956e+00 1.2191741536e+00 1.6147687181e-02
-2.3317827994e+00 1.7056208070e+00 2.2853861958e-03
-9.5563630706e-01 1.9635309978e+00 2.4141853957e+00
-2.6221387471e+00 2.0312472362e+00 2.4639782721e-03
-3.7827375553e-01 -1.9735766974e+00 -3.3654935538e+00
-2.2370986547e+00 9.0075398257e-01 -3.2895535355e-01
3.0000000000e+00 -1.5946642326e+00 2.6010058142e-03
-2.3629282900e+00 -6.1212885870e-01 -2.5703784076e-01
2.5063065269e+00 1.7846038598e+00 2.5816937902e-02
1.7621335381e+00 1.2938875481e+00 7.3520383280e-01
2.1461035757e+00 1.4328488895e+00 1.9884900611e-01
-2.6673527567e+00 -2.0256390571e+00 4.0578989029e-03
2.9628127534e+00 1.7622107903e+00 2.9281235551e-03
1.2461993941e+00 2.4099330216e+00 5.2745520621e-01
1.3408594811e-01 2.2909326720e+00 3.2560230615e+00
-1.0739752530e+00 -1.4158511485e+00 5.2680275497e-01
2.3121285910e+00 -1.1689152518e-01 5.7082224982e-01
1.7857495572e+00 2.7874161750e+00 3.0221433186e-02
-2.3329775854e+00 -1.5509714500e+00 1.8578307700e-02
7.3957023671e-02 7.6673161494e-02 5.5592637189e-01
-3.1350938065e-01 2.9457921268e+00 3.4250710188e-01
2.3661338215e+00 -2.1598616339e+00 -6.5390295611e-03
3.4221149044e-01 5.8424301359e-01 3.0578693669e-01
-2.6520721761e+00 -2.1238933862e+00 3.7945130631e-03
4.2568710880e-01 -1.6044737483e+00 -6.1955434923e+00
-1.9935954090e+00 2.9301049299e+00 7.2934067822e-03
2.8718985779e-01 1.7939057790e+00 6.8337818507e+00
1.9422176160e+00 -2.0214976251e+00 -8.2049972341e-02
-9.5876322124e-01 -1.0671902920e+00 1.8152737299e+00
4.1608724860e-01 2.0915075156e+00 4.2379510565e+00
2.3122831448e+00 7.4114515060e-01 3.3466621687e-01
-1.7503231733e+00 -1.2000520382e+00 1.4341843438e-01
-2.2520013692e+00 -2.9757101592e+00 1.8182176497e-03
3.0000000000e+00 -2.3024115183e+00 3.5865552026e-05
-2.0965712504e+00 -1.1991178444e+00 -1.2970753421e-02
2.7797767407e+00 -2.8084966260e+00 -9.5359254686e-05
-8.6627221236e-01 -7.2579633685e-01 2.4919228429e+00
3.0000000000e+00 -8.7998431071e-01 1.6178756183e-02
2.9172747709e+00 -1.8311849607e+00 1.3699969556e-03
2.7348344157e+00 -1.7537946764e+00 3.7524045061e-03
1.2314076942e+00 6.4513451555e-01 2.5094337777e+00
-1.1891508750e-01 2.6418991090e+00 1.1809979400e+00
-5.7123928129e-01 -2.9731811396e+00 -1.3406056105e-01
-4.0265548258e-01 -1.7383594316e+00 -3.6703401617e+00
4.9746854570e-01 -1.8889586732e-01 4.4833604407e-01
1.0936132043e+00 1.5369058531e+00 2.7533367703e+00
2.8443130692e+00 -8.8662010263e-01 3.3668157744e-02
-2.8810992667e+00 3.0000000000e+00 6.6125374925e-05
-3.0000000000e+00 2.7703827504e+00 7.5546912925e-05
-8.9970994330e-01 -2.7311736065e+00 -1.5058424330e-01
-2.5442568406e+00 1.3904302565e+00 -2.8296635132e-02
1.8788891332e+00 7.7606501847e-01 1.0518236228e+00
2.4358336089e+00 -4.3232057450e-01 3.1850391641e-01
-4.6193872371e-02 -1.1414724002e+00 -2.0545571749e+00
2.4055946485e+00 2.4716704137e+00 7.2051411522e-03
2.7886251861e+00 -1.3082644431e+00 1.6763578140e-02
-8.1380921235e-01 2.5776545831e+00 7.6075215751e-01
2.2290162119e+00 -1.3157773201e-01 7.4121593679e-01
-2.3065754437e+00 -3.0493082900e-01 -4.8263380159e-01
2.3626890257e+00 3.0000000000e+00 1.1878116817e-03
-1.9071009481e+00 6.0918237312e-01 -1.2264782355e+00
2.4270055486e+00 1.4116114159e-01 3.7905519659e-01
1.7451708579e+00 2.5609191223e-01 2.2289417395e+00
