1.5890310935e+00 -1.1513437230e-01 1.1211266064e+00
-1.2800898510e-01 -2.4692412104e+00 3.8398762122e-01
-1.0267325878e+00 -1.0334236439e-02 1.5553614178e+00
3.0181580117e+00 -1.5573656268e-01 -4.2087980932e-01
-2.9786870969e+00 1.2515348561e+00 -5.3615624569e-02
2.2194734753e+00 3.0315433630e+00 7.8752064566e-01
1.9479076642e+00 3.0468306356e+00 6.8870895085e-01
1.4917603152e+00 3.9599095448e-01 1.9305755870e+00
-7.0508769345e-01 -4.5188658490e-02 1.6941222970e+00
-1.9534804774e+00 6.7110237559e-01 9.4869469187e-01
-1.3394315435e-01 2.8115374343e-01 2.0573550384e+00
1.9272907616e+00 1.0127829104e-01 9.0360487897e-01
-3.6823591172e-01 -1.7344236456e-01 1.7625959581e+00
2.2173003676e+00 1.2215191460e+00 1.0356741195e+00
1.9753630792e-02 1.7000150277e-01 2.1467280861e+00
-3.1910216447e+00 1.0656566225e+00 1.2683838075e-02
2.0120926218e+00 1.2641630110e+00 1.2569717339e+00
-2.3707892441e+00 3.6187940849e+00 1.8860565463e-02
-4.2520009030e-01 2.6347175477e+00 -2.2441157418e-01
-2.5587464423e-01 -8.3268341698e-01 1.2560654360e+00
-2.4271159861e+00 2.7052909227e+00 1.0984579959e-01
2.3375770493e+00 3.2350057533e+00 6.9929403201e-01
-1.1956302653e+00 2.9300147518e+00 -3.8688861429e-02
-4.3240886606e-01 -1.8365327231e-01 1.7295828680e+00
2.8407138035e+00 1.8993913449e+00 7.1170432937e-01
-1.8724110044e+00 -6.0782390728e-02 1.1275923317e+00
4.0000000000e+00 9.2894461435e-01 2.7423403173e-01
3.6700459803e-01 3.3339176728e-01 2.3902630017e+00
2.2355802060e-01 -1.5108650228e+00 7.0765387371e-01
5.3623283670e-01 -1.1019699436e+00 6.7879625862e-01
-1.8770872936e+00 5.4107722779e-01 1.0204281431e+00
-5.5557480040e-01 6.8519277713e-01 1.5636907319e+00
1.1615348482e-01 -1.1699783410e+00 1.0091256253e+00
-4.0000000000e+00 8.1865869836e-01 4.2582279555e-01
-3.2568064942e-01 2.1418556295e+00 3.1439533037e-01
-2.1586896702e+00 1.3620413693e+00 6.8639764482e-01
-2.3420522849e-01 -7.7435818429e-01 1.2775033739e+00
1.5717972165e+00 -1.2946730819e+00 -1.0564290473e+00
1.4398392227e+00 -1.2673205922e-01 1.3021916154e+00
-6.3186915252e-01 -9.0721022899e-01 1.2370466413e+00
-2.0226949081e+00 9.0781603248e-01 9.0325926791e-01
-1.5895181869e+00 5.8707296060e-02 1.2961952477e+00
-1.6085325095e+00 3.4011985646e-01 1.2462625177e+00
-1.7849604274e-01 8.7367282145e-01 1.7057673037e+00
-1.0889671558e+00 2.5522547315e+00 1.3027418738e-01
-7.3982923753e-01 -3.1158524681e+00 3.6982556194e-01
2.3386458712e+00 -3.1129165900e+00 -3.9709000681e-01
-1.6939090763e+00 6.8979760588e-01 1.2178959574e+00
-3.2951675971e-01 1.5913731562e+00 1.0554882679e+00
7.7098909271e-01 2.9942447986e-01 2.4146606425e+00
2.3011634954e+00 1.8787659181e+00 1.0308466379e+00
-1.3083011984e+00 2.0753476654e+00 7.6864529759e-01
3.0089307448e-01 -3.2420424349e-01 1.7345229107e+00
-1.9641255895e+00 1.5461374889e+00 9.1813804204e-01
2.0129466224e+00 3.3030227766e-01 1.0364194142e+00
-7.2814606192e-01 -3.2049049657e+00 3.6180806119e-01
2.2960611687e+00 4.0000000000e+00 1.9762517885e-01
-4.5414624740e-01 5.1190543929e-01 1.7072035076e+00
6.0776474879e-01 -1.5250185020e+00 1.7664889092e-01
2.2506503753e+00 1.3559902496e+00 1.0084845702e+00
2.0573476200e-02 2.3419557303e+00 -1.3651697941e-03
-1.3414325635e+00 2.6368462315e+00 1.6718978591e-01
-2.6725180262e+00 -7.3175507942e-01 4.1046320798e-01
-3.5965282645e+00 -2.7577842244e+00 4.0225132863e-02
1.5543872467e+00 2.9373396699e+00 4.2190854268e-01
2.6463858750e+00 -5.0698528045e-01 -6.0184478422e-01
-1.4233349318e+00 1.0356099933e+00 1.4964763595e+00
-1.4766300729e+00 -1.0552365799e+00 1.0115642208e+00
1.2272185567e+00 1.2457105799e+00 1.6895627652e+00
-6.7478409875e-01 8.3946755827e-01 1.4807785938e+00
-1.5508415097e+00 1.7109690634e+00 1.2203750365e+00
-4.4394601425e-01 3.3019970150e+00 -3.8212867834e-01
-3.4664295933e+00 7.2699445907e-01 2.6705271513e-01
1.5601371402e+00 9.6750438401e-01 1.8354281020e+00
3.8158536385e+00 7.1677046760e-01 2.7020651685e-01
-4.0000000000e+00 2.4680985607e-01 6.6688910228e-01
-1.6972275826e-01 -1.4243534790e+00 1.0616872109e+00
-3.1772622202e+00 -2.3788077386e+00 9.6027833491e-02
-1.7676972629e+00 2.2054652048e+00 5.2654765567e-01
4.0000000000e+00 3.9167967016e-01 3.6194228226e-01
-2.6617707713e-01 2.5891240335e+00 -2.2688904649e-01
-1.0212734514e+00 -1.2065111956e+00 1.1526359628e+00
-3.0727283420e+00 4.0000000000e+00 -7.4742397553e-02
-1.0144384300e+00 1.8803239072e+00 9.7964650717e-01
6.9531208096e-01 1.5385383000e+00 1.2348629931e+00
-4.8192703864e-01 -8.3519893984e-01 1.2522834336e+00
-2.6978479882e+00 1.8724409382e+00 -2.5216299180e-02
-2.1636733013e+00 1.5453029098e+00 6.2167797934e-01
-1.8701997304e+00 1.2679216859e+00 1.1427615106e+00
-2.3296486789e+00 1.1192685931e+00 4.5652408160e-01
4.0106938847e-01 3.0038475572e+00 -3.9170596059e-01
6.5877202080e-01 -1.5803300154e+00 4.9561556554e-02
1.0947871051e+00 3.2992726406e-01 2.2845765064e+00
-1.5099367444e+00 5.9332284057e-01 1.3063546533e+00
1.6148522915e+00 3.5037922764e+00 4.3157547270e-01
2.6416942454e+00 2.6824756543e+00 8.4997384127e-01
-7.6486645941e-01 1.7230338682e+00 1.0600796701e+00
-1.4831949508e+00 4.3458307352e-01 1.3049787499e+00
-2.3370682864e+00 2.6283648644e+00 1.3648956790e-01
5.3637698321e-01 -5.3140573255e-01 1.4044279291e+00
9.5524488318e-01 2.4243055211e-01 2.2860175540e+00
-2.4680305751e+00 2.1896820341e+00 8.9290951956e-02
2.1230647108e+00 1.1915857386e+00 1.1470201813e+00
-3.4045775183e+00 1.0791140661e+00 6.2723775993e-02
4.1459292006e-01 -2.1290320606e+00 4.6682934901e-02
1.9372929671e+00 2.5316735944e+00 8.2840411899e-01
-4.1336989586e-01 -6.3310968265e-01 1.3347324338e+00
7.1306380076e-01 -8.1896037839e-01 8.5756779471e-01
-8.3363081412e-01 8.0866508298e-01 1.4628023701e+00
3.5993961655e+00 -2.4837810858e+00 -2.6283696071e-02
-1.4826697316e-02 1.4215313969e+00 1.2499030807e+00
2.2668549398e+00 2.5439072625e+00 9.5854132788e-01
-2.0324344299e+00 -3.0982177609e+00 2.2220105510e-01
1.4017214176e+00 -1.7505780501e+00 -1.2177225328e+00
-4.3709546830e-01 1.2616858703e+00 1.3363273787e+00
-1.8520241870e+00 -1.4083051587e+00 5.7971633432e-01
1.2138098394e+00 2.1781319127e+00 5.0908034384e-01
-1.1147758295e+00 3.1721370408e+00 -1.0808319223e-01
-1.7006343492e+00 1.8370507121e+00 9.9228173731e-01
-1.7287915221e+00 -1.0465800211e+00 8.5850319637e-01
2.7075328058e+00 3.8054512487e-02 -2.1722589584e-01
-1.7688472541e+00 3.0643151829e-01 1.1397037339e+00
-2.3317432403e+00 -3.0587771910e-03 7.8493911808e-01
3.0363952049e+00 7.4448436814e-01 2.0225747812e-01
1.3234138267e+00 6.6800193283e-01 2.2126960357e+00
1.7603131350e+00 1.6925542579e+00 1.2008089135e+00
1.5524931643e+00 -2.4430707078e-01 9.6656656986e-01
7.3674269325e-01 -5.2504114129e-01 1.3072671656e+00
-5.6319259061e-02 -8.3315177804e-02 1.9578748140e+00
-2.6092174738e-01 8.6316524196e-01 1.6555573989e+00
4.0000000000e+00 -2.6804260923e-01 1.9012703207e-01
4.3244533024e-01 -3.8398823116e-01 1.6393644586e+00
-8.7197693974e-01 -2.9407968815e+00 4.0285835668e-01
-1.0318822441e+00 -1.2582699894e+00 1.1403359032e+00
1.8474672877e+00 2.5753860113e+00 7.5218583838e-01
1.9948676148e+00 -2.5528335358e-01 3.1344525856e-01
-8.6737123661e-01 1.5524380251e-01 1.6169525325e+00
5.6954183591e-01 -1.3051341958e+00 4.3031448608e-01
4.3736517057e-01 3.2001715218e+00 -3.5693782162e-01
-1.8762229936e+00 2.1156263303e+00 5.4655981178e-01
2.4735809840e+00 1.0125500177e+00 6.7963551351e-01
-4.0531706332e-01 5.9045061575e-01 1.7037433231e+00
2.8512531121e+00 -7.7852010507e-02 -3.7196465839e-01
1.4654187097e+00 1.4908111548e+00 1.3809623482e+00
1.5843709202e+00 1.2048723468e+00 1.6250638366e+00
1.3931466889e+00 -7.7760298393e-01 1.1720880674e-01
2.3258575258e+00 2.7418980029e-01 4.5728245630e-01
-2.9185027925e+00 1.1488546030e+00 -3.0356949597e-02
-8.4391484253e-01 1.1528014018e+00 1.4453022124e+00
-1.3971764041e+00 5.1775162916e-01 1.3399482453e+00
-2.6728331826e+00 1.7403072378e+00 -5.1906292917e-03
2.5199854013e+00 2.0223560964e+00 9.4412696792e-01
3.1899382544e+00 -2.1440303813e-01 -3.9406843697e-01
-1.8134771044e+00 2.0538050114e+00 6.5319273730e-01
1.5683741022e+00 -7.4992979059e-01 -3.8213125409e-02
-3.8089590428e-02 4.1478876391e-01 2.1118048699e+00
-1.5296441491e+00 7.2268827637e-01 1.3373184747e+00
1.4825908156e+00 -2.7388617822e+00 -9.3501850784e-01
-1.7156500475e+00 4.7731600960e-01 1.1639923533e+00
1.2480707475e+00 7.8707656005e-02 1.8380773140e+00
-5.2328703104e-01 -1.6789759686e-02 1.7892352151e+00
1.4000358913e+00 2.5356174436e+00 3.9150116646e-01
4.0000000000e+00 -4.0000000000e+00 -5.7936913262e-02
1.6032631640e+00 2.2592568805e+00 7.2331745141e-01
2.3446999587e+00 2.6913617450e+00 9.2141866553e-01
1.5753287933e+00 1.5088074352e+00 1.3578507354e+00
1.1899452764e+00 -8.9441132729e-01 1.3002270401e-01
-1.0766391991e+00 1.9088791199e+00 9.6282859465e-01
-3.2117864673e+00 3.4571967432e-01 4.3203439390e-01
4.7568839924e-01 3.1156827644e+00 -3.5788910086e-01
-9.6477782653e-01 -6.4430074898e-01 1.2871559319e+00
-6.7510069911e-01 2.3770357218e+00 1.2300475684e-01
2.0486324322e+00 8.2237413783e-01 1.2656921861e+00
1.1413806546e+00 5.6184703051e-01 2.3714798549e+00
2.4508664693e+00 -4.0000000000e+00 -2.8774025445e-01
-4.0000000000e+00 2.1152674026e+00 -3.3743384158e-01
3.6258435018e+00 7.4062846193e-01 2.3034196991e-01
4.1024038866e-01 -1.8856268432e+00 2.1265972199e-01
-1.4963144389e+00 -1.0816362951e-01 1.3477303398e+00
-1.9355225937e+00 -3.2852499019e-01 1.0750783761e+00
-7.6067262764e-01 -4.0000000000e+00 3.0118189346e-01
1.5096216847e+00 -6.5937511535e-01 2.3937506131e-01
1.2804721993e+00 4.0131516365e-02 1.7471467481e+00
-1.4516884791e-01 -8.2197721667e-01 1.2562199628e+00
2.0486058265e+00 -7.7292473604e-01 -5.6229810344e-01
-6.4065979297e-01 -9.7037168058e-01 1.2301108813e+00
2.2148870060e+00 -8.5705621288e-01 -7.9236351155e-01
-5.3970770575e-01 -4.4993964995e-01 1.4572852860e+00
1.8199068940e-01 -1.7549058738e+00 5.9877866725e-01
-8.5942538435e-01 1.4895328354e+00 1.3075126580e+00
-1.0008233520e+00 3.6525787809e-01 1.4912550047e+00
3.3117112327e+00 -8.1884517501e-01 -4.6802131961e-01
-3.7306515888e-01 -1.3334295987e+00 1.1595518061e+00
-1.8758664596e+00 8.0833255490e-01 1.0707663709e+00
-6.5245608702e-01 -2.1496954240e+00 8.2898537246e-01
2.7922826799e+00 -1.5049590787e+00 -7.8392158457e-01
-2.4957891220e+00 -7.0812038721e-01 5.1945424296e-01
-1.7388972958e+00 -3.4610616349e+00 2.8068214978e-01
-1.0742177343e+00 2.7490174668e-01 1.4903556884e+00
-4.5856821870e-01 -8.0742078203e-01 1.2593890073e+00
-1.1113852390e+00 1.5241743935e-02 1.5188705745e+00
2.1251903403e+00 1.5466030320e+00 1.1219398200e+00
8.2489785507e-01 -1.2474436963e-02 2.0249793494e+00
-2.7207017596e+00 5.4963280668e-01 2.3273094101e-01
-1.3372058762e+00 1.9578182667e+00 9.4987768994e-01
1.0095076667e+00 -1.1219803008e-01 1.7632689487e+00
1.1353657292e+00 1.8448095746e+00 8.7342352001e-01
-4.8484506962e-01 -5.9769370252e-01 1.3488141861e+00
6.7671506273e-01 -4.8249771790e-01 1.4086997920e+00
2.1748089702e+00 4.0000000000e+00 2.0891820269e-01
-1.4393502349e+00 6.0996970562e-01 1.3391738375e+00
2.6417688566e+00 -7.0482060448e-01 -7.3278768978e-01
2.6241676128e+00 -5.9482472505e-01 -6.5500687729e-01
-2.4749858813e+00 1.9458662863e+00 1.1361991579e-01
-9.8156925462e-01 1.6596825628e+00 1.2256399738e+00
2.4640979617e+00 -4.0000000000e+00 -2.8568809902e-01
-1.9048527461e+00 2.2939096957e+00 3.9192860784e-01
-1.5116237280e+00 5.3651683528e-01 1.2956315214e+00
2.7253793833e+00 -8.1793795975e-01 -7.8683391538e-01
-1.1523619499e+00 4.0000000000e+00 -2.5346106317e-02
-2.4425341553e-01 -9.6729540002e-01 1.2190691367e+00
-4.0000000000e+00 -3.1355470716e+00 1.3308732046e-01
-2.4034568448e+00 1.6680516875e+00 2.4896136712e-01
-5.7563452679e-01 5.3888789476e-02 1.7765456649e+00
-2.6669627238e+00 2.2215855109e+00 -3.3897180300e-03
2.0373820536e+00 2.5717453067e+00 8.7208138767e-01
5.6871890839e-02 -3.9049656860e-01 1.6396156020e+00
-4.1809000965e-01 -1.4319240899e+00 1.1453446595e+00
2.0111174655e-01 -1.5192570052e+00 7.2672641370e-01
-1.3148466013e-01 7.7735138749e-01 1.8178148457e+00
-3.3592768202e+00 1.5643490646e+00 -9.1195664576e-02
-8.9147370458e-01 -5.0912444218e-01 1.3628040776e+00
-1.7524063237e+00 8.6656514193e-01 1.2267983437e+00
2.0788093070e+00 9.5154818422e-01 1.2231501744e+00
-4.0000000000e+00 1.2762856842e+00 8.0780426442e-02
1.6955657692e+00 1.0323810726e+00 1.6691357055e+00
-3.2148960530e+00 -4.0000000000e+00 1.0393951450e-01
-1.6870208277e+00 1.2282295685e+00 1.3630887175e+00
2.5293661789e+00 -3.5825903967e-01 -4.3107068095e-01
-7.7958645498e-01 -1.0293006301e+00 1.2167829265e+00
1.2166428541e+00 4.0000000000e+00 2.2874181346e-01
1.4927100861e+00 3.7286914807e-01 1.9086132837e+00
-1.7319320797e+00 -8.2566707501e-01 9.8948611214e-01
1.8833849060e+00 1.0975565013e+00 1.4422528831e+00
4.0000000000e+00 2.8371969180e-01 3.6711825296e-01
1.4777069126e+00 -1.2805428317e+00 -9.3474211837e-01
8.9271241145e-01 5.0044076791e-01 2.4920862053e+00
2.2379684355e+00 1.2438047689e+00 1.0126317464e+00
4.8591047311e-01 4.7743346814e-01 2.4723513980e+00
-4.0633559569e-01 -1.4119588804e+00 1.1478552288e+00
1.5806796360e+00 1.6461946499e+00 1.2319469912e+00
-9.2881205768e-01 -8.6824876631e-01 1.2248558559e+00
-1.0095336208e-01 -1.8415672893e-01 1.8456596459e+00
5.1957978290e-01 -9.9136890579e-01 8.1861822253e-01
1.4294839663e-01 3.0232063759e-01 2.2571752690e+00
-2.4175740129e+00 7.9692895213e-01 3.6388147446e-01
1.5552300436e+00 1.3991177882e+00 1.4622742602e+00
4.3135230634e-01 3.1861667892e+00 -3.6331031442e-01
-3.0333559477e+00 2.3428227584e+00 -1.1436390995e-01
3.0354595204e+00 1.2033627347e+00 2.9729193884e-01
9.5965923241e-01 1.1143986713e+00 1.9025923677e+00
-2.5672512173e+00 -2.6434145268e+00 9.8776890858e-02
2.1209774068e+00 2.7715962443e+00 8.4755814928e-01
1.4338850027e+00 3.5447410015e+00 3.3539467255e-01
-3.5505381720e-01 -9.9682364527e-01 1.2230891681e+00
2.7099072403e+00 -1.0726626318e+00 -8.8400246310e-01
4.3430488060e-01 2.5282281908e+00 -1.5674245010e-01
-1.6453210324e+00 1.1233432602e+00 1.3980607418e+00
9.7895792270e-01 4.3049911096e-01 2.4313699984e+00
1.0194612074e+00 -7.6155774423e-01 6.2513373322e-01
1.5669935748e+00 2.3040106912e+00 6.6639708741e-01
4.0000000000e+00 -9.0377242589e-01 -5.2742740540e-02
-8.6227782130e-01 3.1032215274e+00 -2.3898068907e-01
-3.8203257027e+00 4.0000000000e+00 -1.1471402335e-01
-3.8925557325e+00 1.7257609153e+00 -1.6235288248e-01
2.0290710698e+00 -1.7446191150e+00 -1.4337866636e+00
1.7799599040e+00 2.2228851268e-01 1.3084713386e+00
-1.7572183735e+00 4.0388163586e-01 1.1349939980e+00
4.1672159576e-01 -1.9470222864e-01 1.8958115074e+00
-1.2315023769e+00 -2.0367458421e-01 1.4358395257e+00
4.7969743138e-02 -1.8686828584e-01 1.8812868624e+00
1.3856564651e+00 1.8147787380e-01 1.8267736158e+00
1.5023255510e+00 -4.8790588941e-01 6.0284234176e-01
-1.7683312203e-01 -3.0606951927e-01 1.6917650883e+00
-2.0031831256e+00 1.2577535064e+00 9.5121128579e-01
-8.5957118994e-01 -4.7518354061e-01 1.3879750653e+00
7.5300741628e-02 -2.1295430998e-01 1.8567003074e+00
-1.2702782316e+00 6.8301652610e-01 1.4022867217e+00
-2.7030349821e+00 2.8146198922e-01 4.3842770812e-01
-2.1814287495e-01 -1.4341668683e-01 1.8458181802e+00
1.7535705818e+00 4.5122883184e-01 1.5917020459e+00
1.1646568749e+00 -3.4911627754e-01 1.2468906407e+00
2.7454686055e+00 4.0000000000e+00 1.8166558109e-01
2.0480654055e+00 1.6519201059e+00 1.1502015533e+00
3.4720987511e+00 -7.9659764880e-01 -3.6574859629e-01
2.5667764383e+00 -1.4953468310e-01 -2.8726259010e-01
2.1540538391e+00 -8.5335467891e-01 -7.6074694748e-01
-2.5878950248e+00 6.0128589063e-01 2.6941277436e-01
-1.2025617945e-02 -1.0505647457e+00 1.1360893837e+00
2.5856159045e+00 -4.0000000000e+00 -2.6194871800e-01
-2.4539251179e-01 1.4123491080e+00 1.2262909101e+00
-2.2102830289e+00 2.7691032071e+00 1.6563789694e-01
2.1866744176e+00 5.5179935392e-01 9.4302297485e-01
3.3293050371e-02 1.6490139758e-01 2.1524058841e+00
1.7994429436e+00 -8.1130997709e-01 -4.2817129072e-01
1.5770760335e+00 -8.5596363835e-01 -2.9121628696e-01
2.6010721678e+00 1.5792158616e+00 7.2542798999e-01
-4.0000000000e+00 -3.9372125977e-01 4.9714460659e-01
-2.5112122241e+00 2.6205229710e+00 7.9246043068e-02
-9.5387654283e-01 3.9673896281e-01 1.4985431486e+00
-8.8413599172e-01 -3.8774046821e+00 3.1602557986e-01
-2.1158534796e-01 -2.0075108450e+00 7.8337938410e-01
4.0000000000e+00 6.9949813477e-01 3.1641119972e-01
-2.0822864567e+00 3.2020570219e+00 1.6964918354e-01
1.7713577365e+00 9.0991676355e-01 1.6443673747e+00
5.0962195753e-01 -9.8991085447e-01 8.3018768124e-01
1.8329541969e+00 -1.2132537933e+00 -1.1472114393e+00
-2.0364536378e+00 -4.7193128358e-01 9.7101626026e-01
1.6327631687e-01 3.8132227116e-01 2.2789725101e+00
-9.7503998305e-01 -6.0410894905e-01 1.3040488160e+00
4.5203109130e-01 1.6829189322e+00 9.8850804829e-01
2.0973758068e+00 -3.0730870927e-01 9.9398272946e-02
3.2007787141e+00 1.1553048774e+00 2.4923928565e-01
1.5230050986e+00 8.2041211466e-01 1.9612114580e+00
-1.0061620934e-02 -4.5386467621e-02 2.0063678565e+00
1.1900514116e+00 -4.7843995916e-01 9.9147860002e-01
3.8702766677e-01 -3.9891312039e-01 1.6272231631e+00
1.4505592148e+00 -2.0362213590e-01 1.1657895760e+00
-9.6708325545e-01 1.8692910504e+00 9.7477029572e-01
2.0995020496e+00 8.3181016843e-01 1.1892569889e+00
1.5087210542e+00 2.3982289044e+00 5.6050488900e-01
-2.0270365492e+00 8.3886504451e-01 8.8461860426e-01
-1.9579935822e+00 -4.0000000000e+00 7.6838907782e-02
-7.6825256131e-01 2.2370424601e-01 1.6481429442e+00
3.4515621484e+00 -1.8850873308e-01 -2.2364291072e-01
-3.9508930971e-01 -7.2151196836e-01 1.2912077265e+00
2.3721785894e-01 -2.2331410577e-01 1.8634612336e+00
1.2409985378e+00 -8.8768408899e-01 7.3749078706e-02
3.7193082001e-01 1.2891448894e+00 1.5265980156e+00
7.9941729553e-01 -4.0000000000e+00 3.2092814463e-02
-3.7658117803e-01 -3.0563985612e-01 1.6352263100e+00
6.6454124793e-01 -1.0716247793e+00 5.5560204849e-01
-4.5305107671e-01 -5.8731511776e-02 1.8059547153e+00
-2.2671713426e+00 9.0497552099e-01 5.5200784925e-01
2.3478023758e+00 1.4871072943e+00 9.3176593763e-01
-3.3173554294e+00 9.9187660603e-02 5.9109123361e-01
-6.3906059163e-01 -8.8286778042e-01 1.2398783938e+00
-2.9083681204e+00 1.9109296902e+00 -9.5571100035e-02
3.0119543239e-01 -1.6176812290e+00 5.4511145021e-01
-1.2611936228e+00 1.0754233905e+00 1.5229533281e+00
1.7765778591e+00 -8.4702059604e-01 -4.8269784652e-01
-1.7141963472e+00 -1.3968108319e-01 1.2318144164e+00
2.9037230715e+00 -1.0211435356e+00 -7.4083052885e-01
-3.3925417423e-01 3.1485144863e+00 -4.4152169480e-01
-1.3034625850e+00 -1.7025777450e-01 1.4185985884e+00
-1.5001647831e+00 5.4356920181e-01 1.3018279427e+00
2.7454325253e+00 1.3355318694e+00 4.9621931967e-01
-2.1033219083e+00 1.4073397024e+00 7.6171177122e-01
-1.8468898379e+00 4.0000000000e+00 -7.2488844607e-02
-1.6364936749e+00 2.8052445810e+00 1.6948513684e-01
-3.6199928097e-01 1.4822414389e+00 1.1631190334e+00
-6.2071070715e-01 -8.7022573387e-01 1.2422023138e+00
2.5484389120e+00 -7.7003612594e-01 -7.7568111896e-01
7.9420736673e-01 -1.2392283054e+00 1.6428117215e-01
-1.8931295532e+00 1.7751828345e+00 8.6179021745e-01
4.0000000000e+00 -2.1821300187e+00 -8.0605200838e-02
9.0768912340e-02 -8.3777283037e-01 1.2136240426e+00
-2.3065312076e+00 -1.1638761148e+00 3.5842504971e-01
-1.7787837242e+00 -3.7084790274e+00 2.1982475635e-01
7.1338516432e-01 1.8742665598e-01 2.3182875355e+00
-1.5239530613e+00 7.5726914527e-01 1.3536070137e+00
1.4538723072e+00 -1.2947521970e-01 1.2800424873e+00
1.4030369312e+00 2.7463198003e+00 3.1624435654e-01
5.8024399110e-01 -1.0110262797e+00 7.3137954932e-01
2.6039248506e+00 2.3084008446e+00 9.3057120888e-01
1.4268240622e+00 1.0278873057e+00 1.8804240433e+00
-4.1179702976e-01 1.5470889439e+00 1.1098372823e+00
-1.7964656160e+00 -1.9819918960e+00 3.6819192324e-01
2.0507369492e+00 5.0997006615e-01 1.1394278512e+00
1.2492007245e+00 -6.4886143074e-01 5.8604559376e-01
1.9991502213e+00 2.5771857725e+00 8.4968224705e-01
-1.3182259666e+00 1.8339461055e+00 1.1254016100e+00
-1.3393037043e+00 1.9939702493e-01 1.3989167486e+00
9.3291496136e-01 6.2232349937e-01 2.4674603191e+00
2.8361449091e-01 3.3223444544e-01 2.3485074699e+00
-4.0000000000e+00 2.0401964577e+00 -3.1516858399e-01
-1.0724026683e+00 -4.0000000000e+00 2.7755683292e-01
-1.7799408278e+00 1.4809592898e+00 1.1914287574e+00
2.0148721467e+00 2.2942302989e+00 9.5501439071e-01
-1.8045301531e+00 1.5022396812e+00 1.1519029082e+00
1.5438063975e+00 1.3236942617e+00 1.5358201216e+00
2.6214767354e+00 2.6133353159e+00 8.7853541564e-01
2.6248213270e+00 2.2745469012e+00 9.2061640811e-01
1.1577581638e+00 3.8366940054e-01 2.2811760593e+00
9.6341846305e-01 1.0600455874e+00 1.9851241193e+00
-1.1324142973e+00 -1.2185949220e+00 1.1159052382e+00
1.2385525279e+00 -2.0123035080e-01 1.4160416357e+00
-4.3135204982e-01 -8.4654236067e-01 1.2512846227e+00
-1.3656470850e+00 -4.4982208944e-01 1.3126680594e+00
2.6904280452e+00 1.9003335985e+00 8.0194901340e-01
-1.7953446647e+00 1.2754447191e+00 1.2385099985e+00
6.2944669206e-01 -1.4867335484e+00 1.7485122409e-01
-2.0886116445e+00 2.5260057749e+00 2.2371273844e-01
1.5268128112e+00 -8.9599823299e-01 -3.2100714275e-01
3.1906305754e-01 2.4569392971e+00 -1.1322595313e-01
-2.3044562415e+00 1.5119698706e-02 7.9868539973e-01
-3.4030256772e+00 -6.3124376806e-01 3.9371999146e-01
-2.0657907947e-01 1.9650989143e+00 5.5774980954e-01
1.4778226920e+00 1.5421810757e+00 1.3270760551e+00
1.4723240102e+00 2.1807173505e+00 6.8544145945e-01
-3.2055438671e-01 7.2401275080e-01 1.6984628190e+00
-1.8400704001e+00 1.5466483422e+00 1.0848421800e+00
2.4225321697e+00 -8.4327750549e-01 -8.2984018918e-01
-6.5760144432e-01 1.7190003162e+00 1.0152070097e+00
-2.7660216452e-01 -6.9280379548e-02 1.8807760606e+00
1.1169317501e+00 1.0277016648e+00 2.0076281498e+00
-3.1677525393e+00 3.3858755113e-01 4.2489003817e-01
2.1665652769e+00 2.0444209110e+00 1.0547389171e+00
8.3158530015e-01 -4.6853916044e-01 1.3328793573e+00
1.3620211298e+00 -7.7621116242e-01 1.6060399171e-01
-1.4328870044e-01 -3.1983596382e-01 1.6849383938e+00
1.5310578665e+00 2.6483592198e+00 4.6319920424e-01
-1.6060980215e+00 2.1014889340e+00 7.0715685667e-01
-1.9108978804e+00 2.3550122922e+00 3.5256704086e-01
-9.4063313381e-01 1.5794375112e+00 1.2774804093e+00
8.6883546968e-01 2.0357959645e+00 5.2690658201e-01
-3.7757569626e+00 1.6672347784e+00 -1.2444505324e-01
-2.6352852993e+00 -9.7676150926e-01 2.8906101469e-01
9.0150591409e-01 -3.8515703045e-01 1.4168912667e+00
-1.0663019723e+00 2.4082179413e+00 2.6248413328e-01
-8.3308819588e-01 -3.8286469145e-01 1.4546171109e+00
1.8488096717e+00 3.7901314786e-01 1.3694628553e+00
4.3524079326e-01 -8.8605510487e-01 1.0088684716e+00
2.6875473656e+00 -2.6097138780e-01 -4.5307146955e-01
-1.4709360457e+00 2.7382401093e+00 1.5260287738e-01
1.4518687781e-01 7.0770206642e-01 2.1209441130e+00
-1.2956098959e+00 1.6559254745e+00 1.3194108266e+00
-8.5324451622e-01 2.0713703380e+00 6.1736791719e-01
2.3169991609e+00 -9.8130608129e-02 4.2299540395e-02
-2.1387679273e+00 6.3408050937e-01 7.2500361875e-01
-2.3436176668e+00 -1.3159332568e-01 8.0019380506e-01
-1.4489575433e+00 1.9501895175e+00 9.5698592282e-01
-1.6026626392e+00 3.1987546168e+00 1.1308380623e-01
-1.0554810086e+00 1.5369756831e+00 1.3561264565e+00
-7.5504068724e-01 1.7811349298e+00 9.8891379762e-01
-3.8898107010e-01 -7.0321759702e-01 1.2997423161e+00
-1.1343270459e+00 2.2741178616e+00 4.4791031433e-01
3.2634100758e-01 1.8743823286e-01 2.2947769923e+00
2.6790798830e+00 -8.0530838539e-01 -7.9151521527e-01
-3.8350369204e-01 2.3438210586e+00 5.8895125143e-02
1.1155838412e+00 3.4975576391e+00 1.4496760897e-01
-2.0009199994e+00 6.2338583769e-01 8.8924617044e-01
-2.4797061252e+00 2.4941237181e-01 5.6630527736e-01
1.2138490070e+00 -5.7736944788e-01 7.7532409568e-01
5.2845787341e-01 -8.7285000998e-01 9.5124905283e-01
-5.3663583560e-01 -2.9434770635e-01 1.5980740946e+00
-1.7650876869e+00 7.0206128288e-01 1.1581136063e+00
1.6648698547e+00 -6.9368421844e-01 -2.5725571312e-02
9.8178338685e-01 -1.2597482654e+00 -1.6244305450e-01
-5.9430487533e-01 1.0034925168e+00 1.4530502226e+00
-5.7794978138e-01 -1.2624657304e+00 1.1970769059e+00
-3.6451342831e+00 8.8660603237e-01 2.4407776295e-01
1.1258343038e+00 9.4088084055e-02 1.9756618582e+00
1.0378478604e-01 -9.4519476491e-01 1.1439917171e+00
-1.3837568795e+00 3.0367740337e+00 3.0599385428e-02
7.4689421117e-01 -3.6120478607e-01 1.5542709544e+00
1.6268672916e+00 1.1981121960e+00 1.6061282434e+00
-1.5066848969e+00 2.1097276962e+00 7.1976259923e-01
-1.0151131982e-01 2.0668103525e+00 3.8910458309e-01
-1.2564830194e+00 1.1374420225e+00 1.5301272631e+00
-1.7681486437e+00 -2.1115815742e+00 3.3116047413e-01
2.4137218227e+00 1.7357086869e+00 9.3769083234e-01
-4.1144330324e-01 -1.2326225149e+00 1.1875987925e+00
-5.7616238049e-01 8.8300651287e-01 1.4922900501e+00
-1.5302751292e+00 -7.1732230764e-01 1.1505265147e+00
7.3290997185e-01 -5.2828573280e-01 1.3046540404e+00
-2.7149804628e+00 2.5094906471e+00 -8.0552214505e-04
1.7168810360e+00 2.3788077930e+00 7.3883353068e-01
4.0000000000e+00 1.8105401050e+00 1.2856628527e-01
-3.3250384972e+00 9.3979332290e-01 9.8664342324e-02
1.2268566018e+00 -3.8515230827e+00 -1.5772335133e-01
8.6685226443e-01 -7.3087098592e-01 8.5205186500e-01
1.8763959610e+00 1.1531778818e+00 1.4279680272e+00
4.0000000000e+00 1.4068610906e-01 3.5674527528e-01
-1.4199864409e+00 9.1078678540e-01 1.4555258560e+00
-1.4442369454e-01 2.3413845442e+00 1.3479673865e-02
-8.9905875338e-01 1.4648208127e-01 1.6034230257e+00
2.1881049020e+00 8.8055061492e-01 1.0614424071e+00
3.9216065192e-02 -3.3394579723e-01 1.7057579450e+00
3.8498489127e+00 2.4903966001e+00 1.2241086328e-01
-3.5985883679e+00 -1.1250819174e+00 2.8048659891e-01
-1.0358347861e+00 -1.3998107467e+00 1.1105687754e+00
-1.8206432470e+00 2.4167352467e+00 3.4712313105e-01
-1.2564768479e+00 1.4024028201e+00 1.4823135257e+00
-1.9216595853e+00 1.1312671602e+00 1.0781942128e+00
1.3299173674e+00 -1.5112342754e-01 1.3960231469e+00
-4.8160207510e-01 -2.2353097117e+00 7.3608717266e-01
-2.7439954303e+00 8.1765339236e-01 9.4597107619e-02
2.3164562759e+00 1.5105402753e+00 9.6624301167e-01
1.5469093910e+00 -9.6336621150e-01 -4.8954966582e-01
-1.7063300099e+00 -3.1619646628e-01 1.2169826018e+00
-1.7940215705e+00 1.5354105677e+00 1.1469760960e+00
2.8880652085e+00 -4.5919352416e-01 -5.9855953349e-01
-1.4412370823e+00 3.7409822232e-02 1.3733835840e+00
-1.9810745489e+00 1.9728859384e+00 5.8889014493e-01
-1.1312866724e+00 2.2254230778e+00 5.1030937308e-01
1.2868825931e-01 -1.0394667545e+00 1.0768914403e+00
1.8976046434e+00 2.0944047398e+00 9.9023184475e-01
2.9372938687e+00 1.4353281681e+00 4.3114426204e-01
-2.7607952423e+00 1.2838139286e+00 -7.1871948605e-03
-4.0000000000e+00 -2.0059856194e+00 4.9411001949e-02
-4.0000000000e+00 -1.0571319983e+00 2.8914153967e-01
-5.4181983459e-01 7.1690081244e-02 1.7960992614e+00
2.3327563198e+00 6.0628863771e-01 7.4794672163e-01
7.3602810300e-01 -1.9607717408e+00 -3.2906901369e-01
1.5354004634e+00 1.8037400552e+00 1.0729044411e+00
-5.1013379202e-01 -2.8718681009e-01 1.6124437956e+00
-1.2145846368e+00 3.0893109045e+00 -5.6226269601e-02
-4.8720610086e-01 8.4627016618e-01 1.5361734068e+00
-3.1591593635e-01 -2.8161692026e-02 1.8869932414e+00
-4.0000000000e+00 -2.4684576539e+00 2.4170698722e-02
-1.1342180172e+00 1.4193086999e+00 1.4507366821e+00
1.0501892882e+00 2.3125693964e-01 2.2133242558e+00
1.4000951401e+00 2.0280800538e+00 7.7914864759e-01
-3.1786265193e+00 1.5417623296e+00 -9.6098010020e-02
7.3417712177e-01 -8.7731200590e-01 7.4458531860e-01
-1.4106608767e+00 9.5476319550e-01 1.4742883887e+00
-2.1156597372e+00 -5.4038230953e-01 8.8830109990e-01
-1.2425776747e-02 1.3043902711e+00 1.3783159061e+00
9.0317354593e-01 7.4556664464e-01 2.3954157777e+00
-1.7096734845e+00 3.0218572049e+00 1.4451990319e-01
-9.7739656383e-01 1.0537879183e-01 1.5733523504e+00
-1.2379088294e+00 1.0661757362e+00 1.5206014886e+00
-1.1648312663e+00 1.6779187320e+00 1.2751398256e+00
1.6598688947e+00 -4.0000000000e+00 -2.1794987808e-01
1.7000429557e+00 -1.2912186466e+00 -1.1624826142e+00
-1.1728595548e+00 9.4545437913e-01 1.4897714434e+00
1.0217972472e+00 3.4491340218e-02 1.9727780390e+00
2.4095902978e+00 -1.7401048907e+00 -1.1443435049e+00
-2.1080381344e+00 -1.8917204598e-01 9.6767401125e-01
2.0443623249e+00 -2.2137762488e+00 -1.1756097427e+00
-9.2503641538e-01 -3.3615682725e-01 1.4650591375e+00
-3.8951651988e-01 1.0400813002e+00 1.4795237247e+00
-7.3315522450e-01 -7.1745640835e-01 1.2725946605e+00
-3.1417431751e-01 4.3638306522e-03 1.9031117896e+00
-1.4303690396e+00 -8.1776053078e-01 1.1386503668e+00
5.1696774839e-01 -5.5914066341e-01 1.3736487175e+00
2.3153526279e+00 1.5989029833e+00 9.8338360079e-01
-3.0636179356e+00 -3.0786360233e+00 2.6984942233e-02
1.2332014193e+00 -2.5318821286e-01 1.3370408934e+00
2.1799554357e+00 3.6206233060e-02 4.0192357489e-01
-3.8555403083e-01 -8.0245186515e-01 1.2634540282e+00
-4.1211385624e-01 2.2108586580e-01 1.8629060283e+00
-1.7053132958e+00 -1.5440751352e+00 6.3953860384e-01
2.7364390245e+00 1.0563380031e+00 4.1099422938e-01
-3.2248603463e+00 -1.4364018404e+00 1.9003467009e-01
7.7166006448e-01 2.8031855953e+00 -1.8112918148e-01
-2.3305584394e+00 1.5829953819e+00 3.6582504875e-01
1.4349668187e+00 2.0023032725e+00 8.2593613549e-01
1.0513574746e+00 -5.0642408180e-01 1.0824738342e+00
-1.9072416445e+00 5.6223968322e-01 9.9011369067e-01
-6.7047771889e-01 -1.2168006603e+00 1.2029976694e+00
-1.9855287218e+00 1.1855814349e+00 9.8492033731e-01
1.6214859540e+00 1.5144069090e+00 1.3477241901e+00
2.9792136589e+00 1.2752903746e+00 3.4220462387e-01
1.4613284210e+00 1.8789900675e+00 9.6760708780e-01
-2.2895882663e+00 8.6049632575e-01 5.2119170457e-01
2.0771432104e+00 2.3561566803e+00 9.5941220668e-01
-6.4739806807e-01 3.3874553834e+00 -2.8684709676e-01
9.8035758939e-01 8.3117427139e-01 2.2922598374e+00
-7.8866148060e-01 -5.7803731861e-01 1.3318927818e+00
-1.5572961641e+00 -3.0189435906e-01 1.2921377395e+00
-3.7540119794e+00 -8.5972646786e-01 3.3899056291e-01
8.5296328718e-01 -8.8287486993e-01 5.9768202459e-01
-9.8653978602e-01 -8.5405110789e-01 1.2217736909e+00
1.3370774441e+00 -6.9012297969e-01 3.8731780695e-01
1.2211597193e+00 2.9261510878e+00 1.2556440579e-01
1.1351648005e+00 1.0992579526e+00 1.9043806928e+00
-2.5703966396e+00 1.1229184293e+00 1.5447993887e-01
-5.6344735718e-01 2.1937784625e+00 3.1299861569e-01
-2.6319888242e+00 1.2097458832e+00 8.7173382282e-02
-1.2464417952e+00 2.0923322042e+00 7.3219200977e-01
-2.7160125213e+00 -2.0038379879e+00 5.9916872628e-02
-1.8277116815e+00 2.2312343192e+00 4.7520883102e-01
4.0000000000e+00 -1.8393586217e+00 -8.0293721698e-02
-5.0769856367e-01 1.6636747857e+00 1.0177305253e+00
1.0884521103e-01 -9.4264287108e-01 1.1434796339e+00
1.5652408748e+00 1.7307675419e+00 1.1509940068e+00
-1.2844252535e+00 -7.4391440693e-02 1.4412977608e+00
1.2487334600e+00 2.2732926100e+00 4.4375830845e-01
-2.1933954728e+00 1.0875576342e+00 6.6482773633e-01
2.8655807919e+00 2.4658615634e+00 7.7526881167e-01
-1.5258591545e+00 -4.9303990349e-01 1.2488222878e+00
1.6976022656e+00 2.9720418115e-01 1.5310166395e+00
-2.1005958835e+00 -4.0000000000e+00 4.6666913386e-02
-2.4301306131e+00 1.2581417072e-01 6.6847186621e-01
-2.6480869956e+00 2.4048570278e+00 1.6487520880e-02
6.4365398653e-01 2.1523130530e-01 2.3575229409e+00
4.0000000000e+00 -1.0502464931e+00 -6.0006848486e-02
2.7087696226e+00 -3.7140767008e-01 -5.3502964984e-01
-9.9913727424e-01 9.6197256805e-01 1.4784782302e+00
8.2208090356e-01 -3.3365866936e-01 1.5522534485e+00
-2.6397591917e+00 2.4382148998e+00 2.1936382664e-02
3.3687379452e-01 7.9503667523e-02 2.2092412484e+00
3.1467206830e+00 -1.0426089691e+00 -5.5325781388e-01
-1.9615255015e+00 -4.0000000000e+00 7.6028134659e-02
2.4140920151e+00 1.6280115867e-01 2.0422815334e-01
-7.8588661410e-01 9.9742241223e-01 1.4559369796e+00
1.1944363376e+00 1.9546832291e+00 7.5302241428e-01
-9.6984963498e-01 -2.2933194576e-01 1.5122011282e+00
3.4571251868e+00 -3.2609895622e-01 -2.8486285215e-01
-3.2638658908e+00 6.2820351877e-01 2.4606959773e-01
-2.3151943226e+00 -1.1143693462e+00 3.7993623228e-01
-2.1198610349e+00 4.0508404042e-01 7.9684227286e-01
-1.7171106990e+00 9.7384180648e-01 1.2985507394e+00
-2.0849232551e+00 1.9247180393e+00 5.1788928985e-01
-9.0591276610e-01 8.1379596166e-01 1.4582840629e+00
-5.2528935425e-01 2.1838192795e+00 3.1290515344e-01
3.2171247104e+00 2.5477993606e+00 5.2922181058e-01
1.5358031344e+00 1.6590442335e+00 1.2143908705e+00
2.4017510201e+00 1.8070092521e+00 9.6383275105e-01
-3.2570920734e-01 8.6030865732e-02 1.9213953268e+00
3.9560441854e-01 -1.5293014729e-01 1.9514020291e+00
1.8211218268e+00 -1.3021119995e+00 -1.2415910108e+00
-1.2645711947e-01 5.1347010432e-01 1.9917236882e+00
2.3736563546e+00 1.5524657577e+00 9.2283424235e-01
1.1129141386e+00 -3.4862325144e+00 -3.2134966539e-01
-2.6692756286e+00 2.3784799388e+00 6.7302206240e-03
-3.1966272953e+00 4.0000000000e+00 -6.7441983998e-02
-1.5600627400e+00 -1.7257855634e+00 6.7822711631e-01
2.7881317552e+00 1.9683333368e+00 7.6937491446e-01
1.9567390852e+00 3.0264087904e+00 6.9771553666e-01
-1.3893075989e+00 1.7260794270e+00 1.2505593084e+00
-2.7617755537e-01 7.2330318126e-01 1.7339126586e+00
-1.3751209883e+00 5.6947286605e-01 1.3525542300e+00
9.8300236467e-01 -5.5417335724e-01 1.0615702049e+00
9.3877628337e-01 5.3831565804e-01 2.4802467194e+00
-1.7218679156e+00 1.7545457875e+00 1.0596519054e+00
-1.6635078811e+00 -2.1910298190e+00 3.6663735051e-01
2.0579393987e+00 1.3174585426e+00 1.2025838791e+00
-1.1388116174e+00 1.2507706125e+00 1.5073049914e+00
2.7054090251e+00 1.1567247261e+00 4.6258840616e-01
-1.0604952851e+00 -8.7526925743e-01 1.2073896690e+00
-5.2924559990e-01 9.7980736922e-01 1.4708752785e+00
-3.1182633395e+00 -3.1003433221e+00 2.1235194371e-02
1.8463426906e-01 2.0281584874e+00 4.3919318347e-01
-1.2979100419e+00 8.8401427553e-01 1.4670388219e+00
-4.8246947067e-02 6.4416097034e-01 1.9908649968e+00
1.4010250969e+00 1.1465558061e-01 1.7163420058e+00
-2.2041656809e+00 -4.2455284168e-01 8.6460910466e-01
2.7847595328e+00 4.7025275648e-01 1.5467254020e-01
1.5122583378e+00 2.0836970521e+00 7.9537160967e-01
-1.0497492734e+00 -8.1115561887e-01 1.2249176297e+00
1.4338927353e+00 6.5945844170e-01 2.1054040161e+00
-2.0626432045e+00 4.7069765618e-01 8.3616495718e-01
1.2598569386e+00 -4.6747852286e-01 9.3459394702e-01
7.2491387854e-01 -2.4835969049e+00 -4.9859658137e-01
6.4746846607e-01 -9.4167441671e-01 7.4588471802e-01
1.4260272633e+00 3.3560288861e+00 3.3889945298e-01
2.1224372139e+00 1.6310162624e+00 1.1166669407e+00
-1.8137077358e+00 1.6390122128e+00 1.0593084805e+00
-1.0212670563e+00 -1.9697717701e-01 1.5099087462e+00
-2.2159427195e+00 1.2240963920e+00 6.2075300408e-01
-2.1116950490e+00 -2.8067210279e-02 9.5014519046e-01
-9.1101082494e-01 3.4342669151e+00 -1.6782697063e-01
8.7782821818e-01 -6.7044772898e-01 9.5024338224e-01
-1.2876689490e+00 1.8140164676e+00 1.1483633494e+00
-2.9579814751e+00 -1.0862962604e+00 2.1395859587e-01
-5.8529376050e-01 5.6333731935e-01 1.5957352265e+00
9.4459755784e-01 -7.4794636630e-01 7.3754404807e-01
7.5720472886e-01 2.4201740153e-01 2.3648731841e+00
-2.4988952953e+00 -4.4186111147e-01 6.5058569346e-01
2.5622071007e+00 1.0685348945e+00 5.8373283523e-01
-8.2542576581e-01 1.6084498716e+00 1.2007238687e+00
-1.4431769512e+00 3.5759586693e-01 1.3290424890e+00
-7.1146838759e-01 -1.9129928382e+00 9.9105175945e-01
1.4005457822e-02 -1.1830235021e+00 1.0641306181e+00
2.4653172498e+00 2.6735448480e+00 9.1386065207e-01
-8.1167069437e-01 -5.1747340325e-01 1.3665509527e+00
1.1286619382e+00 1.5204325163e+00 1.3151758475e+00
2.1742472846e+00 1.1733520380e+00 1.0865957922e+00
-2.3480317154e+00 2.3646384850e+00 1.4093844062e-01
-9.8779753748e-01 -1.4553531501e+00 1.1132653036e+00
2.2201894438e+00 2.5522950704e+00 9.4746486347e-01
2.2749338712e+00 -4.2260207379e-02 1.6405943214e-01
-1.2832025378e+00 2.2064142634e-01 1.4184289992e+00
7.8211002848e-01 2.5649243171e-01 2.3726270096e+00
-1.4562789706e+00 2.9437565027e+00 7.6738622803e-02
-6.0013639588e-01 -8.3586207392e-01 1.2483668236e+00
2.0142423843e+00 1.2379510347e+00 1.2604468358e+00
-1.8311384345e+00 1.0340839186e+00 1.1864785466e+00
2.0011479479e+00 7.4845448204e-01 1.3294982738e+00
1.9713918807e+00 1.8926906103e+00 1.0945465588e+00
-7.3068389664e-01 -6.4102920689e-01 1.3030892901e+00
-1.4805780874e+00 2.7839319643e+00 1.3550397924e-01
-1.0095905616e+00 -3.7551599111e-02 1.5602327327e+00
1.4376131240e+00 2.6365057793e+00 3.8230080013e-01
-1.0631348602e+00 2.7009249482e+00 4.1818467452e-03
2.3218358531e+00 1.1491487127e+00 8.9907235712e-01
-4.0000000000e+00 -1.9443714027e+00 6.1911634357e-02
2.1701339849e+00 -9.5807566506e-02 2.5567310686e-01
-1.8651901226e+00 -4.0000000000e+00 9.9014037138e-02
-1.5154312895e-01 2.8334509585e+00 -4.1036707920e-01
-2.9358048293e+00 7.6384445491e-01 8.6479213224e-02
2.3261463766e+00 3.4575768835e+00 5.7098189753e-01
9.2868170042e-01 -6.2412577658e-01 9.8589097435e-01
2.0885965036e+00 1.8080613637e+00 1.1058008702e+00
-3.4641347845e+00 1.4733066224e+00 -6.1189755012e-02
2.2250178445e+00 -5.0316632675e-01 -3.0238144065e-01
-3.5838460980e-01 -1.3790981777e-01 1.7957347901e+00
-2.6829957461e+00 4.0000000000e+00 -1.1323714378e-01
-1.9914902708e+00 3.4963763008e+00 1.1763796364e-01
7.2594626151e-01 4.0000000000e+00 1.3663430198e-01
1.1725330695e-01 1.4832790170e+00 1.2037925492e+00
-1.5452102822e+00 -1.4193909057e+00 8.1947753991e-01
-2.7108146215e+00 3.4091833426e+00 -3.9797175765e-02
1.7310755327e+00 1.9350884742e+00 1.0268238838e+00
1.7014644976e+00 -1.3209476766e+00 -1.1964516407e+00
1.6353685361e+00 -4.7114511593e-01 4.6398170429e-01
3.5712267732e+00 -5.0863664687e-01 -2.7060199876e-01
2.1199589910e+00 2.4447001069e+00 9.4842770212e-01
1.9574633345e+00 2.1897631676e+00 9.7089067229e-01
-1.2576767787e+00 -1.0846559250e+00 1.1023473383e+00
1.3048754510e+00 1.4879315473e-01 1.8763244440e+00
-7.9167981619e-01 -7.3895951334e-01 1.2632434273e+00
-1.3186592293e+00 1.9278403545e-01 1.4088432930e+00
-1.4124343951e+00 6.3737863346e-01 1.3553706769e+00
4.2438505160e-01 2.1795981751e+00 2.3470604452e-01
4.0000000000e+00 -1.8474176104e+00 -8.0463966981e-02
-1.9167711291e+00 2.9620899590e+00 1.7605317213e-01
3.0793492619e+00 1.1019734902e-01 -2.1324031640e-01
-8.8990930733e-01 -1.6624073513e+00 1.0816465815e+00
4.1322139311e-01 -2.2337049019e-01 1.8585620308e+00
1.4989818289e+00 1.7206416723e+00 1.1454684000e+00
2.7823121435e+00 -3.6582636656e-01 -5.4928552712e-01
7.6657840584e-01 6.9474717849e-01 2.4498528124e+00
2.1132505982e+00 6.7491520380e-01 1.1293048080e+00
-1.2803419497e+00 1.7529644470e+00 1.2201007407e+00
-5.6476720410e-01 -1.9156502328e+00 9.8155026847e-01
1.1785231785e+00 9.3145128916e-01 2.1101223308e+00
-1.2107425124e+00 -8.9933575008e-01 1.1717039826e+00
3.2969420352e+00 1.6314811375e-01 -1.0117287880e-01
-2.1149618257e-01 4.0000000000e+00 -2.6254044872e-02
2.8957343439e+00 -4.9426761073e-01 -6.1267410994e-01
3.8109475435e+00 1.7817110423e+00 2.3064908956e-01
2.6840837956e+00 1.3581451545e+00 5.5535245094e-01
-1.0084375331e+00 -7.1250428580e-02 1.5551472420e+00
-6.1812714640e-02 5.1483302086e-01 2.0522109006e+00
-2.3749949207e-01 -2.1933840990e+00 6.6037994216e-01
-3.8988507226e-01 -7.8823894371e-01 1.2674848868e+00
5.8198944476e-01 -2.8445322441e-02 2.0858940606e+00
-2.0053297505e+00 3.3047662451e+00 1.6228143550e-01
5.3252578893e-01 1.4035776510e+00 1.4064971109e+00
-8.1319054380e-02 2.4042856253e+00 -6.8250506942e-02
2.9901058075e+00 2.8147759306e+00 6.0060317973e-01
-9.9761625130e-01 -1.5889650599e-01 1.5335026585e+00
-1.5720296526e+00 -2.5774388566e+00 3.1132397207e-01
-8.5191974738e-01 1.7015136213e+00 1.1246001908e+00
1.4605023230e+00 7.8749942247e-01 2.0390880099e+00
4.8445698156e-01 -4.0000000000e+00 1.2030652905e-01
-3.6854554142e-01 2.2415015167e+00 1.8593437701e-01
-1.8801935423e+00 1.5786950103e+00 1.0155317557e+00
1.6783556463e-01 -9.7947285024e-01 1.0936369107e+00
5.7211375860e-02 -1.1426518535e-01 1.9619715563e+00
-2.7033514549e-01 6.0954150832e-02 1.9469346734e+00
-4.4703696828e-01 -1.3222272408e-01 1.7635772705e+00
-3.2879615873e+00 2.8041781583e+00 -2.1306355089e-01
8.8560634833e-01 1.7136686618e-01 2.2396568465e+00
1.6413370944e+00 2.8982102651e-01 1.6097876593e+00
-1.3312282647e+00 3.2117749445e+00 3.3229252668e-03
2.2162269511e+00 1.4975084795e+00 1.0529274221e+00
-9.7634611700e-01 9.2955408085e-02 1.5754322360e+00
-2.0743747172e+00 7.4781727873e-01 8.0842420860e-01
-1.6870024818e+00 -1.6723947859e+00 5.9829218041e-01
-1.1591331971e+00 6.9233977450e-01 1.4207578560e+00
1.6848634309e+00 -5.3371876036e-01 2.8236383175e-01
-2.1579453777e+00 8.7025742581e-01 7.0607905585e-01
1.3497859551e+00 7.3325792315e-02 1.7183399775e+00
-3.8927216152e+00 -3.4928204998e+00 1.2318133642e-01
2.1425548348e+00 1.1360634840e+00 1.1268249187e+00
4.4704306419e-01 4.8865588020e-02 2.1896721331e+00
-4.0000000000e+00 -1.1212143108e+00 2.7289945779e-01
3.4228044505e+00 3.3355951329e-01 6.1385548405e-02
-1.5913437836e+00 1.5126762291e+00 1.3487106546e+00
4.0000000000e+00 5.3355684279e-01 3.4400950109e-01
-9.5804514152e-01 1.0096796615e+00 1.4776646202e+00
-3.3727448816e+00 1.2225699065e+00 1.5975818398e-03
1.0727428350e+00 1.9997048456e+00 6.4401230643e-01
-2.2087749739e+00 2.7211825862e+00 1.6812280226e-01
4.1986555216e-01 -6.8196475800e-01 1.2523841187e+00
-1.1669488778e+00 3.3791658499e+00 -6.3019743578e-02
3.7137750987e+00 -7.6636945913e-01 -2.1280341280e-01
-1.5954462864e+00 -4.0000000000e+00 1.6863641543e-01
-1.7918413574e+00 1.7207746850e+00 1.0210529649e+00
7.8711728178e-01 -8.9496744853e-01 6.5636204125e-01
-1.8002398700e+00 8.4376379172e-01 1.1682977028e+00
2.3385667940e+00 1.7923181126e+00 1.0007035606e+00
3.2307121046e+00 1.2873406864e+00 2.8412179899e-01
-2.5888703744e+00 1.9984354990e+00 2.9840477094e-02
1.6612666075e+00 2.1603480486e+00 8.3037816829e-01
-2.4242044429e+00 3.0917039775e+00 1.0970045500e-01
2.2288439043e+00 2.1157759082e-01 5.3676468141e-01
-1.4094669080e+00 5.7382619742e-01 1.3421961031e+00
-8.1650755497e-01 3.6705981945e-01 1.5680338019e+00
5.6263910323e-01 2.0893534199e+00 3.8355766773e-01
-2.3514155747e+00 1.5626777218e+00 3.4319155550e-01
1.7886084068e+00 -1.4190468848e-01 7.8674999629e-01
1.4452607003e+00 -7.5142001332e-01 1.1091194891e-01
6.4678104655e-01 3.1370876919e-01 2.4410339645e+00
-1.6528824901e+00 5.1363433392e-01 1.2117178444e+00
1.0702539246e+00 5.7880283493e-01 2.4165760079e+00
-2.0068839324e+00 9.4050284401e-01 9.3151238521e-01
4.0000000000e+00 -2.7084480574e+00 -1.7436836142e-02
-1.7080968681e-01 -8.7232084039e-01 1.2389224777e+00
1.6963898879e+00 3.5218210031e-01 1.5921329639e+00
2.6259317882e+00 7.4399390470e-01 4.3658622058e-01
-6.7128690691e-01 -4.6170470336e-01 1.4247293791e+00
1.6762655259e+00 1.6670188124e+00 1.2198380917e+00
1.9981174499e+00 3.7983787149e+00 3.6605475402e-01
2.3478338686e+00 -2.8142739634e+00 -5.1656852529e-01
-3.0707015402e+00 3.7616219127e-01 3.7147306483e-01
1.5785701621e+00 -6.1330867185e-01 2.5395628977e-01
-2.4984432117e-01 1.9233361759e+00 6.2743813442e-01
-6.0983813443e-01 -8.1862880152e-01 1.2512777402e+00
1.7468042537e+00 1.2210569862e+00 1.5086337520e+00
-2.1604083040e+00 -2.8773043365e+00 1.7049962535e-01
1.2737187334e+00 -2.5238808991e+00 -9.8365786662e-01
2.7036373234e+00 1.5080190147e+00 6.0809468251e-01
1.6681747060e+00 1.2945753871e+00 1.5085164109e+00
-4.0000000000e+00 -3.8851494026e-01 4.9938347039e-01
2.2593624988e+00 1.8762610023e+00 1.0478944696e+00
1.5837774049e+00 1.5016341988e+00 1.3635190097e+00
-1.1850062986e-01 3.6813408373e-01 2.0546738815e+00
-2.0076746145e+00 4.3911897743e-01 8.9994476852e-01
1.4761588570e+00 2.9851232032e+00 3.5100093537e-01
-2.1461682043e+00 1.0808957036e-01 8.8713859122e-01
1.2633138776e+00 3.1068795824e+00 1.7437705545e-01
-7.2705064010e-01 6.1495661131e-01 1.5117884861e+00
-8.2873949965e-01 3.2327851734e-01 1.5806210355e+00
2.0013170636e+00 2.9793120196e+00 7.3159969201e-01
-4.0000000000e+00 -1.3948484908e-02 6.3881854179e-01
-1.4613490070e-01 5.4915450226e-01 1.9544764973e+00
-3.3216819172e+00 1.1080921006e+00 2.9300148276e-02
1.6486953803e+00 2.3516728458e+00 7.0130580355e-01
1.5123790328e+00 9.3514827098e-01 1.8997762536e+00
1.3805675946e+00 4.4586288016e-01 2.1061159894e+00
3.7340209315e+00 4.0000000000e+00 7.7913965265e-02
9.1688108247e-01 -1.9895700193e+00 -6.1954460651e-01
-1.4102784897e+00 -1.4943462247e+00 8.8872788008e-01
9.1497398282e-01 -1.1833793902e+00 4.5090613502e-02
-1.2530848272e+00 1.2337821610e+00 1.5274255949e+00
1.7452210340e+00 1.5939052462e+00 1.2684651189e+00
1.5707707403e+00 5.0801533375e-01 1.9032895166e+00
-9.0036751940e-01 -4.4027310102e-01 1.4044061473e+00
2.1977722344e+00 -5.8207547018e-01 -3.7996529507e-01
-1.2082499109e+00 2.4271019642e+00 2.9826806624e-01
8.1973019852e-01 -2.3554475230e-01 1.7029174310e+00
-2.6525100061e+00 1.1130368149e+00 8.4263088599e-02
-2.1896471505e+00 -8.0171490214e-01 6.7914900706e-01
1.0171846929e+00 -1.1944272542e+00 -1.3271568409e-01
2.0785914054e+00 2.7664550397e+00 8.3088673064e-01
-3.9135778800e-01 8.5405989507e-02 1.8829121898e+00
6.8438145025e-01 -7.2931180656e-01 1.0232811336e+00
3.1453807515e+00 1.6318132201e+00 4.5137930695e-01
1.3860257154e-02 4.0000000000e+00 -5.2648117291e-03
-2.0723589680e+00 1.4549354286e+00 7.9471936892e-01
-9.4857936443e-01 -8.6413221686e-01 1.2237052950e+00
1.1320658618e-01 -5.6337900784e-01 1.4426143296e+00
-4.0000000000e+00 -2.3629863459e+00 1.8602751994e-02
-4.0000000000e+00 -5.6015538873e-01 4.2827909339e-01
-7.9012213190e-01 -1.2971326662e+00 1.1833026805e+00
-3.6871567340e+00 7.5868972045e-01 3.4148522236e-01
1.8256681580e+00 -7.3496785663e-01 -2.9183607766e-01
3.6635036145e+00 1.9800942848e-01 1.2474180860e-01
-1.0426057512e+00 2.1278402798e-01 1.5211619647e+00
-7.3048931508e-01 -7.4621372722e-01 1.2638673699e+00
2.1174179646e+00 1.2863251556e+00 1.1466952893e+00
-1.5227262304e+00 6.8398411327e-01 1.3265935467e+00
2.1823450411e+00 1.9606459392e+00 1.0649309210e+00
8.3060211967e-02 -1.4789062565e+00 8.6556909884e-01
2.4663677124e+00 3.3259430192e+00 6.1614757273e-01
1.7535021126e+00 -2.9726336535e-01 6.0190164693e-01
-3.2929103012e+00 -3.8680694058e-01 5.0806202763e-01
-3.1522607086e+00 -3.8138560984e-01 5.0820877467e-01
9.4771328873e-01 -1.4182300949e+00 -2.8749433923e-01
2.0236065045e+00 7.7139196174e-02 7.0946854754e-01
1.3953931738e+00 1.8935029162e+00 9.2155769359e-01
9.0938779380e-01 1.6814786812e+00 1.0522799782e+00
8.9863897335e-01 -7.0857805048e-01 8.6028142848e-01
-1.5049674949e+00 -9.6603764045e-01 1.0369971454e+00
5.2818443789e-01 -1.3976755558e-01 1.9512552315e+00
-1.3503705968e+00 1.0262357992e+00 1.5077607067e+00
2.5513964757e-01 -1.1526843032e+00 9.1594863836e-01
9.5910865453e-01 1.8641023076e+00 7.9593253681e-01
-1.9765798090e+00 2.3042902944e+00 3.5034364308e-01
2.5846600535e+00 9.1324607343e-01 5.2663471524e-01
9.7597049859e-01 -1.3264727028e+00 -2.3418205784e-01
1.8331796662e+00 6.7099219515e-01 1.5767368724e+00
-2.1152124220e-01 -4.1220701690e-01 1.5660808738e+00
-1.1812970166e+00 -7.9947399029e-01 1.2093838337e+00
-1.0875764456e+00 5.4435370483e-02 1.5281512630e+00
3.1730471068e+00 9.4029750766e-01 2.1634794960e-01
-3.2617644990e+00 4.0000000000e+00 -6.5701499388e-02
1.7913542454e+00 1.8500506500e+00 1.0999744719e+00
1.9266884098e+00 -1.3365896628e-01 5.8392861572e-01
-2.0233870168e+00 2.0248163261e-01 9.5595331681e-01
1.7378326940e+00 -3.2279890150e-01 5.8305522637e-01
-8.6340029603e-01 4.4998975481e-01 1.5141311059e+00
3.1199321313e+00 -1.2113590275e+00 -5.3922866489e-01
3.1303085123e+00 -1.5425499002e+00 -4.2490519641e-01
-1.3093784340e+00 8.5579363368e-01 1.4553362452e+00
4.0000000000e+00 2.9199796446e+00 4.2137083915e-02
-1.4911355420e+00 -7.8496364893e-01 1.1320785815e+00
-2.4442939806e+00 1.5272844965e+00 2.3238445137e-01
-2.1666006047e+00 -1.9216127674e+00 1.5721397947e-01
-9.7356334628e-01 -2.3745571826e+00 6.3284272850e-01
-3.3904858755e+00 1.8521367962e+00 -1.4613107181e-01
-8.7759842875e-01 -8.2900439007e-01 1.2366931589e+00
-3.5160771630e-03 -1.5904332113e+00 8.7947932681e-01
-1.4810927724e+00 -2.5591044435e-01 1.3333135198e+00
9.3170438953e-01 -1.7811758379e+00 -5.4885018173e-01
-2.2195328906e+00 4.8528210040e-01 6.6540942282e-01
-2.9384797577e+00 1.3442794530e+00 -6.5191886665e-02
-1.7104265012e+00 4.0000000000e+00 -5.6900132735e-02
2.4460570920e+00 1.8025673767e+00 9.3287637192e-01
-2.4656741493e+00 2.6576896344e+00 9.6118842379e-02
1.6587708763e+00 1.8590311896e+00 1.0623301398e+00
-3.9152087653e-01 -8.6948784099e-01 1.2470675891e+00
-1.2015304156e+00 2.9053822946e+00 -2.8235566759e-02
-1.7726072497e-01 3.9640491539e-01 1.9953333151e+00
1.2813634947e-01 -5.7243464406e-01 1.4327322060e+00
-2.4318837497e+00 -3.2010518572e+00 1.2994489436e-01
1.2182012524e+00 3.9391282000e-01 2.2364914908e+00
2.4393830540e+00 -5.3388587931e-01 -5.1976785187e-01
-1.3973896444e+00 1.3687054987e-01 1.3831957789e+00
2.3943904634e-01 4.0663430343e-02 2.1536316536e+00
-1.5986060631e+00 2.7647997537e+00 1.7538918748e-01
1.3071811989e+00 4.0000000000e+00 2.3927778269e-01
-6.2832137388e-01 1.3402098836e+00 1.3129436058e+00
-4.0000000000e+00 -1.6141538023e-01 5.9274642282e-01
1.3225242780e+00 1.0993451253e+00 1.8520559203e+00
2.2035145107e-01 -1.1591715399e+00 9.3979606943e-01
3.4269462686e+00 1.0551094191e+00 2.2006396540e-01
5.3227086489e-01 -1.0994465496e+00 6.8611088881e-01
7.9683101057e-01 7.3097568848e-01 2.4194155570e+00
-2.0354253138e+00 -1.0602746613e+00 6.1891148936e-01
7.6020123771e-01 -1.7021553738e-01 1.8305998237e+00
-1.1099176256e+00 -1.0446996615e+00 1.1599414739e+00
2.4523293700e+00 9.7270220188e-01 6.9992317303e-01
-2.4721642812e+00 -1.8901503028e-01 7.1999275318e-01
-2.2587806708e+00 -1.2216285421e+00 3.5999600861e-01
1.3041702132e+00 7.9531337850e-01 2.1672222312e+00
-1.8809180825e+00 2.0479543576e+00 6.0798261910e-01
-1.0067161235e+00 3.5840172773e-01 1.4912490433e+00
8.5386464325e-01 3.9738949029e+00 1.5568262621e-01
-6.0327574625e-01 -1.2217132243e+00 1.2032491693e+00
2.7296288564e+00 -9.1942597341e-01 -8.2803629075e-01
1.2273295315e+00 -7.5195520598e-02 1.6267764300e+00
-3.1503061621e+00 8.6941219382e-01 7.6724509922e-02
-2.0923006684e+00 4.5315653358e-01 8.0973665752e-01
3.7041596119e-01 -8.2410349757e-01 1.1157461997e+00
3.9854476532e-01 5.4099202977e-01 2.4194446291e+00
-7.3300539067e-01 1.0668122434e+00 1.4403605693e+00
1.8746063721e+00 -4.0000000000e+00 -2.6512519382e-01
-2.5231775978e+00 1.2378066165e+00 1.8914005646e-01
1.1935861262e+00 1.5522798532e-01 1.9989803307e+00
2.4600764471e+00 5.8101943182e-01 5.5070275811e-01
2.9397329500e+00 4.0000000000e+00 1.8346972653e-01
-2.1877563819e+00 2.0403175860e+00 3.3851673699e-01
-1.7040378145e+00 1.4668721965e+00 1.2800174483e+00
-2.9892802301e+00 -7.3031910594e-01 3.4505047066e-01
-2.0936937338e+00 -4.2701551715e-01 9.4400449892e-01
-4.6308451784e-01 1.5801738263e+00 1.0886605776e+00
1.1376632715e+00 1.7442900118e+00 1.0099842247e+00
2.4577377214e+00 3.4439190755e+00 5.4727870351e-01
1.2989966078e+00 1.7937312266e+00 9.9788011870e-01
1.3031709485e+00 3.1375991652e+00 2.1389707260e-01
-1.9550952066e+00 2.5690847790e+00 2.4707904914e-01
-9.4497642907e-02 1.2518566555e+00 1.4074042460e+00
-1.1476247409e+00 -8.2504551407e-02 1.4956900883e+00
-7.2243347244e-01 2.1439107475e+00 4.4986975086e-01
-2.0512316458e+00 -1.5794349614e+00 3.4722753956e-01
1.4456633183e+00 2.4265098076e-01 1.8295594838e+00
-2.9189652104e+00 2.8816201741e-01 4.1525537751e-01
-1.4237223436e+00 1.3256414525e+00 1.5001256352e+00
1.0954663762e+00 7.6021117954e-01 2.3195558020e+00
9.3619103775e-01 2.5749792773e+00 1.6575821609e-02
7.6911974952e-01 -7.8238646931e-01 8.6101988573e-01
-8.8310011091e-01 1.1460775249e+00 1.4564828470e+00
-7.8857313813e-01 -2.7896991103e-02 1.6601793370e+00
-9.0584109353e-01 1.5502913872e+00 1.2847309749e+00
-7.2122443797e-01 3.3001874250e+00 -2.8278685948e-01
2.2550591008e+00 1.9471195350e+00 1.0498639644e+00
-4.8332759320e-01 1.0923162922e+00 1.4300466637e+00
2.0980266335e-01 3.1441905855e+00 -4.4604871833e-01
2.1476969848e+00 1.8871238457e+00 1.0800260851e+00
-2.4991377103e+00 2.6276854460e+00 8.3714608346e-02
-1.3968963326e+00 -6.4091375660e-01 1.2274365391e+00
1.4148737214e+00 8.7055245832e-01 2.0278733981e+00
2.0048744452e+00 2.1147055800e+00 1.0158526536e+00
-2.1174922592e+00 8.4891357103e-01 7.6115144386e-01
6.9736012163e-01 1.3575910492e+00 1.5059385140e+00
-2.9113395738e+00 1.0731002148e-01 5.3093959591e-01
1.7483537623e+00 1.7471899581e+00 1.1636637437e+00
-1.7575825260e+00 -1.9143999701e+00 4.2867999374e-01
1.5141735120e+00 6.3486293275e-02 1.4952496271e+00
1.8843579942e+00 3.2728194063e+00 6.1213706764e-01
1.4670123512e+00 1.2840356073e+00 1.5979684233e+00
-5.0747824092e-01 1.7885736533e+00 8.7566469019e-01
2.5879565276e+00 -3.3497965897e+00 -2.8321064462e-01
-2.6422210809e+00 1.1315827595e+00 8.9633927758e-02
1.7845300401e+00 1.0932883519e+00 1.5481816438e+00
-1.3224621123e+00 9.2278748118e-01 1.4783886046e+00
-1.2211939571e+00 -5.8891037073e-01 1.2836449580e+00
1.0417932623e+00 -1.1705140542e+00 -1.3792003404e-01
-1.6299082374e+00 -4.0000000000e+00 1.5963258430e-01
-6.3363169507e-01 8.4530504102e-01 1.4881375219e+00
6.9920962401e-01 -1.8478602319e+00 -2.0698278891e-01
1.5754901279e-01 -1.4257685943e+00 8.2787424525e-01
8.9116501315e-01 8.0892447913e-01 2.3336829019e+00
-6.4003579079e-01 -3.5261467571e-01 1.5199773565e+00
7.5146362090e-01 1.8321561338e-01 2.3043059262e+00
1.2614410790e+00 -1.1333603042e+00 -4.2152733995e-01
-4.7035449077e-01 5.4971955425e-01 1.6758612998e+00
1.6536235307e+00 -2.8177999235e+00 -8.7025589355e-01
-6.7302494597e-01 -1.1211509377e+00 1.2138956196e+00
1.3171398224e+00 1.4822952862e+00 1.3853222585e+00
2.6003221228e+00 1.9419194451e+00 8.7481290446e-01
-1.5110119224e+00 8.0875459905e-01 1.3808199664e+00
-8.7841618607e-01 -1.4718240207e+00 1.1372733476e+00
2.1500744949e+00 1.5025570811e+00 1.1062563615e+00
-1.0893868865e+00 -3.1248196050e-01 1.4371868227e+00
1.5422687808e+00 2.2655627365e+00 6.7308499247e-01
1.4237815920e+00 2.0935640926e-01 1.8158820113e+00
-1.6077958837e+00 -1.0811635071e+00 9.2211279562e-01
1.3227818864e-01 3.2051984394e-04 2.0902308887e+00
1.5409533892e-01 -2.8885398391e-01 1.7755606290e+00
7.8441796181e-01 -8.7980738194e-01 6.8407589282e-01
1.2410529499e+00 -1.6794402302e+00 -9.7679848613e-01
1.0439931950e+00 2.1999165583e+00 3.9140139969e-01
-5.5228776861e-01 -1.3092598949e+00 1.1885924772e+00
1.4976373567e+00 1.1176108645e+00 1.7519650754e+00
-1.8702865155e+00 2.2049802500e-01 1.0774095077e+00
-8.0326221883e-01 -4.7813037259e-01 1.3935915296e+00
1.1055024187e-02 -1.0378587509e+00 1.1327849233e+00
2.6466378813e+00 1.1196698346e+00 5.0644208175e-01
-1.6283243552e+00 1.5717749579e+00 1.2859961997e+00
2.2387447888e+00 1.8110973807e+00 1.0545520251e+00
-3.3022818087e+00 6.2330118674e-01 2.6403633387e-01
7.4919313490e-01 1.1979968783e+00 1.7592189998e+00
1.0719205861e+00 -1.1963606195e-01 1.7021704612e+00
1.1921083811e+00 2.4295732494e+00 2.8105558898e-01
9.2177914135e-01 -2.3452518280e-01 1.6396720370e+00
-3.0446263302e+00 -3.0864998872e-01 5.3987749478e-01
5.7385357684e-01 1.1340266553e+00 1.8219577518e+00
-4.3736574177e-01 -4.0000000000e+00 2.9324426685e-01
-2.3095700217e+00 6.4076716195e-01 5.1962284384e-01
1.1471123597e+00 9.3480520254e-01 2.1184328696e+00
-1.8919549470e+00 2.5101621103e+00 2.8222326706e-01
2.5523645438e+00 3.9557294739e-01 2.8392826867e-01
-2.0620446132e+00 -8.6054635582e-01 7.3438417392e-01
1.4386958453e+00 7.6271117352e-01 2.0715866638e+00
2.6798413667e+00 2.6988959496e+00 8.2659456430e-01
8.8810615627e-01 -3.4663567808e-01 1.4881071699e+00
1.2310378350e+00 1.9230838399e+00 8.0911291246e-01
-3.3657640063e+00 -4.0000000000e+00 1.1385219226e-01
-2.1419603753e-01 6.8190228830e-01 1.8122141318e+00
-2.4741634148e-01 2.3857493694e+00 -2.2790066877e-02
-2.6493643355e+00 1.8349126234e+00 2.7073026003e-03
2.2670394295e+00 -9.4372852966e-01 -9.2072575997e-01
2.3518164055e+00 -7.1982820382e-01 -6.6960026185e-01
-9.8932809252e-01 5.3613562934e-01 1.4482565245e+00
-3.3071787703e-01 -4.2462139321e-01 1.5260415468e+00
-8.7746329333e-01 -1.3011969022e+00 1.1695794336e+00
-1.9312403686e+00 4.9325971128e-01 9.6815745065e-01
-2.6053527960e+00 2.6207131374e+00 4.5849713994e-02
-2.2561652668e+00 4.8296373745e-01 6.2780295284e-01
-1.4832469037e+00 3.2063440078e+00 7.0367573757e-02
1.3950285181e+00 -4.9940760697e-01 7.1423556773e-01
3.3486298289e-01 -6.6512388597e-01 1.3019343249e+00
-9.2833942736e-01 1.3275118829e+00 1.4213500559e+00
-1.2476333566e+00 2.3328707227e+00 4.1401602809e-01
-4.0000000000e+00 2.6193351568e+00 -3.6721535684e-01
-1.6295397794e+00 2.2131217252e+00 5.6933595050e-01
1.6962347368e+00 2.0523797043e+00 9.2692958697e-01
1.8553108132e+00 2.8791504219e-01 1.2606241734e+00
-4.0000000000e+00 -8.4018076877e-01 3.4208154885e-01
-1.9497602163e-01 -6.6128284489e-01 1.3400223734e+00
7.5988881176e-01 5.2124804195e-02 2.1409961168e+00
-2.0976080152e-01 -1.1470859814e+00 1.1660331299e+00
-1.7343998413e+00 4.0000000000e+00 -5.9518121794e-02
-2.7279351679e+00 -2.2190937074e-01 6.0247698851e-01
1.6675136358e+00 4.0000000000e+00 2.5280085018e-01
8.5039907622e-01 3.0833260569e+00 -1.5096654321e-01
4.8794772364e-01 -1.3351122201e+00 5.1526699496e-01
7.3751935808e-01 2.0869076433e-01 2.3355123167e+00
2.6725428467e+00 4.4621849395e-01 2.1365133322e-01
2.0507722549e+00 1.9618228752e+00 1.0731737185e+00
-1.0100780129e+00 -1.1433569992e+00 1.1662855588e+00
-9.1534323304e-01 5.1033594895e-01 1.4758193681e+00
4.1531565790e-01 3.3709308577e-01 2.4116927502e+00
2.3865964011e+00 1.4743589270e-01 2.2417903168e-01
-4.8388372703e-01 -2.1519015997e-01 1.6842484357e+00
2.2799175548e+00 1.2328098857e+00 9.6173450532e-01
1.5554516481e+00 1.0431353585e+00 1.7807506383e+00
1.7414042427e+00 1.5959007087e+00 1.2677348678e+00
-2.3726393040e+00 -4.3513098648e-01 7.3872482777e-01
-2.0391686022e+00 5.4308017915e-01 8.4862367794e-01
-1.6471718171e+00 -4.2277873190e-01 1.2216923748e+00
2.1948295716e+00 2.7665610545e+00 8.7453223284e-01
-1.9574100091e+00 2.6529261892e+00 2.2331903063e-01
6.2121908504e-01 -4.0000000000e+00 8.2871667818e-02
1.6028117034e+00 9.1624575644e-01 1.8292067580e+00
-4.3651075543e-01 2.3249678318e-01 1.8435782079e+00
-2.0120452822e+00 1.5933865809e+00 8.2582593897e-01
-4.3330615416e-01 8.7802062896e-01 1.5468800280e+00
-1.7723641047e+00 1.1120412652e-01 1.1736449881e+00
-1.1855055653e+00 1.4281641038e+00 1.4590382047e+00
2.1363666097e+00 2.6759911716e+00 8.8390242782e-01
4.0000000000e+00 2.2719008125e+00 4.1491660812e-02
1.3382323293e+00 -8.1001442505e-01 1.1466292575e-01
-1.2752494800e+00 -1.1291670842e-01 1.4400606087e+00
7.9973213050e-01 -4.5993821485e-01 1.3687610080e+00
-1.7964735707e+00 9.4317841313e-01 1.2045832957e+00
1.0532515811e+00 2.2624878108e+00 3.3161604443e-01
-2.5176556061e+00 2.9463428952e+00 8.3350140633e-02
7.4408546456e-01 1.2256531087e+00 1.7153340663e+00
1.4061177976e+00 -3.7089467134e-01 9.3826267842e-01
-1.0217673612e+00 2.0215113472e+00 7.6853314512e-01
7.1528531472e-02 5.3496870204e-01 2.1670410932e+00
-1.3562362659e+00 1.4848073396e+00 1.4446724323e+00
-1.7585889182e+00 2.2699804814e+00 4.7284155437e-01
7.4426168663e-01 1.5088388349e-01 2.2693882883e+00
1.5978379870e+00 1.3179078808e+00 1.5218935141e+00
2.2502816733e+00 2.1318442814e+00 1.0390376687e+00
-7.0033164654e-01 -3.2525696726e-03 1.7061735877e+00
-1.5815934492e-01 -1.9585588759e+00 7.8187888583e-01
-3.0893863454e+00 -1.2968736496e+00 1.8629607604e-01
1.6107162583e+00 1.8984397832e+00 1.0120661214e+00
2.0095751393e+00 9.1699963823e-01 1.3234004585e+00
-1.3449048364e+00 2.2417792498e+00 5.4581370604e-01
2.6538900631e+00 -9.1720377543e-01 -8.5777564209e-01
-2.6654766807e+00 1.7759604880e+00 -3.2413389113e-03
2.8900074729e+00 8.8352142576e-01 2.7950039197e-01
1.6193889148e+00 -1.3060732259e+00 -1.1150837452e+00
5.5024796333e-01 -2.6512233170e-01 1.7752316551e+00
1.4022487515e+00 3.7641038051e+00 2.9234229276e-01
2.4383298939e+00 1.2130428743e+00 7.6405071715e-01
1.5509609377e-01 1.3136767901e+00 1.4208689798e+00
4.0000000000e+00 -3.6283789053e+00 3.3510110456e-02
-1.9786158281e-01 -1.7983459098e+00 9.0876216113e-01
1.9736096200e+00 4.0000000000e+00 2.3029154314e-01
6.6318196901e-01 4.8432929361e-02 2.1658552276e+00
9.3992695723e-01 -4.3711438672e-01 1.3018845181e+00
8.4295739207e-03 2.4639350632e+00 -1.3957471014e-01
-1.0487041330e+00 -9.2079641299e-01 1.1990681295e+00
3.8357503696e-01 2.6322220073e+00 -2.5099654201e-01
2.6460376786e+00 1.5162434683e+00 6.5865486918e-01
-3.0573553588e+00 -5.4215251641e-01 4.3063494928e-01
-4.5675147873e-01 -1.5478887750e+00 1.1214121659e+00
1.4686485038e+00 9.8206608509e-01 1.8958843526e+00
6.5810933890e-01 2.6787920147e+00 -1.8613251692e-01
-1.6262485790e+00 4.0000000000e+00 -4.8351820175e-02
1.7600315979e+00 -1.0420123675e+00 -8.5053934820e-01
-6.5552212657e-01 4.5954275393e-01 1.6052581045e+00
-2.1134004353e+00 -2.0984209613e-01 9.6350603988e-01
-1.3787241898e+00 -8.4637252326e-01 1.1434492354e+00
4.7592830075e-01 1.0800278959e+00 1.8719362609e+00
-2.0728356364e+00 2.2290167698e+00 3.3305954027e-01
1.4092818417e+00 1.0411859616e+00 1.8770244902e+00
3.0486381307e+00 1.6044337324e+00 4.7215487664e-01
-4.4894512953e-01 -1.2075781777e+00 1.1966601022e+00
4.0000000000e+00 -1.8022626644e+00 -7.9524468501e-02
-1.9424323127e+00 1.8758886880e+00 7.1751466912e-01
8.1329529626e-01 1.6376074085e-01 2.2616365130e+00
3.0062948272e+00 3.0382559325e+00 4.9735661768e-01
-3.7183344486e-01 -1.2116336607e-01 1.8030204447e+00
1.3749453133e+00 -4.0472035995e-01 9.1553018932e-01
1.4681631362e+00 2.2002361314e-01 1.7721820049e+00
-2.2691989298e-02 2.0564637137e-01 2.1313005527e+00
-1.8856339122e+00 7.2356624301e-01 1.0369403929e+00
-7.2958197818e-01 -3.1040590805e+00 3.6940692261e-01
1.8800562746e+00 3.0781207542e+00 6.4629279708e-01
1.6803801574e+00 1.9691309091e+00 9.8202094213e-01
-1.0416433269e+00 3.9370254003e+00 -3.4621722677e-02
-1.2798352130e+00 3.9166651720e+00 -2.1241934915e-02
4.4885117127e-02 -2.1550690649e+00 4.6600873318e-01
1.3214611367e+00 6.7124637896e-01 2.2136113177e+00
1.2178336991e+00 -1.4805812061e+00 -7.9307227906e-01
1.3007334774e+00 2.2317735926e+00 5.1707838343e-01
1.2007604280e+00 -2.9145959613e-01 1.3073820088e+00
-2.1166549161e+00 8.5935581426e-01 7.6349599672e-01
1.5727129648e+00 1.5575004453e+00 1.3132617279e+00
2.1183821869e+00 1.5074825190e+00 1.1297394080e+00
-1.1651780026e+00 1.7202810710e+00 1.2325258491e+00
2.7049656651e+00 2.2480646781e+00 8.7766950403e-01
1.2281074625e+00 -1.9106621826e+00 -1.0423866285e+00
-2.4571732199e+00 -1.1334270135e-01 7.2628423324e-01
4.7960432536e-01 1.9333283860e+00 6.1055905726e-01
-1.3281373492e+00 -5.2910838695e-01 1.2898613957e+00
-2.8293255947e+00 7.6167806419e-01 9.2499525614e-02
7.9780296389e-01 -9.7618827566e-01 5.1496163006e-01
-1.2102590641e+00 2.1276282435e+00 6.7143675926e-01
-2.1892063486e+00 -7.2820141036e-01 7.2971325734e-01
-1.8358840802e+00 8.7192706898e-01 1.1370333366e+00
1.9552046103e+00 -2.4061245939e-01 3.9205988180e-01
5.0196954511e-01 -4.0000000000e+00 1.1559654847e-01
2.2290627209e+00 1.3584633083e+00 1.0311865455e+00
-1.1539131608e+00 1.5711832351e+00 1.3633633632e+00
-1.1453557695e+00 2.5280137193e+00 1.7628717796e-01
-7.2034717746e-01 1.4828181604e+00 1.2531855582e+00
1.9360822015e+00 -7.3094069433e-01 -3.9027612039e-01
7.6657675252e-01 -5.1165590280e-01 1.3087154720e+00
-2.4593861066e+00 3.3136198746e-01 5.2762486714e-01
-6.2534229724e-01 2.4293735460e+00 4.2848913188e-02
2.5712076303e+00 -5.8173761615e-02 -2.0811775759e-01
-8.9589304304e-01 1.0878027730e-01 1.6114614958e+00
-8.4932960878e-01 -9.9143788774e-01 1.2145648618e+00
-1.1392818361e+00 1.9373048770e+00 9.4190131219e-01
-3.2947004475e-01 -1.3349961728e-01 1.8109402855e+00
-9.5099046051e-01 -1.0260266371e+00 1.1965302521e+00
-1.7328928101e+00 -1.3770973287e+00 6.9089766591e-01
1.1085626768e+00 -1.4301758184e+00 -5.6872587936e-01
1.8098682217e+00 1.8084392776e-01 1.2061323903e+00
-2.1867183891e-01 -3.8731057702e-01 1.5915164218e+00
1.0173914480e+00 5.8188985115e-01 2.4441835200e+00
1.5541188549e+00 2.5645331373e+00 5.1612028407e-01
1.7889692409e+00 2.8386865259e+00 6.2997944220e-01
-5.9238878350e-01 -1.8230397301e+00 1.0363824138e+00
1.1297442265e+00 -6.1458716984e-01 7.9598163114e-01
1.9756054591e+00 5.5584024115e-01 1.2975787362e+00
1.7300485174e+00 1.2973367440e+00 1.4717151957e+00
-1.0418792088e+00 -5.7630964354e-01 1.3111341458e+00
2.9456977581e+00 1.2206023171e+00 3.3437963886e-01
-1.9154847675e+00 2.5408515277e+00 2.6494699293e-01
-2.4835544642e+00 5.2152308547e-01 3.9062909550e-01
2.7822025358e+00 9.9531297784e-01 3.6357490818e-01
-3.0582372759e+00 9.3911853628e-02 5.5095547069e-01
-1.5371275059e+00 -4.0000000000e+00 1.8371098389e-01
8.3279420861e-01 1.3466315187e+00 1.5408641697e+00
1.8157106585e+00 -2.0615246858e+00 -1.3781336263e+00
-2.2447127881e+00 1.7294885641e+00 4.3086135282e-01
5.9797542049e-01 -4.5068146108e-01 1.4942055059e+00
8.5850852085e-01 -3.6441393322e-01 1.4805148215e+00
-4.0000000000e+00 1.3633395255e+00 2.3967954493e-02
-3.3846738768e-01 2.2502946917e+00 1.6663980848e-01
-2.5318912546e+00 7.9285407813e-01 2.4424199595e-01
-8.1029846419e-01 1.3536013222e+00 1.3658382398e+00
4.4625955023e-02 -2.1078716986e-01 1.8533233591e+00
-4.0052125317e-01 -6.5786387460e-01 1.3216965862e+00
9.7486450151e-02 2.9172300901e-01 2.2255442811e+00
-1.0252058757e+00 -2.0556202316e-01 1.5049592897e+00
-5.8973265378e-01 -1.1335058080e+00 1.2140148045e+00
-8.4530341257e-03 -8.1234932329e-01 1.2480043987e+00
1.0196713229e+00 2.7699268908e+00 -1.2330075790e-02
1.2838450098e+00 1.5403847562e+00 1.3093934899e+00
-6.8383695683e-01 -1.7493276010e-02 1.7111874675e+00
-1.6630779623e+00 4.1654088275e-01 1.2043523444e+00
-2.1670662379e+00 4.0000000000e+00 -1.0837227581e-01
-8.6637807226e-01 8.0551279819e-01 1.4601922521e+00
-1.1946154813e+00 3.0185671077e+00 -5.8940847464e-02
6.7923008866e-01 3.0324613296e-01 2.4317504197e+00
-9.1563383138e-01 1.0712686851e+00 1.4709900334e+00
1.4563787722e+00 1.3139090795e+00 1.5694022358e+00
-1.4979876059e+00 2.1061028989e+00 7.2586299366e-01
-1.1068436753e+00 1.2096257321e+00 1.5064063264e+00
-7.6545145423e-02 -1.8684947880e-01 1.8500011351e+00
-3.1974867714e-01 -1.5929968734e+00 1.0655490008e+00
-8.6915335403e-01 4.0000000000e+00 -2.9349537002e-02
5.4369448483e-01 -9.0777186139e-01 8.9460159179e-01
2.1584161395e+00 1.2690349014e+00 1.1036256126e+00
-2.4960342893e-01 -1.4078228641e-01 1.8362947092e+00
2.0777223737e+00 1.1829294823e+00 1.2004777504e+00
-1.6169262939e+00 4.0000000000e+00 -4.7478490116e-02
9.0412674020e-01 -1.7302949683e+00 -4.7230859464e-01
4.0000000000e+00 5.2729450810e-01 3.4496239819e-01
-1.4838196703e+00 -5.1294620683e-01 1.2555648781e+00
1.0484736958e+00 1.0563143737e+00 1.9810270419e+00
7.6673108551e-01 -2.7275259207e-01 1.6765832875e+00
1.5052018146e+00 -5.8410014242e-01 4.0714578362e-01
-1.2300774682e+00 1.0851911183e+00 1.5231872053e+00
1.8626087422e+00 -1.9112165780e+00 -1.4437252884e+00
-2.4626166274e-01 1.1182519464e+00 1.4751613479e+00
-1.3037698101e+00 2.1051642623e+00 7.2398109165e-01
-2.7092985350e-01 -8.2321632839e-02 1.8742203857e+00
-9.8035630546e-01 -5.8583697765e-01 1.3122940292e+00
1.0679534896e+00 -2.1493424768e-01 1.5569169284e+00
-2.1132876358e+00 9.3678790756e-01 7.7729951139e-01
7.4533294757e-01 -3.4305081583e+00 -2.2781224047e-01
-8.4682714750e-01 1.1142642141e+00 1.4524885811e+00
4.0000000000e+00 5.0486015224e-01 3.4829429810e-01
1.2810561471e+00 1.6587624565e-01 1.9252809910e+00
1.6634353618e+00 1.7951453078e+00 1.1157900364e+00
3.1358275375e+00 5.4570415494e-01 1.1957730977e-01
1.3820353090e-01 -4.0000000000e+00 2.0565790808e-01
-1.6233257771e+00 1.0690368973e+00 1.4063192458e+00
-1.6275896444e+00 7.5575686898e-01 1.2922364082e+00
-7.1230484966e-02 -2.1859336226e+00 5.4749565607e-01
1.3575591951e+00 -4.0000000000e+00 -1.3490307227e-01
4.1770273793e-01 -3.3112011444e-01 1.7137406234e+00
3.8559751940e+00 -1.1972486016e+00 -1.0975229439e-01
1.5051094756e+00 2.1052133655e+00 7.7193337958e-01
5.7542660893e-02 -7.8041779450e-01 1.2579111617e+00
1.7467842457e+00 1.3305677376e+00 1.4404415374e+00
9.4716108506e-01 -1.3485949814e+00 -2.1155220249e-01
-1.6043350720e+00 6.1495678995e-01 1.2607491669e+00
1.2115366871e+00 -3.8875241629e-01 1.1298319709e+00
-2.0097518064e-01 -1.9388631261e+00 8.2408864803e-01
2.4009097107e+00 -2.9987780395e+00 -4.0608682059e-01
4.0000000000e+00 2.7381483069e+00 2.9478147196e-02
-1.4725042108e+00 4.0000000000e+00 -3.6028834784e-02
1.7337697274e+00 2.5594204514e+00 6.7114560467e-01
-1.5392557765e+00 8.0488748424e-01 1.3655997213e+00
7.4908689878e-01 8.7161343296e-01 2.2578620848e+00
-2.8646624215e-01 -9.3366589742e-01 1.2306427115e+00
1.4038593056e+00 9.2704086975e-01 1.9901069597e+00
-1.9316489012e+00 9.3052895331e-01 1.0329385110e+00
9.7909803624e-01 -1.0460585799e+00 1.5010336999e-01
-2.1890005941e+00 1.4377471831e+00 6.1854639239e-01
-1.5494204091e+00 1.4478326108e+00 1.4076603239e+00
1.2264617711e+00 1.4248992824e+00 1.4530437022e+00
1.3469091147e+00 -1.3018806823e-01 1.4096222357e+00
1.6050194252e+00 2.0246716998e+00 9.0081558460e-01
1.8844815205e+00 1.6170493155e+00 1.2223017344e+00
-1.6161047161e+00 -1.7510111460e-01 1.2840418096e+00
-6.8543450500e-01 -7.1949323309e-01 1.2741043319e+00
-2.1010046352e+00 2.5386132000e+00 2.1722699247e-01
-1.4170230997e+00 -4.5499123434e-01 1.2969513957e+00
-1.9086602579e+00 -9.5933754302e-01 7.8122024767e-01
-8.6149195491e-01 1.2118842008e+00 1.4366732326e+00
-1.4427352797e+00 1.4564251397e+00 1.4459611892e+00
-1.8363650596e+00 7.6801239763e-01 1.1042779046e+00
1.9133761472e+00 2.3479765251e+00 8.8407644705e-01
2.3231726635e+00 2.0784140392e+00 1.0309766504e+00
2.1364457911e-01 -9.8530393347e-01 1.0646658908e+00
7.8940508909e-01 3.0018447275e-01 2.4108258500e+00
-1.7630299826e-02 3.8124206590e+00 -1.3849277355e-01
7.6179635005e-01 -2.7916424375e+00 -5.3055000840e-01
2.3236616650e+00 1.5311293976e+00 9.6358621185e-01
1.7351340674e+00 -8.1148916310e-01 -3.6501220927e-01
-1.5608118317e+00 7.6650250722e-01 1.3383233303e+00
-7.9335323222e-02 1.4480659598e+00 1.2097333314e+00
-1.5853401723e+00 1.1398548829e-01 1.2920725241e+00
9.3212531320e-01 -1.3808044653e+00 -2.2182939866e-01
1.3272388613e+00 2.0472705690e+00 7.1534928358e-01
-2.3325756947e+00 3.1889835762e+00 1.3034870417e-01
1.3130903997e+00 2.8070339265e-01 2.0324236388e+00
-1.3013151351e+00 1.9505675497e-02 1.4368159497e+00
-8.2649386545e-01 2.3485939724e-01 1.6149383087e+00
-1.5984312187e+00 1.4849515455e+00 1.3592895207e+00
3.5901193031e+00 1.7062920799e+00 3.2270883867e-01
1.6368849173e+00 -8.8700163469e-01 -4.2784095437e-01
-1.4842013625e+00 -6.4459554972e-01 1.2008821350e+00
3.2533201215e-01 -4.7188012344e-01 1.5397380006e+00
-3.3945728894e-01 4.0000000000e+00 -3.2248138422e-02
-1.0609563052e+00 2.3501743654e+00 3.2619248277e-01
-1.6122868482e+00 5.4747447113e-01 1.2422225215e+00
-1.8243194268e+00 1.2928403124e+00 1.1991957513e+00
-1.2676786406e+00 2.0723333829e+00 7.6652667539e-01
1.2435401331e+00 -6.9788655558e-01 4.8716916551e-01
1.5258787497e+00 1.4043893138e+00 1.4631939725e+00
-7.6016233150e-01 1.8255473291e+00 9.3585937525e-01
-8.1337794694e-01 1.1678331218e+00 1.4342655578e+00
5.8921615507e-01 -5.0481307854e-01 1.4195036390e+00
1.1878871428e+00 1.6336479017e+00 1.1709045076e+00
3.0800657034e+00 -1.0551510377e-01 -3.7353468171e-01
-1.2107567418e+00 1.0447240439e-01 1.4689215514e+00
1.2236460351e+00 2.9992217233e+00 1.2807935699e-01
-9.9384789248e-01 3.2198903831e+00 -1.6700106002e-01
2.5331716294e-01 -1.0018320087e+00 1.0281752689e+00
9.0087093125e-01 -3.0260666035e-01 1.5484741813e+00
-3.5116057562e-01 -2.8787932211e+00 3.0692245560e-01
-1.3952280052e+00 1.1092894478e+00 1.5181965125e+00
1.0534604866e+00 -2.9812749845e-01 1.4360308536e+00
2.0883883250e+00 -4.4395208053e-01 -7.1744183604e-02
-3.1347711048e+00 4.1979162547e-01 3.5386442922e-01
-1.4667028468e+00 2.9893903768e-02 1.3618067683e+00
-3.2374561970e+00 -5.2231884770e-01 4.3927573321e-01
-8.7444893256e-01 -2.3457523725e-02 1.6219299326e+00
2.6529944075e-01 -1.2681636420e+00 8.2530274196e-01
1.2656402617e+00 -1.5192509844e+00 -9.0007633225e-01
-1.2455770904e+00 1.4591609382e+00 1.4540387709e+00
-2.6776190753e+00 -9.5689325601e-01 2.8561511970e-01
7.3542226151e-01 1.1873325100e-01 2.2336076053e+00
2.9964959011e-01 -2.9923653319e-01 1.7671456653e+00
1.5940196657e+00 3.5085281013e-01 1.7459845816e+00
-9.3411379586e-03 -6.2938415328e-01 1.3759281486e+00
-2.4432456327e+00 -3.6769675388e-01 7.1038305973e-01
-4.0000000000e+00 -2.5216806876e+00 2.8950319898e-02
9.8687825393e-02 3.8670182186e-01 2.2303237523e+00
-2.7151284540e-01 -7.2886376197e-01 1.2962805005e+00
3.1218656800e+00 -4.0000000000e+00 -1.0751408778e-01
-2.5187548936e+00 -8.2449629236e-01 4.3243745653e-01
-1.5207499995e+00 -1.4351719147e+00 8.3148045418e-01
1.8319041913e+00 1.6534220636e+00 1.2167181970e+00
1.9910126977e+00 -5.5801607888e-01 -1.3140649173e-01
-2.1233108830e+00 2.7382969950e-01 8.4350490976e-01
1.7539703142e+00 2.6503909603e+00 6.5472110480e-01
1.7489015448e+00 1.4186138211e+00 1.3831005831e+00
-2.8462916798e+00 -7.2485715317e-01 3.6261013598e-01
-1.3619820156e+00 1.6512311824e+00 1.3244977132e+00
2.4729521026e+00 2.1246260873e+00 9.8181059282e-01
-3.0330875226e+00 3.1696496792e+00 -1.4281706066e-01
-2.9253670222e+00 2.2570841273e+00 -8.5367081634e-02
-7.5021951710e-01 3.1285910296e+00 -2.9354561573e-01
-1.0319673308e+00 -6.6140916338e-01 1.2750925925e+00
-3.9229136615e+00 5.4684231612e-01 5.6525328611e-01
3.1303332999e-01 -6.5772041957e-01 1.3162444271e+00
-3.1955257575e+00 -3.6061182010e+00 3.6794124845e-02
-2.2790240682e+00 2.4721913292e+00 1.6290618627e-01
2.7464601681e+00 4.0000000000e+00 1.8166829890e-01
-1.9592351075e+00 -1.0821870091e+00 6.6474069892e-01
-7.1584330291e-01 5.8681918842e-01 1.5243151504e+00
-1.4896414328e+00 1.3593678307e+00 1.4701980883e+00
2.6771833884e+00 -5.4377692914e-03 -2.3970732441e-01
2.8107574046e+00 2.4424569039e+00 8.1132782133e-01
-2.5793346743e-01 -7.1437416854e-01 1.3042275266e+00
-1.7006994599e+00 4.8098427944e-01 1.1755162751e+00
1.5851111634e+00 1.5870528102e+00 1.2861353277e+00
-2.4275305121e+00 -7.1011947106e-01 5.6417235653e-01
1.5841249608e+00 2.5147960424e+00 5.6431831367e-01
-2.4866336772e+00 4.0000000000e+00 -1.2264063183e-01
-3.5042538011e+00 3.1424196687e+00 -2.5227306075e-01
-1.3429309740e+00 5.4964590655e-01 1.3596722666e+00
-1.5615627637e+00 7.4207649156e-01 1.3281828899e+00
5.4167729399e-01 3.1127967831e-01 2.4319883484e+00
2.0693462501e+00 -5.6930531123e-01 -2.3469799965e-01
1.6114107679e+00 1.3611190499e+00 1.4801029689e+00
7.0267575468e-01 2.0141039658e+00 5.1897437847e-01
-2.3618881251e+00 -3.2786274074e-01 7.7491827154e-01
-3.1378548630e-01 1.3912955049e-01 1.9349520496e+00
1.1552472229e+00 2.7143860680e+00 1.0787370313e-01
1.6737955090e+00 1.8539106283e+00 1.0709055594e+00
-2.1279596879e+00 -1.3320350629e+00 3.9828731074e-01
-2.4379730634e+00 2.6813646498e+00 1.0582138513e-01
2.5412578232e-01 4.4683715185e-01 2.3418000034e+00
2.5376542467e+00 4.0000000000e+00 1.8427056221e-01
1.6628018301e+00 3.2090391167e+00 5.0192890654e-01
1.0785515426e-01 -8.1326315636e-01 1.2257526365e+00
4.0000000000e+00 -2.5699871061e-01 1.9667971549e-01
-1.5491840294e+00 3.1967393607e+00 9.5156064868e-02
4.1702878546e-02 -1.8349073117e-01 1.8837343563e+00
-2.3190188034e+00 2.2344793904e+00 1.7187870961e-01
-6.8823020441e-01 -2.6700257769e-01 1.5754974082e+00
-1.8680870937e+00 2.5511951582e+00 2.6979758908e-01
-1.4105493082e+00 3.8297480588e+00 -2.4715088818e-03
-8.2037340882e-02 -1.0601308300e+00 1.1568232388e+00
2.0115884672e+00 2.1416690800e+00 1.0080024851e+00
-1.9809895623e+00 2.6591377267e+00 2.1849843339e-01
3.6559563916e+00 8.5445730149e-01 2.3404495925e-01
-8.3229127147e-01 -2.2480406446e-01 1.5589517707e+00
-5.6345410201e-01 1.4866856938e+00 1.1950963467e+00
-2.9061990288e-01 -9.7108585476e-02 1.8550711619e+00
-1.6346109153e+00 -4.1214420385e-01 1.2305907893e+00
1.7757616398e+00 -6.9050551874e-01 -1.4502887225e-01
9.6879932060e-01 -1.5466037271e+00 -4.4440734704e-01
-6.7201827389e-01 9.9101905294e-02 1.7254833526e+00
3.1636236313e-01 -1.3596962354e+00 7.0675476861e-01
-2.9823202670e+00 2.1552116501e+00 -1.0359146999e-01
1.2249760861e+00 1.7531741917e+00 1.0235530783e+00
2.0468577529e+00 4.0000000000e+00 2.2249764993e-01
-2.3579445027e+00 2.7568369115e+00 1.3081122431e-01
-2.7659442859e+00 1.2442969416e+00 -4.0677458104e-03
6.6801189510e-01 1.2728775457e+00 1.6294997222e+00
1.6107840573e-02 -4.4213339760e-01 1.5731819948e+00
1.7840205821e+00 -5.3196815650e-01 1.6114474949e-01
8.0728721227e-01 -1.1599986988e+00 2.4229681714e-01
2.0127950111e-01 8.9207757890e-02 2.1830214490e+00
-2.3373643519e-01 -1.2620453884e+00 1.1406063272e+00
1.9160797525e+00 1.9597402486e+00 1.0601589656e+00
-8.8108532437e-01 3.0110289478e+00 -2.1918701873e-01
-1.4564177631e+00 -2.7660337994e-01 1.3382536167e+00
1.7858663706e+00 2.7028337831e+00 6.6344804370e-01
-9.7148975734e-01 6.4308595516e-02 1.5803407289e+00
-1.1376364276e+00 1.1048458035e+00 1.5149987448e+00
-1.3303159645e+00 1.7167793361e+00 1.2623238619e+00
1.4283614114e+00 -1.7126837775e-02 1.4870847573e+00
6.8792924463e-01 -1.2344629313e-01 1.9279396094e+00
-2.6095672755e+00 -3.4599245540e-01 6.1984820493e-01
-4.0000000000e+00 -1.1325036996e+00 2.7000333468e-01
6.1567189752e-01 1.4688510101e+00 1.3262429174e+00
-8.1865373401e-01 2.8811011815e+00 -2.1208431979e-01
-5.2897290565e-01 -2.2554574874e-01 1.6597553123e+00
2.5102879544e+00 1.0638280107e+00 6.4369030762e-01
-3.2580779928e+00 1.5548969639e+00 -9.4666446375e-02
2.5943237351e+00 1.4523629720e+00 6.7640767763e-01
5.8465600373e-02 -7.2390139377e-01 1.2979088212e+00
1.0327717499e+00 -6.8719634201e-01 7.5835477139e-01
1.4141391168e+00 -9.9574631717e-01 -3.8912248704e-01
-6.7660337806e-01 4.6901108920e-01 1.5896496463e+00
-6.1228770961e-01 2.1936104969e+00 3.3235865457e-01
2.3722467710e+00 -9.9164898477e-02 -3.1481018869e-02
1.6547041219e+00 -1.1090980731e+00 -8.7343898262e-01
1.0779950295e+00 -1.0728815160e+00 -4.2861503104e-02
1.2079878649e+00 -1.5819541091e+00 -8.6313482352e-01
6.6271869208e-01 -3.7465183788e-01 1.5767934269e+00
-1.5059101997e+00 1.4981012471e+00 1.4024938801e+00
-1.6189205740e+00 -7.0727361674e-01 1.1180924469e+00
-2.1707603067e+00 1.8943490601e+00 4.4006784839e-01
1.9109000425e+00 5.1673549709e-01 1.3808763298e+00
-1.0765613092e+00 1.7403272525e+00 1.1818344762e+00
-1.9218267000e+00 2.2497330758e+00 4.1217524045e-01
1.5883829728e+00 -6.4070035861e-01 1.8289089522e-01
5.7914559729e-01 1.3851929016e+00 1.4431263924e+00
-1.5009129523e+00 3.1948246014e+00 7.7099222931e-02
2.1769888569e-01 5.2565241440e-02 2.1585137702e+00
-2.3467186051e+00 8.7798625917e-01 4.4357074098e-01
3.7407382121e+00 9.0085365575e-01 2.4312421256e-01
-1.2469785218e+00 -1.5356654860e+00 9.7855821473e-01
-4.0582154323e-01 1.8627413956e-02 1.8605300637e+00
-1.1699358407e+00 2.5835494648e+00 1.3921986913e-01
2.5141388646e+00 -1.4229552318e+00 -1.0856220659e+00
-2.1320943452e+00 -1.5623589702e-01 9.5001389170e-01
1.1997122435e+00 -1.6817821797e+00 -9.1716451051e-01
2.4228224459e+00 1.2582695071e+00 7.9373230998e-01
-1.2668675312e+00 -3.5725175112e-01 1.3727491970e+00
-1.2724876274e+00 1.0390824734e+00 1.5158728987e+00
-1.1315366651e+00 1.9846825086e+00 8.6654909618e-01
1.3296059116e-01 -1.9279008064e+00 5.3818409587e-01
-6.3575287752e-01 1.5089178753e+00 1.2012891930e+00
-8.7262623278e-01 4.0000000000e+00 -2.9268342980e-02
-2.8963575180e-01 -4.8228357011e-01 1.4770738973e+00
-4.0000000000e+00 -2.1054541716e+00 3.2895640203e-02
2.5480017002e+00 1.0427863444e+00 5.9468530039e-01
-1.2788249686e+00 1.7606590209e+00 1.2112611195e+00
-7.2755631632e-02 -5.8814008234e-01 1.4087325207e+00
-1.5869083895e+00 -2.0759993741e-01 1.2949837412e+00
-1.0974203571e+00 1.6560521465e+00 1.2746869454e+00
8.7211451812e-01 -2.5178904145e+00 -6.5682953094e-01
5.2005999267e-01 -2.0984624021e+00 -8.0873571139e-02
-1.9689140903e+00 1.2078492146e+00 1.0083807084e+00
8.3010274305e-01 -2.1362948094e-01 1.7297448891e+00
1.7797422446e+00 2.1964996378e+00 8.7980442217e-01
-3.0762628320e-01 1.7352447758e-01 1.9394990897e+00
-1.7437333194e+00 1.4192934279e+00 1.2591203666e+00
-1.4066484689e-02 -9.7430049603e-01 1.1704403855e+00
-3.9216591045e-01 -3.0441070561e-01 1.6318090450e+00
1.5246655551e+00 -7.9637350963e-01 -9.2097419639e-02
1.8136971877e+00 -2.1998395610e-02 9.2110658617e-01
2.5211437520e+00 -3.6800295608e+00 -2.8215500687e-01
8.7954097012e-01 -1.5434420333e+00 -2.8982629244e-01
-2.2644372472e+00 3.5279592708e-01 6.7925524746e-01
1.2672253482e+00 3.1360398748e+00 1.8309448634e-01
-1.1362639727e-01 -1.6333237809e+00 9.3970834990e-01
-1.0900667326e+00 1.3906619642e+00 1.4510237492e+00
3.2795189403e-01 9.2654117918e-01 2.0183360488e+00
-6.7073728225e-01 -1.9471828659e-01 1.6331386428e+00
-7.4784110423e-01 1.7594625719e+00 1.0110742235e+00
2.1178154604e+00 -9.9515883053e-01 -9.5649638900e-01
-1.5594178179e+00 -1.9735191516e+00 5.5093300311e-01
8.6904386744e-01 -1.2605164224e-01 1.8370759750e+00
-4.0000000000e+00 -3.2325336033e+00 1.4422507398e-01
1.6550036665e+00 6.4927594344e-01 1.8339487013e+00
-8.4795350833e-01 4.8184861064e-01 1.5084010385e+00
2.5652409213e+00 -1.8923367963e+00 -8.9055842855e-01
1.4878470141e+00 9.6232835096e-01 1.8983533601e+00
-6.9440741076e-01 7.8007889028e-01 1.4870164986e+00
-2.6592134406e+00 -2.4696880958e+00 8.4088226006e-02
1.3594240834e+00 2.9989233495e+00 2.4756917454e-01
1.3199929457e+00 4.0000000000e+00 2.4054937196e-01
-7.1623407659e-01 8.9950920984e-01 1.4660462984e+00
-2.4587876514e-01 7.2180903667e-01 1.7597297098e+00
8.8803770587e-01 -1.3807732893e+00 -1.4785132604e-01
3.5858599339e+00 -8.9491653686e-01 -2.8274967294e-01
-2.1770651544e+00 3.2203196265e-02 8.8708898236e-01
-1.2648262107e+00 -1.8713771747e+00 8.2485556433e-01
1.1675454104e+00 -9.6553810493e-01 1.7603098542e-02
-2.5204289207e+00 4.6857748710e-01 3.9352158235e-01
1.4919691850e+00 2.5838971275e+00 4.5234438844e-01
9.2627224433e-01 8.9032475024e-01 2.2308248888e+00
-4.0000000000e+00 1.7315512994e+00 -1.8266557626e-01
4.8458212013e-01 2.7918667930e+00 -3.0969544220e-01
-4.0000000000e+00 2.1687539938e+00 -3.5004696715e-01
-1.9229543086e+00 4.6473246292e-01 9.7971131247e-01
-1.7095796791e+00 1.8365446727e+00 9.8575169609e-01
8.4355814422e-01 7.2164896822e-01 2.4247173972e+00
-6.1073869583e-01 -1.4968503821e+00 1.1541629725e+00
-7.8616121019e-01 3.5832436790e-01 1.5861273008e+00
5.6764453353e-02 -5.4067837635e-01 1.4656383479e+00
1.8127030592e+00 2.2210087477e+00 8.8538303444e-01
1.4068130501e+00 1.3233192717e+00 1.5690427097e+00
3.3326189643e+00 4.0000000000e+00 1.6180607303e-01
2.8399175110e+00 -3.3523449261e-01 -5.3829901205e-01
-1.8793785700e+00 1.4346345262e+00 1.0854319216e+00
-4.0000000000e+00 1.5558538503e+00 -9.0336632129e-02
-4.0000000000e+00 2.6291622218e+00 -3.6611637738e-01
2.6802629334e+00 1.6332617737e+00 6.8673645664e-01
-3.1577641542e+00 6.9440346627e-01 1.6800197487e-01
-2.3951900610e+00 -7.6451060163e-01 5.5193730312e-01
-2.1519990715e+00 1.6461895014e+00 5.9693350264e-01
-7.7364630687e-01 1.4673799290e-01 1.6657159784e+00
1.1435339112e+00 1.6284739357e+00 1.1689642425e+00
2.9174400954e+00 3.8751981897e-01 3.1828879537e-02
-6.1950735611e-01 1.3026767670e+00 1.3318182711e+00
-1.2993811261e+00 2.3982908013e+00 3.5727822798e-01
-9.7086276184e-01 1.4981055596e+00 1.3492934881e+00
1.5329739684e+00 -4.4611758851e-01 6.4258915569e-01
-1.0187338702e-01 1.3611866559e+00 1.2961971301e+00
-1.5315669011e+00 1.6774703743e+00 1.2603906267e+00
1.5808386661e+00 1.4440513764e+00 1.4158609732e+00
-2.6808167232e-01 2.1427818084e+00 3.0079433068e-01
-2.0066626595e+00 1.3321103201e+00 9.3186271536e-01
1.4372961421e+00 1.7564844269e+00 1.0898881384e+00
-1.1923662136e+00 8.0018330979e-01 1.4461088357e+00
-1.0476005276e+00 1.9641733087e+00 8.6797470606e-01
1.9672804658e+00 1.4890179013e+00 1.2340274553e+00
-9.8280955713e-01 -2.4378733765e-01 1.5009625136e+00
1.2089953481e+00 -6.2627132526e-02 1.6647399803e+00
2.5242056043e+00 -1.1289989711e+00 -1.0145508316e+00
8.9042860448e-01 -1.9083424604e+00 -5.4676713404e-01
2.7072780065e+00 1.8772021005e+00 7.8156635406e-01
1.7423767139e+00 2.1481547110e+00 8.8718067007e-01
-1.0413386290e+00 2.6351600619e-01 1.5074171088e+00
2.0716494207e+00 3.0317086653e+00 7.4770037864e-01
1.3743425828e+00 -1.0510799707e+00 -4.4132536425e-01
-1.0128543672e+00 2.0970407075e-02 1.5626976041e+00
-1.4529987381e+00 1.4189753831e+00 1.4604653396e+00
3.2897038092e+00 -2.6297292620e+00 -7.0938163029e-02
-2.1003104274e+00 -4.6253803675e-01 9.2852974892e-01
-2.0613740256e+00 8.3224931502e-01 8.3674537224e-01
2.7926929595e-01 7.8137649279e-03 2.1306353452e+00
2.3637994485e+00 2.4739593807e+00 9.7940878126e-01
-1.7111624575e+00 9.5159004608e-01 1.2972569268e+00
-1.0806309270e+00 -9.8303106043e-01 1.1799511900e+00
-1.5692567170e+00 -1.4059305363e-01 1.3105473473e+00
-4.0000000000e+00 -2.4936173709e+00 2.6279743746e-02
-1.7854568002e+00 2.9254076421e-01 1.1293112976e+00
-8.0335921925e-01 2.8423707133e+00 -2.0283482617e-01
1.7346649035e+00 -1.4063404607e-02 1.0575561515e+00
-2.1244786794e+00 -1.1621369731e+00 4.8953905793e-01
-1.9397463219e+00 -4.0000000000e+00 8.1070222280e-02
-2.8989412817e+00 1.0286244299e+00 -2.5865509373e-03
2.1369356109e+00 -3.7709929433e+00 -3.0959261516e-01
-1.5259730838e+00 1.5792593439e+00 1.3419216997e+00
1.1702152310e+00 7.9171945900e-01 2.2556623827e+00
1.7258937536e+00 2.4447142358e+00 7.1372169800e-01
-1.5448202151e+00 -3.9870039116e-01 1.2726157718e+00
2.0481141353e+00 1.2324826331e+00 1.2260560276e+00
-2.1180239346e+00 2.0913296016e+00 3.7266161608e-01
-2.6857533709e+00 3.2102384775e+00 -3.4067263666e-03
2.3545106312e+00 1.9494774343e+00 1.0140890986e+00
-5.2153829668e-01 -8.0787040336e-01 1.2567807804e+00
2.4608392168e+00 1.6906987576e+00 8.8776756761e-01
-4.4399265825e-01 -6.1824437907e-01 1.3403857996e+00
2.7650316750e-01 -4.1216103061e-01 1.6211718644e+00
2.1526200375e+00 2.1234853911e+00 1.0395679116e+00
1.5761614709e+00 -1.0509623475e+00 -6.9317636895e-01
-1.6252541160e+00 2.6717636434e+00 2.1974337332e-01
1.6511306877e+00 8.5206678055e-01 1.8087914967e+00
2.0133912608e+00 3.3631146027e+00 6.1925602426e-01
5.0339452484e-01 8.8801785703e-01 2.1667567179e+00
-9.0089299799e-01 -1.3424562733e+00 1.1581216183e+00
1.3361528579e+00 1.6548056687e+00 1.1782437646e+00
2.1123419953e+00 1.1422483090e+00 1.1636910783e+00
-1.1783454758e+00 -4.9060242039e-02 1.4872865782e+00
-2.8578033604e-01 3.4269804533e+00 -3.6539214770e-01
-2.5515301364e+00 4.0847408328e-01 4.1280976378e-01
2.9848010772e-01 1.5140108000e+00 1.2006779991e+00
1.3503245120e+00 2.8448852927e+00 2.4825297552e-01
2.8655325441e+00 2.9368950259e-01 -3.8545453787e-02
1.6719506116e+00 2.9424046932e+00 5.1987255969e-01
3.0551456003e+00 2.3058249855e+00 6.7217497811e-01
-1.2234862234e+00 -4.9289714693e-01 1.3253441348e+00
1.8259409424e+00 -1.1334508588e+00 -1.0382896068e+00
6.1910417925e-01 -6.8523699631e-01 1.1389191030e+00
-1.3959820128e+00 2.0537335011e+00 8.0708306737e-01
1.0042303060e+00 1.7386157299e+00 9.8655805216e-01
2.5554768182e+00 -1.3013722906e+00 -1.0398715610e+00
-4.0654731961e-01 2.1168532255e-01 1.8685992176e+00
-1.9941974395e+00 2.4634514305e+00 2.7216063665e-01
-1.4465487231e+00 3.0200794742e+00 5.9878995625e-02
-2.3689897189e+00 4.0000000000e+00 -1.2161462770e-01
-9.0824029742e-01 2.4668848057e+00 1.2928114451e-01
2.7100940941e+00 -4.0000000000e+00 -2.3013664815e-01
1.1458859192e+00 -1.1506640126e+00 -2.7210618146e-01
1.5240690431e+00 2.4236893468e+00 5.5885796219e-01
-7.7784123670e-01 4.1599465622e-01 1.5646123554e+00
-4.2803352464e-01 2.4060543431e+00 -1.5729042939e-03
-1.8910123706e+00 1.5688414107e+00 1.0068828597e+00
2.5232129657e+00 2.3008156345e+00 9.6539115847e-01
1.8017750931e+00 1.3858332730e+00 1.3760164531e+00
4.1398200024e-01 -5.3070257265e-01 1.4462759442e+00
-1.6010729805e+00 1.6132775873e+00 1.2754690110e+00
-2.2010245908e+00 4.0381779665e-01 7.1646630903e-01
2.8012167385e+00 2.9585642595e+00 6.5828984989e-01
-1.1228921117e+00 -1.0881347758e+00 1.1470366597e+00
3.3072322715e-01 -2.4671919573e+00 -4.5272352606e-02
-9.8842242016e-01 4.6253103069e-01 1.4653428924e+00
-4.3397737338e-01 -3.5755237269e-01 1.5676573813e+00
4.2596968119e-01 2.3655145975e+00 2.6829344859e-03
-1.0648889717e+00 3.8064876436e+00 -4.9226194015e-02
-4.4447859636e-01 -2.4728434674e+00 5.4884751925e-01
-1.2767830170e-01 -1.2922037708e+00 1.0901374394e+00
3.9203014465e-01 -9.2185687833e-01 1.0028611399e+00
1.8903322383e+00 3.1333717503e+00 6.4332333604e-01
4.0623359980e-01 2.0200829961e-01 2.3276236051e+00
-5.4732832315e-01 7.3772301640e-01 1.5490317042e+00
1.8648446549e+00 6.3548181700e-01 1.5171515562e+00
-1.0504792878e+00 -5.4989857180e-02 1.5402909921e+00
-2.3178425084e+00 4.2172082485e-01 5.9429939306e-01
-1.3504931104e+00 5.6690281977e-01 1.3594995600e+00
-1.5445394867e-01 7.0591393909e-01 1.8496574253e+00
4.0000000000e+00 2.8573610452e+00 3.6854060289e-02
-2.0095230193e+00 1.6213406147e+00 8.1467609763e-01
1.1607097740e+00 1.3227278355e+00 1.5900731817e+00
-2.2815018441e+00 1.0789635278e+00 5.3016102325e-01
-3.1299932456e+00 2.2176722094e-01 4.9574395871e-01
-7.5739974211e-04 -5.3976307403e-01 1.4627002638e+00
2.4486954848e+00 -2.0083832686e-02 -4.2478852402e-02
8.8794158779e-01 2.2381397702e+00 2.7970905616e-01
2.5251354664e+00 7.9447565561e-01 5.6603451688e-01
-8.5809767754e-01 -6.2386579610e-01 1.3032539667e+00
9.1405233864e-01 -1.4087518774e+00 -2.2090420738e-01
-2.1213327782e+00 5.8391715580e-01 7.5055112345e-01
2.0230726355e+00 2.5170219751e-02 6.4231580010e-01
4.0000000000e+00 1.0691868315e+00 2.4886806943e-01
-1.6344262234e+00 4.3816669239e-01 1.2225627162e+00
-1.0967961230e+00 -1.7757972914e+00 9.6559337538e-01
8.1184288560e-01 -6.0348768671e-01 1.1250475639e+00
-1.9994597215e+00 6.0969501949e-02 1.0152663174e+00
1.3696591052e-01 3.7286468294e-02 2.1221949627e+00
-1.5490985207e+00 -1.9631354527e-01 1.3143067559e+00
-1.0755915088e+00 -4.1364944201e-01 1.3896385624e+00
-1.8215112559e+00 1.8719692446e+00 8.4738107564e-01
1.6401138603e+00 1.9652595293e+00 9.6753340554e-01
1.5433358766e+00 4.0000000000e+00 2.5342904784e-01
2.8457698751e+00 -8.5991318823e-01 -7.5425886614e-01
-2.4117610946e+00 2.6868370410e+00 1.1415704220e-01
1.2537674243e+00 7.2820911769e-02 1.8236220891e+00
-4.4059752033e-01 5.1165600782e-02 1.8496226795e+00
-1.3428672935e-01 4.4291102973e-01 2.0161632896e+00
1.0979465842e+00 -4.0000000000e+00 -5.6572301103e-02
1.3834249379e+00 1.9007791040e+00 9.0772917748e-01
2.2202689978e+00 -4.0000000000e+00 -3.0353600715e-01
1.1674899608e+00 2.8234648767e+00 9.0833229251e-02
-2.9159572887e+00 1.1977374387e+00 -3.9111767203e-02
2.6356520833e+00 -7.6329150933e-01 -7.7154954348e-01
-8.5701257221e-01 -4.1450350622e-01 1.4285054711e+00
-2.2956992775e+00 5.6090682944e-01 5.5713051181e-01
1.6479971521e+00 1.3075964828e+00 1.5086182020e+00
-5.4318859771e-01 1.0733189956e+00 1.4321294912e+00
-2.0937395112e+00 -8.4699294313e-01 7.1998251564e-01
2.2901877405e+00 3.6298066705e-01 6.0869996001e-01
-2.1453625367e+00 -7.1439387705e-02 9.3282918566e-01
2.9251435921e+00 2.0455681451e+00 7.1920619295e-01
-2.3883948972e+00 1.2134035675e+00 3.6265114394e-01
-3.2349117060e+00 -1.8818076908e+00 1.4468613059e-01
4.0000000000e+00 3.5030188991e+00 7.2498181413e-02
1.1713163394e+00 -6.0228125565e-01 7.7394426826e-01
-2.9550348295e+00 -4.4347237644e-01 4.8601858934e-01
2.0254387903e+00 1.8406204660e+00 1.1095355255e+00
1.3243986270e+00 1.2967611237e+00 1.6124901595e+00
1.0591618341e+00 -1.5752814648e+00 -6.1985166568e-01
-3.7971519016e+00 1.0624764375e+00 1.8430811604e-01
4.0000000000e+00 4.7262642426e-01 3.5279623178e-01
-1.1322334337e+00 9.9399099239e-01 1.4985223753e+00
5.4141208425e-01 1.5182036826e+00 1.2413794637e+00
1.2705459923e+00 1.1093797777e+00 1.8572073460e+00
3.2786633612e+00 2.2004031551e+00 5.3546646677e-01
1.3428860543e-01 7.3020117513e-01 2.0918700336e+00
1.7939099913e+00 1.3385146588e+00 1.4071660939e+00
1.0457884699e+00 1.2057447897e+00 1.7613203647e+00
1.7748358958e+00 -4.9480111396e-02 9.4317837136e-01
1.7173063184e+00 1.5843195441e+00 1.2795158075e+00
1.9794021586e+00 1.9637145099e+00 1.0676830219e+00
-2.7454131740e+00 2.5605608181e+00 -9.1463422761e-03
2.1802363386e+00 -8.6816379457e-01 -7.9469552663e-01
3.0266779111e-01 -1.7810257957e-01 1.9219901698e+00
1.5674225517e+00 1.2400681119e+00 1.6029308228e+00
1.7174270362e-01 -5.2223464922e-01 1.4884142126e+00
-2.7474674123e+00 -1.2527246618e-01 6.0508837185e-01
-3.5464875015e+00 -3.0639251588e-01 5.5140884211e-01
-2.0145742375e+00 1.1016129287e+00 9.4083275881e-01
-1.9133134390e+00 -4.6485740878e-01 1.0571397544e+00
1.4674480669e+00 4.8501437951e-01 2.0261544356e+00
-2.2918071683e-01 8.2379383108e-01 1.7052745030e+00
2.9886798672e-02 9.6016093245e-01 1.7747350923e+00
2.1824182984e+00 1.6707732900e+00 1.0812792690e+00
2.6897361181e+00 1.1268750119e-01 -1.3228097323e-01
1.1756106746e+00 4.5150200112e-01 2.3117214903e+00
2.0522358271e+00 -2.8845391786e+00 -6.6087795919e-01
-4.0000000000e+00 3.4620697356e+00 -1.7473984169e-01
-1.9046173051e-01 -1.1549609723e+00 1.1584276267e+00
-2.0031520514e+00 9.3875725297e-01 9.3645615622e-01
1.9169468563e+00 3.3150322791e+00 6.1159554329e-01
-2.6518104781e-01 -1.5366675250e+00 1.0642704582e+00
-1.4846445323e+00 3.3820833484e-01 1.3125963696e+00
1.8078403170e+00 -9.8857607341e-01 -7.9194617840e-01
2.1146009716e+00 2.4468805673e+00 9.4582221939e-01
5.2199130958e-01 -6.9973630904e-01 1.1794925157e+00
-3.6400137430e+00 7.1191215174e-01 3.5085388364e-01
2.3775538650e-02 1.1508788076e+00 1.5596971554e+00
-4.9283210968e-01 3.2026624114e-01 1.7743981626e+00
-2.7228586473e+00 5.0540310537e-01 2.6235834967e-01
-7.2066446719e-01 -8.2478501773e-01 1.2459834158e+00
3.2637731189e+00 -4.9283103690e-01 -4.6651684644e-01
-6.3229502825e-01 3.4757200823e-01 1.6728211687e+00
1.0400805861e+00 1.9091120414e+00 7.5466380523e-01
4.0000000000e+00 -1.9602827481e+00 -8.2630904132e-02
-4.0000000000e+00 -2.3664991273e+00 1.8695755030e-02
-7.4716571093e-01 1.1384218221e+00 1.4263722156e+00
1.0751988941e+00 1.0793591694e-01 2.0365779539e+00
-2.3766056335e+00 -2.3012850301e-01 7.7828454193e-01
-2.9841031138e-01 9.6915975133e-01 1.5616855160e+00
2.5878625226e+00 1.6770344953e-01 8.3252968621e-03
2.1404962439e+00 4.4386283182e-01 9.3241073845e-01
-2.5267399345e+00 -8.4024242354e-01 4.1794162583e-01
1.7195500427e+00 2.6183177083e+00 6.3771637008e-01
2.0647623256e+00 -5.1260743928e-02 4.7484924524e-01
8.9082069684e-01 -1.4805159433e+00 -2.5232847735e-01
1.1531788666e+00 9.0505610468e-01 2.1510011601e+00
2.7944841084e+00 1.8672278998e+00 7.2364151731e-01
-1.5528011038e+00 6.8060961041e-01 1.3102723049e+00
-2.8732286492e+00 6.7511913131e-01 1.3041833146e-01
-1.3019533739e+00 1.1991075604e+00 1.5320453022e+00
-2.1105001378e+00 2.5932076053e+00 2.0459330523e-01
5.0128816846e-01 -4.0000000000e+00 1.1578028132e-01
1.2224742864e+00 -1.6982742609e+00 -9.6014791774e-01
2.5146190131e+00 2.0361524061e+00 9.4978185654e-01
4.3934473625e-01 -1.4611379718e-01 1.9564297795e+00
-1.1987499061e+00 -1.1311700769e-01 1.4698897106e+00
1.7354363413e+00 -1.2453948885e+00 -1.1322782761e+00
1.4181582548e+00 1.2987259054e+00 1.5942647655e+00
1.1273701998e+00 3.7164410931e-01 2.2959925729e+00
1.5946392334e+00 -1.1189736274e+00 -8.3033684835e-01
2.2694933998e+00 2.3225475246e+00 1.0101266039e+00
4.9502198819e-01 -7.3592925891e-01 1.1477377533e+00
-7.6930981658e-02 1.2752085237e+00 1.3894479178e+00
1.2315953156e+00 1.4348886335e+00 1.4401614292e+00
6.7903781447e-01 2.6281487581e-01 2.3981860331e+00
-1.9922753846e+00 2.8883324675e-01 9.5570070911e-01
-1.4299263722e+00 -8.5068650650e-01 1.1237558778e+00
-2.3710673003e+00 2.0190117780e+00 1.8234896856e-01
3.0521460696e+00 1.9952312908e+00 6.3793441603e-01
-2.0625676327e-01 -3.0587180297e-01 1.6840666157e+00
1.0800064687e-01 -1.8882424482e+00 5.9290703169e-01
-1.3403337521e+00 1.1039421252e+00 1.5250188539e+00
1.0286869699e+00 -8.0677687136e-01 5.2347362293e-01
-1.8487721192e+00 -6.0410067850e-01 1.0437096717e+00
-1.4200056657e+00 2.5344514736e+00 2.6536688537e-01
1.0008170393e+00 1.2888281692e+00 1.6391592134e+00
-8.3767584510e-01 9.1143485652e-01 1.4626242986e+00
-1.0108457071e+00 4.3075229316e-02 1.5633199076e+00
4.3289391769e-01 -6.3134431274e-01 1.3102059960e+00
-1.9703411771e+00 1.5300493666e+00 9.1692832539e-01
-1.0955880567e+00 -3.2436206903e-01 1.4299538055e+00
-1.0358223570e+00 1.4095131294e+00 1.4244627906e+00
8.8677344060e-01 1.2963131261e+00 1.6223057899e+00
-2.7703760537e-01 -1.0689641795e-01 1.8533417534e+00
-1.7246529712e+00 6.9565019705e-01 1.1934480541e+00
-4.2630213830e-01 8.1112911485e-01 1.5819997945e+00
-1.3383371598e+00 -2.8287116000e+00 3.6206593324e-01
1.7144461199e+00 4.0000000000e+00 2.5112695964e-01
-4.0000000000e+00 2.9335098673e+00 -3.0840386155e-01
1.2642116975e+00 8.1684161485e-03 1.7164954426e+00
6.5572566091e-01 3.5471006012e-01 2.4680570802e+00
-3.1832618999e+00 2.0495150812e+00 -1.4194654014e-01
1.9534609120e+00 5.4409617913e-01 1.3274504004e+00
1.6633582649e+00 -4.4717904202e-01 4.7132736774e-01
-2.4150200473e+00 2.5508140682e+00 1.1023736065e-01
6.7361377534e-01 -1.1240575306e+00 4.7933420563e-01
-1.6732850606e+00 5.8592170246e-01 1.2068293122e+00
-4.2239661716e-01 7.5457247764e-01 1.6110494803e+00
-1.1534852321e+00 2.0385624806e+00 7.8965790485e-01
-9.4553491658e-02 2.6931050735e-01 2.0877043257e+00
1.0128490357e+00 -3.6963582826e-01 1.3535289955e+00
-4.0000000000e+00 -2.0583431871e-01 5.7583412901e-01
9.7608167653e-01 -8.3268702207e-01 5.3784530433e-01
2.3976569509e+00 2.2398848051e+00 1.0078627786e+00
-3.0016417499e+00 2.3804597994e+00 -1.0468922886e-01
-5.5950593864e-02 -4.0000000000e+00 2.4419138933e-01
-1.3953923172e+00 7.8850189696e-01 1.4128552177e+00
-1.3999644870e+00 2.0106540650e+00 8.7127516739e-01
-1.8634687330e+00 -8.9779424389e-01 8.5534980759e-01
5.6897676532e-01 -7.1923723683e-02 2.0322663256e+00
-1.8235349223e+00 4.0860938087e-01 1.0790357654e+00
1.2404900993e+00 1.6692736567e+00 1.1363157090e+00
6.8773817062e-01 -6.4345526494e-01 1.1545230384e+00
1.5611956619e+00 -2.1131468371e-01 1.0082454468e+00
2.3081537477e+00 1.9687421243e+00 1.0336096365e+00
-6.1123964404e-01 9.5786184745e-01 1.4645023155e+00
1.6951240828e+00 3.5442335217e+00 4.5208706625e-01
-4.9785816377e-01 9.4531315425e-01 1.4924180976e+00
4.3408230914e-01 5.8520866938e-01 2.4229748431e+00
-3.3422547278e+00 1.7211923135e-01 5.6842428163e-01
2.5193154010e+00 2.1991514576e+00 9.6692150770e-01
-1.1743814876e+00 2.0428486595e+00 7.8925668967e-01
6.1492219738e-02 -1.9172685162e+00 6.2162541945e-01
4.0000000000e+00 -7.9541278625e-01 -4.1771005894e-02
2.4021121269e+00 1.0662847974e+00 7.8181178951e-01
-1.1862092823e+00 4.4022075463e-01 1.4088210598e+00
-1.6084383991e+00 8.4403927416e-01 1.3410028544e+00
-3.0450156294e+00 -1.8016227786e+00 1.2180785852e-01
-6.4949959206e-01 4.0000000000e+00 -3.4067493765e-02
-1.4200082007e+00 -7.4633367674e-01 1.1745777755e+00
-1.8181671911e+00 2.1082858954e+00 5.9277185189e-01
-6.7308289405e-01 -1.0231290915e+00 1.2238494348e+00
-1.7946179110e+00 8.0342312362e-01 1.1608356999e+00
2.2583370590e+00 3.8058954070e+00 3.4321278157e-01
-1.8341148734e+00 2.1048874532e-02 1.1447038238e+00
-1.6511482988e+00 1.7588514048e+00 1.1129073312e+00
1.6083608382e+00 2.3485525942e-01 1.5939141892e+00
-1.8862567083e+00 -1.8264309534e+00 3.7126151824e-01
2.4152590940e+00 -1.0821564883e+00 -1.0367186311e+00
-4.0000000000e+00 2.5217433906e+00 -3.7513866578e-01
1.6651600705e+00 1.9295853495e-01 1.4546910662e+00
2.4168917207e+00 1.1328563128e+00 7.7384816414e-01
-2.6087719077e+00 2.2072954776e+00 1.9881901047e-02
2.9725063851e+00 8.6094831235e-02 -2.4532723437e-01
6.7609013599e-01 8.6099561241e-01 2.2604849818e+00
-6.7523113728e-01 6.5753398317e-01 1.5196614622e+00
-2.0083425737e+00 1.5817111648e-01 9.8210255332e-01
1.7136055324e+00 2.5030945261e+00 6.7796859379e-01
7.5942619750e-01 1.1102276718e+00 1.8994781056e+00
9.9712446588e-01 1.5477361973e+00 1.2600205334e+00
1.1841873093e+00 1.9008347851e+00 8.1729987092e-01
1.4151733010e+00 2.3386289087e+00 5.2105475139e-01
1.4959619255e+00 -5.1054736189e-01 5.6705229108e-01
-2.6298103363e+00 -4.0000000000e+00 1.8371256192e-02
3.2720434171e-01 -6.8783141649e-01 1.2789029788e+00
-4.0000000000e+00 -1.2661080579e+00 2.3512090667e-01
-1.9609480052e+00 1.6737067345e+00 8.5074953646e-01
2.0298336199e-01 -1.0651587174e+00 1.0159306860e+00
-1.6824596357e+00 8.7327409650e-01 1.2954611471e+00
1.7686528591e+00 9.1258557265e-01 1.6467605482e+00
4.0000000000e+00 -2.4178886033e+00 -6.0807877096e-02
1.4291166075e+00 2.3103487029e+00 5.5232556421e-01
-7.3127277763e-01 1.7550239155e+00 1.0083631352e+00
2.7646513131e+00 1.7564110298e+00 6.8906907687e-01
8.8001328785e-01 -3.9032537856e-01 1.4242600989e+00
2.3678315490e-01 9.5571847455e-02 2.1989744028e+00
1.4215270681e+00 1.0608399312e+00 1.8501224524e+00
6.0503046727e-02 -2.3453179019e+00 3.1222175366e-01
-8.4081155013e-02 3.2981733809e+00 -4.3872394984e-01
1.2584916040e+00 1.9247298462e+00 8.1972911239e-01
-4.9301479646e-01 -6.5533942184e-01 1.3137635318e+00
2.0887347988e+00 4.9070650581e-01 1.0600699380e+00
-5.8825220203e-01 2.3126042640e-01 1.7461248563e+00
-2.9924722165e+00 -4.2475362745e-02 5.8323500923e-01
2.8103349195e+00 2.0845073350e+00 7.9321542358e-01
-4.0000000000e+00 -7.4927185207e-01 3.6601969952e-01
-3.1589830010e+00 1.8819298951e-01 5.2156784883e-01
6.7015990245e-01 1.0500389790e+00 1.9794344109e+00
-2.6264089144e-01 2.1320183328e-01 1.9683611658e+00
-2.1341196566e+00 3.0175583862e+00 1.6904716459e-01
5.2172064829e-01 -4.5692292219e-01 1.5146894210e+00
7.9176435317e-01 -9.8892356396e-01 5.0346960791e-01
2.8030210845e+00 -1.9315860120e-01 -4.4580899230e-01
8.2596424216e-01 1.0374043160e+00 2.0209850590e+00
3.5156254511e+00 4.8403336594e-01 1.6265975691e-01
-1.0098087351e+00 9.2287802079e-01 1.4737684139e+00
3.5473111928e+00 2.6995971632e+00 2.7970343399e-01
6.4907273425e-01 -1.1282776000e+00 5.0741212791e-01
-9.6097704867e-01 -9.6724287549e-01 1.2040990606e+00
1.4438983067e+00 1.3640579165e+00 1.5182540718e+00
-4.0000000000e+00 -2.4143406298e+00 2.0618397886e-02
-1.7792994581e+00 -7.5745230458e-01 1.0022798808e+00
-1.5013216838e+00 1.7679074021e+00 1.1819733749e+00
3.6619180409e+00 -1.4984233787e+00 -1.3056627099e-01
9.5522632279e-03 -4.1054042727e-01 1.6094402289e+00
1.5304092724e+00 1.5894640694e+00 1.2819376391e+00
2.0530059711e+00 5.5306417278e-01 1.1658376880e+00
1.3818603524e+00 -2.4047006268e-01 1.1902323027e+00
-1.0780903566e-01 4.8700610112e-01 2.0218354367e+00
3.2818466431e+00 1.7721070472e-01 -9.7668600044e-02
-2.3887027291e+00 3.4026464712e+00 7.7126836574e-02
1.0629973067e+00 6.5873876762e-01 2.3992202660e+00
1.0534311474e+00 1.8486466740e-02 1.9256074665e+00
3.4400295702e-01 6.4195085129e-01 2.3326210095e+00
1.5393767104e+00 7.1372569307e-01 1.9795296298e+00
-2.3750926857e+00 -1.1612556522e+00 3.1693105289e-01
1.2644379506e-01 4.5323719403e-01 2.2428470560e+00
7.8863444593e-01 -2.8585204052e-01 1.6449753525e+00
-1.8950545956e-01 -4.0450352757e-01 1.5793488335e+00
-2.7205819660e+00 4.0000000000e+00 -1.1011461312e-01
-1.8296120953e+00 -1.4345730753e+00 5.8598483611e-01
-1.7111700623e+00 -1.1468706080e+00 8.1774510190e-01
3.1087211486e+00 -1.7978881599e-01 -4.0920543678e-01
2.4715052550e+00 -4.0000000000e+00 -2.8449016464e-01
-2.0560048068e+00 2.9191924463e+00 1.7800438759e-01
7.7921107230e-01 1.1661178317e+00 1.8133706930e+00
5.3583662232e-01 -1.3680137969e+00 4.2023970005e-01
1.0588844717e+00 -7.0313115503e-01 6.9700987936e-01
-5.9504225999e-01 2.1984189216e+00 3.1879031363e-01
-9.4051617132e-01 1.9034877851e+00 9.1375624165e-01
-1.2943021312e+00 1.8547324875e+00 1.0956564610e+00
3.4056199219e+00 1.5375674671e+00 3.3826037400e-01
-6.9727606429e-01 -3.1236201898e+00 3.6269038735e-01
-7.5705843661e-01 -2.8108541883e+00 4.3040066261e-01
1.9799532878e+00 3.2020604389e+00 6.6840864216e-01
4.0000000000e+00 -2.5508616497e+00 -4.2789570967e-02
6.8919021756e-01 -2.1875443781e-01 1.7923860453e+00
-1.8850093124e+00 4.0835669859e-01 1.0241575331e+00
1.4149015230e+00 1.9085721103e+00 9.1427769990e-01
-4.0412139671e-01 1.0966687555e+00 1.4424195920e+00
-9.9428372671e-01 1.3500658894e+00 1.4361208959e+00
1.8093219639e+00 2.0296578271e+00 9.9231860332e-01
-2.6269571434e+00 -2.1429939045e-01 6.3924603179e-01
-1.6226722517e+00 -6.2199510500e-01 1.1583845411e+00
-9.4666661556e-01 1.2821267975e+00 1.4439311492e+00
4.0538440162e-01 1.7161664103e+00 9.3395316082e-01
-1.9992107223e+00 6.8765771984e-01 8.9642703451e-01
-1.8464498772e+00 3.7330809347e-01 1.0644863741e+00
1.9950824346e+00 2.2022153159e+00 9.8047405748e-01
1.2537311367e+00 8.1018569829e-01 2.1908316763e+00
-8.4480243129e-01 -1.1449700113e-01 1.6098267597e+00
-1.8821331762e+00 -4.0000000000e+00 9.4853171128e-02
-6.1413371276e-01 -9.1092290746e-01 1.2371130389e+00
1.1499568251e+00 1.5139323890e+00 1.3266808420e+00
1.3032932864e+00 1.2676602353e+00 1.6512502543e+00
-3.8619477321e-01 6.1082609665e-01 1.7081342193e+00
-2.0433287328e+00 1.8424022927e+00 6.2749272884e-01
3.7491454051e+00 2.4185821976e+00 1.9690381958e-01
-7.3407076912e-02 -3.8968965035e-01 1.6200902685e+00
-1.4587103305e+00 2.3785001228e+00 4.0923677303e-01
-2.5032385117e+00 -7.8887650496e-01 4.6429649790e-01
4.0000000000e+00 -2.9228624670e-01 1.7563953515e-01
1.5174618052e+00 7.0188134323e-02 1.5005312767e+00
1.2679031691e+00 5.0970556720e-02 1.7766872449e+00
-1.4341570565e+00 3.5300602728e+00 4.1390828449e-02
1.9798262771e+00 -8.0963564877e-01 -5.7841398690e-01
-8.5087233598e-01 -2.2637703153e+00 7.3319843035e-01
4.2576127278e-01 -7.6285920758e-01 1.1533823587e+00
5.6050097180e-01 4.0943753650e-01 2.4834107499e+00
-5.5935210050e-01 1.5782226157e+00 1.1167529148e+00
-4.0000000000e+00 2.3184326685e+00 -3.7211855055e-01
1.1883459903e+00 2.0164068797e+00 6.7406838010e-01
2.3936933739e-01 -1.0500904644e+00 1.0017840981e+00
-1.6788016050e+00 1.1919047849e+00 1.3724147725e+00
-2.2620134114e+00 3.8373350223e-01 6.6633178746e-01
-7.5892424509e-01 -4.3452456617e-02 1.6701207664e+00
-1.0714139050e+00 -6.8122155728e-01 1.2640252266e+00
1.2956069108e+00 -1.6269785749e+00 -1.0231529962e+00
5.0794363209e-01 6.9516398097e-02 2.2122258608e+00
-8.4117666483e-01 3.5816032596e-01 1.5604878512e+00
2.8544453774e+00 1.4039207944e+00 4.5652504000e-01
-7.3321073571e-01 -7.7398392030e-01 1.2563757264e+00
-1.5054339685e+00 1.4635353209e+00 1.4211626253e+00
-3.1389011568e-01 -6.1042687119e-01 1.3621209229e+00
1.4561830679e+00 2.1438006720e+00 7.0533644366e-01
5.1140915393e-01 9.1755518992e-01 2.1292045029e+00
-5.0722284183e-02 -8.2966184988e-01 1.2443887112e+00
-7.6784121302e-01 1.3977987537e+00 1.3262949250e+00
3.6043084015e+00 2.7549294027e+00 2.3585158724e-01
-2.3254418253e+00 -8.7975193555e-01 5.2286845583e-01
1.6396705127e+00 1.4612969779e+00 1.3886570779e+00
2.7436199602e+00 -8.9973931718e-01 -8.1453985462e-01
7.7568237534e-01 2.9504700131e+00 -2.0540911011e-01
1.7148568223e+00 2.0123902177e+00 9.6466202081e-01
-1.7671657145e+00 1.3151619505e+00 1.2645268596e+00
-3.2732467774e+00 1.0367781174e+00 4.2892094560e-02
8.5809224964e-01 -1.3462927004e+00 -6.0834604054e-02
-8.7409419455e-01 1.0243589353e-01 1.6228358591e+00
2.1521092311e+00 6.8535300180e-01 1.0708491358e+00
-2.2569584085e-01 2.0280341353e+00 4.6459312392e-01
1.6883349263e-01 -1.5868373010e+00 7.1939254841e-01
1.2843923818e+00 2.2049352628e-01 1.9922603809e+00
1.5096192278e+00 2.0954771901e+00 7.8334521601e-01
-2.1623328315e+00 2.2719207401e+00 2.5932286480e-01
1.3510956521e+00 -3.0281602487e+00 -6.9754111656e-01
-6.0324119669e-02 1.7203646767e+00 8.9279215080e-01
-4.2311659575e-01 -9.3572419921e-01 1.2356727627e+00
1.1242372430e+00 6.1312604814e-01 2.3789436894e+00
4.9780519994e-01 -1.1043702758e-01 1.9949684699e+00
-8.9469439313e-01 -7.0728425748e-01 1.2679206502e+00
-1.7595734233e+00 -5.7305588213e-01 1.1109164255e+00
-2.6127973019e+00 -4.7238818743e-01 5.7247467829e-01
1.5292979262e+00 7.8731699844e-01 1.9693765562e+00
2.6467794018e+00 1.3980720823e+00 6.0514866555e-01
-2.4981065566e+00 -5.1940699742e-01 6.1925856990e-01
-2.4323699694e+00 4.0000000000e+00 -1.2282971514e-01
1.7114476525e+00 2.4904042051e+00 6.8174873126e-01
1.0586115951e+00 -2.3076935673e-01 1.5398043180e+00
2.2203972894e+00 8.3411446013e-01 1.0060571203e+00
1.5064586834e+00 -3.1228735176e-03 1.4064968848e+00
2.4451380561e+00 -3.9183194608e-01 -3.9274550412e-01
-7.9255147234e-01 1.0831000743e+00 1.4463034272e+00
-9.6326433930e-01 9.9993961629e-01 1.4777865217e+00
-8.4148386325e-01 6.9254683799e-01 1.4659621966e+00
-3.4632279563e+00 9.5964928942e-01 1.3620639152e-01
-2.6213640921e+00 -2.8223550963e+00 1.0432665835e-01
-1.1144818429e+00 -1.4527251162e-01 1.4945238956e+00
1.3284068788e+00 5.3999140206e-01 2.2072992454e+00
-1.4753641404e+00 2.0193694264e+00 8.5179523172e-01
-2.0258705601e+00 5.9003023314e-01 8.6031895957e-01
-2.4700957318e+00 -2.7383904141e+00 1.1287765934e-01
-3.4945839333e-01 -2.3724128570e-01 1.7111538753e+00
9.1845799937e-01 -7.8530221370e-01 6.9634273902e-01
1.6146738568e+00 -1.1144827715e+00 -8.4348453321e-01
4.0000000000e+00 -1.4642568056e+00 -7.2626212754e-02
2.0961647579e+00 4.0000000000e+00 2.1718405869e-01
2.1286021154e+00 1.2817115701e+00 1.1352424999e+00
7.2998536609e-01 -1.5196156346e+00 -1.6771864247e-02
1.1674450205e-01 -2.8689713732e+00 2.2629622064e-02
1.5804488215e+00 1.9004632364e+00 9.9805939728e-01
-2.0502010423e+00 1.3181094228e+00 8.6772011621e-01
1.9998414615e+00 3.5013358489e+00 5.4749478209e-01
2.0084440436e+00 1.6659564080e+00 1.1627260602e+00
2.4059063296e+00 2.6850136646e+00 9.2010846444e-01
7.8035695615e-01 1.9360701503e+00 6.5048647237e-01
-8.3425114971e-02 2.0647864811e-01 2.0919535465e+00
2.5040839564e+00 -1.0028483296e+00 -9.5653531168e-01
-2.7921201507e+00 1.8863741259e+00 -6.4528686239e-02
-5.1764678354e-01 -3.4185928996e-01 1.5603318944e+00
-1.3919861478e+00 3.2814097496e+00 3.3817221265e-02
2.6599178772e+00 8.5566535674e-02 -1.3874251113e-01
-1.9718580886e+00 2.6027050047e-01 9.8213412378e-01
-1.9111526068e+00 1.3830779504e+00 1.0591243983e+00
8.1870301716e-01 -6.3628384419e-01 1.0636364467e+00
-2.0339275807e+00 -1.4663599562e+00 4.0787145814e-01
-1.4386877903e+00 1.4138856697e+00 1.4665223875e+00
-1.7807011823e+00 -7.7869087402e-01 9.8839255794e-01
2.3032279503e+00 1.6253206264e+00 9.9744777322e-01
-1.9077146184e+00 5.1202721227e-01 9.9036135179e-01
3.0001101100e+00 -1.3129807546e+00 -6.2040696657e-01
3.4008847711e-01 -6.6775767525e-01 1.2974073703e+00
2.2007103768e+00 1.8736709608e+00 1.0678309726e+00
6.7986638034e-01 -2.1058653939e-01 1.8079143499e+00
-1.4944977717e+00 8.5671644142e-01 1.4080907514e+00
2.8086518219e-01 -1.4370419769e+00 6.9244240806e-01
-1.5209526424e+00 1.8337628967e+00 1.0983044629e+00
1.7510492066e+00 1.6765657159e+00 1.2119370245e+00
-1.6400850334e+00 -1.0215586620e+00 9.3174897566e-01
-1.3182645200e+00 1.2212164030e-01 1.4202209061e+00
-2.4544871642e+00 -4.0000000000e+00 9.3044992061e-03
-1.2385395568e+00 -1.3564349919e-01 1.4501348730e+00
-3.4327945867e-01 -1.2030923338e-01 1.8155729357e+00
-1.6096824525e+00 -1.7605025661e+00 6.2152360155e-01
2.1603295542e+00 1.2338714462e+00 1.1021394151e+00
-3.5869516884e-01 1.9278547679e+00 6.4251655897e-01
3.3282671674e+00 5.5373790286e-01 1.4167985875e-01
-1.4785852894e+00 -1.2479392650e-01 1.3544530386e+00
-6.0721992676e-01 1.0550433222e+00 1.4360318395e+00
3.0497629072e+00 1.4125995635e+00 3.7820911531e-01
1.9062381988e+00 -2.1208959434e+00 -1.3163875623e+00
3.3643417318e-02 -2.6676106818e-01 1.7856075368e+00
1.3588933282e+00 1.8102591889e+00 1.0009592332e+00
9.9602796021e-01 9.3121527857e-01 2.1656925386e+00
3.5918445981e+00 -1.3402654377e+00 -1.9131263017e-01
1.2034167952e+00 -1.8649737891e-01 1.4758676328e+00
-2.3323499321e-01 9.3277903028e-01 1.6240041078e+00
7.4440942875e-01 2.8838121566e-01 2.4107827286e+00
-1.3492139302e+00 1.2490628802e+00 1.5260661890e+00
1.8545729176e+00 2.9726935096e+00 6.4890656100e-01
2.0728192471e+00 1.1259008814e-01 6.7260006076e-01
2.2238596055e-01 -1.6959699991e+00 5.8980271188e-01
-2.5185212065e+00 1.0077212584e+00 2.2191512350e-01
1.6956508749e+00 3.6567027201e-01 1.6068570240e+00
-9.0869472994e-02 1.7455570221e+00 8.6053219904e-01
1.4144459341e+00 -2.7953442255e-01 1.0855598670e+00
-2.1338719539e+00 1.2857128916e+00 7.4186987561e-01
1.2002375114e+00 -7.2541527803e-01 4.8102294194e-01
1.4069129814e+00 2.8644077855e+00 2.9728437131e-01
-4.4594591225e-01 -2.5399162544e-02 1.8244556863e+00
-5.7710711789e-01 -6.4277264474e-01 1.3128525273e+00
-2.6391865552e+00 4.3674375190e-01 3.4468145278e-01
2.1732452203e-01 -1.0657749256e+00 1.0058473024e+00
1.6940575418e+00 -1.0322434978e+00 -7.7773912391e-01
1.3422737980e-01 4.1400885224e-01 2.2555020338e+00
-3.2374435017e+00 4.2092827753e-01 3.8447953283e-01
1.7387103750e+00 1.3220624348e+00 1.4505457281e+00
-1.4419761126e+00 8.0798981385e-01 1.4072418727e+00
-1.5131605558e+00 7.4587467996e-01 1.3541206719e+00
3.6101259523e-01 -1.8965069783e+00 2.7438642201e-01
2.4237120653e+00 4.4085366328e-01 4.8801361965e-01
1.4325282043e+00 1.8727671610e+00 9.6140832617e-01
-2.7990315184e+00 -2.6359344409e+00 9.1084690650e-02
-2.0671128252e+00 -1.1442185028e+00 5.4387593915e-01
2.8205135080e+00 -3.7930949076e-01 -5.6113611754e-01
1.7388741384e+00 -4.0000000000e+00 -2.3669200166e-01
-5.2218768252e-01 5.9779652120e-01 1.6180891144e+00
1.5447354800e-01 -3.6003850396e-01 1.6864296800e+00
-1.4778452911e+00 6.1495269313e-01 1.3255389196e+00
1.7025074678e+00 2.3994551088e-01 1.4556684279e+00
1.8943684755e+00 -6.6538431275e-01 -2.2091347129e-01
2.1269193182e+00 4.3432961577e-03 4.4647625751e-01
-1.0029539514e+00 -1.8035274733e+00 9.9093206625e-01
3.9530644703e-01 -7.2897971712e-01 1.2072813039e+00
-2.4268314180e+00 -4.0000000000e+00 9.5604730784e-03
1.4340874784e+00 1.0480616569e+00 1.8561080602e+00
2.5737137874e+00 1.2868965959e+00 6.3233043126e-01
1.0531560982e+00 -3.5224311563e-01 1.3472957830e+00
-9.4704148285e-01 2.0386022631e+00 7.1017924008e-01
2.0306583304e+00 -2.4970872732e-01 2.6888447031e-01
2.2108197759e-01 -1.2026249044e+00 9.1007031471e-01
3.7615468392e-02 -1.0898994228e+00 1.0962891265e+00
2.3214024776e+00 -2.0222788138e+00 -1.0873904535e+00
2.0066144488e+00 6.9344307742e-01 1.3079103149e+00
2.9679621885e+00 1.7203945280e-01 -1.6925934724e-01
-2.3768476477e+00 4.1439879502e-01 5.4376920196e-01
1.8966752218e+00 -3.0904012204e-01 3.7874950504e-01
8.8455485173e-01 8.3246564544e-01 2.3075287283e+00
-1.5104826707e+00 3.2222142396e+00 8.1301945920e-02
1.5165392444e-01 1.3264361414e+00 1.4041085506e+00
-8.7866905025e-01 2.7922651656e+00 -1.4116777985e-01
8.6081450921e-01 -4.6221132914e-01 1.3218891116e+00
3.5361575225e-01 -5.2703387551e-01 1.4645107677e+00
7.5585680138e-01 -9.3019308285e-01 6.3797670923e-01
3.7195272234e-01 2.2002820491e+00 1.9946608295e-01
-1.7980871998e+00 -1.2687434999e+00 6.8992365067e-01
-8.6313411301e-01 9.1142532856e-01 1.4634086641e+00
2.1979108603e+00 4.0000000000e+00 2.0659444091e-01
3.9007624250e+00 -6.4318244429e-01 -7.4514173484e-02
1.9980789971e+00 -3.9300643469e-01 1.1518162491e-01
-1.9833667521e+00 4.4943404408e-01 9.2220024329e-01
-2.8064576551e+00 -1.5019385639e+00 1.0567235568e-01
-1.9036285180e+00 -4.0172450196e-01 1.0810183508e+00
-2.4119584604e+00 2.7678971352e-01 5.9697666900e-01
-2.9799473106e+00 4.0000000000e+00 -8.3079383108e-02
2.5997870463e+00 1.9626928847e+00 8.8186992420e-01
1.9491322997e+00 -2.9552985925e+00 -6.6193402922e-01
-1.0254685806e+00 4.0000000000e+00 -2.6225363299e-02
1.8143192870e+00 -1.1544536864e-01 7.8568668721e-01
-4.7875734619e-01 -9.5792647831e-01 1.2332453416e+00
1.5463119301e+00 -7.1059514354e-01 7.8637568153e-02
-1.6481377495e+00 8.9541429205e-01 1.3324448857e+00
-1.2295810893e+00 6.5456805700e-01 1.4024528548e+00
1.0728125400e+00 2.4062187350e+00 2.1633124340e-01
-5.8784866301e-01 1.1361897113e+00 1.4059375171e+00
-2.7675740534e+00 1.7358368500e+00 -5.2942506150e-02
1.4570648957e-01 9.7844209286e-01 1.8324060802e+00
-1.4612925192e+00 1.0816104611e+00 1.4960791309e+00
3.2215185769e+00 2.8183519284e+00 4.4940191362e-01
-2.5330675675e+00 1.8751630288e+00 7.8984822686e-02
1.6766783459e+00 -2.9973828172e-01 7.0596956000e-01
-3.9602722031e-02 -1.3834160583e+00 1.0055474378e+00
1.7115333717e+00 1.0598612481e+00 1.6374740184e+00
-3.3274856933e+00 -3.4853718650e+00 3.4140167021e-02
-5.4965465168e-01 -4.9687738877e-01 1.4157070271e+00
-4.2365834113e-01 4.9725823962e-01 1.7381743714e+00
5.8563526081e-01 6.4105289960e-01 2.4585968152e+00
2.7338152747e+00 1.6623198667e+00 6.6245258835e-01
2.2183826173e+00 1.1520451203e+00 1.0316092933e+00
-6.0833642519e-01 -4.6261146613e-01 1.4342459926e+00
2.1409207443e+00 3.1280513044e-01 7.9818414830e-01
1.6114445363e+00 3.4351596867e-01 1.7129213933e+00
-2.6788157475e+00 2.7570854369e+00 2.3299683366e-02
-2.0126921112e+00 3.1222519042e+00 1.7396432836e-01
-4.0000000000e+00 3.6577009714e-01 6.5274327427e-01
5.3620782605e-01 -1.1544692434e+00 6.2384241315e-01
-1.6272164447e+00 -2.0694872320e-01 1.2750253089e+00
2.1659197788e+00 8.2537471961e-01 1.0871747122e+00
2.0250536067e+00 2.7390045540e+00 8.1259495787e-01
2.6688711361e+00 1.4575538091e+00 6.1242553747e-01
2.2669263099e+00 2.9315455858e-01 5.6981879036e-01
1.9042997021e+00 1.1544418965e+00 1.3986849677e+00
-4.5189367669e-01 -2.7477642404e-01 1.6419337843e+00
-1.5170497693e+00 6.2622575915e-01 1.3112682280e+00
-1.6779716903e+00 8.0415197587e-01 1.2724507029e+00
2.6952184126e+00 4.0000000000e+00 1.8169426005e-01
-4.0000000000e+00 2.4863010881e+00 -3.7660123249e-01
-2.5399085033e+00 3.4654602115e-01 4.6334460653e-01
-8.5887037683e-01 9.9439972973e-01 1.4636252833e+00
-2.1627615668e+00 2.8819754417e+00 1.6932831826e-01
1.2981455360e+00 -1.8051628556e+00 -1.1093317266e+00
-6.0046398786e-01 5.1942644954e-01 1.6070387910e+00
2.8554689578e+00 7.3182595269e-01 2.5914956955e-01
1.9416271975e-01 9.8125486093e-01 1.8607469388e+00
2.6012066041e+00 2.7457263711e+00 8.4711133552e-01
2.4381217533e+00 3.3976717416e-01 3.6779195020e-01
-2.5648747109e+00 5.9501359444e-01 2.8863965045e-01
1.5179396059e+00 2.9793494935e+00 3.8764864704e-01
-2.2724462473e+00 -3.2068528294e-01 8.3933060586e-01
-1.4939876176e+00 -5.1544555208e-01 1.2513518558e+00
-3.6517956667e+00 8.8996139172e-01 2.4457151075e-01
2.0653225668e+00 7.7041631648e-01 1.2330066769e+00
2.1892638039e+00 -7.5503355624e-01 -6.2803982560e-01
1.0018734706e-01 -2.2590039404e+00 3.3428877042e-01
-1.2212934763e+00 1.0030142719e+00 1.5065924057e+00
1.4732112752e+00 2.0274486710e+00 8.2332360239e-01
7.2742380467e-01 1.7329219383e+00 9.4911256418e-01
-8.0835608266e-01 -1.5320367160e+00 1.1353812275e+00
2.5939200190e+00 1.0519207025e+00 5.4502425707e-01
-1.2708487413e+00 3.5064405833e+00 -1.2054270308e-02
-1.6821878187e+00 1.1579655133e+00 1.3684712225e+00
-2.3792115813e+00 3.6853311907e+00 -5.4039728708e-03
8.2896498746e-01 -6.3369301068e-01 1.0592976033e+00
1.7884803773e+00 -7.8748092514e-01 -3.6648067629e-01
4.0000000000e+00 6.5898021382e-01 3.2350520355e-01
1.0540411594e+00 -2.3485421046e+00 -8.4387567239e-01
1.2961554160e+00 1.2711700184e+00 1.6479071181e+00
-9.3130222959e-01 2.4963233660e-01 1.5601460233e+00
1.9116232636e+00 2.4034037211e+00 8.6063771771e-01
-1.1182499535e+00 4.7685352682e-01 1.4227341171e+00
-7.9824509727e-01 -3.2197297991e-01 1.5051050336e+00
-2.9173758898e+00 -2.6165431712e+00 8.5448148681e-02
3.9978636636e+00 2.4867897781e+00 2.8322729342e-02
1.3951639222e+00 3.2349527385e+00 3.0627741085e-01
-1.9332242376e+00 -4.1858602096e-02 1.0828400669e+00
-5.6705758588e-01 2.7214595513e-02 1.7777028201e+00
-2.6053639854e+00 1.0359654686e-01 5.8515634417e-01
1.0770410666e+00 9.1584770301e-01 2.1653364851e+00
2.1423257606e-01 1.2268435299e-01 2.2117647116e+00
-1.2431463347e+00 1.1788217061e+00 1.5302933414e+00
1.3156182572e+00 -4.0807373157e-01 9.7954089320e-01
1.2399551325e+00 7.3284522189e-01 2.2531762291e+00
-3.7066095811e-01 -2.3406453237e+00 6.1591694815e-01
3.1942454025e-01 -2.2473658688e-02 2.1046176615e+00
2.6685849780e-01 -1.2595814620e+00 8.2979966245e-01
1.6016443811e+00 -4.0208411350e-01 6.3326052309e-01
-1.3069121380e+00 -1.6607201260e+00 8.9620269903e-01
-1.6607943168e-01 -7.8832256535e-01 1.2715164137e+00
2.4576346176e+00 2.3114296473e+00 9.8706896530e-01
5.5880579643e-01 3.8139335572e+00 -3.1276322385e-03
-6.6845453886e-01 3.0212653259e+00 -3.2175426061e-01
1.8279834902e+00 1.2593874064e+00 1.4244649479e+00
1.8146359934e+00 1.8694244607e+00 1.0916092856e+00
1.8525595382e+00 2.7421972967e+00 7.0210356641e-01
-3.4019822056e-01 2.7627936585e+00 -3.3745139472e-01
-1.1458938313e+00 -2.8247688770e-01 1.4350566061e+00
-1.6849117544e+00 1.3265536993e+00 1.3492614286e+00
1.3395415651e+00 1.4070161569e+00 1.4776557464e+00
-1.3614676898e+00 1.2530915089e+00 1.5244449898e+00
-1.6554119599e+00 2.3378017598e+00 4.4244314735e-01
-1.9761857146e+00 -1.2253299154e+00 5.7022206587e-01
-1.3189433394e+00 3.8109966455e-01 1.3746698929e+00
-4.0000000000e+00 1.8396716108e+00 -2.3422084867e-01
-2.3925427676e+00 1.8029816788e-01 6.6627341853e-01
-1.5099637520e+00 1.1672703814e+00 1.4879391701e+00
-2.6704003030e+00 3.4865160856e-01 3.9815802480e-01
-2.3017565419e+00 2.3039964276e+00 1.7094628078e-01
-2.2474311053e+00 2.2763974843e+00 2.0694552147e-01
-1.2892168072e+00 2.6273083753e-01 1.4075951126e+00
1.2838488651e+00 1.3641210882e+00 1.5320808482e+00
2.0077637963e+00 -4.1493731595e-01 7.0530573725e-02
-1.4330120701e+00 -4.0000000000e+00 2.0961952595e-01
-2.2170603329e+00 1.5274822746e+00 5.4734182883e-01
-2.0600714896e+00 -5.2199619311e-01 9.3615488748e-01
1.0909646367e+00 -9.6493321062e-01 1.2892888717e-01
-9.2527653579e-01 1.8066006673e+00 1.0392058702e+00
-4.0000000000e+00 1.0686347827e+00 2.3160280102e-01
-6.5450324272e-01 -1.5656389849e+00 1.1374984835e+00
1.1348977759e+00 1.8003254422e+00 9.3329788769e-01
1.9421653638e+00 1.5754032483e+00 1.2180998360e+00
-2.1692430317e+00 1.7518342277e+00 5.2156224982e-01
1.5615810505e+00 8.2711303801e-01 1.9181241372e+00
-2.6486771447e+00 3.1370717441e+00 2.1051562858e-02
2.1927523904e+00 -6.7350237697e-01 -5.0718001160e-01
-1.5429104054e+00 1.2276455025e-01 1.3140666934e+00
3.3380081860e+00 -2.7171725384e-01 -3.4007074255e-01
-9.0189190151e-01 1.7350377738e+00 1.1125162366e+00
-1.6611632239e+00 -5.1134344461e-01 1.1863254468e+00
1.4275460729e+00 4.1635053529e-01 2.0290763748e+00
-4.0000000000e+00 -1.1257019601e+00 2.7174936941e-01
-4.0000000000e+00 3.6725571079e+00 -1.5693540253e-01
2.5079730214e+00 -1.9122691008e+00 -9.4813320075e-01
1.2291432886e+00 -1.3749874610e+00 -7.0219907160e-01
2.7213919443e+00 3.8130146118e-01 1.1707337403e-01
-4.0000000000e+00 -1.5948848389e+00 1.4767811627e-01
2.1480910322e+00 -3.2606644482e+00 -4.1302179542e-01
3.2059569959e-01 -4.0998916611e-01 1.6207798538e+00
2.5570498407e+00 2.5513053215e+00 9.1940744974e-01
-3.0446037533e+00 -1.6328236682e+00 1.3397474612e-01
3.8655223786e+00 -2.2680295683e+00 -4.7551700181e-02
-2.1598087499e+00 1.9901817651e+00 3.9410418625e-01
-6.2756032109e-01 9.1137615177e-01 1.4740251853e+00
1.5324471503e+00 -1.3354803550e+00 -1.0635839133e+00
-1.3914235958e+00 6.6815109895e-01 1.3706531525e+00
1.4572136505e+00 -1.9686185350e+00 -1.2899031508e+00
-1.9756188751e-01 -2.8855581208e-01 1.7054040128e+00
2.6820429153e+00 8.4591851155e-01 4.1267198994e-01
-1.5232261719e+00 7.1151153190e-01 1.3362246543e+00
1.1554709925e+00 2.2863654613e+00 3.6928119438e-01
-7.7389479597e-01 -3.6479257947e+00 3.4057160218e-01
-6.6764695837e-01 -2.2402455196e-01 1.6137500061e+00
1.5728318895e+00 1.4546622703e+00 1.4076522364e+00
-6.1712410769e-01 -1.3659308950e+00 1.1814199945e+00
1.9215103922e+00 -9.6620594365e-01 -8.2752889204e-01
-1.3120901884e+00 1.5190178643e+00 1.4250011676e+00
-1.9694462968e+00 2.7455599583e+00 2.0251919586e-01
1.3488005949e+00 2.1161171120e+00 6.5815538016e-01
8.2260065377e-01 -1.1247391009e+00 2.6604102460e-01
1.0744888635e-01 -2.9723860853e+00 1.9844830304e-02
1.0712441692e+00 2.2123313054e+00 3.9213995577e-01
3.9366861397e+00 1.9313159225e-01 3.1550171177e-01
-4.0000000000e+00 -2.1948187482e+00 2.2958140469e-02
1.3927326660e+00 2.0247366251e+00 7.7822240669e-01
7.7343521583e-01 -4.0000000000e+00 3.9619622109e-02
1.1337262810e+00 4.0000000000e+00 2.1684852565e-01
-4.7844411562e-01 -9.5323503523e-01 1.2338342743e+00
1.7576445651e+00 1.9270509598e+00 1.0409527788e+00
-2.4741333402e+00 1.2339693448e+00 2.4710338424e-01
-2.1677572063e+00 1.8778155836e+00 4.5341955639e-01
-1.0234736408e+00 2.0222585087e+00 7.6806286891e-01
-4.2531163200e-01 -2.2804224672e+00 6.8339743612e-01
2.0941808718e+00 6.9365671413e-01 1.1669952405e+00
1.1925398754e+00 -6.0244990967e-01 7.4938690299e-01
-1.2734069690e+00 1.5152056377e+00 1.4249291595e+00
1.7821144093e+00 7.8199830834e-01 1.6588802704e+00
1.9903505810e+00 1.8375397030e+00 1.1140665722e+00
1.4277424507e+00 2.0249967256e+00 7.9875388776e-01
1.1301659396e+00 -1.3086610510e+00 -4.6633250985e-01
2.1826146723e-01 -1.4217584080e+00 7.7026404232e-01
-2.3538713072e-01 -3.9122803497e-02 1.9186941076e+00
1.8020017774e+00 1.4379532321e+00 1.3467013401e+00
2.0916707411e+00 1.9115940309e+00 1.0843452602e+00
-1.0067778213e-01 2.5932025411e-02 2.0193707194e+00
-1.2565412500e+00 2.3232151342e+00 4.2778414998e-01
8.2347941083e-01 6.7639545091e-01 2.4609877146e+00
-1.4793703595e+00 1.6741582539e+00 1.2830184765e+00
1.5880241085e+00 3.0362594971e+00 4.4519512222e-01
8.8579503067e-01 1.7191024546e-01 2.2402251887e+00
-8.7738752221e-01 2.7470114087e+00 -1.1588722483e-01
1.6670333563e+00 -2.5950470181e-01 7.8455069448e-01
-1.2649704418e+00 -6.2528163550e-01 1.2614026213e+00
-1.3084648293e+00 2.4534730900e-01 1.4032797009e+00
-1.4536616918e+00 2.2166788318e+00 5.8637943484e-01
-4.0000000000e+00 2.4791651508e+00 -3.7679991270e-01
1.4000942345e+00 1.8129634665e+00 1.0139712517e+00
2.3636699767e-01 -7.6238690783e-01 1.2316932273e+00
-1.1717698701e+00 -2.2977633925e+00 6.1067278359e-01
-9.0693646023e-01 1.6344493074e-01 1.5959544439e+00
-5.6544650061e-01 2.2554549443e+00 2.3015166864e-01
7.5493814933e-01 2.4873924072e-01 2.3720276473e+00
3.7262181550e+00 -5.9241485720e-01 -1.8327275139e-01
-8.9072121091e-01 1.5106958158e-02 1.6183517584e+00
1.5847727792e+00 1.5489919956e+00 1.3206408494e+00
2.7250257613e+00 6.3471204191e-01 3.0205808868e-01
8.0281454019e-01 -5.7381419801e-01 1.1817361411e+00
-3.2430407528e+00 -1.3525271336e+00 2.0476905407e-01
1.7828579286e+00 6.1410210424e-01 1.6386535574e+00
9.2903359698e-01 4.7853400089e-01 2.4738926253e+00
-2.0560504504e+00 -1.4338473468e+00 4.0532067628e-01
-9.1166215379e-01 9.7786794567e-01 1.4696794837e+00
1.0018219389e+00 -7.7043369099e-01 6.2831989086e-01
-2.1999255645e+00 1.7122364191e+00 4.9906303072e-01
-1.0226029562e+00 3.1512353476e+00 -1.5699385316e-01
-2.1168902902e+00 -3.4621790088e-02 9.4754524571e-01
-7.7898057415e-02 -5.3307378849e-01 1.4614896881e+00
5.9505991034e-01 -9.1157221533e-02 2.0009243667e+00
1.7656173322e+00 -7.7927097173e-01 -3.2571465961e-01
-1.2975757635e+00 3.3688795201e-01 1.3898465986e+00
-7.4553087109e-01 -7.1182656754e-01 1.2739068213e+00
-2.3915331927e+00 1.7269998847e+00 2.4727391480e-01
-9.7142454468e-01 -3.9311476331e-01 1.4208590368e+00
-2.8405155621e+00 1.7722199469e+00 -7.9363204048e-02
4.0000000000e+00 2.7303073471e+00 2.9122943391e-02
-4.0000000000e+00 1.1513177595e+00 1.6889797753e-01
1.7642991758e+00 -1.1483317310e-01 8.6385364028e-01
-1.4167235077e-01 -2.5002693386e+00 3.7323920874e-01
1.1842967257e+00 1.0529024647e+00 1.9557170368e+00
1.9634942237e+00 2.0679045672e+00 1.0229454561e+00
-7.0112434275e-02 1.9339105008e-01 2.0985604737e+00
-1.9063272705e+00 8.7250433861e-01 1.0512430160e+00
-1.5994688606e+00 1.2478149330e+00 1.4341806296e+00
-2.1911191592e+00 -2.8052021634e+00 1.5520407893e-01
2.6415470852e+00 1.7110979551e+00 7.5258637304e-01
-2.1466100816e+00 -6.4087050560e-01 8.1562945512e-01
-2.2273281587e+00 2.0877823050e+00 2.8076928015e-01
-2.0261410128e+00 7.6133629154e-01 8.7273703613e-01
-2.1069522625e+00 -3.0279565386e-01 9.6037504840e-01
1.2202709958e+00 1.9674523867e+00 7.4922463860e-01
-1.8006890527e+00 -1.5006707874e-01 1.1782853365e+00
1.5315650625e+00 -1.5572719276e+00 -1.2602963873e+00
5.2869497154e-01 5.8233723606e-01 2.4691879111e+00
1.2472467457e-01 -8.8884457082e-01 1.1706889987e+00
6.8139056528e-01 -4.7782887463e-02 2.0344137795e+00
1.4438993625e+00 1.0031421611e+00 1.8936725709e+00
1.2626541590e+00 2.3257221680e+00 4.1061703847e-01
-1.3611885038e-01 3.0152441003e-01 2.0533402116e+00
-1.4889828970e+00 8.6973256544e-01 1.4157612490e+00
-5.4431884010e-01 2.0813805382e+00 4.6814858524e-01
2.0780888789e+00 4.0000000000e+00 2.1912883630e-01
3.2703567079e-02 -2.0014533321e-01 1.8629949204e+00
1.2045149917e+00 2.1599564679e+00 5.2182679351e-01
1.5137218212e+00 9.0117073888e-01 1.9226968078e+00
1.3485544486e+00 1.8756891321e+00 9.2019536517e-01
-3.7626392817e+00 7.6667515638e-01 3.6801184863e-01
7.0074626081e-01 -1.1745233632e+00 3.8128909717e-01
-4.0000000000e+00 2.0431946975e+00 -3.1615749014e-01
1.4174852783e+00 -1.5709914230e+00 -1.1456157713e+00
2.1220570363e+00 1.4606377480e+00 1.1304082294e+00
-3.1274733231e+00 -4.0000000000e+00 9.4125315628e-02
-9.7789889961e-01 4.0000000000e+00 -2.7016018100e-02
1.1399261389e+00 1.0824298634e+00 1.9268409882e+00
-4.4144514142e-01 -1.6969900421e+00 1.0649413048e+00
4.0000000000e+00 -2.5046308580e-01 2.0053957857e-01
2.6770805870e+00 -2.8934314786e+00 -2.8857404335e-01
1.1863276901e-01 -4.0000000000e+00 2.0989653814e-01
2.1860141071e+00 1.0039622143e+00 1.0720211320e+00
-1.5788776138e+00 6.7436512546e-01 1.2936554722e+00
1.5893605797e+00 2.3320430049e+00 6.6635280678e-01
2.1451394917e+00 -6.7720885378e-01 -4.7547388722e-01
2.5337751446e+00 2.2613112294e+00 9.6208313430e-01
-2.3587215642e+00 9.4489338151e-01 4.2400437727e-01
1.3590907887e+00 -4.4446855450e-01 8.6178386365e-01
1.5922426271e+00 1.6882630537e+00 1.1949712551e+00
-4.4843113837e-01 4.7058991647e-01 1.7332816792e+00
2.0459977379e+00 -5.8411697850e-01 -2.3377383843e-01
-1.4749537521e+00 2.4398584851e-01 1.3307649312e+00
2.3807331396e+00 2.9658945702e+00 8.1849070306e-01
-1.4501206134e+00 2.3328541775e+00 4.5458138832e-01
-3.5926300859e+00 1.6700994087e+00 -1.1506809985e-01
1.4196478747e+00 1.6682532147e+00 1.1824249935e+00
4.0000000000e+00 -1.2939735582e+00 -6.8353942563e-02
1.8575083943e-01 -8.6970428230e-01 1.1613491866e+00
-4.0000000000e+00 -8.7987252244e-01 3.3229578743e-01
1.4995785665e+00 -4.3961224461e-01 6.9722552958e-01
-9.3960485578e-01 -1.2132636116e+00 1.1709297771e+00
2.1728777922e+00 2.6496333992e+00 9.0510008028e-01
1.5281562756e+00 2.1582929789e-02 1.4141031648e+00
1.7671834346e+00 1.1067160462e+00 1.5579168751e+00
6.2916115881e-01 -7.9958064844e-01 9.6418036234e-01
-1.7031383043e+00 -1.1314225329e+00 8.3148169257e-01
-1.2980516336e+00 -1.4833613712e+00 9.6560173176e-01
-1.3359325615e+00 1.6829617450e+00 1.2959277234e+00
-6.9401616320e-01 -1.6640657586e+00 1.1066829429e+00
-3.1980090310e+00 1.2314927291e+00 -3.3477021325e-02
-2.5976132187e+00 3.3358924078e+00 1.5692098256e-02
4.2286992539e-01 8.3305309328e-01 2.1968216683e+00
-2.8321773052e+00 9.7951656367e-01 2.0481449574e-02
-1.4084151407e+00 3.7064947772e+00 1.5160294498e-02
1.5169436055e+00 -1.2547342611e+00 -9.4686030006e-01
-1.3996426039e+00 -1.6242002757e+00 8.4668265579e-01
-1.7145931211e+00 -7.0728061170e-01 1.0693306805e+00
2.6308529019e+00 1.3231764757e+00 5.8894596830e-01
1.4656312123e+00 6.5370488044e-01 2.0711060231e+00
-2.1017618754e+00 8.8536423425e-01 7.8773894875e-01
-1.3163346445e+00 -3.6729051376e-01 1.3560229073e+00
-2.1551262131e-01 6.2869886446e-01 1.8437745256e+00
-3.0343095405e+00 1.0762334889e+00 -1.4968373979e-02
-1.4471649348e+00 1.0775209082e+00 1.4997532763e+00
2.1626096505e+00 9.9021725874e-01 1.1045020737e+00
6.4254986051e-01 -6.7582335308e-01 1.1367624765e+00
-6.5737096845e-01 -6.1781676585e-01 1.3197844025e+00
-4.0000000000e+00 -2.3677169986e+00 1.8729582532e-02
2.8233120744e+00 -1.2942433139e+00 -7.9576844447e-01
-1.8826823448e+00 1.9397683832e+00 7.1726186484e-01
2.5078214682e+00 8.0848941518e-01 5.9157264995e-01
-4.0000000000e+00 6.6064641364e-01 5.3338895066e-01
1.8333222803e-01 -4.0000000000e+00 1.9560490363e-01
2.1149708002e+00 -1.1640187483e+00 -1.1545029003e+00
3.3014785466e+00 1.8971656666e+00 4.8830278154e-01
-1.1457102688e+00 2.2643939345e+00 4.6437481030e-01
-1.3999108406e+00 1.1602695200e+00 1.5224722442e+00
2.9776339901e+00 2.6249586068e+00 6.7019763048e-01
-1.9210354000e+00 2.0549711660e+00 5.6855690544e-01
2.4691646207e+00 1.8952213460e+00 9.4294739877e-01
2.4154597482e-01 1.5649186399e+00 1.1219094832e+00
8.0045591621e-01 1.0808869459e+00 1.9507771855e+00
-5.2726760871e-01 -2.8159602036e+00 3.8984066263e-01
-4.0000000000e+00 -1.5712515769e+00 1.5389710355e-01
-1.5287279430e+00 -9.9374284836e-02 1.3329510089e+00
4.9028721810e-01 3.8470821325e+00 -5.9658464924e-03
-7.1550946180e-01 -2.7518072278e+00 4.4892783532e-01
-2.2915595997e+00 2.6217204038e+00 1.5048402674e-01
-3.3623476629e+00 4.0000000000e+00 -6.6080971226e-02
-1.6261759791e+00 -3.5198788523e+00 2.9639273068e-01
-2.4796341964e+00 5.3027080264e-01 3.8917044416e-01
-2.5463086343e+00 2.9678419306e+00 7.2670465490e-02
1.3335179668e+00 2.4057845084e+00 4.0849590108e-01
1.9178150936e+00 8.7700722002e-01 1.4574006799e+00
2.5704953572e+00 4.0000000000e+00 1.8338395461e-01
-1.1556433343e+00 7.5911735386e-01 1.4369074977e+00
-2.8331476670e-01 -4.0000000000e+00 2.7815999922e-01
2.3475688015e+00 1.6431362360e+00 9.6614752603e-01
-1.7059739781e+00 2.9652243433e+00 1.4941635728e-01
2.6010077238e+00 1.2535712345e+00 5.9262962908e-01
2.6634711421e+00 -6.3639382685e-01 -6.8957397415e-01
-4.0000000000e+00 1.3210615564e-01 6.6387444256e-01
-1.5545079885e-01 -5.0489280106e-01 1.4789236467e+00
-4.0000000000e+00 -1.7496233977e+00 1.0788261489e-01
4.0000000000e+00 8.6152469339e-02 3.4656117036e-01
2.1393714925e+00 1.3501946957e+00 1.1210038235e+00
-3.1947382598e+00 9.1097660825e-01 7.1079898695e-02
4.0000000000e+00 1.4377557797e+00 1.9130001274e-01
6.3266204304e-01 3.6041236794e+00 -8.3181493876e-02
2.8127969730e+00 2.5296218903e-01 -5.8504332432e-02
2.2377645321e+00 4.0000000000e+00 2.0275274226e-01
-2.4388663316e+00 1.6857595821e+00 2.0383795791e-01
2.8417916011e+00 -4.0000000000e+00 -1.9086558615e-01
-5.7977323243e-01 -4.0000000000e+00 3.0081289067e-01
2.3299074043e+00 1.6915335598e-01 3.3063986199e-01
3.0833758555e+00 6.7617764133e-01 1.7567347427e-01
1.7772202206e+00 1.4525925654e+00 1.3494922326e+00
-2.6216498934e+00 1.8710308750e-01 5.3098261162e-01
1.0933167410e-01 3.2709523046e+00 -4.3401720146e-01
-5.6226438066e-01 1.4265523142e+00 1.2398513550e+00
-6.9704101065e-01 -8.9885264850e-01 1.2357269446e+00
6.4813728628e-01 -1.4837980217e+00 1.4773970074e-01
2.1678211466e+00 -2.9875812281e-01 1.5661315478e-02
1.7152795706e-01 -7.9945785904e-01 1.2193412350e+00
-1.2200177539e+00 2.1970281561e+00 5.7662633086e-01
-3.0541138038e+00 4.0000000000e+00 -7.6244174704e-02
3.0297604950e+00 -6.1081412119e-01 -6.1196901678e-01
2.2444613047e+00 7.5675210399e-01 9.5046961605e-01
-2.1263937131e+00 8.4900672514e-01 7.4868280913e-01
-6.6458344578e-01 9.6262921656e-01 1.4586948758e+00
8.8701551534e-01 1.5195906749e+00 1.2878210413e+00
-9.5061562180e-01 -1.0639437170e+00 1.1909517341e+00
-3.2900038203e-01 2.2532873328e-02 1.9024828553e+00
-8.2854246124e-01 1.6418327120e+00 1.1721275258e+00
-1.5104220349e+00 9.1028995004e-01 1.4230031677e+00
-5.2625570276e-01 -6.6507899797e-01 1.3058887120e+00
-9.0279828328e-01 -2.3832772468e-03 1.6115629773e+00
-1.2781469869e+00 1.4274368241e+00 1.4732543207e+00
-2.0041015875e+00 6.6103802830e-01 8.8787852310e-01
7.3712958440e-01 7.2160843267e-01 2.4261113049e+00
1.2007841316e+00 -1.4617524386e+00 -7.4859833581e-01
2.7356885266e-01 -2.0891209320e+00 2.5710992773e-01
-1.1150685809e+00 -7.6942738794e-02 1.5098916946e+00
7.2878662934e-01 1.9285073536e+00 6.5242654139e-01
1.2329465777e+00 8.3229819522e-02 1.8600564064e+00
7.4108629159e-01 4.3998112476e-01 2.5058772863e+00
-2.7266201791e+00 1.9468709291e-01 4.9349468449e-01
1.4226410959e+00 1.6384015540e-01 1.7574689851e+00
-1.7982102395e+00 7.9649575456e-01 1.1547080662e+00
-3.5040123205e+00 -7.1094733371e-01 3.6885201512e-01
2.0989995102e+00 -2.2138180674e-01 2.0660275850e-01
4.1283861987e-01 -3.9044481102e-05 2.1348714601e+00
-1.2646571445e+00 9.5490965325e-01 1.4932648875e+00
-6.3112526433e-01 -2.7594622393e+00 4.3480734580e-01
-2.6645210759e+00 1.3042788200e+00 4.8668454594e-02
2.3804844356e+00 1.6876936790e+00 9.5055121411e-01
2.4537904773e+00 1.3398846790e+00 7.8033644013e-01
-1.8521172726e+00 3.0591918308e+00 1.6590753348e-01
-3.2347788038e+00 2.9055477935e+00 -1.9953030554e-01
2.1878038520e+00 -4.1303159866e-01 -1.4923388281e-01
-4.0000000000e+00 -6.9458614660e-01 3.8197178408e-01
-1.8194413660e+00 2.6237529692e+00 2.4682513159e-01
9.1519507493e-01 -1.3860924885e+00 -1.9905447800e-01
-2.5184531336e+00 4.1555602259e-01 4.2973172021e-01
-1.0417175919e+00 8.8399663350e-01 1.4686837349e+00
-2.7376462744e+00 1.1721336522e+00 2.0709038256e-02
-2.1413655660e+00 1.7891826208e+00 5.3822965957e-01
1.7202836697e+00 4.4947438564e-01 1.6431010926e+00
-2.4811283602e-01 6.7561642784e-01 1.7864360267e+00
-1.9216822723e+00 -3.6723997637e-01 1.0770037849e+00
3.3976810751e+00 -1.5242627813e-01 -2.4174287057e-01
-2.5732076477e+00 3.3549844389e-01 4.5196283091e-01
-9.8437311969e-01 4.2598946299e-01 1.4775701019e+00
2.0546467011e+00 -2.4996958481e+00 -9.4407247716e-01
3.2103951109e+00 2.6326621458e-01 -5.9258108984e-02
-1.7510718172e+00 -4.0052608936e-04 1.2037424657e+00
1.9515911194e+00 4.5188689477e-01 1.2615802714e+00
1.9387855566e+00 1.7844842028e+00 1.1387627106e+00
-2.1875566073e+00 2.0329943690e+00 3.4258050302e-01
4.0000000000e+00 2.8235928183e+00 3.4398188982e-02
-2.5476614102e+00 1.7726426063e+00 8.1505721813e-02
-2.4521402796e+00 1.6375893257e+00 1.9971959029e-01
-9.9651859487e-02 1.5671179850e+00 1.0768517420e+00
-3.1619320636e+00 -1.3233185536e-01 5.9340609501e-01
2.4324012875e+00 2.6839850641e-01 2.9841717431e-01
-1.6084872919e+00 1.4849934652e+00 1.3523013475e+00
-3.9340423871e+00 -6.6558251928e-01 3.9226626775e-01
-4.0000000000e+00 3.2656361807e+00 -2.1103997609e-01
6.9613512874e-01 3.1587545335e+00 -2.3401032328e-01
-2.0735033890e+00 -5.8851767497e-01 8.9727428183e-01
1.5810655713e+00 1.3914871337e+00 1.4629548258e+00
-2.1889849643e+00 -2.7398613280e+00 1.4606184668e-01
-1.6020850189e+00 -1.3420342558e+00 8.0858603751e-01
-2.1172427157e+00 2.1078135911e+00 3.6386152880e-01
1.7835936426e+00 9.5896888428e-01 1.6114262611e+00
-3.9358843571e-01 1.8503177135e+00 7.6195475223e-01
1.9232196716e+00 -1.8339415552e+00 -1.4543902253e+00
-4.0000000000e+00 -1.6478069035e+00 1.3386461974e-01
1.5343732806e+00 -1.3232066243e+00 -1.0515180162e+00
-1.5805524757e+00 -4.0000000000e+00 1.7251038857e-01
-7.4172353715e-02 1.2674972770e+00 1.3980919853e+00
-2.1979342172e+00 -8.6806478963e-01 6.2563484308e-01
-2.4482827010e+00 -2.0707614013e+00 5.0616226542e-02
1.5398330930e+00 2.6069754376e+00 4.8626128394e-01
1.1892329181e+00 -1.1918271377e+00 -4.0179715458e-01
-2.4328790694e+00 2.4112342381e+00 1.0175079514e-01
-2.1477819767e-01 2.0837362182e-01 2.0021431990e+00
-2.2821214672e+00 -6.2797823635e-01 7.2043461107e-01
-1.3919206812e+00 1.5367010038e+00 1.4096987711e+00
-1.9134564974e+00 1.4472511994e-01 1.0615987093e+00
8.9132476785e-02 -2.0562620303e-01 1.8677231603e+00
-1.8577940853e+00 5.6686971678e-01 1.0407770699e+00
1.4610515611e+00 1.2993308870e+00 1.5836109447e+00
1.7790248437e+00 -4.1551968014e-01 3.7313747112e-01
5.9081827208e-01 1.2469103763e+00 1.6525165727e+00
-8.0160358980e-01 1.7432463505e-01 1.6452423078e+00
-1.5413584537e+00 7.1972681874e-01 1.3303351072e+00
-1.5195759106e+00 -9.6612638711e-01 1.0295256994e+00
1.8942973562e+00 1.4050704351e-01 1.0113040004e+00
-2.9670312236e-01 -1.0904280109e+00 1.1982712834e+00
-2.8275317350e+00 4.8055886561e-01 2.6123468677e-01
-4.0000000000e+00 -9.4784387885e-01 3.1592182004e-01
-2.2135839403e+00 8.3879566176e-01 6.2602730170e-01
-2.3151101668e-01 8.4269263064e-01 1.6903188447e+00
9.6879319062e-01 -2.5818944723e-01 1.5687246424e+00
-9.7947801552e-01 -2.9885984571e-01 1.4730165838e+00
-2.5969227026e+00 1.8645390097e+00 3.3921976255e-02
3.0106109322e+00 1.3481615244e+00 3.6184731779e-01
-3.0178073940e-01 4.9669750967e-01 1.8395777351e+00
-1.8854229702e+00 1.2613911086e+00 1.1228213635e+00
2.3537232913e+00 1.8072279825e+00 9.9408986118e-01
-1.7282724779e+00 -4.1571028155e-01 1.1824923060e+00
1.0581732368e+00 4.3729015034e-02 1.9587780186e+00
3.0864435174e-01 2.2047061065e-01 2.3101320408e+00
5.5426552592e-01 1.0366212053e+00 1.9679947812e+00
-9.5195033678e-01 8.1033658085e-01 1.4562101834e+00
-1.3632365959e+00 -1.2497576948e+00 1.0019409809e+00
-4.0000000000e+00 1.0566100956e+00 2.4093462081e-01
1.2791100810e+00 -2.0413012214e+00 -1.1084031885e+00
2.1709449402e-01 6.9914561691e-02 2.1727367329e+00
-1.9033033122e-01 -8.5472791119e-01 1.2463780220e+00
-1.0481397178e+00 1.4611651943e+00 1.4016024652e+00
3.4676484425e+00 2.5516605839e+00 3.6094004081e-01
2.4410454661e+00 1.1085354899e+00 7.3855162057e-01
-6.8047192391e-01 -1.6923383734e-01 1.6461175724e+00
2.0096171829e+00 -3.3330392528e-01 1.8472042745e-01
2.5442457919e+00 4.1936472090e-01 3.1581698595e-01
3.1620115974e+00 2.9380392434e+00 4.4441114842e-01
-2.7219492876e+00 3.2336361417e+00 -2.2036152312e-02
-9.6053081277e-01 3.6357478797e-01 1.5076508991e+00
2.7802001332e+00 1.1003789145e+00 3.8833758468e-01
1.6795029788e+00 -3.1262243742e-01 6.8094222693e-01
-1.7909157449e+00 1.1872149644e+00 1.2516919415e+00
-1.4595563286e+00 5.0814278384e-01 1.3158385082e+00
-6.4407433275e-01 -7.5776009585e-01 1.2642772896e+00
-2.8819356603e+00 1.5154584482e+00 -7.5412693361e-02
-2.8560061774e+00 2.3051006890e+00 -6.2365392312e-02
-2.0367176900e+00 1.8156667063e+00 6.5518888983e-01
-3.7076524717e+00 4.0000000000e+00 -9.5925117896e-02
5.3405946887e-01 -1.1441466883e+00 6.3711021888e-01
-1.5832694456e+00 -3.0879984053e+00 3.1602864163e-01
1.3976287629e-01 -3.6802328747e-01 1.6754028696e+00
-1.8808955716e-01 1.5871125244e+00 1.0521352377e+00
-1.1467274127e+00 2.2991535390e+00 4.2106451663e-01
-1.1904940221e+00 2.8235152725e+00 -2.1232295752e-03
1.0947223877e+00 -7.2254118988e-01 6.1550404955e-01
1.9400697078e+00 1.1257453107e+00 1.3695295042e+00
-1.5082066965e+00 -1.3577833380e+00 8.7084792632e-01
-9.7223740965e-01 1.2064274635e+00 1.4710760842e+00
-1.7268375760e+00 1.3903152539e+00 1.2880198883e+00
1.4511488948e+00 -1.8621843186e+00 -1.2902079365e+00
-4.4870742316e-01 -9.1227671202e-01 1.2393859490e+00
1.6341763826e+00 -2.1512998623e+00 -1.3177630803e+00
-3.9217949518e-01 2.9205793309e+00 -3.9686927702e-01
-1.5678732727e+00 7.7063356397e-01 1.3360295373e+00
-1.1370399812e-01 1.8162135786e-01 2.0684079212e+00
1.8660272315e-01 -3.6043015715e-01 1.6876924986e+00
-2.4257871659e+00 2.1085823883e+00 1.2272879232e-01
1.2742423381e+00 -6.0142357267e-01 6.5562625899e-01
-2.4511943865e+00 8.1058408357e-01 3.2333168699e-01
-2.4508180677e+00 1.4605735031e+00 2.3786627349e-01
-8.2560309043e-02 -9.2354129598e-01 1.2083526448e+00
-1.4314272115e+00 1.7092413763e+00 1.2616768768e+00
1.8225826671e+00 -7.3067314052e-01 -2.7967198560e-01
2.9130459480e+00 6.7075270475e-01 2.1290997156e-01
-2.4782927571e+00 1.6059173884e+00 1.7721113100e-01
-2.3371299470e+00 3.5621368724e-01 6.1173896365e-01
1.5876483535e+00 -2.4973193694e-01 9.1022799294e-01
4.7052797183e-01 8.4876495222e-01 2.2029498582e+00
3.6359002572e+00 4.0000000000e+00 1.0401325901e-01
2.4568125070e+00 2.1939164514e+00 9.9131777013e-01
7.6277675162e-01 -4.0000000000e+00 4.2696081424e-02
-2.1891603449e+00 2.3539234151e+00 2.2150254184e-01
1.0206637720e+00 1.5389047307e-02 1.9458082249e+00
4.0000000000e+00 -2.5598488352e+00 -4.1443784165e-02
-5.8287011692e-01 -1.1668233357e+00 1.2100004208e+00
-1.8518112383e+00 1.2542214375e+00 1.1694212477e+00
-2.0754684954e+00 8.0251220691e-01 8.1337225823e-01
7.4275019278e-01 1.6409941311e+00 1.0886042568e+00
-2.7025987672e+00 -9.4466236037e-01 2.8471670006e-01
1.4355107445e+00 2.0981207591e+00 7.3261219507e-01
1.5284733158e+00 1.4867112272e+00 1.3825842685e+00
7.6413811989e-01 -1.4313242961e-01 1.8678328851e+00
-7.6202276762e-01 -7.5388169521e-01 1.2603557765e+00
2.3395110158e+00 -2.2790867490e+00 -8.7181615376e-01
1.8099790548e+00 1.7663387020e+00 1.1535829815e+00
3.6485780508e+00 -4.0000000000e+00 -3.6612497712e-02
7.7275297682e-01 -8.8058792476e-01 6.9619402089e-01
5.9987623110e-01 6.3497698566e-01 2.4665676217e+00
-1.9036155584e+00 5.9167018768e-01 9.9544774257e-01
-3.3849885922e+00 3.0837554944e+00 -2.3850986611e-01
1.3113784666e+00 1.7316520662e+00 1.0781013970e+00
-1.6784256095e+00 1.4793643232e+00 1.2983284151e+00
-2.3889785575e+00 -7.8100747130e-01 5.4536200600e-01
-5.8938821247e-01 -4.0000000000e+00 3.0109170093e-01
-8.9039421643e-01 6.1816073737e-01 1.4620975536e+00
-1.8281670289e+00 2.7886362672e+00 1.9688457015e-01
-4.0000000000e+00 2.3733934545e+00 -3.7577330684e-01
2.9419451478e-01 -1.2595778849e+00 8.0296106218e-01
2.0235796526e+00 -4.0000000000e+00 -2.8889342427e-01
-2.3072932901e+00 2.0228171983e+00 2.3634381654e-01
1.8407186075e+00 -6.6800421703e-01 -1.6915880468e-01
-1.5657211050e+00 2.0889812030e+00 7.3537959298e-01
3.0177741581e+00 -1.1469199500e+00 -6.3955599393e-01
1.1959014772e+00 1.8832960309e+00 8.4467105875e-01
2.0060548012e+00 1.2616037033e+00 1.2635036843e+00
-2.4381283513e+00 2.4428739389e+00 9.9857585324e-02
-2.2732624532e+00 1.5218606770e+00 4.6540103622e-01
1.8034202788e+00 1.3786230997e+00 1.3790669298e+00
-2.1337189061e+00 -6.4940988471e-02 9.4033468362e-01
4.0000000000e+00 2.2733843045e+00 4.1331073717e-02
2.4071444626e+00 -7.7313930471e-01 -7.5244302010e-01
-2.0048852898e+00 -1.3874602174e-02 1.0266028880e+00
-1.3043631214e+00 1.4433043023e+00 1.4671526900e+00
-1.4042641772e+00 5.9968808337e-01 1.3488631789e+00
3.1398744376e-01 1.8527402769e+00 7.2051346959e-01
1.5244999993e+00 1.3156964409e+00 1.5494116732e+00
-7.2782471307e-01 7.5957807551e-01 1.4826405540e+00
-4.2983923801e-01 -1.3799110217e+00 1.1602497276e+00
-1.7783852843e+00 -1.0361391116e+00 8.2907707900e-01
3.9230259623e+00 -1.0433104808e+00 -9.0847487138e-02
-1.7838276511e-01 5.6644141411e-01 1.9144409235e+00
4.2709310341e-01 2.4581549242e-01 2.3645186593e+00
-1.5349793634e+00 1.1454992776e+00 1.4743572946e+00
-3.7577282101e+00 -2.5961820447e-01 5.6954570557e-01
-2.4892794952e+00 7.4719793961e-01 2.9669524519e-01
1.8067674373e+00 2.0954634585e+00 9.5214789244e-01
-1.7741557493e+00 -7.5351608262e-02 1.1942834148e+00
3.4205498093e+00 2.0435935755e+00 4.4678463964e-01
-4.5233798854e-01 5.5657523610e-01 1.6854835195e+00
2.2376890734e+00 -1.4837780687e-01 9.5816841103e-02
-5.6919141317e-01 1.7170644681e+00 9.8132275648e-01
1.5597322240e+00 2.6981669044e+00 4.7300001766e-01
3.8822067051e-01 1.2807942000e+00 1.5437017760e+00
-2.8019262130e+00 8.1920808863e-01 7.5398929092e-02
-1.7122844688e+00 -4.0000000000e+00 1.3806032997e-01
-1.3055191670e+00 3.3568429905e+00 -1.9499875543e-03
-8.4447492468e-01 -2.7435817102e-02 1.6348300263e+00
-3.3483977259e+00 3.6741292833e-01 4.5892021707e-01
1.7518257694e+00 6.8370440829e-01 1.7011374040e+00
-2.5983307015e+00 4.0000000000e+00 -1.1883972128e-01
2.2475320289e+00 1.1461754534e+00 9.9434245799e-01
8.2858575605e-01 -1.5503515695e+00 -2.0905793632e-01
-1.8584706770e+00 3.3051562753e+00 1.5803475621e-01
-1.5701860317e+00 9.9724625354e-01 1.4230778491e+00
1.7245110412e+00 2.6296573945e+00 6.3782701525e-01
-2.0512146737e+00 2.6795969453e+00 2.0338301332e-01
-3.1916769657e+00 2.3481260145e+00 -1.5961724764e-01
-9.2052777109e-01 3.6430588854e-01 1.5236683325e+00
3.3937459588e+00 4.0000000000e+00 1.5309252933e-01
-2.8743061215e+00 -4.0000000000e+00 5.3826848176e-02
-1.9291158086e+00 9.0540451020e-01 1.0302606329e+00
1.0386655745e+00 -9.7088409432e-01 1.9278331197e-01
-1.3042227347e-02 2.3758866158e+00 -4.0489039999e-02
-1.9958285382e-01 -7.3746798468e-01 1.2953634573e+00
-3.3344532691e+00 -1.3571091491e+00 2.1768680664e-01
1.6554753593e+00 2.0281279714e+00 9.2446020702e-01
-1.3113797746e+00 4.0000000000e+00 -2.8091573598e-02
-2.8347341405e+00 2.7656013256e+00 -3.9792873506e-02
-1.4016020833e+00 2.7997965724e-01 1.3583183633e+00
5.6731585266e-01 -3.7308453827e+00 -1.4265440114e-02
1.6007004087e+00 4.3939235139e-01 1.8155013976e+00
2.3108919803e+00 1.1901416351e+00 9.1830603309e-01
2.6533394731e+00 1.3375622413e+00 5.7383588799e-01
3.7832642055e-01 -4.2244852331e-01 1.5971264235e+00
2.2645341080e+00 2.9264359255e+00 8.3321998591e-01
2.5594416932e+00 -4.4244128941e-01 -5.1720087781e-01
2.3208472337e+00 2.3248414754e+00 1.0096473226e+00
8.2555006266e-01 -1.7223905782e+00 -3.3535204198e-01
1.8245075929e+00 1.6939197493e+00 1.1951912768e+00
-1.1307536922e+00 -4.4157775760e-01 1.3654750508e+00
-6.2381024149e-01 1.8527422572e+00 8.3720464271e-01
2.4780750658e+00 1.8493986414e+00 9.2460180082e-01
2.3186230383e+00 1.5754375483e+00 9.7640111306e-01
2.1315456271e+00 -3.9004407649e-01 -5.2160004393e-02
-1.2630305006e+00 6.3575789231e-01 1.3924284942e+00
1.0118934894e+00 1.0458037162e-01 2.0786900130e+00
1.2234325647e+00 1.9252810209e+00 8.0294111431e-01
2.2665682559e+00 8.3962006147e-01 9.3780620991e-01
-9.4234315021e-01 1.0129430072e+00 1.4754310322e+00
-1.3424730521e+00 -9.6232005790e-01 1.1098285782e+00
3.2602758616e+00 3.1225307404e+00 3.2167877998e-01
-4.0000000000e+00 3.2714552771e+00 -2.0959482306e-01
3.8592630170e+00 1.3240218849e+00 2.2406562127e-01
1.9147721726e+00 -4.0000000000e+00 -2.7241039191e-01
1.2203848748e+00 1.7001624869e+00 1.0910125569e+00
1.1352115130e+00 2.6328873866e+00 1.2301396034e-01
6.1270629989e-01 -2.0655192186e+00 -1.9639010070e-01
-1.9019289007e+00 1.2618201147e+00 1.0997029505e+00
-1.4927862688e+00 7.7476744393e-01 1.3746845704e+00
-2.1474692593e+00 -1.2728307229e+00 4.1300077291e-01
-4.0000000000e+00 -2.2610376927e+00 1.9058287074e-02
-2.7892819414e+00 2.5778855298e+00 -2.4840794356e-02
2.1560542509e+00 3.4963638268e+00 5.6114222417e-01
-2.5569543300e+00 3.9303321392e+00 -1.0311759260e-01
-2.1315688734e+00 2.0724536675e+00 3.7185845048e-01
3.8362795587e+00 -2.1543032950e+00 -4.7313729378e-02
2.2554114966e+00 -4.0000000000e+00 -3.0364664069e-01
-6.3611194542e-01 -3.7680168469e-01 1.5005968035e+00
1.9438561916e+00 1.9518615606e+00 1.0681098083e+00
1.5529393942e+00 -2.6893703114e+00 -9.7481986420e-01
2.1241189710e+00 1.7806041706e+00 1.0998699210e+00
1.1181444109e+00 4.4190838559e-01 2.3511992063e+00
1.4699303493e+00 -2.7208368125e-01 1.0285945881e+00
-1.8126486272e+00 4.0000000000e+00 -6.8452201888e-02
1.6512152495e+00 2.0220212455e+00 9.2708145750e-01
-5.6488895676e-01 1.1697548789e+00 1.3900998828e+00
8.9827678102e-01 -7.9857184695e-01 6.9469750423e-01
5.9031136722e-01 7.0115784417e-01 2.4151062134e+00
-5.1579932027e-02 -1.1315254190e+00 1.1178956317e+00
7.5818709679e-01 1.9117576583e+00 6.8301511653e-01
9.8639136618e-01 2.3350418439e+00 2.2679026793e-01
1.9861008146e+00 1.9283207736e+00 1.0816415934e+00
1.1990571428e+00 1.6827729061e+00 1.1082639515e+00
-1.2786840274e+00 -4.0000000000e+00 2.4381688747e-01
-2.6530665833e+00 4.5617020286e-01 3.2420981687e-01
-1.0298874188e+00 3.2262315823e+00 -1.4789085212e-01
-2.3903979452e-01 2.0963841466e+00 3.6353946017e-01
-1.5871952545e+00 2.1205404166e+00 6.8876379655e-01
-6.5403217721e-01 2.3049549363e+00 2.0170932029e-01
2.0784490982e-01 -7.5348011265e-01 1.2476717763e+00
2.6325955071e+00 7.4241396551e-01 4.2932746364e-01
2.4112650731e+00 1.8652081593e+00 9.7093189003e-01
-2.5784252818e+00 -1.6872790755e+00 7.4290510424e-02
1.2775928244e+00 3.1601937143e+00 1.9666617325e-01
3.7401907207e+00 2.7503285018e+00 1.6161087103e-01
2.1416889915e+00 2.5855982230e+00 9.1397856332e-01
-2.3840136527e+00 1.6755723865e+00 2.7036646031e-01
1.5815010069e+00 1.8290304317e+00 1.0640118099e+00
-7.9948100880e-01 2.1778402752e+00 4.3596902858e-01
6.2757638766e-01 -9.1147828191e-01 8.0823493560e-01
-1.3058227537e+00 6.0912618580e-01 1.3779883419e+00
-1.1846088230e+00 1.0576072897e+00 1.5153909641e+00
-3.0454177799e+00 -4.0000000000e+00 8.2569429910e-02
-1.9130847933e+00 1.5020150768e+00 1.0107939763e+00
-2.3329697706e+00 6.6335484268e-01 4.8745980602e-01
1.8441748646e+00 2.1300233192e+00 9.5000436938e-01
1.8123676685e+00 8.3644534803e-01 1.6099618284e+00
-2.2210637384e+00 -3.3446534269e-01 8.7368158856e-01
3.4618507023e-01 1.5455696681e+00 1.1669194222e+00
-3.9974680350e+00 -2.4256436934e+00 2.1566812501e-02
-2.4151869258e+00 -1.0324401958e+00 3.6386810549e-01
3.5231734557e-01 -2.7123073924e-01 1.8011159177e+00
1.4535124147e+00 2.0962506538e+00 7.4615038337e-01
-1.3136538165e+00 1.0940081592e+00 1.5253377525e+00
-1.8543918899e+00 2.5204818324e+00 2.8537762023e-01
1.8954518765e+00 1.4513803259e+00 1.2901598728e+00
-3.1773219450e+00 -4.0000000000e+00 1.0006478130e-01
-2.3928735964e+00 3.3588176517e+00 8.6023185610e-02
5.2159457274e-01 -4.7578924673e-01 1.4882434368e+00
-2.0513290392e+00 -1.3632371276e+00 4.4150801292e-01
-2.0441008984e+00 -1.5098178074e+00 3.8133442795e-01
1.5221402908e+00 3.6065661397e-01 1.8573518401e+00
-1.5523932503e+00 -5.7806748415e-01 1.2062422201e+00
4.0000000000e+00 -1.1903388000e+00 -6.5195518527e-02
-1.5397898379e+00 2.3326477641e+00 4.5815723138e-01
-1.1315015331e-01 -1.0003468600e+00 1.1869560895e+00
-9.0128335956e-01 -7.1550641472e-01 1.2648118408e+00
-1.2515858192e+00 2.3124976486e+00 4.3893332592e-01
-2.8912840681e+00 -2.2153896453e+00 9.0153567033e-02
2.2270692295e+00 -9.5513347817e-01 -9.2813922831e-01
-1.3738146252e+00 -7.3127489178e-01 1.1942744712e+00
1.3818691138e+00 1.7370772603e+00 1.0940042267e+00
-1.4080291974e+00 -7.9698778173e-01 1.1555243135e+00
1.8440551950e+00 2.3730588024e-01 1.2196853250e+00
-3.0816090710e+00 -4.0000000000e+00 8.7917281971e-02
1.9396227525e+00 9.7875651165e-01 1.4099441196e+00
3.0488159616e+00 -1.8301812272e+00 -3.7808932403e-01
-2.6372747435e+00 2.5066736415e+00 2.7500412624e-02
2.6963314260e+00 -1.4323922800e+00 -9.0402676891e-01
1.9774136239e+00 2.2390419900e+00 9.5956895129e-01
-4.0000000000e+00 9.8545568561e-01 2.9674875325e-01
-1.1182309418e+00 2.9365640354e+00 -7.9694708534e-02
-2.6268682398e-01 -5.1853492640e-01 1.4471699156e+00
1.9401519508e+00 1.0037363015e+00 1.4035056651e+00
1.7503141697e+00 2.1000238777e+00 9.2196128049e-01
-7.1510504521e-01 4.0000000000e+00 -3.2874669133e-02
-1.8814162318e+00 9.5546369544e-01 1.1048067319e+00
-2.0995332641e+00 1.1580150057e+00 8.1044131591e-01
-4.6085455846e-01 2.1042408690e-01 1.8325204149e+00
1.0998862784e+00 -1.4187161341e+00 -5.4257754141e-01
-9.6138861491e-01 4.0000000000e+00 -2.7331370138e-02
-1.4775189318e+00 1.4331712443e+00 1.4463863008e+00
-1.1944713614e+00 7.2080897707e-02 1.4796090767e+00
-2.2839199622e+00 3.2475634037e+00 1.3596360374e-01
1.0753084548e+00 -1.5720617002e+00 -6.4389942267e-01
-1.5239847550e+00 3.1127624886e-01 1.2966907092e+00
-9.9401651580e-01 -3.8379511750e-01 1.4217930084e+00
1.4763713118e+00 1.5073796282e+00 1.3634671112e+00
9.4031203966e-01 -1.4781939131e+00 -3.3423063141e-01
7.8946011753e-01 2.9117298806e-01 2.4029306405e+00
-1.3109516886e+00 3.8549169079e+00 -1.4487785869e-02
2.2165816059e+00 -1.2718287860e+00 -1.2264991393e+00
-1.3266269240e+00 -4.3405178433e-01 1.3283720834e+00
1.2726824477e-01 -7.5221164937e-01 1.2665950517e+00
-2.9237987022e+00 1.9834901958e+00 -9.6756380236e-02
-1.9592805177e-01 -9.2335810702e-01 1.2252733941e+00
8.9096971706e-02 -4.0000000000e+00 2.1614969690e-01
5.1607642162e-01 -7.8738405437e-01 1.0684734875e+00
1.1084275572e-01 -4.4499306763e-01 1.5787399815e+00
-2.5904039232e+00 -9.2232913262e-01 3.3634854218e-01
-2.1302312136e+00 1.6313594457e-01 8.8042054102e-01
-4.2764656252e-01 4.0000000000e+00 -3.4383534523e-02
-1.9016414751e+00 1.2587652386e+00 1.1005400572e+00
4.0000000000e+00 1.4237124089e+00 1.9338267969e-01
-1.7059073524e+00 1.0431209251e+00 1.3284906925e+00
2.3977181478e-01 -4.0000000000e+00 1.8251250290e-01
-1.4484904013e+00 2.0582852464e-01 1.3493057620e+00
1.6267378965e+00 1.6359083420e+00 1.2439425498e+00
1.7213287061e+00 8.9867563282e-01 1.7087804149e+00
-1.7744348847e+00 -1.1719190007e+00 7.5740053835e-01
1.7157899823e+00 8.0697329582e-01 1.7439290015e+00
1.6931595235e+00 2.6372093113e+00 6.0921389225e-01
-1.1862974957e+00 1.9217376666e+00 9.7907177574e-01
-2.1714799356e+00 -3.2085105936e-01 9.1162935897e-01
-6.8629291069e-01 2.4219801732e-03 1.7139246125e+00
-2.5622051284e+00 2.6540998805e+00 6.2937332379e-02
4.0000000000e+00 -1.5244961445e+00 -7.3942548810e-02
-1.1749670912e+00 -5.8802331411e-01 1.2905494798e+00
-4.0000000000e+00 6.6933816426e-01 5.2809215251e-01
-1.0083245091e+00 -7.3708637101e-01 1.2504289657e+00
-7.5029095050e-01 2.0864464826e-01 1.6622490781e+00
-1.5981430878e+00 -1.8220503064e-01 1.2924409400e+00
3.9535647387e-01 -1.4094246224e+00 5.7504550023e-01
9.7268627618e-01 -1.2363914630e+00 -1.1758137451e-01
-9.2667182534e-03 1.8852428863e+00 6.6142158282e-01
8.2133246205e-01 -1.4030408761e+00 -5.9539160646e-02
-1.4154553936e+00 2.0268718286e+00 8.4653691969e-01
2.4224990722e+00 5.0070139768e-02 6.5979816726e-02
2.4641879145e+00 1.6382610737e+00 8.6763772288e-01
-1.4041950114e-02 3.6661074266e+00 -2.3481105130e-01
2.0304108794e+00 -4.0000000000e+00 -2.8975199812e-01
-2.7825308661e+00 2.5094142197e+00 -2.5525060648e-02
1.1796171340e+00 -1.0821884306e+00 -2.1304460578e-01
-4.9500878728e-01 1.5096296228e+00 1.1589881526e+00
-1.2894893313e+00 -4.5543569644e-02 1.4413694494e+00
-2.0500428235e+00 2.1750685938e+00 3.7748616963e-01
1.7454516630e+00 1.0575537480e+00 1.6060313882e+00
-8.4774501531e-02 -2.8778057941e+00 1.6452182735e-01
1.4262047172e+00 5.5744362344e-02 1.5995632758e+00
1.8615449049e+00 1.0896198414e+00 1.4693453372e+00
6.2915192403e-01 3.0632971609e+00 -2.8816073126e-01
4.0000000000e+00 1.7400926277e+00 1.4224068755e-01
-1.8843105243e+00 2.8974017939e+00 1.8069177016e-01
-6.9641677420e-01 6.4292924553e-01 1.5156174892e+00
1.1713914067e+00 -1.6717508319e+00 -8.6822270456e-01
-1.1074983008e+00 2.7187722938e+00 1.4029234803e-02
-8.9834514137e-01 6.4015194059e-01 1.4580567606e+00
-1.6146932325e+00 9.3763420423e-01 1.3734188324e+00
7.0637711016e-01 -6.7837959322e-02 1.9983065174e+00
-9.4199349844e-01 -8.4272741101e-01 1.2286892631e+00
-4.0000000000e+00 -4.0000000000e+00 5.5436261830e-02
-1.9408577026e+00 2.2486839981e+00 4.0230795740e-01
-7.6124231233e-01 -9.6632696341e-01 1.2248066341e+00
-2.8988450481e+00 3.1801054140e+00 -9.1804777775e-02
-1.6282841516e+00 -1.6239752184e-01 1.2787797670e+00
-1.6816734117e+00 1.7796922621e+00 1.0687147005e+00
-2.4008044432e+00 -1.3158253954e-01 7.6262396770e-01
-5.9020314856e-01 -9.8103263694e-01 1.2302098505e+00
2.8236840955e+00 -1.6142866926e+00 -7.1193938748e-01
-2.1161798003e+00 -1.1948278820e+00 4.7762254210e-01
2.2423188557e+00 -1.0572184684e+00 -1.0454080096e+00
1.7878891952e+00 3.8983639889e+00 3.0506494740e-01
-1.9975875535e+00 3.0563112047e+00 1.7436642211e-01
-2.1891070319e-01 -7.6517850218e-01 1.2817350808e+00
-4.0000000000e+00 -4.2037976575e-01 4.8570795345e-01
2.3099345283e+00 -1.4102570668e+00 -1.2446511901e+00
-2.3009419088e+00 2.5282518652e+00 1.5099252582e-01
5.3135777127e-01 -1.1241197796e+00 6.6116928917e-01
-4.0000000000e+00 -3.3791544019e-01 5.2113236109e-01
1.9423364819e+00 9.3138675925e-01 1.4154755061e+00
-2.7625607023e+00 -5.8743425661e-02 5.9636761836e-01
2.5711068610e+00 1.8640100887e+00 8.6670591664e-01
-1.4380804487e+00 2.7994196629e+00 1.1459606423e-01
1.2682719976e+00 -1.2460286614e+00 -6.0084709639e-01
-2.1567587551e+00 2.5665601088e-01 8.2080557199e-01
4.2481926372e-01 -8.6714290717e-02 2.0324262071e+00
2.5591159164e+00 5.4126376083e-01 4.0178747159e-01
-1.3134632155e+00 3.3208159858e+00 1.6517806255e-04
-2.4367928718e+00 2.9915072443e+00 1.0897690892e-01
1.7034652621e+00 -1.5004472155e+00 -1.3533164850e+00
2.2052653455e+00 1.6227317009e-01 5.1583196836e-01
-1.0243830735e+00 1.1933945937e+00 1.4878220169e+00
5.4428554672e-01 1.4289768621e-01 2.2900376014e+00
9.9040277834e-01 6.2063799063e-01 2.4472619172e+00
-2.5001861347e+00 1.9333894050e+00 9.5966513970e-02
2.0802025429e+00 1.2792395864e+00 1.1858452873e+00
-8.1342023465e-01 -2.0907291981e-01 1.5745065845e+00
-2.4199780359e+00 8.5955961949e-01 3.5244595824e-01
-2.3032005702e+00 -1.3859235961e+00 2.5557434414e-01
-2.6025626890e+00 3.3644617830e+00 8.8702085380e-03
-2.1741978624e+00 1.7946212413e-01 8.3787112109e-01
1.6354120693e+00 2.4988826276e+00 6.1545047382e-01
-8.8597023511e-01 -7.9451718696e-01 1.2436721709e+00
-5.6826204648e-01 1.2561414247e+00 1.3473754070e+00
-1.1500112607e+00 1.4329858658e+00 1.4482693723e+00
-1.7677396510e+00 2.1675289182e-01 1.1572648764e+00
7.1237389918e-01 1.0078528091e+00 2.0538992734e+00
-1.1878645239e+00 1.5899123780e+00 1.3577464634e+00
3.4063140376e-01 -2.6077938750e-01 1.8155430380e+00
1.7754718421e+00 1.4142222488e+00 1.3734648120e+00
-1.2050158793e+00 1.0151235955e+00 1.5087020516e+00
-3.2947146373e+00 -1.4267701246e+00 2.0225571376e-01
1.5958759418e+00 1.2588521764e+00 1.5731677765e+00
2.0956886095e+00 5.1976299652e-01 1.0709150900e+00
2.3183842551e+00 2.9396546672e+00 8.3195812096e-01
4.0000000000e+00 -1.7006627034e+00 -7.7497271371e-02
2.0037444560e+00 6.7664582521e-01 1.3073059898e+00
9.3785961924e-01 1.5607847120e+00 1.2333772882e+00
-1.0313623148e+00 2.2598013321e+00 4.2629919053e-01
-6.4095520351e-01 3.0633097503e+00 -3.3923021727e-01
1.0240123497e+00 2.8453595018e+00 -2.5863708774e-02
1.5115615767e+00 -1.3378013063e-01 1.1980199180e+00
-2.1635045040e+00 -4.0000000000e+00 3.5420581154e-02
-4.4592386273e-01 -1.1432434196e+00 1.2066517479e+00
2.5138084925e+00 1.9282144070e+00 9.2447664605e-01
-2.3903323432e+00 2.6985028239e+00 1.2087677341e-01
2.6539144437e+00 2.1687047510e+00 8.9799403909e-01
-9.4090210326e-01 1.5986293865e+00 1.2619390904e+00
-2.4520449847e+00 3.8686758222e+00 -7.8834802769e-02
9.3653496744e-01 7.9048567957e-01 2.3457290327e+00
5.2657905556e-01 -1.0822683160e+00 7.1098683071e-01
-1.3424676095e-01 -5.9315235151e-01 1.3980815104e+00
1.4796636785e+00 1.5869397633e+00 1.2803881739e+00
-9.0127971545e-01 -2.1410361661e+00 8.1128094165e-01
4.0000000000e+00 -1.0761806999e+00 -6.1059089200e-02
-2.4693301069e-01 -8.4741059575e-01 1.2512262533e+00
-2.1730323777e-01 -4.0000000000e+00 2.6966160860e-01
1.7856278134e+00 8.0469753892e-01 1.6514367350e+00
3.1922528292e+00 4.0000000000e+00 1.7604410408e-01
-1.0829159994e-01 4.8669880231e-01 2.0215232309e+00
4.0000000000e+00 -8.8468017207e-01 -5.1364552901e-02
1.8005487462e+00 6.3498962768e-01 1.6179178273e+00
-1.8883010727e+00 5.2795890898e-01 1.0092415584e+00
2.3630412245e+00 3.4493030006e-01 4.7896605306e-01
-7.5134372091e-01 2.6139134023e+00 -8.0171250142e-02
-4.2552791833e-01 2.7913544560e+00 -3.3007027931e-01
-1.5997080699e+00 8.9833398938e-01 1.3687280811e+00
5.3551208516e-01 -9.6838126120e-01 8.2923700114e-01
2.0897228478e+00 -7.1054959480e-01 -4.8538937196e-01
-4.0000000000e+00 -8.9387809176e-01 3.2889812342e-01
-2.3831485033e+00 5.5084468183e-01 4.6885648944e-01
-7.9243868377e-02 2.6169590245e-01 2.0989860902e+00
4.4518627714e-01 -3.9357269053e-01 1.6236531149e+00
-1.6554248565e+00 -8.7459292670e-01 1.0053021061e+00
3.2181601092e+00 1.7639409159e+00 4.8159340034e-01
2.0745589666e+00 -1.0434376466e+00 -1.0103097879e+00
2.3272057890e+00 2.2421003336e+00 1.0202498302e+00
1.8514480438e+00 3.2310066414e+00 6.0729947940e-01
1.4589497620e-01 -2.2012256495e-01 1.8591002141e+00
-2.2658362423e+00 3.9240025291e+00 -8.2785230767e-02
1.1939126500e+00 9.4877314755e-01 2.0834685118e+00
8.9129274254e-01 -1.3839571644e+00 -1.5668101329e-01
-2.2680884292e+00 -3.4627231861e-01 8.3761195461e-01
1.5248381758e+00 -6.2363448873e-01 2.9872142713e-01
2.4717316938e+00 2.3454271454e+00 9.7992964965e-01
-5.8021031020e-01 1.8361316426e+00 8.4139054017e-01
-1.6124319206e+00 2.1949416488e+00 5.9363990030e-01
-1.3973735210e+00 -4.3539335042e-01 1.3095495432e+00
-1.7954853814e+00 2.6231176542e+00 2.4847039759e-01
1.5524301148e+00 1.0939410201e+00 1.7401112666e+00
-2.6129901016e-02 -2.5433605007e-01 1.7879024171e+00
-6.5589306556e-01 -1.5989864203e+00 1.1279305714e+00
-3.4242574212e-01 -6.4135145307e-01 1.3378248745e+00
-2.6440009405e+00 4.0000000000e+00 -1.1607997470e-01
-1.0849494122e+00 1.1705123391e+00 1.5051264150e+00
-2.4081002720e+00 2.1325918252e+00 1.3103021745e-01
3.5173204048e+00 9.0440444088e-01 2.1769120479e-01
4.0000000000e+00 3.0001996556e-01 3.6696597925e-01
1.2554107582e+00 3.7391580369e-01 2.1848985005e+00
-1.4648203661e+00 2.5181669916e-01 1.3343690937e+00
1.1002272742e+00 -1.0644320232e+00 -6.2516816590e-02
-1.0865260270e+00 3.0617505256e+00 -1.2051108801e-01
-1.4314332012e+00 8.5824471087e-01 1.4312507572e+00
-6.5808746774e-01 -1.2533350585e+00 1.1986290241e+00
1.3801303449e+00 -9.0540513628e-01 -1.5435260436e-01
1.3809648582e+00 -6.5509006327e-01 4.0990326044e-01
2.6152752025e+00 1.1099976950e+00 5.3560017636e-01
2.7432541457e-01 -5.5324320521e-01 1.4444815002e+00
-2.4382821376e+00 1.0590501014e-01 6.7276384762e-01
2.6750416649e+00 2.1158323230e+00 8.7777328264e-01
-2.0582835237e+00 9.6862084438e-02 9.6014908460e-01
-1.9442391084e+00 3.7517302077e-01 9.7602407457e-01
4.0000000000e+00 -3.2406502673e+00 6.2223545502e-02
-1.0176919865e+00 2.1490455498e+00 5.7345859739e-01
-9.3667967588e-01 1.4157971698e+00 1.3838860485e+00
-4.0000000000e+00 9.7839805749e-01 3.0231258299e-01
-1.3935375051e+00 1.4562585968e+00 1.4559949450e+00
5.8396222372e-01 -6.7996332360e-01 1.1695704549e+00
4.2195151054e-02 2.2034432890e+00 1.7932368232e-01
1.1653860297e+00 1.1659431123e+00 1.8060709466e+00
1.3507254014e+00 -2.6396847059e-01 1.1881947358e+00
-5.4575440909e-01 3.5635102317e+00 -2.4839948711e-01
-2.6383006661e+00 2.0022953911e+00 2.7192971951e-03
-3.2220294767e+00 1.6747472866e+00 -1.1361738452e-01
2.2407263988e+00 5.9342232700e-01 8.8298219849e-01
-2.2626171906e+00 9.7094652523e-01 5.5916349977e-01
-3.3391117308e-01 1.1475256994e+00 1.4265379457e+00
1.4916923811e+00 1.8610238680e+00 9.9932349471e-01
3.1246655450e+00 -1.2950795324e+00 -5.1268623937e-01
-1.9295848548e+00 1.7464351066e+00 8.4061161041e-01
8.4765162231e-01 1.4491410190e+00 1.3881607557e+00
-1.8402130636e+00 1.9930309913e+00 6.9880371935e-01
-1.5202379292e+00 1.8989350586e+00 1.0134178897e+00
-1.8042963568e+00 1.4971450307e-01 1.1435453275e+00
-3.3029246978e-01 1.0890920528e+00 1.4676963872e+00
1.7190577365e+00 3.1163421919e+00 5.4200534316e-01
1.4615095889e+00 -1.2130673526e+00 -8.2283907137e-01
2.2452411229e+00 2.1590687112e+00 1.0359433417e+00
2.2163455684e+00 1.1864904277e-01 4.4526852565e-01
-1.0659449679e+00 3.2905553017e-01 1.4775764730e+00
2.3423182120e+00 1.6596858352e+00 9.7366617135e-01
2.6190079090e+00 5.2259431176e-01 3.2488057336e-01
-1.2278920944e-01 1.6306328553e+00 1.0029701167e+00
2.0784857553e+00 2.4862717903e+00 9.1912346985e-01
-2.4663071641e-01 -4.0000000000e+00 2.7358160755e-01
-3.3893773749e+00 4.0000000000e+00 -6.6829888573e-02
1.1566263274e+00 -2.1630690073e-01 1.4741371728e+00
-8.2070750475e-01 7.3735841464e-01 1.4668052509e+00
-1.8032436875e+00 1.7045171633e+00 1.0220699843e+00
8.1678637277e-01 -8.7406898396e-01 6.5590604837e-01
1.7174833047e-01 -3.5260164055e-01 1.6968479927e+00
4.8776251165e-01 1.4335919463e-01 2.2889549798e+00
1.5288294461e+00 5.8910930511e-01 1.9901892234e+00
4.0000000000e+00 -8.6359567318e-01 -4.9610668226e-02
9.1948629643e-01 -2.2941657592e+00 -6.9167349508e-01
3.0224451181e+00 2.1731269171e+00 6.8881254311e-01
-1.2218485435e+00 1.0488387141e+00 1.5166387584e+00
2.3464265657e+00 2.2712039659e+00 1.0146493324e+00
-2.1620102963e+00 3.3495646442e+00 1.4068394595e-01
7.5342204179e-01 2.1254619122e+00 3.7326933173e-01
-9.2067920034e-01 1.7021446843e+00 1.1563666266e+00
2.2029833667e-02 4.4304279673e-01 2.1565575179e+00
-3.3078188231e+00 -1.3190039190e+00 2.1973253065e-01
-2.3038660519e+00 1.3369500956e+00 4.6577028871e-01
1.1699806023e+00 -7.3662266930e-02 1.6856244969e+00
-2.5624111155e+00 3.0726698837e+00 6.1869084414e-02
2.7389360912e+00 1.0187997404e+00 4.0085832918e-01
8.8904834470e-02 -1.1979620727e+00 1.0117661976e+00
3.1095073770e-01 -1.4495877291e+00 6.4894956441e-01
3.1235851512e+00 -8.0972140759e-01 -5.8902382643e-01
-9.8626077070e-01 3.5302349586e+00 -1.1700185852e-01
-1.3065561433e+00 1.4077440917e+00 1.4834701642e+00
-7.1122073812e-01 -3.3347632929e-01 1.5181496074e+00
-3.0946984475e+00 1.5645151388e+00 -1.0038324893e-01
-2.4593030333e+00 2.9326521363e+00 1.0282157813e-01
2.9129718063e-01 -1.0105547511e+00 9.9550947182e-01
1.8388994847e+00 4.0000000000e+00 2.4309702922e-01
-2.6053512165e+00 4.0000000000e+00 -1.1845786242e-01
-2.1410023340e+00 1.0513905138e+00 7.4509313025e-01
-4.9497556950e-01 3.4445371578e-01 1.7622897279e+00
2.1756531162e+00 1.6734026670e+00 1.0849959169e+00
-8.1048738911e-01 -2.9904045128e-01 1.5178325853e+00
-2.2045400126e+00 -1.0891892306e+00 4.7233225667e-01
1.7610674407e+00 1.0982209420e+00 1.5684147471e+00
-2.6521500468e+00 4.3957931164e-01 3.3676250003e-01
-1.2483663504e+00 6.0798543806e-01 1.3904382076e+00
-1.3926785525e+00 8.0458431306e-01 1.4199615687e+00
-1.4154943105e+00 2.4907578577e+00 2.9969906382e-01
1.5891684580e+00 -5.5170288871e-01 3.6782865984e-01
-4.0000000000e+00 8.8448388237e-01 3.7587036118e-01
2.4426343544e+00 1.0941133489e+00 7.3386304906e-01
-1.5969882600e+00 6.4610260923e-01 1.2739100261e+00
-1.3441996942e+00 -2.9325896549e-01 1.3724824125e+00
-2.3143490764e+00 1.4397166260e+00 4.2737677933e-01
-2.5207120761e+00 1.8204900643e+00 9.7059056551e-02
-1.3727319924e+00 -1.0883063232e+00 1.0513937472e+00
7.2341676039e-01 -4.5266546777e-01 1.4279066342e+00
7.6015835723e-01 -3.7047910600e-01 1.5327090115e+00
1.6370323768e-02 2.4364531292e+00 -1.1046712329e-01
2.2920429415e+00 4.0000000000e+00 1.9795651229e-01
-7.1196790585e-01 -3.8918789395e+00 3.1393402507e-01
1.3954379913e+00 1.6444986421e+00 1.2038845072e+00
2.0257852259e+00 1.2016488881e+00 1.2556483051e+00
-1.7977306968e+00 -2.1885927563e+00 2.8450767861e-01
-2.3450829386e+00 1.0927048065e+00 4.3587271493e-01
-1.1643437262e+00 1.0011022430e+00 1.5028400526e+00
-3.6814039005e+00 -2.1150509427e+00 9.7920876342e-02
2.2757012196e+00 1.3852906850e+00 9.8585132050e-01
-1.0955308185e+00 4.0826847551e-01 1.4444621317e+00
-1.0451409941e+00 -2.6652802902e-01 1.4712012235e+00
-2.3760765476e+00 2.6294593736e+00 1.2432010935e-01
2.0964211396e+00 7.4979323137e-02 5.8554261589e-01
-4.0000000000e+00 -1.4098164841e+00 1.9685317642e-01
1.7607436396e-01 2.9695031731e+00 -4.4804775599e-01
2.2206151083e+00 4.0000000000e+00 2.0437711169e-01
1.5543566492e+00 -2.2211457341e+00 -1.2566284628e+00
-1.9390576802e+00 1.1695208521e+00 1.0539255876e+00
-1.3782550100e+00 2.4058282059e-01 1.3750531084e+00
1.9527978199e+00 1.0467166895e+00 1.3768916328e+00
-1.4118947373e+00 1.7813247452e+00 1.1873753392e+00
2.3089347972e+00 1.8603734829e+00 1.0256403129e+00
4.5294651937e-01 -1.9880721518e-01 1.8859171159e+00
-7.1686232324e-01 8.3215140583e-01 1.4747780893e+00
1.7827774759e+00 1.2393440151e+00 1.4705865328e+00
-1.1964950223e+00 6.2625418361e-01 1.4031724305e+00
-6.1021784110e-01 -1.0511385919e+00 1.2228059895e+00
1.7852865575e+00 -3.0729760470e+00 -6.3259064681e-01
-4.3111032493e-01 2.5723038348e+00 -1.6970721905e-01
2.5375236702e-01 3.2859824197e+00 -3.9485263146e-01
-3.3111075040e+00 -4.0000000000e+00 1.1133495334e-01
-2.5357688242e+00 4.0000000000e+00 -1.2151433431e-01
-7.2984941640e-01 -9.4428079391e-01 1.2290121261e+00
3.1945907728e-01 -3.3827391675e-01 1.7151004285e+00
-2.7174323189e+00 2.2185232428e+00 -2.2595945495e-02
1.4653408535e+00 5.9107235734e-01 2.0681227797e+00
-1.4508234974e+00 3.2178456066e+00 5.7361360466e-02
-1.6447101987e+00 2.6179522837e+00 2.4868204369e-01
1.4387107838e+00 9.5966554834e-01 1.9368221343e+00
-1.0981661988e+00 1.5240733661e+00 1.3798543447e+00
-9.4608745968e-01 6.1877018331e-01 1.4492569313e+00
-1.1828314235e+00 3.3045909726e-01 1.4331747079e+00
-1.0142690283e+00 3.1852027518e+00 -1.5959744726e-01
-1.0448042771e+00 1.8854991476e+00 9.8464926086e-01
-2.3047484823e+00 1.2908474491e+00 4.7297329040e-01
-2.4043458635e+00 1.7907870236e+00 2.1546373541e-01
1.3445365075e+00 2.2603450853e+00 5.2493957245e-01
2.1976911195e-01 -2.2668047669e-01 1.8582371481e+00
1.6422946307e+00 9.9289325941e-01 1.7441410280e+00
3.3682127967e-01 -7.0182942089e-01 1.2604370162e+00
-1.5643319889e+00 -3.5817572403e-01 1.2758630467e+00
8.3308408790e-01 -4.0000000000e+00 2.2284624542e-02
-1.4967168945e+00 9.6382427732e-01 1.4491375761e+00
1.1575264498e+00 1.0290426676e+00 1.9950072977e+00
1.3571030710e+00 1.8327061252e+00 9.7404014086e-01
8.3474535816e-01 4.0000000000e+00 1.6047100692e-01
1.3354834500e+00 1.3593831540e+00 1.5353508811e+00
-8.0272659321e-01 1.3791277366e+00 1.3499752987e+00
-1.2134768457e+00 3.8455813073e-01 1.4103429071e+00
3.9185603795e-01 -6.8348265696e-01 1.2616571958e+00
2.7165231406e+00 2.6952671171e-02 -2.3296589833e-01
-6.9916045674e-01 2.1197397308e-01 1.6886219583e+00
2.0397277003e+00 2.2217076129e+00 9.8918547693e-01
8.7269489334e-01 -9.1070488767e-01 5.2526053207e-01
1.8736920178e+00 5.5252302986e-01 1.4652931299e+00
1.1889648974e+00 2.0264940247e+00 6.6224365182e-01
4.0000000000e+00 1.5437447971e+00 1.7526865942e-01
-1.2339843795e+00 -6.4037199126e-02 1.4629116260e+00
-1.3040090429e+00 -1.0177078120e+00 1.1050332351e+00
-1.8439850419e+00 -6.9183147171e-01 1.0004236182e+00
2.7034040684e+00 1.5285977918e+00 6.1823192261e-01
-2.7232562259e+00 1.0666314232e+00 4.5152285710e-02
1.5072078512e+00 -7.6757023080e-01 -4.0479782209e-03
1.7326532050e+00 4.0000000000e+00 2.5026955921e-01
-1.1336457247e+00 2.1522384324e+00 6.1257591035e-01
-1.2612628434e+00 3.8181953012e-01 1.3946631102e+00
1.6057005256e+00 4.5715748617e-01 1.8216347212e+00
1.6869824767e+00 3.7058319144e+00 3.8814472341e-01
-7.9324039535e-01 -7.6058098074e-01 1.2571408309e+00
-2.8327201618e+00 3.7793853203e+00 -9.7147087025e-02
8.5636105970e-01 -9.5800412459e-02 1.8887905866e+00
-1.7126126258e+00 -4.1170178000e-01 1.1919508870e+00
2.6599568821e+00 2.2192794653e+00 8.9999691075e-01
2.2733374408e+00 -2.7276661369e+00 -6.1913818281e-01
-2.9233542933e+00 -1.4080379716e-01 5.8411705660e-01
2.5660044489e+00 1.1382515711e+00 5.9552293381e-01
-9.8826993024e-01 2.3457760185e+00 3.0037681958e-01
1.2301396311e-01 2.8414219238e+00 -4.1658026936e-01
-7.3629736953e-01 -5.9664306644e-01 1.3254753210e+00
-2.4826830633e+00 6.6795542326e-01 3.2666172916e-01
1.6279954334e+00 1.5732051720e+00 1.2972269917e+00
4.0000000000e+00 1.9006306462e+00 1.0918120773e-01
-1.8259667789e+00 1.8348442959e+00 8.8101122004e-01
-1.6214355283e+00 3.3373948408e+00 1.1409033864e-01
-6.5687587268e-01 1.7109215598e-01 1.7228506502e+00
-1.4536263727e+00 1.4358209297e-01 1.3561541880e+00
1.3434822832e+00 1.5116866607e+00 1.3517536572e+00
-8.7372491504e-01 -4.6926750514e-01 1.3898462158e+00
-4.0000000000e+00 6.8761472033e-01 5.1668192120e-01
-2.3846717121e+00 8.1262727277e-01 4.0097812293e-01
2.0469937605e+00 1.6060299028e+00 1.1601364393e+00
1.1434097670e+00 6.4604383497e-01 2.3579868005e+00
4.0000000000e+00 2.0083650312e+00 8.5084943062e-02
-1.0720418004e-01 -1.1617330592e+00 1.1285086237e+00
1.8010994680e+00 1.2357190261e+00 1.4581480972e+00
-8.8001135919e-01 -4.2026735827e-01 1.4206705748e+00
-1.8475866068e+00 2.2264376175e+00 4.6901674736e-01
-5.7942035727e-01 -3.6695322988e-01 1.5221198431e+00
1.5082316467e+00 -6.4306129310e-01 2.7713374016e-01
2.3369508766e+00 4.0000000000e+00 1.9446153529e-01
2.3340024043e-01 -7.1796873024e-01 1.2737740771e+00
-7.5068779856e-01 -1.0125818225e+00 1.2207061828e+00
2.3253214079e+00 -8.4189061126e-01 -8.0878364837e-01
-2.1635557820e+00 -4.0000000000e+00 3.5412038759e-02
1.7112387684e-01 -5.4247275294e-01 1.4650258484e+00
-1.6365346001e+00 2.5304063749e+00 2.9886891361e-01
-4.0000000000e+00 8.3906378997e-01 4.1055979144e-01
3.7223506335e-02 -1.3276639259e-01 1.9377717131e+00
-1.1059351199e+00 2.5318379522e-01 1.4833216808e+00
-1.7841155692e+00 -7.6558991562e-01 9.9432378065e-01
-4.8446346061e-01 -1.7078126401e+00 1.0710081606e+00
-1.0018265081e+00 7.0611019373e-01 1.4412697893e+00
3.6823590904e+00 -5.4291744829e-01 -2.0106823962e-01
-1.4455078751e+00 -6.0732110463e-01 1.2288361331e+00
-3.1174436193e+00 3.7057923198e-01 3.8737143677e-01
2.7893207755e+00 3.7574800131e-01 7.0297772398e-02
8.2164019053e-01 2.6427120548e+00 -8.6695484984e-02
1.4307765751e+00 1.2174016002e+00 1.6796254389e+00
1.8158406146e+00 2.2841869551e+00 8.5483927893e-01
1.4975040158e+00 6.8559947115e-01 2.0320368026e+00
-4.0000000000e+00 1.8319755281e+00 -2.3068174598e-01
-8.0722212078e-01 -4.0555574350e-01 1.4436824423e+00
-2.7821791725e+00 -3.6725874228e+00 3.0821288826e-02
-3.0357388729e+00 4.0000000000e+00 -7.7817037168e-02
2.3398174215e+00 3.4773263640e+00 5.5584901068e-01
-9.2349995716e-01 2.3674942871e+00 2.4579783924e-01
-2.1067698490e+00 -6.5029988685e-01 8.4005925833e-01
2.1414929753e+00 2.5117919252e+00 9.3618465900e-01
-3.6319159115e-01 2.8456957203e-01 1.8813162070e+00
-7.6726587563e-01 1.0319565983e-01 1.6757289915e+00
-1.5826028981e+00 4.9999800859e-01 1.2552205275e+00
4.0000000000e+00 -3.7945522832e+00 -1.3286652852e-03
-4.0000000000e+00 2.8699359507e+00 -3.2393180324e-01
-7.7959890929e-01 3.6116295807e+00 -1.6515762616e-01
1.5307972314e-01 -6.4702160057e-01 1.3551173748e+00
-2.9118363490e+00 -8.0468211810e-01 3.1673978468e-01
-6.9262987082e-01 -4.4491770380e-01 1.4343430069e+00
-3.3406070050e-01 1.8177096214e+00 7.9261000956e-01
3.2532317021e+00 -4.0000000000e+00 -7.7486211125e-02
1.7125508160e+00 -2.3324137948e+00 -1.2137161576e+00
7.1858743733e-01 -3.0898055081e-01 1.6473316546e+00
1.0584976442e+00 -1.2426300898e+00 -2.6507612669e-01
5.6157566116e-01 6.1147298392e-01 2.4677374471e+00
5.9475007295e-01 9.3535403798e-01 2.1347828984e+00
-8.1713044796e-02 1.0600274575e+00 1.6021296741e+00
2.9105229484e+00 4.0000000000e+00 1.8325376956e-01
-5.7688946875e-01 9.6335880679e-01 1.4677433805e+00
-1.6114177121e+00 -4.6267839948e-02 1.2909903749e+00
1.1920622359e+00 -6.2485470200e-01 7.0420449728e-01
1.3888892754e+00 -7.1214174401e-01 2.7230111810e-01
-8.2382464961e-01 3.3138779182e+00 -2.3426064378e-01
1.9705529895e+00 2.3575249184e+00 9.1129252980e-01
-2.4964530320e+00 1.3255031193e+00 2.0667478987e-01
-6.5543503508e-01 6.2824845807e-01 1.5363509990e+00
2.1590027573e+00 -4.0000000000e+00 -3.0138717424e-01
1.2164211760e+00 -9.8447964126e-01 -8.9899165388e-02
1.1065940078e+00 8.5706640260e-01 2.2231416693e+00
2.4305502197e+00 3.9042526937e+00 2.5344331657e-01
1.5001958523e+00 4.0000000000e+00 2.5233921060e-01
-5.1367864974e-01 -1.0907914577e+00 1.2177027629e+00
-3.1345014561e+00 1.2121383972e+00 -3.7693357184e-02
-1.2573911542e+00 2.0961039034e+00 7.2891761219e-01
-3.0322577657e+00 -4.0000000000e+00 8.0537048044e-02
1.7728209583e+00 2.4410383549e+00 7.5096496581e-01
4.0000000000e+00 -2.0355235187e+00 -8.3288610581e-02
1.7357771437e-01 1.3463543568e+00 1.3863942600e+00
1.9161736871e+00 9.6039024167e-01 1.4448352781e+00
-1.3577099240e+00 1.1303824896e+00 1.5265622020e+00
-7.3147155839e-01 3.4370441553e+00 -2.3921318459e-01
-4.5128624597e-01 1.7768533952e-01 1.8448154788e+00
1.1460312239e+00 -1.0222279299e+00 -5.7471983255e-02
-1.6911922720e+00 -1.5591468634e-01 1.2445520072e+00
2.2741463794e+00 6.9882850005e-01 8.8406075132e-01
-1.7388106674e+00 1.7912537510e+00 1.0086311204e+00
-5.5004640341e-01 1.8545250770e+00 8.0498551331e-01
1.2939477722e+00 9.8262283770e-01 1.9997639963e+00
-2.7450644596e-01 -6.7290647603e-01 1.3257112027e+00
-1.6858075010e+00 -1.4401693758e-01 1.2482125522e+00
1.5649642596e+00 2.4610793791e+00 5.7378660642e-01
-3.6118622738e+00 4.0000000000e+00 -8.3331127383e-02
4.0000000000e+00 -1.0049185909e+00 -5.8055778267e-02
1.7909498465e+00 -8.0291660867e-02 8.7314592858e-01
3.9455246161e-01 1.2156567427e+00 1.6384222255e+00
9.4428606889e-01 1.5796814413e+00 1.2065439873e+00
-1.5050218646e+00 4.4025684953e-01 1.2946704695e+00
1.1680823914e+00 -1.3233975663e+00 -5.4539878957e-01
2.1040581428e+00 -4.6764743365e-01 -1.2335865386e-01
1.1991945135e+00 -2.2115242661e+00 -1.0039134699e+00
1.7622226963e+00 1.6116419987e+00 1.2538969326e+00
-4.0000000000e+00 -3.8137094557e+00 1.0006636946e-01
-2.5032832956e-01 2.3989131588e-02 1.9442450438e+00
4.0000000000e+00 1.6383404795e+00 1.6009654012e-01
-1.5509544192e+00 1.8375827187e+00 1.0820080937e+00
-4.7227675438e-01 -6.1072337941e-01 1.3418132772e+00
1.4475409704e-01 1.5531266791e+00 1.1213669116e+00
-3.6488606232e-01 2.7134821619e+00 -2.9974034012e-01
1.8271376234e+00 1.5130346575e+00 1.2942779194e+00
2.2354825541e+00 2.1494686305e+00 1.0375132273e+00
1.9601198307e-01 -1.6485531671e+00 6.5094720692e-01
7.2367447672e-01 -1.4252833024e+00 7.9393694430e-02
-1.7560264411e+00 1.1395990864e+00 1.2909064791e+00
-2.1934217961e-01 -1.1822409155e+00 1.1588217685e+00
4.3352514423e-01 1.0108533430e-01 2.2431707875e+00
1.9340785753e+00 2.1698795888e+00 9.6981205507e-01
2.4874114051e+00 2.1292799969e+00 9.7601339143e-01
6.4910312238e-01 2.6226413644e-02 2.1411335946e+00
1.6910937506e+00 -1.1798993376e+00 -1.0129746915e+00
-2.4377827452e+00 -1.1746974534e+00 2.7542814385e-01
-1.0633397908e+00 1.9765879555e+00 8.5488967765e-01
-2.5179608139e+00 2.9516770429e+00 8.3149066600e-02
7.0136731559e-01 -1.6454248805e+00 -7.1596161902e-02
2.0826567001e+00 1.3101270970e+00 1.1796696062e+00
2.6081893091e+00 2.8757333676e+00 7.9445227156e-01
-1.8934337487e+00 2.0645483989e+00 5.8179070556e-01
4.0000000000e+00 1.2321984607e+00 2.2201441476e-01
-4.8220264551e-01 -1.1758316551e+00 1.2045914968e+00
-5.0070899036e-01 1.7681201258e-01 1.8136727111e+00
9.8268698362e-02 -4.0000000000e+00 2.1422667653e-01
-2.0487345756e+00 6.4545861469e-01 8.3358331482e-01
1.4267013438e-01 1.8525574902e-01 2.2182323971e+00
-1.7889921808e+00 2.2649263719e+00 4.6511353513e-01
-4.7019564194e-01 -1.4661586596e+00 1.1467060033e+00
5.7719059139e-01 -6.1925909404e-01 1.2603238321e+00
-6.1137098135e-01 -2.5151211277e+00 5.6168562207e-01
2.2554579766e+00 2.5488137378e-01 5.4466254553e-01
4.0000000000e+00 4.0000000000e+00 -8.7195015025e-03
2.1390700734e+00 1.0709497441e+00 1.1346350770e+00
-1.0677428575e+00 -9.9164564382e-01 1.1808954932e+00
-2.2266606223e+00 1.5413622689e+00 5.2827342921e-01
4.2473172707e-01 -1.1703506105e+00 7.3825111205e-01
-9.3172808457e-01 4.4065383162e-01 1.4916733110e+00
5.9593560154e-01 -1.2027620684e+00 4.9625673171e-01
7.5938891351e-01 1.6852335113e+00 1.0248142079e+00
2.0553325145e+00 1.8711841933e+00 1.0977126272e+00
1.2157549224e+00 -4.0262552425e-01 1.1008674708e+00
4.1455419716e-02 4.0000000000e+00 -1.6196419368e-03
1.4985589317e+00 1.4070434255e+00 1.4650981313e+00
-8.5809203184e-01 -6.8369339468e-01 1.2782913149e+00
1.4162319842e+00 -3.2414207139e-01 1.0074816192e+00
2.6571468915e+00 1.9815841529e+00 8.5274703621e-01
1.6168416300e+00 -6.7679408207e-01 6.8873545538e-02
-2.1417186436e+00 7.1659529832e-01 7.1919767917e-01
-1.0933118928e+00 1.1459858348e+00 1.5079821002e+00
-1.6745624704e+00 1.5667594080e+00 1.2517030739e+00
2.1277656645e+00 1.4433426131e+00 1.1268618911e+00
3.5303043696e-02 -4.9335593221e-01 1.5163949306e+00
1.6508519974e+00 2.8072324383e+00 5.2529236740e-01
-3.8081566313e-01 -2.7751957951e-01 1.6617807207e+00
1.5370547352e+00 1.9671004672e+00 9.1613256533e-01
-3.1872483818e-02 2.6930253654e-01 2.1334736696e+00
-7.5104736908e-01 2.6241740379e+00 -8.8674966809e-02
2.8683600954e+00 2.0514313205e-01 -1.2383903873e-01
2.7413372434e+00 1.3931301101e+00 5.2497664912e-01
1.4493412710e+00 1.9024776141e+00 9.3732952906e-01
-3.0993980554e+00 -1.0537414510e+00 2.3897203091e-01
-1.6957195708e+00 2.7831090719e+00 1.8660548059e-01
2.5691735669e+00 -5.6108170966e-01 -6.1287042064e-01
1.1972190212e+00 6.0335170121e-01 2.3293296141e+00
5.7492065191e-01 1.2190327816e+00 1.6909517880e+00
1.5237875821e+00 4.8678906052e-01 1.9546197060e+00
2.3905031533e-01 1.8536417051e+00 7.1369147395e-01
-1.2966351699e+00 4.7321054222e-01 1.3720598901e+00
4.0000000000e+00 -1.6916191107e+00 -7.7319286282e-02
4.0000000000e+00 -1.6517452832e+00 -7.6533385623e-02
-1.8107580519e+00 1.8005891851e+00 9.2987497798e-01
-2.4929734718e+00 -3.8824822361e-02 6.9318960309e-01
-2.1990259167e+00 9.1204279360e-01 6.4995013893e-01
1.4392488562e+00 2.6954776150e+00 3.6383884373e-01
-1.9730666055e+00 6.0352011204e-01 9.2023160268e-01
1.5290844536e+00 2.5937245401e+00 4.8179016702e-01
-3.7780662110e+00 1.7088178818e+00 -1.4102517020e-01
-3.6634295227e-01 -3.8557109227e-01 1.5571650056e+00
-1.9302793685e+00 -1.5485867091e+00 4.5353658032e-01
-2.8894891573e+00 5.0415588965e-01 2.4217099843e-01
-2.2989975145e+00 2.2536325857e-01 7.1442218853e-01
2.6503178367e+00 -7.0433380149e-01 -7.3270711085e-01
4.0000000000e+00 -2.0854317684e+00 -8.3075853655e-02
2.0309299509e-01 2.7902661823e+00 -3.8288732702e-01
2.8432808044e+00 -9.9453331520e-01 -7.8160495606e-01
-3.8587587625e+00 9.0909507983e-01 3.0839636354e-01
-9.6522868101e-01 4.6281702350e-01 1.4729391165e+00
1.8883484619e+00 1.3220574512e+00 1.3484891477e+00
2.7714179799e-01 -7.1008008417e-01 1.2700895551e+00
-2.6462643863e+00 -2.4340404415e-01 6.2720922330e-01
-4.2970939939e-01 3.0282177170e+00 -4.1199266882e-01
6.0852863285e-01 -1.1749348391e+00 5.0905046059e-01
3.0714424029e+00 1.8107804364e+00 5.6087770731e-01
3.7954335034e-01 -2.3322385496e-01 1.8489018782e+00
-6.6944076092e-01 9.6114444313e-01 1.4587445877e+00
-1.0633753044e+00 2.5383340648e+00 1.3119845253e-01
-4.7143117648e-01 8.9538602483e-02 1.8367690734e+00
-2.2417646738e+00 9.0159545411e-01 5.8805470908e-01
-9.4536059814e-01 1.6610587670e+00 1.2083380759e+00
4.2327326628e-01 -1.2542398366e-01 1.9842718735e+00
-6.2611613965e-01 2.5878270802e-01 1.7140913338e+00
3.6716995457e+00 1.9261689987e+00 3.0009694140e-01
-1.4978917579e+00 2.2918395750e+00 5.0048968496e-01
-1.2583338561e+00 3.2686745168e+00 -2.8705371787e-02
2.0995689862e+00 7.4647716764e-01 1.1740384524e+00
-7.3011969307e-02 9.6369903006e-01 1.7010918565e+00
4.0000000000e+00 2.5987012649e+00 2.5736800401e-02
6.4420414040e-01 1.2659765950e+00 1.6353533483e+00
-9.6989250933e-01 2.1685023220e+00 5.2539360332e-01
2.0137927214e+00 4.0000000000e+00 2.2604837315e-01
2.1183261191e+00 -1.7690345199e-01 2.3394905873e-01
1.7166427592e-01 -1.1773041815e+00 9.6560627801e-01
1.1329083139e+00 1.4133605350e+00 1.4641427697e+00
2.1510947220e+00 2.1162677702e+00 1.0409492260e+00
-5.2815563328e-02 -1.2535819104e+00 1.0687475757e+00
-3.2412547596e+00 1.1800937168e+00 -1.2035525913e-02
-4.0000000000e+00 -1.4621701630e+00 1.8286792607e-01
-2.6462923522e+00 -5.2569692270e-01 5.3165504273e-01
-2.0212588824e+00 -1.8238012293e+00 2.7567314299e-01
8.9691002591e-01 -4.7532708923e-01 1.2725656121e+00
4.0000000000e+00 -6.7723981346e-02 2.9673875445e-01
4.0000000000e+00 1.4993101606e+00 1.8207678371e-01
-6.0012612708e-01 5.5102862384e-01 1.5928455811e+00
-2.0341080690e+00 -7.9659471507e-01 8.0037079159e-01
-1.8985057281e+00 3.0122831945e-01 1.0345224717e+00
1.4677282121e+00 -4.0178566204e-01 8.0657696299e-01
-5.5954722918e-01 7.0356868904e-03 1.7775933580e+00
1.3729101897e+00 8.3824018545e-01 2.0847147702e+00
6.9816142575e-01 5.3796315685e-01 2.5188023145e+00
1.7384264752e+00 1.9658797689e+00 1.0074552980e+00
1.9481364657e+00 4.4790114665e-02 7.9298471309e-01
1.0156905793e+00 -2.3601529457e-02 1.8919406596e+00
2.4149444662e+00 4.7713042228e-03 2.5664500822e-02
-3.1617984256e+00 1.4476543357e+00 -8.2177980490e-02
1.0523782360e+00 -1.4696606332e+00 -5.1508005076e-01
3.9347035071e-01 -9.2089616369e-01 1.0027808415e+00
-1.5775863816e+00 -1.6543348494e-01 1.3042940196e+00
-9.7392350267e-01 2.2440710827e+00 4.2277531694e-01
4.0000000000e+00 -1.3710708102e+00 -7.0407603154e-02
-2.2697924471e+00 -2.6929675568e+00 1.2723655814e-01
-1.0970080233e-01 -1.1198995534e+00 1.1442888315e+00
-3.6667458273e+00 7.1690055237e-04 6.4284760400e-01
-1.8547085348e+00 8.3296640743e-01 1.1029904346e+00
9.7071235439e-01 2.5037591934e+00 8.2561055180e-02
-1.1256087948e+00 1.8299547939e+00 1.0908801777e+00
-2.5757782157e+00 7.2842759372e-01 2.2508583032e-01
1.6676221495e-01 -1.4397395533e+00 8.1068951456e-01
-9.3107215327e-01 5.2835018307e-01 1.4664008594e+00
-1.4742315558e+00 1.0095943308e+00 1.4731414409e+00
-7.0860271665e-01 1.2268197906e+00 1.3889346561e+00
1.9362574500e+00 6.2457889166e-01 1.3978213391e+00
9.8351303586e-01 1.1884498854e+00 1.7891793235e+00
2.9882331148e+00 -4.0000000000e+00 -1.4515766632e-01
-2.4586051853e+00 2.6733287681e+00 9.8951623544e-02
1.3077833609e+00 2.0912760970e+00 6.5695891346e-01
2.5492937843e+00 9.9817626168e-01 5.8429400473e-01
1.7213731820e+00 2.5335559909e+00 6.7146336812e-01
-9.9985489013e-01 -3.9686473692e-01 1.4131835522e+00
8.8554345891e-01 5.0859256660e-01 2.4956077263e+00
1.6439109073e+00 2.8912367166e+00 5.0387800846e-01
1.5331976733e+00 7.9167238991e-02 1.4918456297e+00
-1.4997387266e-01 -1.5059282790e-01 1.8635234362e+00
1.4241000489e+00 2.6128332621e+00 3.7906548312e-01
-8.8810859480e-01 2.5502425497e+00 3.8909394212e-02
-9.1283949243e-01 1.6090416752e-01 1.5937080070e+00
1.9957336899e+00 2.0780997616e-01 9.2334189682e-01
7.0595428647e-01 -6.0377603630e-01 1.2039402909e+00
1.0516098722e+00 2.3424872058e+00 2.5615771591e-01
3.4945870418e-01 -4.0000000000e+00 1.5559129381e-01
-3.0392701272e-01 -4.0000000000e+00 2.8057087882e-01
8.6678444929e-01 1.4926560168e+00 1.3254297555e+00
-2.3202325926e+00 3.9873123426e-01 6.0397964426e-01
3.0850820235e+00 1.8928017044e+00 5.8779792164e-01
-1.4134237485e-02 6.3129752154e-01 2.0318636853e+00
1.6393926640e+00 1.5630303128e+00 1.3049416475e+00
-4.1975254639e-01 -9.2316751604e-01 1.2375584129e+00
2.0831634636e+00 1.1334044344e+00 1.2001954922e+00
-2.2033782507e+00 1.7833570453e-01 8.1432869330e-01
8.0523449568e-01 -2.0668219379e+00 -4.8121446536e-01
1.3264016326e+00 -1.6335748862e-01 1.3805229582e+00
-2.2877581561e-01 1.8340746192e+00 7.5296475631e-01
2.1703565350e+00 1.4305951652e+00 1.0905540449e+00
-2.0825851854e+00 -2.3925300651e+00 1.3029564495e-01
2.0591284015e+00 1.5671077052e+00 1.1609369207e+00
7.1284294937e-01 1.3247170228e+00 1.5582475069e+00
1.7375035394e+00 6.7770521396e-01 1.7211850498e+00
-1.1454067187e+00 1.7065152414e+00 1.2411134778e+00
4.0000000000e+00 6.3291472228e-01 3.2796267717e-01
-1.9197237336e+00 1.5136215016e+00 9.9620288774e-01
-1.0314403827e+00 -7.7469158164e-01 1.2370195826e+00
-2.0877578807e+00 3.6110770651e+00 7.0186523888e-02
-7.0074937144e-01 2.7049909003e+00 -1.7170005558e-01
-2.4851009560e+00 4.2552628294e-01 4.4728043144e-01
-1.8612783314e+00 2.7519442766e+00 2.0600543451e-01
2.8250029806e+00 1.8742812325e+00 7.0934462965e-01
-1.6922297132e+00 3.3307255347e+00 1.3129271186e-01
1.7214499227e+00 -5.1567690964e-01 2.7027614796e-01
-2.9601787641e+00 -6.7092686910e-02 5.8452458282e-01
-1.6235898050e+00 2.2587657862e+00 5.2296760146e-01
4.7075139502e-01 6.0627923448e-01 2.4319919562e+00
1.3733367255e+00 -2.4191648780e-01 1.1980481979e+00
-2.1041341531e-01 -5.0843890095e-01 1.4660642470e+00
-1.8236016567e+00 2.1921434264e+00 5.1050629475e-01
1.3210361434e+00 1.6455620700e+00 1.1858575414e+00
-2.0797044818e+00 4.0000000000e+00 -9.9559736638e-02
7.8144550587e-03 1.0961497482e+00 1.6124081996e+00
-2.2319980564e+00 1.4476684300e+00 5.4916202800e-01
9.7344964801e-01 1.7808731749e+00 9.1940053323e-01
-3.2360198553e+00 4.3883713153e-01 3.7060986693e-01
2.4687945041e+00 1.5285297525e+00 8.2604373869e-01
1.1683229907e-02 6.6820042142e-02 2.0943521393e+00
9.4385373741e-01 -1.0271213103e+00 2.3259550969e-01
2.4268794911e+00 4.0000000000e+00 1.8882838241e-01
2.3874020519e+00 5.6292638803e-01 6.3921728527e-01
-1.2675433671e+00 1.6918277841e+00 1.2826902214e+00
-8.5656468586e-01 -1.1771377206e+00 1.1908183452e+00
-1.7519522409e+00 -2.2989220621e-01 1.2035131104e+00
-4.0000000000e+00 3.0092747416e+00 -2.8780133560e-01
1.5356965045e+00 3.3660881778e+00 4.1125646445e-01
-4.0000000000e+00 2.9198483470e+00 -3.1188030375e-01
1.0903722624e+00 7.2033763440e-01 2.3512556887e+00
8.0993288143e-01 -1.3981283912e+00 -3.5631496600e-02
4.9287544475e-01 1.9992579742e+00 5.0919443705e-01
-3.4413129133e+00 8.7721009107e-01 1.7103669665e-01
-4.0000000000e+00 2.0382497337e+00 -3.1452226561e-01
4.0000000000e+00 7.5187318601e-01 3.0699835014e-01
-2.7689151332e+00 2.1648800145e+00 -4.4239411771e-02
-3.3381409660e+00 1.7903404443e+00 -1.3260619570e-01
-1.6962029795e+00 -5.3596828349e-01 1.1598876474e+00
-2.2790169171e+00 2.8587618002e+00 1.4974737695e-01
6.3895590296e-01 -9.9324042637e-02 1.9777885859e+00
-3.0145772507e+00 4.0000000000e+00 -7.9732045388e-02
1.7037500193e+00 2.3048745189e-01 1.4420244223e+00
-2.3652847591e+00 3.2588459211e+00 1.1309445955e-01
-3.3968859052e+00 -4.0000000000e+00 1.1472954472e-01
1.0801363976e+00 -1.0276042733e+00 3.0913970325e-02
8.3407353764e-01 -1.7929864693e+00 -3.9472518899e-01
9.7714329449e-01 2.1030134531e+00 4.7447755984e-01
-3.4671437432e-01 6.0326432467e-01 1.7438638455e+00
2.5646111456e+00 9.9091501595e-01 5.6516642037e-01
1.8086157751e+00 1.6205137398e+00 1.2398653369e+00
-2.4858719006e+00 3.3084639484e-01 5.0919334602e-01
1.2692978746e+00 -1.0279472445e+00 -2.4945232012e-01
-1.2118254095e+00 1.4468328063e+00 1.4550370402e+00
-1.5682559609e+00 1.7968905265e+00 1.1222334399e+00
9.5786325221e-01 -7.1590030020e-01 7.8428202272e-01
2.0213967907e+00 2.0930816635e+00 1.0275911580e+00
-5.9580335662e-01 -1.0072410617e+00 1.2274797096e+00
-4.0000000000e+00 1.6510703167e+00 -1.4171137684e-01
2.2517656289e+00 -1.7057631425e-02 2.2742049742e-01
2.0127280101e+00 3.0156503433e+00 7.2759403771e-01
2.1623043603e+00 1.8959678564e+00 1.0758733984e+00
2.3205299233e+00 2.1665253643e+00 1.0279416287e+00
9.9635745114e-01 -4.5248013329e-01 1.2281202984e+00
-8.8438795842e-01 1.2323357053e+00 1.4381955381e+00
1.6339484247e+00 5.1489940598e-01 1.8179604364e+00
-9.4477361037e-01 -1.5208899777e+00 1.1096910826e+00
-2.0536223968e+00 -6.1167106537e-01 9.0016188023e-01
-3.6421670678e+00 -1.3348260271e+00 2.4312952793e-01
-2.6644373434e-01 -9.7896473558e-01 1.2187935396e+00
2.0345328722e+00 -1.1194657581e+00 -1.0973419804e+00
2.6946453270e+00 1.2339222711e+00 4.9714027452e-01
4.0000000000e+00 -2.6371668305e+00 -2.9327669366e-02
-1.5891732116e+00 1.6819034660e+00 1.2266336782e+00
-2.0231659419e-01 2.1311456889e-01 2.0107999074e+00
3.0681113779e-01 1.0250739064e+00 1.8706396450e+00
1.7971780591e-01 -2.2833708878e-01 1.8529129474e+00
-6.7765024319e-01 2.0708369780e+00 5.3830108811e-01
4.0000000000e+00 -1.9516383532e+00 -8.2499537467e-02
-2.1664957382e+00 2.0466647632e+00 3.5484644330e-01
-5.2918539161e-01 1.1247742590e+00 1.4105017119e+00
1.6345774170e+00 -1.0037611695e+00 -6.6702369659e-01
2.8343763611e+00 1.7991402568e+00 6.6884068064e-01
-3.6024591027e-01 7.1493426243e-02 1.8986800316e+00
1.0602032090e+00 2.5566549203e+00 1.0670147994e-01
3.8499373683e-01 -6.3310983655e-01 1.3243995180e+00
-1.2332865198e+00 2.4843388225e+00 2.5100692489e-01
3.7498345512e+00 -3.1448369292e-02 9.0932496380e-02
-1.9687170668e-01 1.3363180673e+00 1.3020727492e+00
2.6636199984e+00 1.3085136840e+00 5.5284378650e-01
-4.7932032149e-01 -7.3320433559e-01 1.2807089125e+00
1.6807135721e+00 2.0268825504e+00 9.3801751269e-01
2.3713356025e+00 -6.4394860905e-01 -5.9090319698e-01
-2.1488139552e+00 2.3123143578e+00 2.5425473105e-01
1.1380987441e-03 -7.6351640264e-01 1.2759567302e+00
-2.1780349080e+00 -1.6124902081e-01 9.1738846429e-01
-2.1525457754e+00 6.9177793365e-01 7.0540285953e-01
8.8095956953e-01 -3.1490666902e+00 -4.4982086029e-01
-3.5818095132e+00 -2.8336077799e+00 3.7722918770e-02
-1.7673452894e+00 1.9057169325e+00 8.5913333183e-01
4.9898834118e-01 -6.1457283985e-01 1.3054161093e+00
6.6933740803e-01 2.3212377833e+00 1.1139598371e-01
1.4479219368e+00 1.5860891881e+00 1.2778097856e+00
2.3880139574e+00 1.1983905502e+00 8.2286020698e-01
-5.5520247335e-01 5.6494213163e-01 1.6125227874e+00
1.9174704468e+00 6.3487555938e-01 1.4324057394e+00
-1.7418835332e+00 5.3616412545e-01 1.1451620921e+00
1.4554481229e-01 3.6603118958e+00 -2.1528444484e-01
2.2103010771e+00 8.1095559178e-01 1.0167701802e+00
1.6627598555e+00 1.3641356479e+00 1.4583022390e+00
1.4089334528e+00 -5.1199042484e-02 1.4588573818e+00
1.7158312907e+00 4.0000000000e+00 2.5106579079e-01
-2.4616100075e+00 9.5736141767e-01 2.9199963020e-01
1.7701467152e+00 8.3852115438e-01 1.6662130005e+00
-1.0737863156e+00 2.0522773573e+00 7.4103900362e-01
1.9054187384e+00 6.3029866405e-01 1.4501849369e+00
1.1104928563e+00 -4.1396431832e-01 1.1888131879e+00
4.0000000000e+00 -1.7435006128e+00 -7.8343092877e-02
3.0674448060e+00 -1.0078663373e+00 -6.1819415108e-01
1.7557674599e+00 8.5824445120e-01 1.6799529283e+00
4.0000000000e+00 3.5690299673e+00 6.5570750933e-02
-3.5328008964e-01 -4.6104515347e-01 1.4849022809e+00
-5.3758599253e-01 -4.3890890274e-02 1.7725937978e+00
9.0455922917e-01 -1.9353279358e+00 -5.8040708939e-01
1.1487697392e+00 -2.7367458794e-01 1.3886006246e+00
-3.7476016699e-02 5.5484914372e-01 2.0551634208e+00
-8.3473466581e-02 -4.0000000000e+00 2.4898346579e-01
2.1437258732e-01 1.6244757178e-01 2.2379720426e+00
1.2150766595e+00 8.9002484715e-01 2.1392590332e+00
2.6042464844e+00 -7.1764328388e-01 -7.3960996887e-01
-2.2227946384e-01 2.3401697873e+00 2.7093677818e-02
1.5420182031e+00 2.1395454483e+00 7.6767614117e-01
1.6659505484e+00 1.4665054674e+00 1.3780318864e+00
-4.0000000000e+00 9.5513810590e-01 3.2064368471e-01
-2.7270985451e+00 1.9109048675e+00 -3.9123928430e-02
-8.4804017782e-01 7.5763722260e-01 1.4618801592e+00
1.9259937544e-01 -4.7158039629e-01 1.5488041573e+00
-2.1031764240e+00 -1.3458697994e+00 4.1019116181e-01
-1.2214712879e+00 2.6291817594e+00 1.2590922146e-01
1.5396228144e+00 -1.1995868205e+00 -8.9557080495e-01
-9.0169682876e-01 2.2749250323e+00 3.5030978452e-01
1.7830105383e+00 1.5566728428e+00 1.2840987247e+00
-1.5077447515e+00 6.8511734940e-01 1.3339351744e+00
-3.3377997686e+00 1.7869176660e+00 -1.3205637896e-01
-7.7939038109e-01 -6.2176638921e-01 1.3093015756e+00
1.0765989608e+00 4.0000000000e+00 2.0753969611e-01
-7.9270338329e-01 -3.8969003753e-01 1.4578270546e+00
4.4722496555e-01 -2.5389769222e-01 1.8132417881e+00
-1.2527761377e+00 1.5893534764e+00 1.3705312814e+00
-1.8512600665e+00 3.2990776246e-01 1.0685130460e+00
-1.4159572450e+00 2.9802239537e+00 5.2961677988e-02
-3.9993653231e+00 2.7282527840e+00 -3.5211094503e-01
4.0000000000e+00 2.4489744769e+00 2.8317043189e-02
-2.4893978754e+00 1.5242731117e+00 1.8048869367e-01
-8.9561590479e-01 2.6045164601e+00 -4.7005899390e-03
-4.9534586492e-02 -7.4316098991e-01 1.2920852286e+00
-2.6921721207e-01 -5.6519656551e-01 1.4040974740e+00
-2.5869830727e+00 6.2291676204e-01 2.5941178085e-01
6.0964381167e-01 7.5655599343e-01 2.3681784324e+00
-6.6775683281e-01 -1.5833803402e+00 1.1325036085e+00
8.8929152777e-01 -2.0552367543e-01 1.7057395081e+00
-2.1165614264e+00 1.2500036227e+00 7.7509745826e-01
-1.1419248751e+00 -8.8010108983e-01 1.1922598435e+00
1.8634231406e+00 2.8764137703e+00 6.7500853038e-01
-9.4079214452e-01 1.0565390186e+00 1.4761779010e+00
-1.3727637663e+00 -8.6734315789e-01 1.1366004762e+00
-4.2393737548e-01 2.5691621683e+00 -1.6906583705e-01
2.8707423098e+00 -8.4381605788e-02 -3.7974551749e-01
2.8266588442e+00 1.9028390499e+00 7.2097857353e-01
-2.4204004126e+00 2.1254015351e+00 1.2395061504e-01
1.6790611921e+00 2.1392022245e+00 8.5598430561e-01
1.1477657539e+00 -6.5208417838e-02 1.7193910161e+00
-1.4013178275e+00 3.3484444825e+00 3.8568106933e-02
4.0000000000e+00 1.0602591932e+00 2.5043430828e-01
2.5086593720e+00 7.2388231046e-01 5.6188017285e-01
1.4829155962e+00 1.3271631819e+00 1.5493599605e+00
2.7900298371e+00 -7.2291219121e-01 -7.2747950028e-01
1.7329686761e+00 1.4216653615e-01 1.2807734115e+00
-1.6578472058e+00 1.1007723256e+00 1.3842847906e+00
-9.8801394873e-01 2.3634941147e+00 2.7931209460e-01
1.7144583672e+00 1.9128170524e+00 1.0376630100e+00
2.1095449549e+00 -2.5351881123e-01 1.5108870989e-01
-2.5737487204e+00 -3.3065133539e-01 6.4221621016e-01
-2.7366362874e+00 -4.0000000000e+00 3.1465693219e-02
1.6525478137e+00 -1.3204616882e-01 1.0045321260e+00
-1.0039706393e+00 -1.9917702687e+00 8.8319354965e-01
2.7088643130e+00 5.4266206591e-01 2.6018804530e-01
-4.0000000000e+00 1.5687628306e+00 -9.7492214922e-02
-1.2096111792e+00 9.5117177130e-01 1.4924606375e+00
2.6105697035e+00 1.0277818901e+00 5.2212437611e-01
-4.9104395803e-01 9.1646750233e-01 1.5063451861e+00
-5.2400485646e-01 3.0814495412e+00 -3.8658599671e-01
-1.6861553374e+00 -1.3705484361e+00 7.3115621457e-01
1.5507067210e+00 1.7823603038e+00 1.0983212105e+00
-8.6816295437e-01 -1.6366537824e+00 1.0949982204e+00
-1.3429120606e+00 9.4165072291e-01 1.4824650093e+00
2.4707737330e+00 1.8026800676e+00 9.1565867561e-01
4.0000000000e+00 -2.2594076872e+00 -7.6227469825e-02
3.9376546875e+00 -2.6706611927e+00 -2.2486592877e-02
-1.3965041715e+00 -2.2746516670e+00 5.0119236854e-01
4.0348410865e-01 -2.0893685935e+00 8.6894264051e-02
-7.4331335414e-01 3.4743759586e+00 -2.2273086966e-01
-2.4777832597e+00 4.0045522761e-02 6.7698035153e-01
-1.0157616319e+00 6.4149969282e-01 1.4353053415e+00
-3.1788770762e+00 3.2814467234e+00 -1.8663492871e-01
-2.2308612588e+00 -5.2354519215e-01 8.0992104122e-01
6.3848872432e-01 -1.8195647647e-01 1.8638435411e+00
-1.5094059424e+00 8.4865850248e-01 1.3982630266e+00
-1.7014066190e+00 -4.0000000000e+00 1.4090256891e-01
2.3893101981e+00 2.7370554461e+00 9.0482607382e-01
-2.5444662376e+00 -1.3215501910e-01 6.7986462944e-01
-1.3150757096e+00 1.3983408660e+00 1.4875128812e+00
-2.8233795574e+00 -1.7414189558e-01 5.8881361220e-01
1.0026342792e+00 2.0937633877e+00 4.9606435725e-01
4.0000000000e+00 1.9205921228e+00 1.0469400302e-01
3.4375079691e-01 1.2858964860e+00 1.5216198848e+00
-2.5927851330e+00 2.5636435964e+00 4.7288192103e-02
-2.6221394226e+00 1.6875423052e+00 3.3281691969e-02
1.7680026289e+00 2.1644297478e+00 8.9170580302e-01
1.6032792640e+00 2.0405029847e+00 8.8670892979e-01
-2.5649214799e+00 2.3031715075e+00 4.2890880543e-02
-1.2934006502e+00 4.0000000000e+00 -2.7529729660e-02
1.7543900564e+00 2.7676321504e-01 1.4163463322e+00
-3.1667565189e+00 8.1488364072e-02 5.7188730865e-01
7.7015254731e-01 1.6968358536e-01 2.2834749262e+00
-1.9144626329e+00 -1.7124442203e+00 3.9724041756e-01
-3.3459496569e+00 2.1865025077e+00 -1.8510054440e-01
-1.3050122010e+00 8.2075141097e-01 1.4427850733e+00
1.3561966357e+00 -8.1877788013e-01 7.1158816800e-02
-2.1265352389e+00 3.2318957163e+00 1.6364030065e-01
-8.4613420977e-01 -1.7681663051e+00 1.0499819984e+00
3.7875609028e+00 -1.5820224239e+00 -8.8290394311e-02
2.9610059228e+00 4.5747938757e-01 7.8472096505e-02
-3.5582037615e-01 7.1028231256e-01 1.6793287916e+00
2.5496937942e+00 6.9960777822e-01 5.0240432061e-01
-1.8539777256e+00 -9.8254515092e-01 8.0660420438e-01
3.2096710694e+00 -7.5949481883e-01 -5.3532544314e-01
6.0078922973e-01 4.0000000000e+00 1.0838438002e-01
1.1579103083e+00 9.8838760669e-01 2.0479489195e+00
-3.5114675898e+00 4.0000000000e+00 -7.3627110491e-02
1.2731100717e+00 7.4758271354e-01 2.2206724224e+00
2.2708393091e+00 2.1729779020e-01 4.7689786318e-01
-1.8395958397e+00 1.1850274253e+00 1.1906809465e+00
2.0623936775e+00 3.1602445613e+00 7.0778463853e-01
-1.6048771425e+00 4.0000000000e+00 -4.6373127721e-02
1.6266930502e+00 1.5234075503e+00 1.3394227187e+00
-2.3005840667e+00 3.5151274446e-02 7.9511192057e-01
1.3682697527e+00 1.1602973699e+00 1.7643145436e+00
-3.3025595227e+00 1.4237573215e+00 -6.5012339198e-02
-8.4373371779e-01 7.8202980655e-01 1.4620611741e+00
-2.1727612759e+00 1.3997483819e+00 6.5458132588e-01
1.6424650612e+00 2.0815183018e+00 8.7624223827e-01
6.0356023086e-01 -7.9927639373e-02 2.0137509008e+00
-1.8024423943e+00 -7.2593688875e-01 1.0068118113e+00
6.6841466231e-01 -4.0000000000e+00 6.9626013467e-02
-3.4714060409e-02 -4.0000000000e+00 2.4037450635e-01
4.0000000000e+00 1.5974856696e+00 1.6678422871e-01
-2.2382196691e+00 -1.5906112148e+00 2.1706717946e-01
4.7851125885e-01 9.8497780148e-01 2.0167275817e+00
4.7185447262e-01 9.5322955215e-01 2.0602602710e+00
2.4099010775e-01 5.5468125944e-01 2.3039538477e+00
5.6098807785e-01 -1.9627547124e+00 -6.0366332875e-02
-1.6972835162e+00 3.6666465006e+00 6.0973045322e-02
1.3200805382e+00 1.9951096776e+00 7.6852697049e-01
-2.1412501553e+00 -2.4036599031e+00 1.1451020088e-01
2.2098433297e+00 2.5221698637e+00 9.5353113722e-01
-1.5939365512e+00 2.1174015527e+00 6.9080323475e-01
-1.4428242953e+00 1.7951331251e+00 1.1662724309e+00
1.4252874552e+00 -2.7644349653e-01 1.0773771489e+00
3.1302158768e+00 -4.0000000000e+00 -1.0537931975e-01
5.9711080955e-01 -2.1647800428e-01 1.8291541469e+00
-3.8449369650e+00 4.1198064232e-01 5.9655299427e-01
1.7255134110e+00 3.6761144653e-01 1.5615320871e+00
1.3614913869e+00 1.9875198893e+00 7.9993668470e-01
-7.4799317021e-01 4.0000000000e+00 -3.2175007888e-02
-1.3999579465e-01 2.4413652092e+00 -1.0299539336e-01
1.4828917745e+00 -1.6310288251e+00 -1.2550166474e+00
-1.1743028829e+00 -3.0001374463e-04 1.4914730123e+00
2.7434531871e+00 1.1887602371e+00 4.4132508057e-01
2.1570453146e+00 5.4181732588e-01 9.8468781742e-01
1.9544868315e+00 2.0713205343e+00 1.0190801656e+00
3.0555133306e-01 -1.0151339784e+00 9.8146270347e-01
3.6092383171e+00 -4.3421545623e-01 -2.1771495798e-01
-6.2418198631e-01 5.2808846866e-01 1.5899407628e+00
-2.6396578967e+00 1.5908504068e+00 3.1064758937e-02
-2.3480606194e+00 7.5869231550e-01 4.5280706148e-01
1.5475864779e+00 -4.1253947724e-01 6.8513790412e-01
-2.1478944111e+00 6.2163247018e-01 7.1504720557e-01
7.5139528811e-01 4.0232068045e-01 2.4886614716e+00
1.4492033048e+00 -7.6456750417e-01 7.5607046501e-02
4.0000000000e+00 -2.0184950285e+00 -8.3229580336e-02
-1.5786582986e+00 -7.6417303230e-01 1.1064510630e+00
2.4981133578e+00 -8.1231020755e-01 -8.0791973842e-01
1.9345764725e+00 1.5854728248e+00 1.2176019136e+00
1.0090572517e-01 -6.7528844689e-01 1.3336556541e+00
-6.4999111379e-01 2.5340522839e-01 1.7022155003e+00
4.0000000000e+00 2.3451923100e+00 3.4604440713e-02
-1.2170917846e+00 1.9299239478e+00 9.7438900786e-01
-6.1080742654e-02 -4.1480734287e-01 1.5933423228e+00
1.1099235415e+00 1.2805342425e+00 1.6505328300e+00
1.8240018582e+00 -4.2436384462e-02 8.7539925426e-01
-2.7592521210e+00 1.8736565464e+00 -5.2482391900e-02
-2.5508248781e+00 1.7490591340e+00 8.2183688222e-02
2.1612836567e+00 -9.9352010907e-01 -9.6449469703e-01
-1.2983105796e+00 2.6573145033e-02 1.4378332098e+00
1.3358327379e+00 1.7948906697e+00 1.0102436679e+00
-2.3992425574e+00 1.4064428618e+00 3.1510377863e-01
2.5783975681e-01 -2.8017330175e-01 1.7921542189e+00
-1.5978121421e+00 2.5186965559e+00 3.0490919953e-01
2.2760743791e+00 4.9194502826e-01 7.5327586688e-01
3.4514931884e+00 7.3272651306e-01 2.0150643723e-01
-1.9432075298e+00 2.6407156174e+00 2.2841324744e-01
1.6950266244e+00 3.6788097004e+00 4.0114079730e-01
3.2493693669e+00 6.3991253930e-01 1.6161999153e-01
-8.4678544433e-01 1.8145328294e-01 1.6208012265e+00
2.4272657333e+00 9.0309516155e-01 7.2016264406e-01
2.9472068803e-01 2.8777825617e-02 2.1537726821e+00
-1.3071766369e+00 -1.3047644435e+00 1.0156237228e+00
-8.3374959331e-01 8.8455557887e-01 1.4626033173e+00
1.1443259163e-01 1.0630241306e+00 1.7097253816e+00
2.7012310312e+00 -9.3178114923e-02 -3.3178202225e-01
2.3423754703e+00 1.9935566948e+00 1.0227531321e+00
4.1649141975e-01 -1.1678868045e+00 7.4939964609e-01
2.5883499511e-01 -6.2178560010e-02 2.0550575938e+00
4.0000000000e+00 4.8809790790e-01 3.5068312811e-01
4.0000000000e+00 -3.9390438923e-01 1.1483709539e-01
-1.9997389085e+00 8.1263295047e-01 9.1613638498e-01
1.4251546940e+00 2.9453457629e-01 1.9160402329e+00
2.1548988278e+00 3.9944915762e-01 8.6591416426e-01
-1.6034577644e+00 8.6480901263e-01 1.3528095283e+00
-1.3602556109e+00 1.4092318432e+00 1.4814346265e+00
1.5559340581e+00 -3.7558603374e+00 -2.6743049083e-01
8.9775850758e-01 1.7115016576e+00 1.0063099552e+00
3.2496610116e+00 -1.1941167379e+00 -4.4047298739e-01
-1.2588996078e+00 3.8604398337e+00 -1.9828690818e-02
-2.6123668353e+00 5.4188699344e-01 2.8718963761e-01
-1.2821046502e+00 1.7290213875e-01 1.4277883803e+00
-2.2427999807e+00 -2.3231601562e+00 8.5649158606e-02
-1.5470449512e+00 -4.4713438749e-01 1.2568117776e+00
-9.0825760793e-01 -4.8294762821e-01 1.3766425212e+00
2.6832910193e+00 1.6323064677e+00 6.8399396561e-01
3.2366245132e+00 2.3168439306e+00 5.5531338898e-01
2.9466100160e+00 3.2173989764e+00 4.4565185142e-01
-1.3520805129e+00 2.6458119288e-01 1.3818094528e+00
4.0000000000e+00 -1.9121139539e+00 -8.1800734849e-02
-1.4577398027e+00 3.1101073813e+00 5.8521614545e-02
-1.6252433775e+00 1.8349754646e+00 1.0471666484e+00
1.4991895420e+00 1.5857504240e-01 1.6500942350e+00
3.8036950108e+00 1.0036336682e+00 2.4189162685e-01
-1.2258789644e+00 1.2784483446e+00 1.5174016133e+00
2.1299720537e+00 5.3185802833e-01 1.0224419509e+00
4.5023890700e-01 -7.5781366441e-01 1.1460934224e+00
-2.1357715650e+00 2.1285420411e+00 3.3756792018e-01
-8.8223445629e-01 9.5479192711e-01 1.4658074306e+00
5.6953819078e-01 -2.5213093314e-01 1.7877820254e+00
2.3758370422e+00 1.9637613681e+00 1.0062702398e+00
-1.0941297490e+00 -1.2614072257e+00 1.1201292125e+00
2.2740003262e+00 -3.5057079817e-01 -1.7646582469e-01
-2.1971957402e-01 3.1713767872e-01 1.9836862393e+00
-3.2648304407e+00 2.4694121030e+00 -1.8847580428e-01
-2.5677556584e+00 2.9199112771e+00 6.5815898659e-02
1.0425366263e+00 -1.4564058326e-01 1.6862487225e+00
-4.0000000000e+00 1.2435447266e+00 1.0307659571e-01
-1.6929907614e+00 2.8799348775e+00 1.6115345809e-01
-2.3795585424e+00 3.5062687731e+00 5.1832862170e-02
-2.5105464094e-01 -1.0461064025e+00 1.2010544387e+00
4.0000000000e+00 1.8548714214e+00 1.1926774442e-01
-8.3798222205e-01 1.7176259743e+00 1.1009544770e+00
-2.9578095465e+00 -1.9434031705e-01 5.7564528285e-01
1.8307156506e+00 1.7652979392e+00 1.1542541634e+00
-2.3203357445e-01 1.7331976746e-01 1.9897673422e+00
1.4620852941e+00 -4.3018522796e-01 7.6193055564e-01
-3.9030682366e+00 4.7580921611e-01 5.9014697743e-01
-1.1931259267e+00 1.4204751201e+00 1.4642751107e+00
-8.9151007985e-01 1.1475681945e+00 1.4584192297e+00
-1.0271764250e+00 2.0427769894e+00 7.3762933849e-01
-1.4683789214e+00 5.6142615290e-01 1.3181869321e+00
1.4250454849e+00 2.0162734992e+00 8.0598132092e-01
8.2739774637e-01 6.0394323358e-01 2.4980088316e+00
-1.8405502216e+00 2.2411854244e+00 4.6086459797e-01
1.9315893405e+00 1.6951446660e-01 9.8535574494e-01
2.3411161675e+00 1.6443757485e+00 9.7149212212e-01
1.5325535977e+00 1.6802539041e+00 1.1931054659e+00
2.8232651307e+00 1.8923157807e+00 7.1831535951e-01
-1.5981041070e+00 -4.1559341162e-01 1.2458881451e+00
-9.9419190446e-01 9.6633307944e-01 1.4784735336e+00
3.4719157611e-01 -2.3470922748e+00 -1.3885367412e-04
-3.1807879064e+00 -9.1120751512e-01 2.8616002500e-01
-6.8848160487e-03 -1.6755029779e+00 8.3650925791e-01
-1.4893294820e-01 -6.8293025733e-02 1.9356303756e+00
1.8174354034e+00 1.2827348411e+00 1.4208770968e+00
4.7399923574e-01 -9.4274309101e-01 9.1580053559e-01
1.7270659797e+00 1.7508358039e+00 1.1595324441e+00
2.4912248277e+00 2.6312830509e+00 9.2002190574e-01
1.5887271862e+00 -1.4462104111e-01 1.0758307509e+00
2.0850932831e+00 3.5890539373e-01 9.4283113887e-01
-1.9041758009e+00 1.9789515224e+00 6.5716383106e-01
-1.8650552193e+00 5.9072015073e-01 1.0355059438e+00
-7.7796660540e-02 3.1258546805e-02 2.0330432263e+00
-1.0722592878e+00 1.3902168245e+00 1.4456452743e+00
1.7775898151e+00 1.7326193524e+00 1.1742815598e+00
-2.0844772216e+00 -3.1369267634e-01 9.7475222852e-01
-2.6478133987e+00 2.8118870720e+00 3.5974795101e-02
-3.3533828218e+00 8.5429247382e-01 1.5005360447e-01
6.9793679399e-01 6.2766091762e-01 2.4897045332e+00
1.1378674725e+00 1.6513472479e+00 1.1365947999e+00
1.3985023299e+00 3.4602565614e+00 3.2062625349e-01
8.6896043186e-01 -1.9838711099e+00 -5.4499842334e-01
2.5617759009e+00 4.7700081470e-01 3.4801511705e-01
-2.2053212726e+00 2.9961563180e+00 1.6096506576e-01
1.4207700306e+00 -1.7723158921e+00 -1.2451579896e+00
-2.5592173381e+00 9.9144299233e-01 1.8221225367e-01
-3.6092911371e-01 -2.2310914917e+00 6.9570473590e-01
1.9151443596e-01 -1.2308673790e-01 1.9787853861e+00
-2.6176574424e+00 1.9059129912e+00 1.7678294144e-02
-9.5417870822e-01 -1.0278754285e+00 1.1957342250e+00
1.9912315669e+00 1.0119694415e+00 1.3356724857e+00
1.4929858555e-01 -9.6245674882e-01 1.1137329050e+00
2.0747502310e+00 1.1495337856e+00 1.2082849281e+00
7.7951063057e-01 -8.7474392104e-01 6.9792394391e-01
1.8493880094e+00 -1.5790157642e+00 -1.4416574950e+00
-4.4101318628e-02 -3.6994427391e+00 1.9217693327e-01
1.7654329269e-01 -1.8945888891e+00 5.1159335561e-01
-9.2749761260e-02 4.0000000000e+00 -1.7061020527e-02
1.5106861969e+00 -4.0000000000e+00 -1.7888076784e-01
-9.5529503242e-01 -2.0341869575e+00 8.7125813596e-01
-2.8666976501e+00 2.3775770004e+00 -6.1835641890e-02
-2.2438848092e+00 1.4885012541e+00 5.1921650697e-01
1.2862902446e+00 -1.0471607380e+00 -3.0957764917e-01
-1.3109817024e-01 -2.8825154225e-01 1.7236571325e+00
-2.6323052176e+00 -4.8388243240e-01 5.5763061027e-01
-2.3312846954e+00 -2.2518808604e+00 6.5718660214e-02
9.4487399754e-01 1.5202665786e+00 1.2937107843e+00
2.6531885182e+00 -4.0000000000e+00 -2.4546590972e-01
-1.1088387497e+00 2.4946201409e+00 1.9184274749e-01
2.1669907653e+00 1.4937448580e+00 1.0931786959e+00
-7.5626499650e-01 -8.3224836165e-01 1.2430533390e+00
2.8041756914e+00 2.8909070400e+00 6.8667829060e-01
-1.8889812250e+00 2.2574166240e+00 4.2432291722e-01
2.3714616614e+00 2.7023818698e+00 9.1734374936e-01
-3.3582353601e-01 2.7485841759e+00 -3.2993027186e-01
6.1640179440e-01 4.0000000000e+00 1.1192539116e-01
-1.7759121943e-02 1.7259224801e+00 8.8582960834e-01
-2.5097449364e+00 6.3154277107e-01 3.1580112861e-01
-1.1868273486e+00 -1.8029914344e+00 9.0720953456e-01
-1.1691359771e+00 2.7468341020e+00 2.6532645817e-02
-2.3720693629e+00 1.4858201762e+00 3.3461501118e-01
-2.4226981582e+00 1.3893018660e+00 2.8728295422e-01
-2.6103556150e+00 3.3030254884e-01 4.3687313242e-01
2.8829345411e+00 1.1492556512e+00 3.3954383809e-01
1.4499778397e+00 1.1742121455e+00 1.7182918223e+00
2.1658707875e+00 2.2023354083e+00 1.0241588871e+00
-7.2400675762e-01 -4.0958639374e-01 1.4561734412e+00
5.9700216986e-01 2.1606681112e+00 2.8991345326e-01
1.1093921979e+00 1.9027714879e+00 7.8644797029e-01
1.5270613784e+00 -2.9225675216e+00 -7.9693641867e-01
9.4244229729e-01 -1.7126808307e+00 -5.2486573295e-01
1.2003627349e+00 -4.8882175366e-01 9.6102971908e-01
1.7777789483e+00 9.7850076153e-01 1.6101630694e+00
2.5148616353e+00 1.4681509854e+00 7.5937179873e-01
-1.0152567358e+00 -3.4507656641e-01 1.4388292890e+00
1.2737771738e+00 2.0088743500e+00 7.2744037077e-01
-2.7826470662e+00 1.3595253599e+00 -2.7064368586e-02
4.0869694693e-01 -1.1476213973e+00 7.7569113814e-01
1.0278012874e+00 -8.8567272049e-01 3.6871137700e-01
-2.2061266984e-01 -7.6212299148e-01 1.2830595730e+00
-1.9965899769e+00 4.0442652343e-01 9.1914415196e-01
1.4278679970e+00 -9.0141570255e-01 -2.0854240188e-01
-2.2232182429e+00 2.9629016127e+00 1.5873428676e-01
2.3314878244e+00 1.0457855667e+00 8.7403088907e-01
-4.0000000000e+00 1.9532274032e+00 -2.8327671843e-01
-1.1428243636e+00 7.7592018125e-01 1.4421844133e+00
3.0193647065e+00 -4.0000000000e+00 -1.3587314612e-01
-2.2076389725e-01 -5.2554757870e-01 1.4477075646e+00
2.3506632698e+00 6.8091554304e-01 7.6043104919e-01
-2.0787878486e+00 8.9851895250e-03 9.6700156129e-01
-1.6250653821e-01 1.4625535519e+00 1.1844600747e+00
9.4164387775e-01 9.7862050581e-01 2.1075545264e+00
-1.0332575883e+00 1.1323035118e+00 1.4951459927e+00
2.8231578357e+00 -2.4230511508e+00 -3.0812721450e-01
-1.1079015229e+00 -1.0611905462e+00 1.1569636865e+00
-1.8440119621e-01 1.6857226780e-01 2.0207028179e+00
1.1387016950e-01 2.3719675820e+00 -3.8207698316e-02
-2.4307724162e+00 -8.6052462661e-01 4.6342550476e-01
-1.9187398275e+00 1.8811254080e+00 7.3852195251e-01
-9.4161500920e-01 1.6762558966e+00 1.1919949682e+00
3.1872075822e-01 -3.2822662630e-02 2.0933593834e+00
2.0508467465e+00 8.3460091397e-01 1.2632815779e+00
6.3714358421e-01 1.6364237345e+00 1.0815393695e+00
-1.3969957959e+00 2.7963879047e-01 1.3603482736e+00
1.5577350407e+00 2.5514448716e+00 5.2490352382e-01
1.3466603804e+00 -2.2638416743e+00 -1.1225450889e+00
6.6117173027e-01 -3.8009786713e-01 1.5694728097e+00
1.8654392621e+00 -1.0694497308e+00 -9.6525175580e-01
-7.1614549338e-01 1.6921286980e+00 1.0700705152e+00
-1.4094417183e+00 5.0666208348e-01 1.3350361765e+00
-1.6785666359e+00 9.9525292505e-01 1.3413707758e+00
1.6118813954e+00 3.9128232993e-01 1.7585744110e+00
4.0825810650e-02 -4.0000000000e+00 2.2598482781e-01
1.6065356019e+00 -2.2134098133e+00 -1.2769062465e+00
1.9455450507e+00 5.2526678310e-01 1.3284287274e+00
1.8218295197e+00 -9.0485883409e-01 -6.4216239740e-01
1.1041506001e+00 1.1491677162e+00 1.8385510149e+00
-1.6070419117e+00 1.3246534251e+00 1.4151708393e+00
9.8172919676e-01 -1.0866044955e+00 8.1736783611e-02
2.0564457147e+00 1.2402633194e+00 1.2159698337e+00
-3.5575239438e+00 4.0000000000e+00 -7.7625653375e-02
-1.7921072054e-01 2.9883553556e+00 -4.5921110372e-01
2.5692445129e-01 -4.0000000000e+00 1.7842564136e-01
-5.4603227775e-01 -1.5474210717e+00 1.1360388479e+00
1.1760161102e+00 2.8916754536e-01 2.1776721304e+00
-3.1474881027e+00 -3.0107034814e+00 2.7269025675e-02
-1.3671662530e+00 3.0484048468e+00 2.1801718645e-02
-3.0072875286e+00 1.7015711964e+00 -1.0746637499e-01
-2.2602960621e+00 2.9924144031e+00 1.5207484313e-01
2.1960514382e+00 8.6237384841e-01 1.0472791304e+00
-2.4159463502e+00 9.7233583961e-01 3.4691364127e-01
-1.1757319581e+00 3.7865249257e+00 -3.1424834407e-02
2.0687650721e+00 1.4923382348e+00 1.1670365368e+00
6.9687570815e-01 1.7956063399e+00 8.5044668576e-01
-3.2675069628e+00 -9.5305702766e-01 2.8426966523e-01
8.4300770093e-01 1.3351766372e+00 1.5593210040e+00
2.2602186535e+00 1.3581100852e+00 9.9864072479e-01
-4.5504037872e-01 -4.0950887529e-01 1.5122021304e+00
-2.8900161030e+00 -1.4876386079e+00 1.1966716943e-01
1.5975837238e+00 -2.9955735422e-01 8.1475573612e-01
-4.4373330265e-01 2.2622464612e+00 1.7960368471e-01
1.5913834170e+00 1.1307242638e+00 1.6831992104e+00
-2.1806056648e+00 -4.0000000000e+00 3.2632408547e-02
-6.8016594929e-01 -5.4273035818e-02 1.7026250492e+00
-8.3977910979e-01 -5.3685200315e-01 1.3515686755e+00
2.2077043808e+00 1.0100533753e+00 1.0420267883e+00
-2.5269021347e+00 2.2880943880e+00 5.8943222197e-02
-1.2420629426e+00 9.3188089180e-01 1.4866430677e+00
1.4715695330e+00 3.5199087246e-01 1.9165711261e+00
2.4950543646e+00 1.6921503678e+00 8.6051597755e-01
-1.9745347834e-01 2.9640968820e-01 2.0059231189e+00
-1.0920603173e+00 5.5027180293e-01 1.4209094439e+00
-1.6903467618e+00 1.4149459613e+00 1.3158485805e+00
-1.6522333217e+00 -2.3861418994e-01 1.2581305770e+00
4.9312669447e-01 -1.6102445060e+00 2.8546368383e-01
2.2546819642e+00 1.5361320524e+00 1.0241021126e+00
-1.5199828511e-01 -2.2402451412e+00 5.6797717237e-01
2.0778700995e+00 -9.9279529278e-01 -9.4144343363e-01
1.5030428926e+00 9.2400625213e-01 1.9158550111e+00
1.4801901069e-01 1.9878479417e+00 5.0134092376e-01
1.2801122601e+00 -9.7681640151e-01 -1.6623772339e-01
-4.0000000000e+00 -1.6986123778e+00 1.2078663928e-01
-2.6667187014e+00 -1.1083493211e+00 2.1927998083e-01
-3.9018377823e+00 1.5390799049e+00 -7.4889227858e-02
-8.8145955477e-01 2.9191843383e+00 -1.9507433892e-01
3.3815194634e-01 8.8257739533e-01 2.0823618052e+00
-1.3633324192e+00 3.0352733861e+00 2.1430553320e-02
-7.1017259540e-01 2.6748496355e-01 1.6633637082e+00
2.7297746837e-01 2.0287141076e+00 4.4241052499e-01
-2.8362307860e+00 2.4915575527e-01 4.4206527143e-01
1.5022080952e+00 -1.9927727729e-01 1.1062604030e+00
-4.7053391624e-01 -3.3077773597e-01 1.5835479436e+00
-4.7944407635e-01 -4.0000000000e+00 2.9614263954e-01
2.2596053078e+00 1.6647247925e+00 1.0337458201e+00
-2.5401910184e+00 4.5640893451e-01 3.8757471909e-01
-1.1312937698e+00 1.0715025492e-01 1.5032954429e+00
-1.4216414049e+00 -1.6211819459e-01 1.3742875913e+00
3.7169523487e-01 3.2964158472e-01 2.3908629034e+00
-1.5114866540e+00 1.2280323351e+00 1.4864946591e+00
1.6472635555e+00 2.1098024163e+00 8.5784495590e-01
-1.8246570588e+00 3.3915473249e+00 1.4153047979e-01
6.7909206861e-01 2.0597936467e+00 4.4750562145e-01
1.4718922226e+00 -3.1938196372e-01 9.4609590331e-01
-2.5378393370e+00 4.1649378677e-01 4.1604161694e-01
-3.3987018946e+00 2.1562897354e+00 -1.9311723650e-01
-3.1209508567e-01 4.8288817219e-01 1.8378123535e+00
-2.4557362900e+00 1.4305650231e+00 2.3754782063e-01
-8.7896788462e-01 6.4080042141e-01 1.4623440957e+00
1.1968364514e+00 2.7471039055e-01 2.1431538197e+00
-1.3341653241e+00 -5.0069595554e-01 1.3001883083e+00
-8.4010519137e-01 -2.7283275689e+00 4.6331223935e-01
-4.7926361603e-01 -1.3044263904e+00 1.1831154053e+00
-2.9533747480e+00 7.2957517620e-01 1.0432663444e-01
-2.1292892238e+00 1.6091485889e+00 6.4681446792e-01
1.4122392206e+00 -7.2415705859e-01 2.1533385454e-01
-2.6031855993e+00 1.9196819700e+00 2.5710954738e-02
-8.4077723721e-01 -2.4271424295e-01 1.5454882254e+00
-1.3458145600e+00 1.3357271044e+00 1.5084129818e+00
2.7197272961e+00 1.0370091277e+00 4.2044996082e-01
4.9991808152e-01 2.3678875810e+00 1.5606763452e-02
2.1534216025e+00 1.7930562124e+00 1.0885922943e+00
2.3923008060e+00 2.4599157916e+00 9.7959017592e-01
-1.4311602350e+00 -4.5568081941e-01 1.2926367416e+00
-1.7515719234e+00 5.8981658157e-01 1.1436705163e+00
2.7688336165e+00 2.5398409221e+00 8.1990654760e-01
-1.8401612171e+00 3.7640532266e+00 2.8133050726e-02
2.2274668379e-01 -1.2045735262e+00 9.0736571200e-01
6.3791343894e-01 -4.0000000000e+00 7.8204360642e-02
-5.3084771639e-01 1.3509349556e+00 1.2850541086e+00
1.9534338805e+00 2.7270931030e+00 7.7461506036e-01
5.3894887424e-01 -1.1736333182e+00 6.0083859264e-01
-2.7855455756e+00 -1.6125845210e+00 8.8253719908e-02
3.4261792174e-01 -7.2946837648e-01 1.2283289624e+00
1.8502043625e+00 2.9229708450e+00 6.5580004183e-01
-2.1659904491e+00 1.8482912148e+00 4.7292412095e-01
-1.9573881578e+00 9.0264991888e-01 9.9200380687e-01
4.7193746933e-01 -5.9180610907e-01 1.3470173257e+00
-2.9743679492e+00 2.5652064552e+00 -9.4749236929e-02
-1.2349494254e+00 -5.3627857754e-01 1.3043066595e+00
2.1676604909e+00 1.5085204124e+00 1.0925316560e+00
2.8420780223e-01 -5.3562610700e-01 1.4645967999e+00
1.6621237142e+00 4.9873182801e-01 1.7670606447e+00
-1.8989544142e+00 1.8637868253e+00 7.7623991104e-01
1.6823616502e+00 -5.4785500676e-01 2.5810695325e-01
1.5234225252e+00 2.8859617058e+00 4.0011309192e-01
3.9734826378e-01 2.9962006604e+00 -3.9243735589e-01
1.3412090494e+00 8.4851100704e-01 2.1006442155e+00
-2.9839066686e+00 2.5178226952e+00 -9.8163028262e-02
-1.6940000663e+00 3.8184680486e-01 1.1853261106e+00
-3.7806451266e+00 -2.8981480684e+00 5.5555053619e-02
-5.8091989031e-01 -1.2670796935e+00 1.1964881637e+00
-9.6108322516e-01 1.1422766015e+00 1.4769828956e+00
-3.4504004566e+00 -2.6178729422e+00 5.3552158515e-02
-9.9140797544e-01 4.9962562873e-01 1.4549788002e+00
2.9968248637e-01 -1.0178202656e+00 9.8357590163e-01
-3.0417601495e-01 -1.3226086709e-01 1.8221174272e+00
-8.4945007247e-02 1.4535018718e+00 1.2030950394e+00
-2.4520752398e+00 1.0334027140e+00 2.9638775172e-01
-1.8544895251e+00 3.7806805794e-01 1.0566559973e+00
-6.0378610440e-02 1.7041409158e+00 9.1358806696e-01
8.3500196919e-01 -9.6453367006e-01 4.8463281586e-01
2.4819582187e-02 2.9521632861e+00 -4.6040569119e-01
-3.4424144656e+00 -1.2123176344e+00 2.5332977264e-01
-1.1762490439e+00 -6.8325032817e-01 1.2513903644e+00
-6.5636173343e-01 2.3450290227e-01 1.7052102062e+00
-3.6832406049e+00 4.0000000000e+00 -9.2414002094e-02
1.0369020426e+00 -1.6819175119e+00 -6.6096014810e-01
-1.0851424100e+00 2.5921802720e+00 9.4714496412e-02
-5.4814948353e-01 -1.8298177411e+00 1.0271323928e+00
-1.7130741618e+00 1.2004573558e+00 1.3386091040e+00
4.0000000000e+00 -1.8900854349e+00 -8.1360850535e-02
-1.6474394050e+00 -2.0722395485e+00 4.3210404492e-01
3.0829253232e+00 -1.4142221606e+00 -5.1290249305e-01
-1.3313154404e+00 -1.5058482559e+00 9.3741236218e-01
2.3382989965e+00 2.4583865902e+00 9.8394210488e-01
-5.6421714689e-01 -1.4001784523e-01 1.7100641931e+00
-5.8815188561e-01 -7.8283971417e-01 1.2600305671e+00
-2.0317963485e-01 4.9437090965e-01 1.9295503267e+00
-4.0000000000e+00 -1.7595349881e-01 5.8732743663e-01
2.9764790177e-01 -3.3864491961e-01 1.7157873129e+00
-1.8724541625e+00 1.8362153326e+00 8.3095781018e-01
-3.1667754534e+00 3.6422025043e-01 4.0557056208e-01
2.0137766445e+00 8.9430203225e-01 1.3187765519e+00
2.5892463093e+00 1.3107374542e+00 6.2496526641e-01
2.8334630738e-01 8.3014863205e-01 2.1089517125e+00
8.8014856887e-01 8.3408608055e-01 2.3060590391e+00
2.1936490523e-01 -1.1099083608e+00 9.7400953425e-01
9.2905020520e-02 -1.1397834715e+00 1.0405606896e+00
9.7070404991e-01 2.4513426896e-01 2.2802198345e+00
7.3870344041e-01 -4.7110581998e-01 1.3903348941e+00
-1.7606143508e+00 3.8256490986e+00 7.5156931287e-03
3.2430476292e+00 -4.0016428175e-01 -4.4865097007e-01
1.6580832928e+00 2.7312746963e+00 5.5022108621e-01
-6.1806020110e-01 1.5429357225e+00 1.1674928254e+00
-3.4609746870e+00 -4.0000000000e+00 1.1526072327e-01
9.0616885390e-01 6.3234138380e-01 2.4710373113e+00
-4.8584271801e-01 1.8806256522e+00 7.4631834857e-01
1.9807804198e+00 2.5607192479e+00 8.4464856047e-01
3.0671732945e+00 1.5608437921e+00 4.4394620449e-01
-4.9860345453e-01 1.0398852619e+00 1.4521645136e+00
1.0934784689e+00 -1.0684013660e+00 -5.8948498742e-02
2.4454756133e+00 -1.2092820027e+00 -1.0918933738e+00
4.0931098175e-01 1.1381011122e+00 1.7571647911e+00
-2.0099558748e+00 1.3889757547e+00 9.1179336279e-01
-2.6558753008e+00 1.4747533980e+00 3.2884048359e-02
7.5703755418e-01 -2.4268061510e-01 1.7262189001e+00
6.8769266098e-01 -1.0439784419e+00 5.6112460589e-01
-4.3806302309e-01 -1.5322221012e+00 1.1220442402e+00
-3.0208343136e-01 2.8498288763e+00 -3.9196955934e-01
1.7341815281e+00 -3.7210291405e-01 5.0697605203e-01
1.4909970626e-01 -2.4713051574e+00 1.4485504409e-01
-2.7694110251e-01 -1.5226659426e-01 1.8158177756e+00
7.2880688798e-01 -1.0454387807e+00 5.0562552552e-01
1.7257962254e+00 9.6698589434e-01 1.6736856570e+00
-2.4842288026e+00 -1.7591398245e+00 7.6047812235e-02
-6.8946855677e-01 1.3483420709e+00 1.3262430070e+00
1.7217913035e+00 3.0473326600e-02 1.1422129725e+00
-7.1562445014e-02 6.1046466151e-01 1.9903378492e+00
2.0362666869e+00 1.1048688377e+00 1.2616215104e+00
-1.1025193157e-01 1.6419356770e+00 9.8976001151e-01
-1.6458869988e+00 2.2600521277e+00 5.1677954701e-01
-2.6087407371e+00 -1.0258127560e+00 2.7358498267e-01
-4.4790725016e-02 8.7271723887e-01 1.8078528011e+00
-2.1002912749e+00 -7.3734083430e-02 9.6593664999e-01
4.9865695524e-03 -1.3299694881e+00 1.0011782930e+00
5.8235600498e-02 -1.0008132278e+00 1.1318353777e+00
-1.5350854028e+00 -1.5279134708e+00 7.8345944422e-01
9.3437982279e-01 1.3115336418e+00 1.6025486476e+00
1.4890870266e+00 -8.2898853580e-01 -1.2315875856e-01
7.7323677462e-01 -1.3533282096e+00 7.0659894507e-02
-2.2689039351e+00 7.3002558627e-01 5.5514997269e-01
2.5819925473e+00 -7.3946551032e-01 -7.5414855879e-01
-3.1497832669e+00 -1.9461484540e+00 1.3011324934e-01
-5.2094207316e-01 -1.0565295301e+00 1.2220265585e+00
-1.7603164179e+00 1.7837073394e+00 9.9609803343e-01
-1.2098117825e+00 -5.3319514911e-01 1.3097399180e+00
2.2123947990e+00 -4.0000000000e+00 -3.0339568031e-01
6.7293462408e-01 2.0160797940e+00 5.1048937294e-01
-1.6562679802e+00 -2.2185442526e+00 3.6028288240e-01
2.8000892756e+00 1.8386057668e+00 7.0720954702e-01
-6.5996735058e-01 1.4763087097e+00 1.2346215276e+00
2.4610607732e+00 2.2362880533e+00 9.8969533050e-01
-6.0406791232e-01 -1.8793136769e+00 1.0074895706e+00
-4.1358308802e-01 2.1022079632e+00 3.9477932804e-01
1.7097005319e+00 4.3796841574e-02 1.1802138199e+00
1.5342688619e+00 -4.0000000000e+00 -1.8534276194e-01
2.5586594871e+00 1.2256028165e-01 -1.1448009486e-02
-4.0000000000e+00 -1.2686827315e-01 6.0509854562e-01
-4.8523306496e-01 -2.9020179950e-01 1.6172784723e+00
5.6407931256e-01 7.7707117164e-01 2.3307280636e+00
3.6700767927e+00 -9.3618269509e-01 -2.2697574925e-01
1.1391419157e+00 3.2589300176e+00 1.0724208576e-01
-1.1081346332e+00 1.2252637271e+00 1.5045708349e+00
1.2686864419e+00 -1.1048226426e+00 -3.8509512717e-01
1.7390822347e-02 -8.5734021523e-01 1.2189057969e+00
-2.6395290806e+00 3.4486897799e+00 -1.9492914875e-02
-2.3698489225e+00 3.8703661103e+00 -7.1169813308e-02
-1.7544171127e+00 -2.2451219167e-01 1.2025791524e+00
3.2361341102e-01 -1.2762987194e-01 1.9843083187e+00
-9.8464055438e-01 -2.7010969426e-03 1.5745538641e+00
6.3612640708e-01 4.0000000000e+00 1.1639725795e-01
4.0554181251e-01 -1.0981409502e+00 8.2343459268e-01
6.0089937563e-01 -8.2149534911e-02 2.0114632186e+00
-1.4238393626e-02 -1.1986010061e+00 1.0721239720e+00
1.4715410646e+00 1.8288499839e+00 1.0245603160e+00
-2.3749695973e+00 -2.9256483967e-02 7.6276036929e-01
8.9401987943e-01 -5.1678939919e-01 1.2051352931e+00
-8.5158142969e-01 3.2010410813e+00 -2.4045118379e-01
1.8800842844e+00 -4.7413250705e-01 1.4177355429e-01
-3.0083337757e+00 2.7704406941e-01 4.3474456658e-01
9.3937403826e-01 -2.1356616418e-01 1.6596164607e+00
2.3969564526e+00 1.7490324822e+00 9.5328791380e-01
6.9451974169e-01 -8.6358572379e-01 8.0786128019e-01
3.1529319188e+00 2.0789736586e+00 6.0264684914e-01
1.6925936928e+00 -4.7270807443e-02 1.0731178255e+00
2.6223164323e+00 -1.0130891673e-01 -2.8874525120e-01
1.8071026884e+00 1.0620090202e+00 1.5401923446e+00
1.6609801190e+00 1.9909334111e+00 9.5634030865e-01
3.8718598401e-01 2.2188148417e+00 1.7646297093e-01
5.5796153810e-01 2.9131899119e-01 2.4207979753e+00
9.3336869877e-01 3.0044485280e+00 -1.0139435929e-01
1.3758175229e+00 3.8298509307e-01 2.0634035391e+00
-2.0657849721e+00 3.3513432782e+00 1.5082366358e-01
1.5552920389e+00 2.2922470568e+00 6.6498520731e-01
2.4044162013e+00 3.5816456098e-01 4.3331183525e-01
-1.9035157807e+00 1.6797268948e+00 9.2162374027e-01
-3.4382273151e-01 -1.2056084950e+00 1.1819070700e+00
-1.1881274966e+00 2.6787862315e+00 7.7024708364e-02
-1.7907216504e-01 2.7440159497e+00 -3.5801437966e-01
-1.3218727886e+00 1.1063874892e+00 1.5267241812e+00
-3.0627534725e-01 4.2539262558e-01 1.8713642317e+00
-3.4105604845e-01 -1.2490300543e+00 1.1719371277e+00
-4.0000000000e+00 2.4751549482e-01 6.6685863290e-01
-3.4396853765e+00 3.5487751227e-01 4.9629018753e-01
1.8732838966e+00 1.5797880599e+00 1.2433414296e+00
-2.7392881929e-01 7.0639753746e-01 1.7459696377e+00
1.1380088440e+00 7.0502595884e-01 2.3349152441e+00
-2.6088147848e+00 7.5737605255e-01 1.9057290448e-01
1.4227539464e+00 -2.5962509788e+00 -1.0142738570e+00
-1.0697592962e-01 -1.6053299295e+00 9.4872914784e-01
4.0000000000e+00 -2.6574269327e+00 -2.6010585452e-02
-1.5287693493e+00 1.2108014743e+00 1.4791984357e+00
-1.4345449450e+00 -3.3597530521e+00 3.4777794042e-01
1.8664263811e+00 1.7737065950e+00 1.1488461799e+00
1.2526957141e+00 1.7958551336e+00 9.7829669257e-01
-2.8207798009e+00 1.1489798073e+00 -1.0526739753e-02
-3.5731973337e-01 2.4912988601e+00 -1.1314110078e-01
7.1088442921e-01 -1.3104471941e+00 2.1467491351e-01
-1.6537775296e+00 2.0617306861e-01 1.2376016348e+00
7.6287795202e-01 -9.3438477107e-01 6.2308278068e-01
4.0000000000e+00 1.4567230691e+00 1.8847695166e-01
2.0581262690e+00 3.3885348799e+00 6.1511545614e-01
-1.2860345797e-01 2.2147553623e-01 2.0625646074e+00
-7.8329762284e-01 3.4430018443e+00 -2.1747601508e-01
-1.1705203193e+00 2.0432854037e+00 7.8745908090e-01
2.1927172145e+00 1.6797703519e+00 1.0754459101e+00
-2.3469339662e+00 8.0694005587e-01 4.4868242357e-01
-5.8281726742e-03 2.1213330395e+00 2.9964039107e-01
1.6409159005e+00 3.2149933035e+00 4.8719474907e-01
2.9880245284e+00 1.7802695061e+00 5.8350747541e-01
-2.1443630297e+00 1.5937839637e+00 6.3121273416e-01
2.2374516972e+00 3.7469987936e-02 3.1404162523e-01
8.7126831452e-01 -2.5531964578e-01 1.6415269139e+00
-1.4847308408e+00 1.1560613962e+00 1.4978476525e+00
1.7564333887e+00 1.8642657346e+00 1.0839426920e+00
1.0820637949e+00 2.0903610533e-01 2.1633820308e+00
1.8740024139e+00 1.8082059349e+00 1.1309949536e+00
-1.1627442878e+00 1.9547991375e+00 9.2237965374e-01
-1.6924197430e+00 1.1765418640e+00 1.3593677048e+00
2.5018883822e+00 2.6066300059e+00 9.2382922078e-01
1.6835678900e+00 2.5648796897e-01 1.5055687663e+00
-2.1734257614e+00 -9.0821155746e-01 6.1551676793e-01
9.1630519679e-01 -6.6832203980e-01 9.1676461613e-01
-8.9250801890e-01 -1.5315634337e+00 1.1199461117e+00
2.3236229962e+00 -6.4931551527e-01 -5.6736060554e-01
1.3660690728e+00 1.4420522262e+00 1.4357160773e+00
5.1746720879e-01 -1.6729114767e+00 2.0217407335e-01
1.9982599892e-01 3.5250915782e+00 -2.8702192009e-01
1.9703052248e+00 1.8889803972e+00 1.0959556927e+00
9.7557239590e-01 1.9058755405e+00 7.4024112397e-01
-1.6920228997e+00 4.3563573607e-02 1.2369815245e+00
-9.6122784841e-01 8.6780572214e-01 1.4631666811e+00
1.5141483837e+00 -3.6568672815e-01 8.1170737923e-01
2.3544514746e+00 1.8469349702e+00 1.0003373114e+00
2.4077541325e+00 -4.0000000000e+00 -2.9361949373e-01
1.0667670337e+00 1.1834394289e+00 1.7927099366e+00
-3.0566397475e-01 -1.2602116007e+00 1.1612939393e+00
-2.3179730004e+00 7.6968479400e-01 4.8907703908e-01
2.6307064758e+00 6.9479767116e-01 4.1278575335e-01
-1.5215938188e+00 -1.1952534615e+00 9.2645261177e-01
-3.0692470019e+00 6.1090428305e-01 1.9429174580e-01
-7.2059726803e-01 1.7798970936e+00 9.7407529581e-01
-1.8029766206e+00 -6.3153355069e-02 1.1747863458e+00
-5.6268645295e-01 1.6494587065e+00 1.0501376767e+00
2.3571574527e+00 1.1818901472e+00 8.5865369381e-01
1.3857061444e+00 4.0000000000e+00 2.4618278525e-01
-1.0662768245e+00 -9.0599755415e-01 1.1993809729e+00
-2.2709677510e-01 5.1870769100e-02 1.9675641427e+00
-1.7070593349e+00 2.2874248970e+00 4.7482786513e-01
2.1082619350e+00 2.7409796412e+00 8.5202292618e-01
1.9696101369e+00 1.9198906687e+00 1.0838928874e+00
-4.2648899848e-02 -1.0958507225e+00 1.1287899832e+00
1.9648066862e+00 3.3446560975e+00 6.1539006378e-01
-9.3083787872e-01 3.6794533638e-01 1.5180653091e+00
3.4249509814e+00 1.2137603478e+00 2.4289418070e-01
-3.5852143021e-01 1.2378727433e-02 1.8833295061e+00
-2.1715530362e+00 2.5544213473e+00 1.9265974367e-01
1.8059439129e+00 1.3034333064e+00 1.4183645300e+00
2.2301288636e+00 4.0122796015e-01 7.4348395825e-01
1.5607783682e-01 2.0621790613e-01 2.2344959251e+00
4.0000000000e+00 8.3413811225e-01 2.9185175283e-01
2.1648665159e-01 3.3193949286e-01 2.3094020014e+00
-1.2654817175e+00 -1.1618896558e+00 1.0772675854e+00
-1.6680949264e+00 1.0052645078e+00 1.3535779503e+00
2.6820025982e+00 1.7391469761e+00 7.3608893255e-01
-1.4971374794e+00 -4.3311574342e-03 1.3488260531e+00
-4.0000000000e+00 3.2111504105e+00 -2.2573574209e-01
-6.1986837661e-01 -2.0526214754e-01 1.6437879351e+00
1.7024514668e+00 1.5963136102e-01 1.3526483099e+00
-5.0874447051e-02 4.3505977390e-02 2.0524875316e+00
9.6007927370e-01 1.4553566102e+00 1.3907718756e+00
-2.2255602238e+00 -2.7781032517e-01 8.7889858840e-01
-3.0339360757e+00 1.7116130476e-01 5.0866348552e-01
5.5241955712e-01 -1.0347162661e-01 1.9943219980e+00
-2.6485206939e+00 -2.5480232556e-01 6.2430424406e-01
2.6724286129e+00 -6.4865080471e-01 -6.9812623458e-01
-1.5817068866e+00 1.4563772492e+00 1.3846304882e+00
-1.5511341778e+00 1.3059325052e+00 1.4552618159e+00
1.3797842441e+00 1.2651316449e+00 1.6403782547e+00
-1.5357659507e+00 1.2362390381e+00 1.4740578342e+00
-2.4910589086e-01 -6.2307037415e-01 1.3610505559e+00
1.2836406442e+00 -1.0302757449e+00 -2.7455598772e-01
-8.3411412750e-01 1.8606005868e+00 9.2461891550e-01
3.1203671238e+00 4.8409929194e-01 8.4365748270e-02
-1.0688489371e+00 -2.2182455332e+00 7.0479675586e-01
1.0178599283e+00 -2.4557498610e-01 1.5501734765e+00
-8.9081933428e-01 8.2118187984e-02 1.6169631672e+00
3.5621996431e-01 7.1654210939e-01 2.2806632506e+00
1.9192019369e+00 -8.2053856556e-01 -5.5227851533e-01
1.6444776716e+00 2.7871418190e+00 5.2434223389e-01
-4.2064116098e-01 4.0000000000e+00 -3.4267329581e-02
1.6956823136e+00 8.5906438454e-01 1.7539739775e+00
-7.1163400969e-01 5.5878297416e-01 1.5354192366e+00
-1.4938298048e+00 -8.3865919206e-01 1.1044924583e+00
-7.6497886318e-01 -5.2682893802e-01 1.3655593031e+00
2.5151795893e+00 1.1547926206e+00 6.5771491331e-01
-2.3635080218e+00 3.4806476902e-01 5.9348707552e-01
2.2231300931e+00 -1.0785501593e+00 -1.0674619954e+00
-2.7950311357e-01 -5.3635470470e-01 1.4278155529e+00
2.5644937959e+00 1.0637983140e+00 5.8013650991e-01
-3.4712704610e-01 -1.0898966315e+00 1.2054408589e+00
-2.6487408897e+00 -4.7017206064e-01 5.5566506108e-01
-2.5586156989e+00 1.7013416093e+00 8.2295002332e-02
1.2268883114e-01 2.2463372182e-01 2.2239083442e+00
-1.9486401343e+00 -4.3001862125e-01 1.0440099254e+00
-1.7351659514e+00 2.1408814036e+00 6.0672788592e-01
1.0964435170e-02 3.0306901604e-01 2.1658585987e+00
2.5672861099e+00 2.6591014280e+00 8.8795030289e-01
2.4280890983e+00 -3.8173412011e-01 -3.6847205737e-01
-2.7760227775e+00 2.5304416014e+00 -2.2044647838e-02
9.6585674201e-01 -3.2398898666e+00 -4.3050328732e-01
6.6150318741e-01 -1.6059396019e-01 1.8856650626e+00
-4.0000000000e+00 2.2215948060e+00 -3.5997764711e-01
-1.3719009495e+00 1.7358689197e-02 1.4060757600e+00
-3.6014349684e+00 1.7962931682e+00 -1.5250107555e-01
-1.6383925911e+00 -1.7326548501e-02 1.2746219565e+00
4.0000000000e+00 -2.9363148695e-01 1.7483256747e-01
-1.7973121496e+00 2.4579519946e+00 3.2844552302e-01
3.1172514409e+00 -9.2780861834e-01 -5.8925339689e-01
-2.5620679398e+00 2.8345409118e+00 6.8133125866e-02
-8.6456903117e-01 3.6941968939e-01 1.5454697620e+00
1.7614684617e-01 2.4402306611e+00 -1.1189778929e-01
-2.2475335097e+00 1.2843122088e+00 5.6211492053e-01
-1.9695498778e+00 -1.1368071640e+00 6.2450344869e-01
3.1531363208e+00 -9.2749453668e-01 -5.6419174783e-01
-2.6468874510e+00 -8.9740566420e-01 3.2735821025e-01
1.0926976568e+00 -2.3702091678e+00 -8.8081496061e-01
-2.0348701147e+00 -1.4127346887e+00 4.3118723864e-01
-2.3737302975e+00 -1.0782195988e+00 3.6278188696e-01
9.7573214849e-01 -1.1957401783e+00 -6.8213054764e-02
1.1143878492e+00 9.3220485458e-01 2.1331629406e+00
-3.0333956608e+00 9.8140714557e-01 1.1994069369e-02
7.0515254131e-01 -4.0000000000e+00 5.9209358393e-02
8.5979272885e-01 2.3114689241e-01 2.3198879156e+00
3.4716174974e-01 -9.5588436086e-01 1.0025700286e+00
-1.1463606103e+00 -8.0263291405e-01 1.2141370445e+00
-1.4536164300e-01 7.1238237196e-01 1.8533300631e+00
-2.3681865974e+00 1.2510502558e+00 3.8594828675e-01
2.1411109690e+00 2.0757603170e+00 1.0487101023e+00
2.6726225381e+00 1.4409965808e+00 6.0171563563e-01
-2.4169555071e+00 3.0728961483e-01 5.7457940198e-01
-1.9344708232e-01 1.0352195353e+00 1.5656353636e+00
1.6804904544e+00 1.4661673884e-01 1.3694868665e+00
2.7234887999e-01 4.3378164294e-01 2.3550479547e+00
-1.5967796939e+00 2.3164993633e-01 1.2683135697e+00
-2.4426061118e+00 1.9134409276e+00 1.4718447248e-01
4.2951139073e-01 -1.7119301029e+00 3.0502471962e-01
-2.2629718327e+00 7.1104457494e-01 5.6446737794e-01
1.9577135062e+00 2.1207898111e+00 9.9935564316e-01
-3.2177662477e-01 2.8881134942e-01 1.9112509152e+00
3.0744483043e+00 -1.4234399745e-01 -3.9837188158e-01
3.6324706257e+00 -9.0269600921e-02 -3.4888704064e-02
-1.3744094502e+00 3.9167102616e+00 -1.7836712344e-02
-1.7740223145e+00 2.7468141615e+00 2.0526689068e-01
-8.4828507146e-02 -5.4634063133e-01 1.4473378968e+00
-4.0000000000e+00 3.2357652032e+00 -2.1884123660e-01
-1.1522356368e+00 -6.8949895995e-01 1.2521117666e+00
1.1265074355e+00 1.8367369800e+00 8.8143431491e-01
-1.7791450587e+00 1.4820105747e+00 1.1918526914e+00
-8.6898388365e-01 -2.1348249417e+00 8.2278807583e-01
-1.6438488032e+00 9.9827374034e-01 1.3718129007e+00
-9.8865430358e-01 3.0515013429e+00 -1.7038056985e-01
4.7885875184e-01 -4.8278012193e-01 1.4925836206e+00
1.7400159740e+00 1.9334902620e+00 1.0309304146e+00
1.8618814871e+00 1.5963995825e+00 1.2390740972e+00
4.6523289411e-01 -7.2059545726e-02 2.0475549736e+00
2.5664715852e+00 1.5450211290e+00 7.4109607214e-01
4.0000000000e+00 -9.6576375491e-01 -5.6243640899e-02
-1.8444520835e+00 6.3737544433e-01 1.0632882976e+00
1.0786788823e+00 1.7534375672e+00 9.8237388921e-01
5.9732904970e-01 -2.5447106541e-01 1.7758248661e+00
-7.7346784513e-01 -6.7648730247e-02 1.6566852604e+00
1.0649353062e+00 -8.8686187561e-01 3.1659087786e-01
1.9095889683e+00 1.2995314769e+00 1.3402113170e+00
-4.2605610718e-01 9.7510215778e-01 1.5024949874e+00
2.1295189269e+00 -2.6243639388e-01 1.1205053185e-01
-1.4387766238e-02 -4.2261890813e-01 1.5918072591e+00
-1.7178039230e+00 2.8125093607e+00 1.8128924458e-01
4.0000000000e+00 -7.0894917830e-02 2.9536777583e-01
1.2970112595e+00 2.0555194377e+00 6.8845126022e-01
8.9656799515e-01 2.5588485542e+00 3.5027300939e-03
-1.6378924546e+00 -5.5604147080e-01 1.1800280974e+00
-4.8821643599e-01 1.1520584818e+00 1.3991542275e+00
1.3143910422e+00 9.2731715411e-01 2.0473159015e+00
-2.5375589139e+00 3.3623160267e+00 3.4528098222e-02
-1.7797728723e-01 1.5187948221e+00 1.1254350646e+00
-6.1152769685e-01 -1.0124341734e-01 1.7129428263e+00
1.6161671661e+00 4.6139510769e-02 1.3251293699e+00
2.1377534202e+00 1.1177950937e+00 1.1338365362e+00
2.2436812433e+00 -1.4757439904e+00 -1.3019004440e+00
2.5426865999e+00 -2.5880845209e+00 -4.7428672973e-01
1.2002658406e+00 4.7897624459e-01 2.3047992316e+00
2.1387998267e+00 1.1033541647e+00 1.1333074511e+00
2.3159941398e+00 2.4052886169e+00 9.9528435321e-01
-2.1421797180e-02 2.1658532743e+00 2.3565140613e-01
4.0000000000e+00 2.0151614618e+00 8.3613188301e-02
2.2518665988e+00 1.4047969778e+00 1.0123709158e+00
1.9696526153e+00 8.9234395359e-01 1.3822658551e+00
2.2587292838e+00 1.0136932402e+00 9.7127870742e-01
-2.3021368928e+00 1.8359933892e+00 3.1518137379e-01
1.9665485909e+00 1.9522205896e+00 1.0707749435e+00
7.8642320048e-01 -1.6771513070e+00 -2.3767415315e-01
8.1681089810e-02 5.4241227536e-01 2.1728113402e+00
1.7538574065e+00 2.0689778710e+00 9.4381521977e-01
-1.5946928688e+00 8.0394408450e-01 1.3335226883e+00
2.2412150898e+00 1.5676594151e+00 1.0379581253e+00
2.1735943896e-01 6.4917959463e-01 2.2292444583e+00
7.4185849273e-01 5.8564601813e-01 2.5099147070e+00
1.4838272369e+00 4.0000000000e+00 2.5174868640e-01
2.2801435007e+00 7.3719249050e-01 8.8940230070e-01
-4.0000000000e+00 -5.7685306206e-02 6.2712413106e-01
-1.7742247482e+00 -3.5420974574e-01 1.1714029988e+00
2.6019013602e+00 8.7649011420e-01 4.9955223426e-01
-4.0000000000e+00 1.3903155370e+00 7.0484121675e-03
-1.0388655332e+00 2.1264775382e-03 1.5506388146e+00
5.6776420111e-01 3.2075070816e+00 -2.9238975299e-01
3.4409906880e-01 -9.4852023624e-01 1.0114184925e+00
3.4277958707e+00 -6.8002357973e-01 -3.9629051585e-01
2.9339480573e+00 3.2415836203e+00 4.4097431246e-01
-1.2055822991e+00 3.0019892169e-01 1.4318754077e+00
1.8553514738e+00 -4.0000000000e+00 -2.6143074951e-01
-1.3437405188e+00 -4.1595305260e-01 1.3309746334e+00
-1.6412674234e-01 6.6174006135e-01 1.8703295931e+00
-1.4484200963e+00 1.6169266341e+00 1.3405884340e+00
-1.9351081621e+00 2.5508437821e+00 2.5724591718e-01
-1.4684503489e+00 1.0552028927e+00 1.4877478782e+00
-1.2314615364e+00 6.7992460515e-01 1.4078726025e+00
-9.8274859185e-01 1.2330379178e+00 1.4687783092e+00
2.5129229401e+00 1.7140169427e+00 8.5407482953e-01
1.2143337279e+00 -5.1344013302e-02 1.6768312719e+00
1.4838393234e+00 1.3594894196e+00 1.5160609277e+00
1.9458907854e+00 3.1126365869e+00 6.7436513153e-01
-1.9307897586e+00 -2.4558077568e-01 1.0885503450e+00
7.0137816591e-01 -1.0933284053e+00 4.7961903447e-01
2.1449272660e-01 -3.7100555615e-01 1.6750762366e+00
-4.4711922287e-01 -1.5378379008e+00 1.1223752997e+00
4.9587239725e-01 7.0704653356e-01 2.3720253607e+00
-7.7528572978e-01 -7.9001044598e-01 1.2507471429e+00
1.5367043011e+00 7.2211590078e-01 1.9810030835e+00
3.3595960941e-01 -1.2094533406e+00 7.9880476490e-01
1.7914246023e+00 5.6721711949e-01 1.6060459856e+00
-3.1574195462e+00 8.5480502037e-01 8.5132014094e-02
4.7571116227e-01 -2.1025971686e+00 -2.0928056670e-02
1.6080757151e+00 -8.4831010150e-01 -3.0973709279e-01
-1.3741194880e+00 -8.0834066134e-02 1.4035602556e+00
-2.4718800168e+00 2.0061596351e+00 1.0593358830e-01
9.4748988129e-01 2.6670428483e+00 -2.4370220004e-02
-8.8209726847e-01 -1.6306885438e+00 1.0939123169e+00
7.4110954706e-01 4.0276490227e-01 2.4900892679e+00
-4.0000000000e+00 2.2788796403e+00 -3.6806891504e-01
1.5443388414e+00 1.9531596225e+00 9.3285489015e-01
1.8409775736e-01 -1.2064210536e+00 9.3785797010e-01
-1.1741586187e+00 -1.0784220832e+00 1.1335869513e+00
1.4499036643e+00 2.3941792563e+00 5.1331231314e-01
-3.4319031528e+00 6.1806727749e-01 3.2033465142e-01
-2.7066428592e+00 2.6934675104e+00 1.1015529900e-02
-6.1562981767e-01 -1.5781844818e+00 1.1329352840e+00
-1.3443976047e+00 2.6361983200e-03 1.4186295692e+00
1.3917620225e+00 -4.8285702644e-01 7.5005375356e-01
2.7555656443e+00 -4.8669893628e-01 -6.1290620727e-01
3.4434232384e-01 -1.8664259305e+00 3.1795124812e-01
1.1863342604e+00 -3.0654363413e-01 1.2969051611e+00
-1.2375430277e+00 2.2938863152e+00 4.5716690325e-01
2.0842436276e+00 1.3735124913e+00 1.1706628010e+00
-2.5958032119e+00 2.3337835973e+00 3.1799826976e-02
1.6459489139e+00 2.3702444890e-01 1.5400009712e+00
2.3509748342e+00 3.0543002922e+00 7.8318967766e-01
-4.6595964463e-01 1.2234340614e-02 1.8270665985e+00
4.0000000000e+00 -2.6445347778e+00 -2.8127554555e-02
1.5790328381e+00 2.3651257640e+00 6.3825849341e-01
-6.2507853986e-01 -1.7940257664e-01 1.6601730468e+00
-1.7902057739e+00 -4.6641916244e-01 1.1329487218e+00
1.3499298274e+00 1.3365174350e+00 1.5615409884e+00
6.1287731653e-01 2.8273658433e+00 -2.6966585417e-01
-2.2165973033e+00 1.0180345328e-01 8.3421333784e-01
-3.2741606110e-01 3.0856081238e-01 1.9009888472e+00
-5.9661357002e-01 9.6517757654e-01 1.4643054656e+00
2.1977002744e+00 8.9565657179e-01 1.0488976186e+00
1.6785050920e+00 2.7194321440e-01 1.5318448959e+00
2.4243588356e-01 1.9653991883e+00 5.3983272995e-01
2.6082546859e+00 2.5669067863e-01 8.4108070985e-02
6.9404647447e-01 5.7266422602e-01 2.5116844156e+00
5.2110525190e-01 -1.6585427042e-01 1.9179244197e+00
-2.3800956695e+00 6.9089145413e-01 4.2722802582e-01
3.4518561467e-01 -3.4095889015e-01 1.7095832665e+00
1.9909414834e+00 2.5743194648e-01 9.9157803799e-01
-9.4998540599e-01 -4.0000000000e+00 2.9057602358e-01
-2.3741174829e+00 3.4109056377e+00 7.9409633407e-02
-3.3083857876e-01 -9.5464541923e-01 1.2291653385e+00
6.5799985261e-01 2.4048419900e-02 2.1361447015e+00
-9.9398675808e-01 2.3045260626e-01 1.5377771073e+00
7.2987321326e-01 1.0559732684e+00 1.9813484273e+00
1.7151555075e+00 -1.3022705020e-01 9.1522656445e-01
1.5533054322e+00 1.5620925476e+00 1.3091211803e+00
-2.6051752797e+00 1.9550103729e+00 2.2447873120e-02
-4.5275239047e-01 -6.5395767985e-01 1.3184507742e+00
-7.6937837939e-01 9.7783003608e-01 1.4566732057e+00
4.0000000000e+00 3.8092468374e-01 3.6286232028e-01
2.1935951290e+00 2.7973830930e+00 8.6400514514e-01
-1.4627610469e+00 2.4283605949e+00 3.6290509028e-01
2.3047118058e+00 -4.2999913060e-01 -2.9760797531e-01
-1.7476569606e+00 8.8284235915e-01 1.2374041726e+00
5.5507633458e-03 1.6716553503e-01 2.1376952684e+00
4.0000000000e+00 -1.2288325660e+00 -6.6428083120e-02
-9.4679431447e-01 -4.7343956961e-01 1.3771853918e+00
4.4541225758e-01 -1.5448673420e+00 4.0414601500e-01
1.9454827851e+00 -3.3476891800e+00 -4.2706637858e-01
-3.2465034084e+00 4.0000000000e+00 -6.5971802396e-02
-1.6350922809e+00 3.9668976407e+00 -3.7527803240e-02
-1.3181623923e+00 2.6105652803e+00 1.7712216287e-01
-1.0458404470e+00 5.7068546460e-01 1.4302971467e+00
-1.0226063750e+00 1.0671792655e+00 1.4921828372e+00
-1.8815238488e+00 2.5303499686e+00 2.7593812781e-01
2.7458164629e+00 8.6423087066e-01 3.6356950688e-01
9.3207007579e-01 4.0347930462e-01 2.4381325840e+00
2.5018993746e+00 -6.9191572776e-01 -6.9923782685e-01
7.2131906142e-01 2.7023977061e+00 -1.6864852320e-01
-4.2649708576e-01 8.3077058087e-01 1.5726203814e+00
1.3116697992e+00 -1.7159513977e+00 -1.0935009132e+00
3.3723141871e+00 -1.4538857748e+00 -2.7635993436e-01
-2.3479661827e+00 -9.5817875166e-01 4.5356107791e-01
-5.5987351334e-02 2.3731237811e+00 -3.4282617155e-02
1.3495177170e+00 -1.4090958111e+00 -9.1721170168e-01
1.7969545012e+00 -1.5814789957e-01 7.5008520943e-01
1.1106214661e+00 -3.8388319765e-01 1.2406378866e+00
1.6749260500e+00 -3.0133311345e-01 7.0579802223e-01
-4.0000000000e+00 4.0000000000e+00 -1.5298006221e-01
-4.2039818423e-01 -2.3990647024e-01 1.6845787527e+00
-9.4838429088e-02 -1.2113807310e+00 1.1053018694e+00
-2.0561154179e+00 1.6080351391e+00 7.5464860624e-01
-2.0002957021e+00 3.5903902521e-01 9.2767921607e-01
1.4460693458e+00 6.0134242830e-01 2.0919003578e+00
-2.1408162330e+00 3.0309325757e-01 8.1588339202e-01
-1.6523268901e+00 3.0593641378e+00 1.2823963163e-01
-1.1896635758e+00 2.2943271224e+00 4.4179488670e-01
-1.3351789884e+00 -1.8011537503e+00 8.1443061939e-01
-3.3735259911e+00 6.8297023458e-01 2.5504329044e-01
1.7948699146e+00 2.0948467612e+00 9.4700905088e-01
-3.5741229152e+00 2.2856337150e+00 -2.5436192263e-01
3.5078733084e-01 -1.3488882318e+00 6.7544574841e-01
1.9070803866e-01 -1.7196993520e+00 6.1151767984e-01
1.6243087651e+00 -8.0779737044e-02 1.1235494756e+00
5.0054328490e-01 2.8802649383e+00 -3.3309733978e-01
-1.6704049836e+00 1.8644753795e+00 9.8273921827e-01
-3.8304954411e-01 3.5203953559e-01 1.8416172074e+00
1.6124018573e+00 -1.1528800912e+00 -9.0211363794e-01
-1.6308017644e+00 7.4635438330e-01 1.2863557472e+00
2.5430288177e+00 2.4191433409e+00 9.4778920726e-01
1.0934421032e+00 1.8865237188e+00 8.0297565475e-01
1.1572108401e+00 -1.3428957594e+00 -5.5138977120e-01
3.9320917760e-01 -4.2047184208e-01 1.5973212925e+00
1.0965166597e+00 8.7301614104e-01 2.2094355400e+00
-1.9179265875e+00 -4.9725277513e-01 1.0433599180e+00
-1.4492745893e+00 -4.8528382270e-01 1.2765094380e+00
2.3041490910e-01 8.1124350107e-01 2.0906932311e+00
2.2631202461e+00 -2.2131656669e+00 -9.9937645056e-01
1.3955070868e+00 2.3191920611e+00 5.1900865821e-01
1.1703473293e-01 -1.3488271477e+00 9.0830067507e-01
2.7692005341e+00 1.5523495768e+00 5.8274585862e-01
1.2638229921e+00 1.0799189711e+00 1.8963532499e+00
2.8774448355e+00 9.7755624592e-01 3.0304977993e-01
9.9867541193e-02 4.7786172791e-01 2.2140320012e+00
-1.2187144161e+00 4.0000000000e+00 -2.5888615439e-02
-1.0633061909e-01 -6.9843259890e-01 1.3206898553e+00
4.0000000000e+00 -2.6530220967e+00 -2.6736282081e-02
1.2616979303e+00 -6.1712719513e-01 6.3799004206e-01
1.5939765460e+00 7.4273844279e-01 1.9094083369e+00
1.5730645670e+00 4.0000000000e+00 2.5378625069e-01
1.2537638672e+00 -2.0965944236e+00 -1.0755580099e+00
1.5907689414e+00 1.5775315533e+00 1.2947243858e+00
-2.3616192652e+00 3.0842613863e+00 1.2804049533e-01
1.4370536669e+00 -4.0000000000e+00 -1.5812389267e-01
1.5689518067e+00 1.6003765728e+00 1.2734968445e+00
5.6246334783e-01 -8.3713885685e-01 9.6858388257e-01
6.4598658260e-01 3.4543717502e+00 -1.4865814132e-01
-4.0000000000e+00 3.9019500256e+00 -1.5201618784e-01
-1.9169342939e+00 -4.0000000000e+00 8.6454895165e-02
2.1935612478e+00 3.0924241040e+00 7.6095164211e-01
-1.5520068626e+00 1.8299394686e+00 1.0909079732e+00
7.4995795405e-01 -4.0000000000e+00 4.6387198310e-02
-4.4316771138e-01 7.8790195143e-01 1.5832108406e+00
2.8480204192e-01 -1.7673752225e+00 4.6489102046e-01
-2.0640270731e+00 1.3706824989e+00 8.3350083919e-01
-4.0000000000e+00 5.6027186872e-01 5.8778617644e-01
1.0935451360e+00 -1.5282487028e-01 1.6323131571e+00
-2.0564646139e+00 2.9129604198e+00 1.7832330252e-01
-4.0000000000e+00 -1.1203213797e-01 6.1015014296e-01
8.4330762830e-01 1.3071673188e+00 1.6019459055e+00
2.1903769566e-01 1.7605983033e+00 8.4995998600e-01
5.5919777984e-01 9.0804292828e-02 2.2332834582e+00
8.6607196379e-01 -1.7283152416e+00 -4.0732685821e-01
-2.8433571007e+00 1.4886060115e+00 -6.3051196628e-02
-9.5450155477e-01 3.1867672073e-02 1.5893067523e+00
1.3343615173e+00 3.7369270413e+00 2.7208562028e-01
2.5057478968e+00 3.4425295750e+00 5.3244899232e-01
-2.2497293717e+00 2.7643082347e+00 1.5746874375e-01
8.8685932395e-01 5.5344221803e-01 2.4967164142e+00
1.2505607238e+00 9.4484797085e-01 2.0627597075e+00
-1.4544547377e+00 2.2364687355e+00 5.6259195931e-01
-2.4518723813e+00 2.1315911377e+00 1.0313799898e-01
1.9677366516e+00 3.0596121698e+00 6.9581523809e-01
-1.6696210438e+00 1.0567936193e+00 1.3655313552e+00
7.7448916999e-01 -1.0629137817e+00 4.1980633140e-01
9.5018149980e-01 2.4569704560e+00 1.0454413145e-01
7.1288158003e-01 1.1256038684e+00 1.8677526029e+00
8.7448324117e-01 -9.5282175841e-01 4.5161821923e-01
2.0278747857e+00 5.9180873976e-01 1.2308882754e+00
1.6395383546e+00 1.1309015859e+00 1.6495009783e+00
-1.8020766211e+00 2.4529324809e+00 3.3034443987e-01
-2.2464012573e+00 1.4048020314e+00 5.3835775210e-01
5.9380658831e-01 -3.6382078930e-01 1.6213832487e+00
1.3608115121e+00 -9.4759888342e-01 -2.1874616869e-01
4.0000000000e+00 9.9336871018e-01 2.6240705405e-01
-2.9522713447e+00 7.9794376427e-01 7.2129466190e-02
-2.4656319001e+00 2.2282611565e+00 8.8887195183e-02
-1.5873477982e+00 -2.7626819496e-01 1.2839261021e+00
2.6770566097e+00 1.2534755602e+00 5.1972546354e-01
-1.2895533652e+00 7.6849045585e-01 1.4259869618e+00
-1.7847020431e+00 1.5378444730e-01 1.1570562493e+00
-2.3798634410e+00 -9.0950704185e-01 4.6442426851e-01
-5.3548427679e-01 3.2947853519e-01 1.7414804680e+00
-1.1943441552e+00 5.9216361764e-01 1.3995101611e+00
-1.9184028738e+00 -3.2658578476e+00 2.5400940074e-01
3.9253491250e+00 1.3693688887e+00 2.1296890955e-01
1.4431003241e+00 8.0579001174e-01 2.0459954627e+00
2.5203278246e+00 9.4766596302e-01 6.0891475193e-01
1.1152928253e+00 -3.2187026647e-01 1.3409053700e+00
-1.0672782652e+00 9.4573969086e-01 1.4826824278e+00
2.6303139727e-01 7.3243029759e-01 2.1968839370e+00
-5.0428975414e-01 -8.2276401434e-02 1.7701386391e+00
1.5656277352e+00 -3.1487336011e-01 8.3188455832e-01
-2.7238729416e+00 -1.3662581782e+00 1.2873304831e-01
-2.1860698857e+00 1.5753880238e+00 5.7659063393e-01
-1.6124468223e+00 1.7167455311e+00 1.1803627583e+00
-5.4852333732e-01 7.7040845488e-01 1.5372708185e+00
-2.6495809888e+00 1.0267461407e+00 9.9308271494e-02
-8.7747986585e-02 8.2265022186e-01 1.8179356263e+00
-1.4386091209e+00 1.2192052708e-01 1.3661565479e+00
-2.4108894889e+00 -2.5117868737e-01 7.5376149793e-01
1.3632467687e+00 1.0176851314e+00 1.9264346612e+00
5.1415388594e-01 -6.6632457790e-01 1.2285305815e+00
1.4795362604e+00 1.6519245357e+00 1.2123900819e+00
-1.1370598893e+00 1.3650685881e+00 1.4747232483e+00
-3.4773982652e-01 1.1291883166e+00 1.4356271209e+00
4.4696991013e-01 -1.7230908527e+00 2.7171501680e-01
1.4131958852e+00 1.3888598751e+00 1.4947662549e+00
-1.2883341929e+00 2.1594346770e+00 6.4418328316e-01
9.1800270030e-01 3.0519985315e-01 2.3686956515e+00
9.3998697652e-01 7.1097514517e-01 2.4154619908e+00
-1.8455893481e+00 1.0376784603e+00 1.1690661117e+00
2.1495558665e+00 2.2432418363e+00 1.0119822642e+00
1.2940702151e+00 -2.7885911479e-01 1.2282516234e+00
2.2822676447e+00 -1.4056688926e+00 -1.2601194421e+00
-1.6620085216e+00 1.0857426980e+00 1.3781139770e+00
5.8636697696e-01 2.4679432131e+00 -6.0904415154e-02
-9.5379302083e-01 5.9719298139e-01 1.4492589142e+00
1.7210024898e+00 2.0779595529e+00 9.2155477904e-01
-5.1745019529e-01 1.8398294538e+00 8.1301779895e-01
1.3443034687e+00 -8.7779983546e-01 -4.5579068901e-02
5.6927109626e-01 -1.0460169170e-01 1.9891743477e+00
1.3010295935e+00 2.5394310523e+00 3.0298152233e-01
2.4514839628e+00 1.1921673952e+00 7.4309423745e-01
-1.7845680439e+00 2.7149927187e-01 1.1339856548e+00
3.0636058088e+00 5.7118867440e-01 1.3534823931e-01
-1.0856757733e+00 3.6497107058e+00 -6.4156607069e-02
-3.0979177065e+00 -2.3596206284e+00 9.8205538907e-02
3.9042210093e+00 5.9071929329e-01 3.0373497493e-01
1.1728052915e+00 -4.5471824397e-01 1.0532277098e+00
9.7085269430e-01 -8.0218442016e-01 6.0305247489e-01
7.2982273153e-03 -1.9492326169e+00 6.5241331662e-01
1.6529738745e+00 2.2929410685e+00 7.3879282679e-01
2.8642163582e+00 2.6535671713e+00 7.3514496434e-01
8.6700645214e-01 -9.5050548868e-01 4.6536317013e-01
1.1771065679e+00 1.0779175147e+00 1.9242616886e+00
5.8644187836e-01 -2.3565934016e-01 1.8056802725e+00
-6.3066437854e-01 3.0446597851e+00 -3.4142503409e-01
-1.2424958998e+00 -1.2654667107e+00 1.0593872159e+00
-2.2601446174e+00 -1.0548702548e+00 4.5299872750e-01
-2.1449694605e-01 1.1487786575e+00 1.4616455379e+00
-1.3954536881e+00 3.8005915676e+00 4.1519028368e-04
-2.7838291486e+00 9.9251722599e-01 3.1814268587e-02
1.9028154225e+00 2.3943694431e+00 8.5893647728e-01
1.8636668780e-02 -1.2873038501e-01 1.9371644866e+00
1.3308738237e+00 -8.4966850668e-01 3.5039381668e-02
1.3219765632e+00 3.4281758351e+00 2.7072036155e-01
-1.3901565280e+00 1.5941305758e+00 1.3691691530e+00
1.3732631088e+00 2.1773997871e+00 6.1731252618e-01
2.3215073149e+00 9.6324966152e-01 8.7783183334e-01
9.3538335644e-01 7.4259756030e-01 2.3912251858e+00
-9.7190638582e-01 -4.6150197456e-01 1.3806024197e+00
9.4661175872e-01 8.1884623312e-01 2.3134942955e+00
-2.3014373946e+00 -1.4461836073e+00 2.3256596712e-01
2.1607464162e-01 8.3296132438e-01 2.0555708677e+00
-1.6399565860e+00 2.7444208367e+00 1.9117462627e-01
8.2676767343e-01 1.1296729850e-01 2.1934825347e+00
1.2588800185e+00 1.9666576807e+00 7.6917978697e-01
2.4841118932e-01 1.9748318860e+00 5.2531443057e-01
2.8053835160e-01 6.8306037794e-01 2.2542072394e+00
2.1750801262e+00 1.9785585827e+00 1.0637881195e+00
-9.0155983067e-01 9.4637342907e-01 1.4671497698e+00
1.4850533700e+00 -1.3813026855e+00 -1.0611507942e+00
2.4308320422e+00 -4.6395462154e-01 -4.4741075044e-01
1.5294519598e+00 1.2891353278e+00 1.5732342294e+00
-1.7028237058e-01 -2.4904543897e-01 1.7561081993e+00
-1.3521098038e+00 1.3853956565e+00 1.4915286815e+00
-2.3311754355e+00 1.4620273123e+00 3.9752288066e-01
-1.9425239752e+00 -3.7794531718e+00 1.5773388177e-01
-7.3610005503e-01 1.7290721134e+00 1.0398662357e+00
-1.2832202692e+00 1.7870925566e+00 1.1809562223e+00
1.8543432008e+00 5.8606636217e-01 1.5142324312e+00
-1.1485693191e+00 -1.3759246410e+00 1.0733879748e+00
-8.0116680640e-01 -1.1619883861e-02 1.6572326450e+00
9.4093298839e-01 -1.5163024554e+00 -3.7046970010e-01
-1.0044612002e+00 4.8770292952e-01 1.4538190518e+00
-1.4737526870e+00 -9.1579532607e-01 1.0756750082e+00
-8.8266687487e-01 -2.6976364845e-01 1.5165565845e+00
-3.4150557249e+00 2.1502854556e+00 -1.9587960947e-01
-5.9039344802e-01 1.4666318977e+00 1.2183894619e+00
1.3733121467e+00 1.4757720370e+00 1.3963056420e+00
-1.5430775219e+00 1.2334417425e+00 1.4704265034e+00
-9.0502740858e-01 1.0278396204e+00 1.4698403536e+00
-7.3350266334e-01 6.8620392814e-01 1.4933455966e+00
-1.7398646570e+00 1.7854433145e+00 1.0134567053e+00
-2.7358491867e+00 1.5478210291e-01 5.1659939374e-01
-1.8004050747e+00 5.4044070193e-01 1.0940079288e+00
1.5730984510e+00 -6.2387026357e-01 2.3816541269e-01
-1.9452147372e+00 2.2548396332e+00 3.9593262919e-01
4.0000000000e+00 2.3991056089e+00 3.0850665526e-02
-2.0038575979e+00 4.1172025954e-01 9.1022536213e-01
-1.2279864705e+00 1.5217235579e+00 1.4146351562e+00
1.7471158068e-02 -8.8815115590e-01 1.2026643195e+00
-2.1033693140e+00 -7.4889870796e-01 7.8097658737e-01
-1.3687524197e+00 9.5273712366e-01 1.4823238891e+00
-2.5348215936e-01 -2.0431628966e+00 7.8316583231e-01
-4.0000000000e+00 -2.4701044185e+00 2.4300193486e-02
-1.5037872414e+00 1.4393551203e+00 1.4334858946e+00
4.6124110744e-01 2.1346428200e+00 3.0285961730e-01
1.5770614116e+00 2.2475107099e+00 7.1182442782e-01
2.6456158214e-01 -1.0825999684e+00 9.5949754557e-01
-3.0691216446e+00 -7.8094789279e-01 3.2306035093e-01
-4.8416528783e-01 2.0881796629e-01 1.8176521813e+00
-1.0161401535e-01 3.7358998908e-01 2.0676681288e+00
2.6620663923e+00 -4.0000000000e+00 -2.4315470029e-01
5.0635533739e-01 2.2942149894e+00 1.0122456892e-01
1.5818551457e+00 -1.1656949253e-01 1.1289559420e+00
-1.8227309180e+00 1.7437584382e+00 9.6826625723e-01
1.3451031980e+00 1.4759301435e+00 1.3948277178e+00
-7.2717006514e-01 -2.1781454326e+00 8.0826065140e-01
-3.6997304462e+00 2.6085163306e+00 -3.1282693897e-01
-1.7937598187e-01 1.3399197453e+00 1.3018068295e+00
9.9333468150e-01 -5.5940269853e-01 1.0423420316e+00
1.5308738269e+00 2.8044406499e+00 4.2017402466e-01
-1.4132622782e+00 4.0830361327e-01 1.3361990656e+00
1.6909605964e+00 4.0654262459e-01 1.6527129544e+00
1.8197905572e+00 1.6444862322e+00 1.2239266276e+00
2.3807662985e+00 3.0553920066e+00 7.7940983649e-01
-1.7021001252e+00 3.4785554919e+00 1.0979802499e-01
3.2629956536e+00 2.5456741217e+00 4.9880838685e-01
-1.4993192224e+00 -2.2328567983e-01 1.3321150901e+00
1.2583489646e+00 2.5143246301e+00 2.8043433007e-01
-1.2424419106e+00 2.1990560795e-02 1.4620083276e+00
7.0995155098e-01 -1.6396227286e+00 -8.1416931009e-02
2.1215731759e+00 5.9130977488e-01 1.0751387331e+00
1.8773518717e+00 2.0600230385e+00 1.0001614679e+00
5.6585502803e-01 -1.1959263330e+00 5.4348526642e-01
7.4806563568e-01 -1.4637965553e-01 1.8706076270e+00
-2.3807834631e+00 5.8338392776e-01 4.5839772952e-01
1.1028878725e+00 9.5225004422e-01 2.1116312347e+00
-1.3950508349e-01 5.0068083010e-01 1.9857170946e+00
-1.9799383218e+00 1.2211985028e+00 9.9077482796e-01
4.0000000000e+00 -3.4016112856e-01 1.4685567883e-01
-1.1926628928e+00 -4.2991769738e-01 1.3592350460e+00
9.6570409111e-01 9.7840836540e-01 2.1052235295e+00
-2.3294125295e+00 3.3169587630e-01 6.3208693840e-01
1.8152493569e+00 9.7074133417e-01 1.5691554778e+00
-2.2825465696e+00 -6.2274156373e-01 7.2301396805e-01
-2.1516746768e+00 8.6707998123e-01 7.1472004731e-01
1.5180566286e+00 -8.3040997249e-01 -1.6228790672e-01
4.0000000000e+00 2.8809809876e+00 3.8737342206e-02
7.7385536696e-01 -5.3311056515e-01 1.2694011417e+00
-2.0968297541e+00 1.2956253378e+00 7.9888459497e-01
-1.9061641180e+00 1.2400266605e+00 1.0965194791e+00
