3.4187276721e+00 2.9496676293e+00 2.9435145649e-01
-2.0611156527e+00 -2.1733002885e+00 1.5122141103e-01
-3.1304832587e+00 -3.5382692732e+00 2.5750428702e-02
-1.4309345026e+00 7.3176541482e-01 1.3805008653e+00
2.5178840330e+00 -2.6754198548e+00 -4.5481878266e-01
-7.6508023020e-01 5.9969864202e-01 1.5022237472e+00
8.5897227309e-02 2.0021538710e+00 4.7877220121e-01
-2.8267186918e+00 -1.6042059026e+00 9.4729520228e-02
-2.0223049652e+00 1.8458399491e+00 6.5034244492e-01
5.4889597507e-01 2.7027087494e+00 -2.4356856533e-01
2.7173583894e+00 1.6735390124e+00 6.7945081228e-01
3.2080438432e+00 1.1962844371e+00 2.5896648350e-01
-1.9475130022e+00 -1.2221690581e+00 5.9469575105e-01
3.7579075818e-01 -1.4963581609e+00 5.3482690309e-01
-2.2878676542e-01 -2.7000991689e+00 3.1523413791e-01
3.1655925694e+00 -1.9011388358e+00 -2.5170274297e-01
-2.9391811562e+00 1.1643547782e+00 -3.5240178015e-02
-1.2489140204e+00 -1.7102694517e+00 9.1275112192e-01
-2.6096999563e+00 1.2829770562e+00 9.6146349545e-02
-8.7382808548e-01 -1.4307820078e+00 1.1469619317e+00
1.6598688947e+00 -4.0000000000e+00 -2.1794987808e-01
5.9614864596e-01 3.1828629342e+00 -2.8449943480e-01
3.6989132548e+00 1.4101430285e+00 2.4925998764e-01
-3.1730092160e+00 2.3988666132e+00 -1.5684251316e-01
-4.7290227255e-02 2.3303723465e+00 1.6826342730e-02
3.8744119909e+00 -3.4235245209e+00 2.6969129510e-02
4.8813415886e-01 1.2574153142e+00 1.6090811245e+00
-4.2064116098e-01 4.0000000000e+00 -3.4267329581e-02
-7.2490665508e-01 -8.0006691130e-01 1.2507325669e+00
2.7265173930e+00 1.0712359599e+00 4.2247422273e-01
-2.5345040900e+00 -2.2711651946e+00 5.7770071830e-02
-2.7385614849e+00 4.4888156862e-01 2.9995400111e-01
-1.8863333475e+00 -2.4641761321e+00 1.9609189060e-01
-6.4768289471e-01 3.1250430563e+00 -3.3928676018e-01
-2.6060497681e+00 2.0953401689e+00 1.8473055677e-02
2.4767438143e+00 -1.0525565827e-01 -1.6057731118e-01
5.5838311145e-01 -1.9393293295e+00 -4.1974242769e-02
1.1290035725e+00 -1.6853222430e+00 -8.1080289712e-01
-2.3632305661e+00 2.0383917664e-01 6.7528778065e-01
3.1350070406e+00 -1.6564852241e+00 -3.7658356965e-01
2.9418419784e+00 2.3383250781e+00 7.4090291485e-01
1.6356240762e+00 1.3858907168e+00 1.4512681071e+00
3.1625667522e+00 -8.7041231291e-01 -5.6237713891e-01
4.4169460613e-01 -5.1299974925e-01 1.4623508700e+00
3.7732209572e+00 -9.6665147487e-01 -1.6654709320e-01
3.8457733085e-01 1.6407802386e+00 1.0398926900e+00
-1.9266612231e+00 -2.3813513455e+00 1.8469816242e-01
1.9797541360e+00 -3.7439854936e+00 -3.1039026727e-01
-1.0892540382e+00 2.8220475708e+00 -5.1087804448e-02
-2.0895317965e+00 2.7026958242e+00 1.9345065118e-01
1.0640909709e+00 7.5464215463e-01 2.3381402559e+00
-4.0000000000e+00 1.0566100956e+00 2.4093462081e-01
1.7032988969e+00 8.8047127422e-01 1.7370721009e+00
6.2685193010e-01 -3.0698046694e+00 -3.4293050088e-01
2.5132231284e+00 -3.7547530157e+00 -2.8135343326e-01
1.3764801528e+00 1.0095530828e+00 1.9278688437e+00
2.8168013944e+00 3.7819410496e-02 -2.6647441818e-01
7.5327462435e-01 2.0797738930e+00 4.3548601265e-01
-1.5774447337e+00 4.7665155855e-01 1.2571335162e+00
1.5256859730e+00 -1.6080576707e+00 -1.2849791474e+00
-9.8579578600e-02 9.4485169439e-01 1.7015667941e+00
1.5406990143e+00 3.7521260941e+00 3.3573244031e-01
2.4889197182e+00 -1.3816074730e+00 -1.1052541276e+00
-1.5172021528e+00 2.3017359139e+00 4.8989713674e-01
-1.8651901226e+00 -4.0000000000e+00 9.9014037138e-02
3.3063679472e-01 1.3412393832e+00 1.4417108464e+00
1.9471204516e+00 2.2039353041e+00 9.6079783136e-01
-3.0576854687e+00 3.0865553434e+00 -1.4654129035e-01
3.6596075787e-01 -1.1721847578e+00 7.9854113902e-01
-3.1790667591e+00 1.8959001838e+00 -1.3286064820e-01
-1.7805877252e+00 -6.3723510572e-01 1.0689252734e+00
-6.8822141023e-01 -3.3066986770e+00 3.5007418861e-01
2.5335381791e+00 -1.4971612385e+00 -1.0642998827e+00
-2.9529240261e+00 1.2552548067e+00 -5.2765525027e-02
-7.4986655085e-01 -1.0297561456e+00 1.2189973216e+00
2.2167798506e-01 -7.6184868875e-01 1.2364923072e+00
-1.5150336140e+00 -7.5975886928e-01 1.1353592172e+00
4.6906762811e-01 7.7423749807e-01 2.2911522175e+00
-1.3627316900e+00 2.8406816732e+00 6.8918276837e-02
-1.2284230395e+00 3.7444251670e+00 -2.2325985821e-02
-2.6210834459e+00 1.5636563298e-01 5.4990071494e-01
1.6692273306e+00 2.9805888211e+00 5.1351645217e-01
1.8958304731e-01 -7.9044262423e-01 1.2213790079e+00
-1.9079317813e+00 3.6012602217e+00 8.6291248788e-02
-2.8800304810e+00 -1.6408163519e+00 1.0002869089e-01
-2.6241490788e+00 -2.5952175326e+00 9.3732450232e-02
1.1187154035e+00 -2.1979175623e+00 -9.1862642225e-01
1.6715439277e+00 1.7228050601e+00 1.1753654070e+00
-2.9958947646e+00 -5.9402233896e-01 4.0833545919e-01
3.5548687493e+00 -2.8092913843e+00 -4.1298613569e-02
1.1202694765e+00 2.3891723691e+00 2.6023660053e-01
1.9937022023e+00 2.9333963595e-01 1.0285150055e+00
-1.5966060838e+00 2.9543199993e+00 1.2353681662e-01
1.5375246786e+00 -8.3579894771e-02 1.2411699032e+00
1.8650566435e+00 -3.8650099313e-01 3.0408373331e-01
1.8212944441e+00 -3.4139616857e+00 -4.1580892974e-01
6.6847761170e-01 4.5839663053e-01 2.5120761793e+00
3.3446471939e+00 -2.7191796039e+00 -6.5897514598e-02
-2.5357688242e+00 4.0000000000e+00 -1.2151433431e-01
-2.6649655284e-01 -4.8314678986e-01 1.4807418364e+00
8.6546885911e-01 -1.7846340252e+00 -4.4166769985e-01
-7.6306606934e-02 -1.3031883045e+00 1.0607902019e+00
-2.8482462274e+00 -2.3027640525e+00 8.7421075087e-02
-4.0000000000e+00 -1.2661080579e+00 2.3512090667e-01
1.6885767931e+00 3.0626498988e+00 5.2248815388e-01
9.6410135174e-01 -2.6782690943e+00 -7.1866200352e-01
1.1520112728e+00 1.0253689066e+00 2.0014610889e+00
-1.6411913375e+00 -2.8346468253e+00 2.7826998268e-01
2.3214505112e+00 -1.7380354250e+00 -1.2336972756e+00
-2.2317478904e-01 -1.4192564136e+00 1.0877672018e+00
-2.6879640674e+00 -2.7495204834e+00 9.7805378172e-02
-3.4296458496e+00 1.1318058732e+00 4.7977727001e-02
1.5593391628e+00 -3.4030996767e+00 -4.3503354797e-01
-6.3054637998e-01 8.6433520087e-01 1.4844643011e+00
3.0153463692e+00 7.1022373018e-01 1.9709972339e-01
2.0321307675e+00 -2.1287414810e+00 -1.2486132571e+00
-2.5119803180e+00 -3.4344338598e+00 8.7562358344e-02
-2.2000527439e+00 1.4349867498e-01 8.3124573655e-01
-1.9259308956e+00 2.9198828146e+00 1.7991222575e-01
9.6261336006e-01 1.0339569688e+00 2.0243336203e+00
3.1370221864e+00 -2.6466131591e+00 -1.1123558451e-01
9.6480890713e-02 1.6219408715e+00 1.0272221203e+00
-3.4412323990e+00 1.5173280395e+00 -7.5055995772e-02
1.8550861215e+00 -1.5118442650e+00 -1.4120975106e+00
1.9687675776e+00 -9.2188825987e-01 -7.7749473350e-01
1.8104039249e+00 -3.2364074157e-01 4.7938045690e-01
-1.8371754253e+00 -1.6614349608e+00 4.8004744782e-01
3.7552558322e+00 -1.1360707921e+00 -1.5591947365e-01
-3.4761849841e+00 -1.0106276122e+00 2.9346297941e-01
3.0207691111e+00 3.2438821709e+00 3.9451590414e-01
2.2774588727e+00 2.5235973670e+00 9.6535372094e-01
-2.3135377894e+00 2.7092840771e+00 1.4270251613e-01
6.7761530895e-01 1.4336471865e+00 1.3885686433e+00
2.4105349350e+00 1.4245390247e+00 8.5212648751e-01
-1.4248153415e+00 3.9548357603e+00 -2.4181859097e-02
1.7698146710e+00 -2.6844296572e+00 -9.4654335506e-01
-1.7487600982e+00 -2.0906298673e+00 3.5281471416e-01
-3.1048948832e-01 -1.0263680946e+00 1.2135055056e+00
-1.0353047858e+00 2.8134987189e-01 1.5045535025e+00
3.1173192984e+00 1.5884827622e+00 4.4042813063e-01
-3.5109564715e+00 2.6109100148e+00 -2.6816931693e-01
4.0000000000e+00 6.9949813477e-01 3.1641119972e-01
2.5440168224e+00 3.7095216504e+00 3.5868536744e-01
-2.7103111016e+00 -5.3585570286e-01 4.9859979886e-01
-1.2771282870e+00 -3.2280311392e+00 3.7113973745e-01
9.5113979722e-01 -2.4967502244e+00 -7.3488774122e-01
3.2173442396e+00 -3.1627876398e+00 -1.3159497327e-01
-4.0000000000e+00 6.6933816426e-01 5.2809215251e-01
2.0023090374e+00 -6.3687938552e-02 5.5855477794e-01
2.0042888179e-01 -3.8791768881e+00 1.5858383802e-01
-1.0239667646e+00 -8.4969403473e-01 1.2183745226e+00
5.4589476868e-01 -1.5898453377e+00 2.2107259354e-01
7.4329772804e-01 2.5623519979e+00 -7.6402370870e-02
-2.3784122196e+00 1.9173719712e+00 2.0529988450e-01
-2.7574914525e-01 -2.4040304789e+00 5.2250329494e-01
1.7032792945e-01 -2.6190280833e+00 4.9883057558e-02
3.7016586283e+00 -2.4919189302e+00 -2.5752913002e-02
-4.8214007507e-01 9.9122461936e-04 1.8154762275e+00
1.9867579260e+00 -1.2550838381e+00 -1.2365007496e+00
9.7311891413e-01 -3.5720861549e+00 -2.3164885608e-01
1.8733466373e+00 -1.3902939345e+00 -1.3365785108e+00
2.3977901645e+00 7.8110418527e-01 7.3036919061e-01
-1.9636521621e+00 8.1657082645e-01 9.6397542547e-01
-1.4803719708e+00 -1.8551598640e+00 6.7812985258e-01
-6.7031848141e-01 -2.5711057226e+00 5.3465290439e-01
2.9810899137e+00 -1.6331944768e+00 -5.3159447474e-01
-2.8518909884e-01 -1.8002042036e+00 9.5640990520e-01
2.6776363398e+00 -2.1126853589e+00 -6.1085928525e-01
1.4370536669e+00 -4.0000000000e+00 -1.5812389267e-01
3.5062802108e+00 2.3663966463e+00 3.6881840710e-01
-2.4663071641e-01 -4.0000000000e+00 2.7358160755e-01
-4.0694438704e-01 1.3878031428e+00 1.2451854968e+00
1.8118706966e+00 2.7825662589e+00 6.6101070709e-01
1.3184390577e+00 1.2663960596e+00 1.6504574198e+00
1.4314421597e+00 -1.1452743308e+00 -6.8078405493e-01
9.2693401656e-01 2.8882523922e+00 -1.0161479189e-01
2.6908233884e+00 -2.1082530021e+00 -5.9870924129e-01
-4.0000000000e+00 -3.2325336033e+00 1.4422507398e-01
1.3581904444e-01 -2.5740696144e+00 1.0278492782e-01
2.5551897053e+00 3.2118742303e+00 6.4892537511e-01
-2.5672899741e+00 2.8385571793e+00 6.6290149747e-02
-2.6988640555e+00 1.7237857665e+00 -1.9090483926e-02
-3.6605001434e+00 -2.4226764248e+00 5.9801402821e-02
9.1263303460e-01 1.0651532714e+00 1.9796149077e+00
-4.2752958162e-01 2.9586314426e+00 -3.9800924623e-01
-2.5973782891e-01 -2.6335299933e+00 3.6623918621e-01
-3.8590303352e+00 -1.5703608617e+00 1.7975672070e-01
2.9397329500e+00 4.0000000000e+00 1.8346972653e-01
9.7697873469e-01 1.2433327050e+00 1.7065899643e+00
1.0573838235e+00 7.1336143277e-01 2.3715547812e+00
2.3382692158e+00 3.1005684476e+00 7.6380575774e-01
1.8531875081e+00 -3.6661643958e+00 -3.2337465979e-01
1.8192664997e+00 -1.3826148465e+00 -1.3157250106e+00
-2.3820050020e-01 9.9943177609e-01 1.5710602211e+00
-3.5757947143e+00 -2.1296350476e+00 1.0923770769e-01
-3.0506523135e+00 2.6518629703e+00 -1.2449318081e-01
2.2050747145e+00 -1.3637395016e+00 -1.2816570255e+00
-1.3262704297e+00 -1.3803871273e+00 9.8162600826e-01
-1.2600381252e+00 -1.9327633845e+00 7.9256122338e-01
2.8998889593e+00 -2.3837620064e-01 -4.8430489062e-01
-2.4539924608e+00 1.9200488137e+00 1.3589280927e-01
1.8425798923e+00 -1.4600434380e+00 -1.3796235954e+00
-1.5554767976e+00 1.8539851530e-01 1.2985049136e+00
-2.4693657312e+00 -2.1556821625e+00 4.9651555391e-02
3.8777228507e+00 -7.0375962410e-01 -1.0288876248e-01
-2.1685274820e+00 1.5726355350e+00 6.0384494567e-01
2.0780888789e+00 4.0000000000e+00 2.1912883630e-01
3.2335034533e+00 2.1155646772e-03 -2.4270209552e-01
-1.3879987249e+00 -3.1649624669e-01 1.3515475544e+00
-8.0204237305e-01 9.9979586109e-01 1.4572060673e+00
-1.4246506328e+00 -2.2478609743e+00 4.9704241481e-01
-1.0545399394e-01 1.3610752539e+00 1.2955663545e+00
-9.5751878805e-01 2.4424389424e+00 1.7752723846e-01
1.0712469254e+00 -1.1308136058e-01 1.7128139906e+00
-2.1908124729e+00 1.8511280180e+00 4.4100850052e-01
7.9084991655e-01 9.6972946585e-01 2.1221176977e+00
1.8437301463e+00 1.7854121908e+00 1.1429435079e+00
-2.3407787779e+00 3.7404148415e-01 5.9860837735e-01
-3.3096828219e+00 -8.8925205343e-01 3.0437387901e-01
2.7086190779e+00 -2.3173820376e+00 -4.5492256621e-01
-1.0227985521e+00 -1.0539734487e-01 1.5411670832e+00
3.6107346875e+00 8.4032758385e-01 2.2811879924e-01
1.9578030786e+00 8.6943340987e-01 1.4010446569e+00
1.8832027188e+00 2.3018123301e+00 8.8660535553e-01
1.7307884136e+00 -2.9617815864e+00 -7.3610178945e-01
2.4976223865e+00 -4.2066483623e-01 -4.5956535281e-01
-1.6998227506e+00 2.2239039717e+00 5.3661911943e-01
1.1734610778e+00 -1.7213145796e+00 -8.9966785633e-01
-1.1010307914e+00 -1.3117635671e+00 1.1070252615e+00
3.6642553749e+00 -3.1962761636e+00 -2.6994291882e-02
3.4389117043e+00 3.0671238532e+00 2.5403165335e-01
1.4801028242e+00 7.2139008035e-01 2.0440290750e+00
-1.7038159655e+00 2.4133823913e+00 3.7425697413e-01
2.3235562172e+00 -1.1802349278e+00 -1.1323423479e+00
2.0229116261e+00 -3.6315192569e-01 1.2483404032e-01
-8.5798161271e-01 2.6800497980e+00 -8.0989036540e-02
9.4471854113e-02 -2.2863217926e+00 3.2052899616e-01
4.3939806772e-01 2.2156213278e+00 1.8827674853e-01
-2.1143216496e-01 -1.5465005002e+00 1.0355325503e+00
3.4973912026e+00 -2.1747361113e+00 -4.2553763389e-02
-1.9809994919e+00 1.0973339463e+00 9.9048683518e-01
-1.2792163459e+00 1.3912189097e+00 1.4889495000e+00
-3.3378548187e+00 -2.1267621654e+00 1.2389317528e-01
7.6277675162e-01 -4.0000000000e+00 4.2696081424e-02
2.1979108603e+00 4.0000000000e+00 2.0659444091e-01
8.2286395992e-01 -9.0112274639e-01 6.0347782129e-01
2.6706544734e-01 -2.0467923939e+00 2.9468546194e-01
-6.1489899995e-02 1.3187632667e+00 1.3492391602e+00
1.2792130585e+00 1.7280497392e+00 1.0724991479e+00
1.2861036433e+00 3.0974305228e+00 1.9236281132e-01
2.0137927214e+00 4.0000000000e+00 2.2604837315e-01
3.5954415821e-01 1.5159837464e+00 1.2103250176e+00
1.3429162771e+00 -2.6378327722e+00 -9.6367431231e-01
7.5445225227e-01 1.5372930458e+00 1.2447236687e+00
-2.8733029122e+00 2.2169130160e-01 4.6122236443e-01
-2.1968838871e+00 -2.3655871181e+00 9.8473997031e-02
-9.6161219978e-01 -3.5729777161e+00 3.5718010958e-01
-1.6059339533e+00 -8.5371151643e-01 1.0443044250e+00
-2.0708482549e+00 9.4928514603e-01 8.4096391388e-01
-6.3323813491e-01 1.2089924446e+00 1.3804320966e+00
6.2560595059e-01 2.5261042539e+00 -9.7175735970e-02
1.4283519913e+00 -1.9320296859e+00 -1.2686480039e+00
2.1748089702e+00 4.0000000000e+00 2.0891820269e-01
-3.8652766861e+00 -2.2084878093e+00 5.1441841138e-02
-1.4370821220e+00 -1.6932281186e-01 1.3668567669e+00
2.8360405069e+00 -2.4635041080e+00 -2.8536479531e-01
2.5700807030e+00 3.6651774154e+00 3.7845382141e-01
1.0986130165e+00 2.9492643637e-01 2.2475136491e+00
-1.3220938327e+00 -3.6018382955e+00 3.3414429226e-01
-1.5286073536e+00 2.4047163072e+00 3.9050398650e-01
-3.3887339040e+00 1.5082356603e+00 -7.6591566438e-02
-4.0000000000e+00 -1.5948848389e+00 1.4767811627e-01
-4.0000000000e+00 1.8319755281e+00 -2.3068174598e-01
-2.1559897515e-01 2.3346089907e-01 2.0004736790e+00
3.8940881501e+00 1.9891794927e+00 1.5886936068e-01
1.3926892779e+00 -3.2792575715e+00 -5.0861739361e-01
-1.5889111613e+00 1.1712821182e+00 1.4441497348e+00
-3.1567820186e+00 -3.6001367361e+00 3.3481697942e-02
-2.6427352012e+00 -2.8817229113e+00 1.0157709707e-01
3.5757305934e+00 3.1826033362e+00 1.7758955595e-01
2.2551866650e+00 -1.7612490631e+00 -1.2863534465e+00
2.9607908195e+00 5.4935932034e-02 -2.7214383493e-01
8.4531973306e-01 2.3559336883e-01 2.3304273721e+00
1.6152745907e-01 3.0215637885e+00 -4.5794565863e-01
4.9601229211e-01 1.8864743453e+00 6.8582238540e-01
-1.6937122914e+00 2.5529490394e+00 2.8561366825e-01
-2.4522427414e-01 1.9513592404e+00 5.8462172110e-01
-1.8856941286e-02 -3.7425752538e-01 1.6480007095e+00
-2.0650202997e+00 7.1274791179e-01 8.1723035496e-01
-2.5488486203e+00 -1.4821970303e+00 1.2090882932e-01
2.4984878363e+00 -1.8335686930e+00 -1.0038319929e+00
7.1531992366e-01 -6.2465347903e-01 1.1643417668e+00
-1.6953626502e+00 2.1692641696e+00 5.9449412867e-01
-3.6566597560e+00 -5.4229815670e-01 4.3937510736e-01
2.0921981905e+00 -1.0592173529e+00 -1.0345843225e+00
-3.1844512101e-01 -2.3934793212e-01 1.7194962216e+00
1.1609337612e+00 7.3049524744e-01 2.3060777790e+00
8.6043318971e-01 -1.9220920735e+00 -5.0572072704e-01
2.7543979011e+00 3.0936924137e+00 6.1748920823e-01
-1.9762521373e+00 1.4061137125e+00 9.5722725549e-01
-2.3372322985e+00 1.0475078350e+00 4.4954269084e-01
-1.3536711069e+00 -2.8940389133e+00 3.5449899467e-01
2.0521170786e+00 1.4204556759e+00 1.1910476614e+00
-7.9575091045e-01 3.2092833624e+00 -2.6634225139e-01
2.5517624415e+00 -3.7618570873e+00 -2.7505029455e-01
6.9791357233e-01 1.7108715508e-01 2.3037225754e+00
-6.6419603432e-02 -2.6860414729e-01 1.7621137924e+00
2.9703680092e-01 2.7785332040e+00 -3.5915910148e-01
-2.9699810681e+00 -3.5330796220e+00 2.2847880749e-02
9.8268698362e-02 -4.0000000000e+00 2.1422667653e-01
-1.6470550622e+00 -2.8722322440e+00 2.7931312375e-01
3.7000303020e-01 2.4971108703e+00 -1.4312669774e-01
7.5606676204e-01 8.9244441808e-01 2.2303732398e+00
2.6374401068e+00 3.8316085646e+00 2.7092842026e-01
-2.4739760677e+00 -8.7760221762e-01 4.2497791957e-01
1.6136274189e+00 3.3004288245e+00 4.6531917833e-01
-2.6109098632e+00 -2.9104400092e+00 1.0521769582e-01
1.7723859229e+00 -1.3252949519e+00 -1.2430781136e+00
3.6070297135e-01 -3.4257637664e+00 -4.8240707093e-02
1.2792629616e+00 -2.9156715570e-01 1.2234054778e+00
4.0000000000e+00 6.5898021382e-01 3.2350520355e-01
2.6710190446e+00 8.1494684154e-01 4.1481189003e-01
-1.3324520068e-01 -9.8650886921e-01 1.1960732987e+00
-2.7366362874e+00 -4.0000000000e+00 3.1465693219e-02
-1.7345566059e+00 9.2692104613e-03 1.2135133848e+00
-5.6318613679e-01 -2.6260807152e+00 4.8654052924e-01
3.4961970845e+00 9.4009714231e-02 -3.5923259956e-02
-2.2000559224e+00 -1.3079083455e+00 3.5773893549e-01
-1.3669245028e+00 -7.3263084099e-01 1.1954829054e+00
1.2799976437e+00 2.9459513112e+00 1.7660054914e-01
-9.3817370931e-01 -3.0907890816e+00 3.8811274165e-01
-3.7287628569e+00 -3.2232989277e+00 7.4988398968e-02
-4.0000000000e+00 -3.8851494026e-01 4.9938347039e-01
-2.4298034559e+00 3.1386723756e-01 5.6071966667e-01
-6.1223883794e-01 1.8370170096e+00 8.5336002836e-01
-1.7120717967e+00 2.6582222461e+00 2.3397878132e-01
-3.8697291192e+00 -9.6984193405e-01 3.1545605869e-01
2.0641477984e+00 1.7365701643e-01 7.6404400975e-01
2.6453068635e+00 1.4193918263e+00 6.1570970863e-01
3.0636423786e+00 -3.0278748153e+00 -1.5529156935e-01
-1.0153682322e-01 1.9600162456e+00 5.5323664145e-01
8.5065823149e-01 -1.4185345897e+00 -1.2417746174e-01
4.0000000000e+00 1.0602591932e+00 2.5043430828e-01
2.0468577529e+00 4.0000000000e+00 2.2249764993e-01
1.0448750256e+00 -2.0675485882e+00 -8.2090364087e-01
-2.2680022245e+00 -3.2264915893e+00 1.6995903286e-01
-1.5548625244e-01 -1.4695478577e+00 1.0370831723e+00
-2.0242233358e+00 -2.6706304752e+00 1.6774441525e-01
-4.0000000000e+00 -1.7496233977e+00 1.0788261489e-01
2.6620663923e+00 -4.0000000000e+00 -2.4315470029e-01
-1.9056886076e+00 2.5669762944e+00 2.5728405050e-01
2.4026982446e+00 7.0193966756e-01 6.9432058744e-01
3.5681183989e-01 3.7041620400e+00 -1.3309765980e-01
-5.3937608824e-01 -9.1679380977e-01 1.2379812327e+00
4.4694381907e-01 2.1545297730e-02 2.1594770218e+00
2.0313782263e-01 2.9179701154e+00 -4.3144612484e-01
-1.7969502137e+00 -7.2599017497e-01 1.0102006640e+00
-4.8824718529e-01 5.5263106424e-01 1.6617843505e+00
3.8171255246e+00 -9.1681971501e-01 -1.4708529819e-01
2.1147028388e+00 2.1799950264e+00 1.0211507200e+00
1.2333457918e+00 -2.9525862087e+00 -7.2783696687e-01
2.3163067031e+00 -1.1935394508e+00 -1.1434279811e+00
1.1822356002e+00 -1.4452601333e+00 -7.0308460048e-01
-5.8570919189e-01 6.1317136507e-01 1.5750160433e+00
1.7153515935e+00 -1.6988567704e+00 -1.4458437800e+00
2.9328953346e+00 1.1580047630e+00 3.1904827030e-01
2.7518042585e+00 -3.3882089637e+00 -2.4617312119e-01
-3.6777207416e+00 -1.1779216262e+00 2.7310010445e-01
2.5625088936e+00 2.5889034026e+00 9.0860680076e-01
-8.3257671148e-01 3.9742853068e-01 1.5479482121e+00
2.8486909715e+00 -2.3629442299e+00 -3.0937567185e-01
-2.7493159554e+00 7.1404389236e-01 1.3307792771e-01
1.3050894041e+00 -1.0410469840e+00 -3.2542594486e-01
2.2693134196e-02 -1.6257503938e+00 8.3846105241e-01
-3.6446629133e+00 -9.3999513732e-01 3.1848666396e-01
-4.9444498590e-01 2.1479139193e+00 3.5316377271e-01
-1.4804406716e+00 2.9211672512e+00 9.1143301591e-02
8.4933402999e-01 -3.4240434481e+00 -2.7330002938e-01
3.1382202420e+00 -2.9638630042e-01 -4.5758211548e-01
-1.6884307468e+00 1.7806791805e+00 1.0623430058e+00
1.3632815864e+00 1.7834133801e+00 1.0339505134e+00
4.0000000000e+00 1.7400926277e+00 1.4224068755e-01
5.7882021340e-01 1.9670799270e-01 2.3429751509e+00
-1.8378333537e+00 -2.8327057699e+00 2.2901365712e-01
-2.1953269462e+00 7.0364824751e-01 6.5066776610e-01
2.6372570583e+00 1.7970378746e+00 7.9397152447e-01
-3.0494855288e+00 -4.0080034332e-01 5.0021882773e-01
5.1596479683e-01 -1.2082928739e+00 5.9533655185e-01
-3.5266486906e+00 2.9108504865e+00 -2.7258743162e-01
-2.3520961116e+00 -1.3597054344e+00 2.3851653394e-01
1.2435971662e+00 -7.1140395209e-01 4.5753176333e-01
2.5651356656e+00 -3.0958348236e+00 -3.1072145519e-01
-3.8845641225e+00 2.2104789702e-01 6.5316874124e-01
-3.6513902998e+00 1.1614515845e+00 9.0010467042e-02
4.0000000000e+00 7.5187318601e-01 3.0699835014e-01
1.5005765939e-01 2.3111444737e+00 3.6425996549e-02
-9.3446396775e-01 7.3950185863e-01 1.4513193435e+00
2.4076159086e+00 -1.2386412268e+00 -1.1255295596e+00
-1.6498406646e+00 -2.5508359179e+00 2.8226631718e-01
9.6836625817e-01 -9.8649354987e-01 2.6529135237e-01
-1.1826084372e+00 3.4855529933e+00 -4.6844731801e-02
-2.0670440681e+00 -7.6775945514e-01 7.9553211635e-01
7.6938819548e-01 -3.5172815069e+00 -1.9148413969e-01
7.9580011078e-01 -1.1676346727e+00 2.4979250270e-01
2.3806486443e+00 -1.0787782917e+00 -1.0444819895e+00
-4.8156971825e-01 4.3742793039e-01 1.7261315982e+00
-3.1520365841e-02 -2.8156267928e+00 1.4500084551e-01
-2.1870681282e+00 2.4611717247e+00 2.0112327275e-01
-1.4302579700e+00 5.7676755635e-01 1.3354646864e+00
-2.4816454041e+00 3.3644869975e+00 5.4852881340e-02
9.7691623805e-01 -2.4315286078e-01 1.5861416283e+00
1.9708810704e+00 -1.9426794668e+00 -1.3985654822e+00
8.0901453786e-01 1.4427308751e+00 1.3931841183e+00
1.7849236316e+00 -2.0266670755e-02 9.6953267896e-01
3.9495042974e+00 5.1729605846e-01 3.2648114242e-01
-2.0611175183e+00 -2.7022212283e+00 1.6388644485e-01
-2.5621215296e+00 2.7974772788e+00 6.7621338743e-02
1.7835301405e+00 2.9408960780e+00 6.0561838141e-01
1.7198772443e-01 -7.8662303400e-01 1.2293513455e+00
-2.9293753657e+00 7.4785659767e-01 9.3704152754e-02
3.3805557250e+00 -3.0916895899e+00 -9.0096041606e-02
-2.0821987926e-01 4.0549896170e-01 1.9648711469e+00
-2.5148790480e+00 1.2790450968e+00 1.9255469222e-01
-2.4719795815e+00 -1.8919021416e-01 7.2009650705e-01
-2.9745523564e+00 -2.3022369453e+00 9.7103485710e-02
-4.0000000000e+00 1.7315512994e+00 -1.8266557626e-01
3.2757792094e+00 -1.7423572071e+00 -2.3844066578e-01
-2.7584254493e+00 -3.2756539628e+00 5.0912428706e-02
2.0028239072e+00 -1.5338302790e+00 -1.4166185278e+00
-1.9220959252e+00 -3.2537538800e+00 2.5328190845e-01
-1.4179478232e+00 -2.6403311640e+00 3.6336950283e-01
1.6937215585e+00 -1.7452745209e+00 -1.4452690709e+00
1.7708591844e+00 -7.4031728528e-01 -2.4657188894e-01
1.4374629682e+00 2.4411735586e+00 4.7456097028e-01
2.6818295032e+00 -3.6839981388e+00 -2.5350787181e-01
-6.5251341522e-01 -2.0004238165e+00 9.3554043715e-01
-5.0427047920e-01 1.8014219528e+00 8.5849945595e-01
1.4516919269e+00 -4.9602493040e-01 6.5078055942e-01
-1.1335376044e+00 5.6922934913e-02 1.5075657699e+00
-2.5980845806e+00 -1.9465964328e-01 6.5366069064e-01
-3.1274733231e+00 -4.0000000000e+00 9.4125315628e-02
2.2675926621e+00 -3.0171949008e+00 -4.6662965384e-01
4.5946618964e-01 2.2485251437e+00 1.4879256932e-01
3.8387879197e+00 3.5422176829e+00 9.3295720220e-02
-4.0000000000e+00 -5.7685306206e-02 6.2712413106e-01
1.2540063863e+00 5.5994476257e-01 2.2819251738e+00
3.2752124241e+00 -3.1154560634e-01 -3.9545097793e-01
8.5070218473e-01 2.6474995714e-01 2.3583386908e+00
2.6028099426e+00 -9.7669197841e-01 -9.0689773020e-01
-1.5885688723e+00 4.2699517958e-01 1.2510979296e+00
3.1161891612e+00 -2.5190350540e+00 -1.2132680343e-01
7.5603982989e-02 -3.1203166348e+00 4.5787663910e-02
-4.8872911728e-01 -1.4937345658e+00 1.1426672845e+00
-2.1730323777e-01 -4.0000000000e+00 2.6966160860e-01
-2.9607866660e+00 2.7067976689e+00 -9.0865121831e-02
2.1188881082e+00 2.8782455058e+00 8.1274520261e-01
-5.1490692767e-01 -3.4764589759e+00 3.1005008027e-01
-4.6100278815e-01 -1.5091696938e+00 1.1335451164e+00
-1.9257724212e-01 3.2447489714e+00 -4.4982582529e-01
1.6497262887e+00 -1.3173186467e+00 -1.1537396349e+00
-1.4371257887e+00 2.3216522938e-01 1.3503763063e+00
-2.4303681382e+00 -5.9884413799e-01 6.2668506923e-01
7.0460968094e-01 1.0343454584e+00 2.0111245928e+00
1.3580350368e+00 2.4455031589e+00 4.0395884712e-01
4.0000000000e+00 1.4377557797e+00 1.9130001274e-01
1.6875533558e-02 -2.6237568591e+00 1.8293503458e-01
-3.0763984335e+00 2.4620616925e+00 -1.2903943727e-01
-2.0726478855e+00 2.1771638176e+00 3.6001817916e-01
1.7428995319e+00 -4.2005824641e-01 4.1382968963e-01
-3.8197096854e+00 5.7690428162e-01 5.0894858468e-01
-3.0398606147e+00 2.7989768388e+00 -1.2510847060e-01
1.3973791687e+00 9.7764953858e-01 1.9476247150e+00
-2.1224375805e+00 -1.0234673079e+00 5.7528991629e-01
1.2901515143e+00 -2.0725483372e+00 -1.1169539511e+00
3.1960954309e+00 1.9444400454e-02 -2.4695252862e-01
1.3958944313e+00 1.1569692518e+00 1.7582272793e+00
-2.8376541709e+00 -2.6371939618e+00 8.9138462030e-02
4.1344234675e-01 1.0201586360e+00 1.9340864692e+00
1.6265715908e+00 -1.1364839650e+00 -8.9050352261e-01
-1.2759627586e+00 1.2797819422e+00 1.5218244640e+00
-2.5732604253e+00 6.4374202845e-01 2.5967962734e-01
5.7980684674e-01 -8.6093884464e-01 9.2215620637e-01
2.0918288797e-01 9.8463228529e-01 1.8661229003e+00
-2.7879356375e+00 -1.2923857271e+00 1.4690381736e-01
1.4041846231e+00 -3.3195331301e+00 -4.8150109121e-01
3.6160365701e+00 3.2191487611e+00 1.6061311976e-01
8.8915771322e-01 1.6864019746e+00 1.0418588646e+00
2.5108342965e+00 -1.6260202530e+00 -1.0670422816e+00
-4.0000000000e+00 3.9019500256e+00 -1.5201618784e-01
1.9607123979e+00 1.1659377131e+00 1.3348899424e+00
1.2494453618e+00 1.8537532371e+00 9.0396932451e-01
-2.0437884946e+00 -5.8464416374e-01 9.2064548316e-01
5.1058640100e-02 1.0546246193e+00 1.6829278362e+00
-3.7516747205e+00 -2.3595270869e+00 5.5423471342e-02
5.8771601694e-01 1.2038647747e+00 1.7174734260e+00
3.2776937230e+00 -7.0467367603e-01 -4.9214996498e-01
-8.0946696215e-01 1.0641723088e+00 1.4518100923e+00
-4.0000000000e+00 2.4680985607e-01 6.6688910228e-01
-1.5065824682e+00 -1.3283678917e+00 8.8341954014e-01
6.5413972759e-01 2.6189263225e+00 -1.5265720104e-01
1.0707667739e+00 1.3114176205e+00 1.6069412068e+00
-1.9482555421e+00 2.6274043207e-01 1.0017718238e+00
-2.6648523885e+00 6.5056088093e-01 1.9892710746e-01
-3.3544408122e+00 -6.5061768599e-01 3.8386093645e-01
5.9472788526e-01 1.5481745532e+00 1.2060332857e+00
4.0825810650e-02 -4.0000000000e+00 2.2598482781e-01
-4.8529239009e-01 1.5533350572e+00 1.1185565900e+00
-1.1860944974e+00 -7.1968770661e-01 1.2363558499e+00
1.2300181816e+00 -9.3489361363e-02 1.5955609788e+00
1.3765260875e+00 -1.7452654958e+00 -1.1867732846e+00
-2.9484101409e+00 3.0024765622e+00 -9.7741272179e-02
1.1720418425e+00 1.9148918368e+00 7.9419052689e-01
-1.9449339501e+00 2.4060606039e+00 3.1312573629e-01
9.3748429352e-01 2.1265676566e+00 4.3007517518e-01
-9.7770489642e-01 5.1705402902e-01 1.4551647491e+00
1.7358487001e-01 -2.1412298225e+00 3.3983794854e-01
-2.7372907482e-01 -2.8811844423e+00 2.7064334298e-01
-1.1935881057e+00 -1.1402957007e+00 1.1118255179e+00
1.1435767947e+00 -2.0548542357e+00 -9.4806801175e-01
1.8287926707e+00 -3.3552368267e+00 -4.4321565112e-01
1.0663270968e+00 -1.2657128822e+00 -3.0814583140e-01
5.2035750085e-01 2.8853667861e+00 -3.2627868771e-01
-4.5659812234e-01 1.5655047357e+00 1.1010032685e+00
2.1044721549e+00 1.7286209593e+00 1.1137886755e+00
6.5286480239e-01 -6.4438586592e-01 1.1772103352e+00
3.1263000970e+00 7.6508333021e-01 1.9427328611e-01
-3.3569724530e+00 1.2939260601e+00 -2.3658321336e-02
-3.6591186728e-01 1.5426268409e+00 1.1077441401e+00
7.9735128597e-01 -1.1312271632e+00 2.9468888716e-01
3.9077977021e-01 2.1721991368e+00 2.4047749397e-01
3.8027265482e+00 -2.9076043672e+00 -8.8022084460e-03
2.0136083387e+00 1.8225193255e+00 1.1164187490e+00
2.3402870451e+00 2.9730222885e+00 8.1834289425e-01
3.5469457687e+00 1.6184866065e+00 3.2103152243e-01
1.5863616404e+00 -1.5895384652e+00 -1.3278305526e+00
-1.1576763845e+00 -5.3762947788e-01 1.3155061453e+00
-3.7070765946e+00 9.8912978483e-01 2.0326629519e-01
-3.3653336799e+00 -2.1887679582e+00 1.1532624073e-01
7.8507613185e-01 1.1802802767e+00 1.7917966942e+00
-2.9970579457e+00 3.8241926263e+00 -1.0250468626e-01
-4.5132677736e-01 2.4573079425e+00 -5.0727472097e-02
-7.8756120000e-01 3.2177071776e-02 1.6680026232e+00
2.1590027573e+00 -4.0000000000e+00 -3.0138717424e-01
-3.3449046143e+00 3.6562584716e+00 -1.4985056408e-01
8.4783283812e-01 9.4838702683e-01 2.1558316611e+00
1.6632911638e+00 1.6837238561e+00 1.2059908724e+00
-1.2127751294e+00 -2.2714234434e+00 6.0675547705e-01
8.1145864441e-01 1.7087061243e+00 9.9710553801e-01
1.4204018631e+00 6.8740077404e-01 2.1148927355e+00
2.4799911714e-01 -3.5239576441e+00 3.7971864392e-02
1.2527059834e+00 -1.8861430880e+00 -1.0700138160e+00
-3.3020211144e+00 -2.6371970871e+00 5.8964075729e-02
-1.6877337194e+00 -7.9083910965e-01 1.0363856487e+00
1.7305449848e+00 -2.4133224821e+00 -1.1565347271e+00
7.4080624673e-01 -2.4216465708e+00 -5.0447741549e-01
1.5266647795e-01 1.7752393676e+00 8.2441238849e-01
-1.3510816511e+00 -1.3855271886e+00 9.6508745405e-01
-2.5067898370e+00 7.7848185661e-01 2.7168640114e-01
7.7343521583e-01 -4.0000000000e+00 3.9619622109e-02
2.6192077190e+00 2.6279101763e+00 8.7568839826e-01
2.4190726028e+00 -1.7282394025e+00 -1.1381407725e+00
2.5426986872e+00 -3.1541397514e+00 -3.1137897643e-01
-6.1984438359e-01 1.3490498098e+00 1.3055235556e+00
-1.3206782987e+00 1.7121705299e+00 1.2667654816e+00
5.0196954511e-01 -4.0000000000e+00 1.1559654847e-01
2.1289351706e+00 -1.3695734602e+00 -1.3106459472e+00
1.5625775311e-01 1.7712695028e+00 8.3028186040e-01
3.1401484164e+00 1.9515791300e+00 5.8096846635e-01
4.0000000000e+00 -4.0000000000e+00 -5.7936913262e-02
1.1615160526e+00 1.3723070281e+00 1.5218696080e+00
-3.9802827627e+00 -2.5924561352e+00 3.7423255574e-02
-1.1737359847e+00 1.0509009554e+00 1.5132439387e+00
-1.2415431391e+00 9.9995486046e-01 1.5063023332e+00
6.5990270298e-01 3.5574078097e+00 -9.2958288493e-02
2.4319882217e+00 1.0018599099e+00 7.3180799524e-01
3.1795718777e-01 -2.9388669338e+00 -1.4225718578e-01
1.3818359066e+00 -7.9422695783e-01 9.3702874313e-02
-3.6622318383e+00 1.2465057665e+00 5.0535784682e-02
-1.5446881324e+00 1.2903581330e+00 1.4619354913e+00
-1.5053946535e+00 -1.3078985441e+00 8.9220790392e-01
-7.6305524646e-01 -3.7091145573e+00 3.3432334396e-01
-6.0495753124e-01 1.8955551073e+00 7.6959100264e-01
2.2376096211e+00 2.9068951664e+00 8.3633253048e-01
1.0292209663e+00 1.5040812811e+00 1.3268910222e+00
4.0000000000e+00 -1.2288325660e+00 -6.6428083120e-02
2.4138895161e+00 4.9563079200e-01 5.5004762547e-01
3.7031479894e-01 -3.2616473766e+00 -1.0943628119e-01
-2.0329347018e-02 -1.2755502128e+00 1.0415729584e+00
-2.4238145997e+00 -3.2589715435e+00 1.2796649443e-01
1.2768677416e+00 2.8072820099e+00 1.8817634222e-01
2.1361909256e+00 1.5591359644e-01 6.2110139278e-01
4.0000000000e+00 2.8809809876e+00 3.8737342206e-02
-2.6363495909e+00 2.8616380153e+00 4.0424443351e-02
2.3728929275e+00 3.3243289178e-01 4.5128827408e-01
4.0127649385e-01 -9.9053021501e-02 2.0184048654e+00
1.7946581888e+00 2.4506709120e-01 1.3121462866e+00
2.4933447320e-02 -1.5074161480e+00 8.9942223979e-01
-2.4298351465e+00 1.6566697570e+00 2.2083820423e-01
-3.7489802992e+00 -2.5702947026e+00 4.4020766016e-02
5.5415839986e-01 2.2567184244e-02 2.1540026546e+00
1.8871163124e+00 7.4270872010e-01 1.5051963303e+00
1.9856718096e-01 -8.6188063010e-01 1.1621850324e+00
-1.8520947037e+00 -9.8208775006e-01 8.0827778499e-01
-2.7227537815e+00 -3.2811485485e+00 5.6962902054e-02
1.3794208921e+00 -3.4520210479e+00 -3.9350503716e-01
1.6861434893e+00 3.8522288173e+00 3.2359989043e-01
-6.1040630487e-01 2.7888294573e+00 -2.6230576682e-01
2.6120777719e+00 2.7778696533e+00 8.3116579950e-01
-1.3219045110e+00 1.2184191454e+00 1.5306061765e+00
4.0000000000e+00 -3.6283789053e+00 3.3510110456e-02
1.2525551024e+00 2.7178786028e+00 1.8849986332e-01
-7.1510504521e-01 4.0000000000e+00 -3.2874669133e-02
9.6626814032e-01 -1.8570155795e+00 -6.4348358042e-01
2.0404868222e+00 2.9989524491e-01 9.5514682915e-01
4.9765680132e-01 2.0971182593e+00 3.6221007238e-01
3.3168048460e+00 -2.1194620510e+00 -9.7915111787e-02
-1.6745487065e-01 3.2623237910e+00 -4.4708416263e-01
2.0745446849e+00 2.2367360955e+00 9.9530633525e-01
-2.6902910538e+00 -2.7355018891e-01 6.0455453874e-01
-3.9426774279e+00 1.6457861702e+00 -1.3159502405e-01
3.5941579229e+00 1.7914561114e+00 3.3301256613e-01
1.1837978129e+00 -4.9920230172e-01 9.5968275727e-01
-3.7185850030e+00 2.7185680614e+00 -3.1498335166e-01
1.4886358769e+00 -3.8346432614e+00 -2.2648948089e-01
2.3425196324e+00 -1.1149270653e+00 -1.0812834251e+00
1.7759015729e+00 -3.7492212434e+00 -2.9654463997e-01
-1.8880664013e+00 4.0046520431e-01 1.0227060043e+00
5.3028623288e-01 -6.6524359307e-01 1.2214532446e+00
1.2200618533e+00 -2.2645472198e+00 -1.0161443991e+00
1.7157936169e+00 9.7824467063e-01 1.6788635513e+00
-1.7138116911e+00 1.9502350058e+00 8.4678108476e-01
-2.6175323638e+00 -1.6165840985e+00 8.2505163939e-02
1.6163096557e+00 -1.8551395941e-01 9.7325989907e-01
-2.5496306365e+00 1.0922159365e+00 1.7913174966e-01
-1.6214217106e+00 -1.0012584373e+00 9.5417269566e-01
-4.6204071072e-01 -2.6449450411e+00 4.4841809981e-01
1.2982442941e+00 -7.8564190965e-02 1.5460460807e+00
-2.5368164309e+00 -1.1213160031e+00 2.5499460479e-01
-2.9103881878e+00 -2.3272434729e+00 9.2564280942e-02
3.2165697068e+00 1.8699671132e+00 5.1986736416e-01
2.9095680467e+00 2.1025740971e+00 7.4179305721e-01
-2.0058137061e+00 -3.0170262728e+00 2.1914676188e-01
-4.0000000000e+00 2.1152674026e+00 -3.3743384158e-01
1.1691102374e+00 1.8664186942e+00 8.5642541362e-01
-1.1185058315e+00 2.6534736563e+00 6.2923998515e-02
2.8309795029e+00 6.6136387469e-01 2.4576362898e-01
-9.6138861491e-01 4.0000000000e+00 -2.7331370138e-02
4.1513150672e-01 -1.7555198913e+00 2.9517708503e-01
-3.7254444357e+00 1.0179375521e+00 1.9137925809e-01
2.3745008186e-01 -2.5625393812e+00 9.0570163524e-03
2.9726078052e-01 8.1731742900e-01 2.1337584639e+00
2.2512052147e+00 -1.3504343378e+00 -1.2554963129e+00
1.4724176173e+00 2.2039583511e+00 6.6663622773e-01
1.4760799042e+00 2.4074139893e+00 5.2742898228e-01
1.3374053834e+00 1.3328080365e+00 1.5672767065e+00
-1.0791848683e+00 -3.4879339730e+00 3.6652067416e-01
-1.3405696249e-01 1.8978850918e+00 6.5035234956e-01
3.9669288868e+00 -1.4388233960e+00 -7.5127808346e-02
-2.2174087500e+00 1.7214708497e-01 8.0550781124e-01
2.3761376154e+00 2.6798013206e+00 9.2423516917e-01
1.4176534937e+00 -7.8791807058e-01 6.1981333966e-02
-1.7810223904e+00 2.4028971505e+00 3.6593743597e-01
-4.0000000000e+00 -1.6478069035e+00 1.3386461974e-01
1.4885093675e+00 3.9580902730e-01 1.9347032876e+00
9.2388249808e-01 1.5341089687e+00 1.2708292302e+00
1.5804520390e-01 -4.9176441027e-02 2.0510715495e+00
-3.2867725197e+00 2.2264736954e+00 -1.7545710452e-01
2.6862094555e+00 6.9132350800e-01 3.5962641008e-01
4.2144256825e-01 2.0056399977e+00 4.9107165417e-01
-4.0000000000e+00 -3.1355470716e+00 1.3308732046e-01
2.3154749863e+00 -1.7833955690e+00 -1.2249041494e+00
1.2844612812e+00 -1.7036263797e+00 -1.0509528258e+00
1.3619247271e+00 1.8777874065e+00 9.2384164971e-01
2.5699024618e+00 -2.4674255730e+00 -5.1048640719e-01
2.3881089072e+00 8.1199892047e-01 7.5313893455e-01
-4.0000000000e+00 2.4863010881e+00 -3.7660123249e-01
3.0826129264e+00 -2.0065717420e+00 -2.6884593979e-01
5.5085267189e-01 3.2130657553e+00 -2.9940530198e-01
-3.0033034697e+00 2.6951045649e+00 -1.0745234941e-01
-1.8146984576e-01 -1.4247231781e+00 1.0672015571e+00
-4.6070512044e-01 -1.0403427884e+00 1.2222711341e+00
-1.4107631812e+00 6.7681302226e-01 1.3676028745e+00
-2.7510725360e+00 -2.4725281342e+00 8.7801162163e-02
1.3250466505e+00 -1.8740859089e-02 1.6085952040e+00
-2.0312957975e+00 -2.4263052159e+00 1.4688165176e-01
2.0581260844e+00 2.7707083593e+00 8.1983140778e-01
9.2847151079e-01 -1.2958022773e+00 -1.1936125587e-01
-1.7071671440e+00 2.0785500342e+00 6.9177941668e-01
-3.1200514483e+00 -3.9892330646e+00 9.1075417732e-02
2.9759490951e+00 -2.0699462471e+00 -3.2791442078e-01
3.1628324978e-01 -3.9925407772e+00 1.6154284026e-01
-1.9036374856e-01 -3.2037753938e+00 1.9550299795e-01
-1.6299082374e+00 -4.0000000000e+00 1.5963258430e-01
-1.6055402499e+00 1.1013386126e-01 1.2810963029e+00
-3.3229893868e+00 2.7630447014e-01 5.0956345605e-01
-3.8389759329e-01 1.5342504277e+00 1.1178182301e+00
-6.2918469785e-01 -8.4647606479e-01 1.2455971722e+00
4.0000000000e+00 1.2321984607e+00 2.2201441476e-01
-2.1422477722e+00 -1.9989378241e+00 1.4965662167e-01
-2.4975613736e+00 -1.5779729267e+00 1.0911522338e-01
1.4886200630e+00 -4.4901106107e-01 6.9366658414e-01
-2.1450642592e+00 -2.1081344445e+00 1.2598163614e-01
-3.1697124807e+00 -2.2234174340e+00 1.1143213692e-01
-2.8675572201e+00 -3.4908497791e-01 5.3726530193e-01
-1.8372639177e+00 -2.2117175260e+00 2.5499583332e-01
-2.7184018191e+00 -1.2587812188e+00 1.5814987385e-01
5.0809446025e-01 1.5512858717e+00 1.1877922542e+00
5.6923044038e-01 -1.1756081408e+00 5.6016640490e-01
2.3775457091e+00 -2.5153615655e-01 -1.9244951938e-01
3.3747161701e+00 2.4008833033e+00 4.5206261941e-01
-1.4332922375e+00 1.9726417936e+00 9.2587921668e-01
1.0765989608e+00 4.0000000000e+00 2.0753969611e-01
1.9095375977e-01 -5.1631808088e-01 1.4949080822e+00
1.3890172757e+00 -2.2175605590e+00 -1.1684523376e+00
1.0979465842e+00 -4.0000000000e+00 -5.6572301103e-02
-3.2523762999e-01 2.1642392033e+00 2.8218507033e-01
-1.9970230631e+00 -2.0480423170e+00 2.1319100296e-01
1.1361268547e+00 9.2137284188e-02 1.9639918521e+00
1.2964348040e+00 8.3071810073e-01 2.1461608445e+00
3.1812729814e+00 1.6326726916e-01 -1.4467726882e-01
2.9085186250e+00 -2.4750617134e+00 -2.3286410556e-01
-3.6044509971e+00 2.0630059306e+00 -2.2128942075e-01
-6.9511363848e-01 1.8885064614e+00 8.1939100160e-01
-2.3622903142e+00 3.7287081299e+00 -1.7473538712e-02
-3.0284791471e+00 -2.1033396843e+00 1.0764983543e-01
2.6564013029e+00 -3.5482108248e+00 -2.6273680810e-01
1.2868480818e+00 2.9274467296e-01 2.0739175735e+00
8.9367358095e-01 1.0294431109e+00 2.0346566408e+00
9.5826765079e-01 -1.0561420203e+00 1.6485471127e-01
1.7554852041e+00 1.6271904227e+00 1.2446501599e+00
1.5941101599e+00 -2.9556312380e+00 -7.6562459638e-01
1.0000001950e+00 2.0705053659e-01 2.2186055687e+00
7.6055913606e-01 -2.4563148223e+00 -5.3353324603e-01
2.3368549210e+00 -2.8401224610e+00 -5.1105039924e-01
-3.2085447132e+00 -6.5812946311e-01 3.7552055465e-01
-8.4796082204e-02 -2.8381115388e+00 1.7472144718e-01
-4.0000000000e+00 -1.4621701630e+00 1.8286792607e-01
2.5964761380e+00 -2.1960493136e+00 -6.4766749453e-01
-1.2543797864e-01 -1.8391662438e-01 1.8384120480e+00
1.1921995856e+00 -7.8468530016e-01 3.6230801980e-01
1.2579794288e+00 1.8283497607e+00 9.3930719768e-01
-2.1026399476e+00 1.3644374517e+00 7.7449653442e-01
-2.8862025376e+00 2.7171248100e+00 -6.0755139828e-02
3.8911828638e-01 -2.9921456772e+00 -1.9278229991e-01
-1.8208992725e+00 -2.0385425812e+00 3.2645411236e-01
-4.9010618144e-01 -1.9896440058e+00 9.1926453737e-01
4.0000000000e+00 4.8809790790e-01 3.5068312811e-01
-3.0638667021e+00 1.6912464650e+00 -1.1120996066e-01
1.0702020398e+00 -2.3943380091e+00 -8.5686421070e-01
-2.5662407469e+00 -2.1914570974e+00 5.2964981976e-02
3.5719464026e+00 1.6239244828e+00 3.1423831445e-01
1.4246907696e+00 2.4235183499e+00 4.7398641775e-01
-3.3194578336e+00 -1.1116441545e+00 2.5679800024e-01
3.2532317021e+00 -4.0000000000e+00 -7.7486211125e-02
1.1179017253e+00 3.5226258402e-01 2.2870874357e+00
3.3814154490e+00 8.7391187090e-01 2.0647883963e-01
-3.3435094475e+00 3.6544165469e-02 6.1027467927e-01
-2.0034407866e+00 -1.1009046956e+00 6.1899970899e-01
-4.9890924320e-01 -1.4185502157e+00 1.1624113450e+00
-2.0116098324e+00 2.8226730373e+00 1.8848772886e-01
-1.4504265056e+00 3.6606932609e+00 2.9522943490e-02
-3.2834300673e+00 1.6488575478e+00 -1.0946617939e-01
-4.2065184005e-01 -2.7688272467e+00 3.7404235244e-01
1.9722020740e+00 2.0304635915e+00 1.0402251020e+00
-3.5114675898e+00 4.0000000000e+00 -7.3627110491e-02
1.5873982893e+00 -5.8794992377e-02 1.2098108669e+00
-1.2265432628e+00 -1.0326831148e+00 1.1282650681e+00
3.2046315907e+00 3.1981236753e+00 3.2163709628e-01
-3.0063669862e+00 -2.5897771304e+00 8.2150610019e-02
7.5035927298e-01 2.0744224730e-02 2.1028086656e+00
1.6875826188e+00 -2.8474313178e+00 -8.4009353925e-01
1.4501649953e+00 8.1006771630e-01 2.0371170418e+00
2.4085221627e+00 3.0895008510e+00 7.5905391814e-01
-4.7944407635e-01 -4.0000000000e+00 2.9614263954e-01
2.5080318657e+00 -8.1783781127e-01 -8.1335320097e-01
-2.6829957461e+00 4.0000000000e+00 -1.1323714378e-01
1.1650090144e+00 -6.8661132525e-01 6.0707614351e-01
1.8884973316e+00 1.7132311529e+00 1.1765791985e+00
7.8588298805e-01 -2.8459603083e+00 -5.3601483392e-01
-2.5600968332e+00 2.9218419913e-01 4.8969045927e-01
3.1910005581e+00 2.0771724414e+00 5.8108988570e-01
-1.4394138232e+00 2.6760881510e+00 1.7530506256e-01
3.2409180176e+00 -3.1586452801e+00 -1.2593567598e-01
7.7018480825e-02 5.0449422202e-01 2.1848378248e+00
-2.9194238883e+00 7.5591589260e-01 8.9537848425e-02
-3.2682902333e+00 1.4449174671e+00 -7.3102487275e-02
2.7331976391e+00 -9.4128440512e-01 -8.3408953615e-01
2.1487019222e+00 -3.4338923189e+00 -3.6076308397e-01
1.3724390925e+00 -3.3084536372e+00 -4.8604420438e-01
9.2626900150e-01 3.5127691503e+00 3.3472248571e-02
2.1462429705e+00 -2.7395541255e+00 -7.0268971555e-01
-3.9286538090e-02 -2.7472813848e+00 1.7306335210e-01
-1.0215542619e+00 -1.0407242379e+00 1.1812462080e+00
2.2692151871e+00 3.7988090168e+00 3.4705512319e-01
-4.0000000000e+00 -2.1054541716e+00 3.2895640203e-02
8.2983795439e-01 8.6942684066e-01 2.2647154654e+00
1.6405255500e+00 -1.1889284888e+00 -9.8237772467e-01
-1.5583100526e+00 -1.6643893409e-01 1.3135260455e+00
2.0859390541e+00 -2.3887004026e+00 -1.0088138843e+00
-1.8080206343e+00 2.1029883946e+00 6.0472873335e-01
1.3113877261e+00 3.4133197939e+00 2.6252405082e-01
1.3199929457e+00 4.0000000000e+00 2.4054937196e-01
-5.6320637218e-02 3.1325799074e+00 -4.7817091898e-01
-2.1090122722e+00 1.7387821821e+00 6.1003809880e-01
-3.6451321641e+00 -2.3055367621e+00 7.4939896845e-02
1.6291467511e+00 -2.8322755216e-01 7.9872315453e-01
-1.4894241157e+00 2.2338445416e+00 5.6560229097e-01
2.8218893754e+00 3.1786556919e+00 5.3435012576e-01
-6.4949959206e-01 4.0000000000e+00 -3.4067493765e-02
2.9407144912e+00 3.8341743713e+00 2.2790514227e-01
-6.6813798665e-01 1.5421032768e+00 1.1872114863e+00
-1.3554846124e+00 2.0420095359e+00 8.2334419923e-01
1.7387900119e+00 1.9047332175e-01 1.3352642332e+00
3.9759452591e+00 2.8705783055e+00 4.7457761883e-02
8.5323191139e-02 3.2430929711e+00 -4.4718585140e-01
1.8467217370e+00 1.1050916896e+00 1.4788223316e+00
-2.8870083870e-01 -2.6653930945e+00 3.6455323322e-01
2.3442515923e-01 -2.6780564980e+00 -3.2695950578e-02
-1.8556453365e+00 -9.1858828612e-01 8.4707231138e-01
2.3061530120e-01 -1.4723608533e-01 1.9554979422e+00
-2.9032190744e+00 -9.5154428891e-01 2.5625501713e-01
1.6594480311e+00 -2.9405215715e-01 7.3917604762e-01
3.8193350303e-02 -3.9716501097e-01 1.6292408322e+00
-6.9786805073e-03 -2.1227821194e+00 5.3929141856e-01
7.6591088465e-01 -1.9651779872e+00 -3.7782567250e-01
-2.3813208138e+00 2.3444483346e+00 1.2631250394e-01
-2.6073573100e+00 -1.9878993769e+00 4.9744493938e-02
4.1455419716e-02 4.0000000000e+00 -1.6196419368e-03
2.3369508766e+00 4.0000000000e+00 1.9446153529e-01
1.4909604660e+00 -2.2579171459e+00 -1.2123886642e+00
3.9116201847e+00 -2.8228459420e+00 -4.4377502681e-03
2.6432188342e+00 -1.6695254870e+00 -9.0216604396e-01
9.8166319472e-01 -3.3981721221e+00 -3.3639570845e-01
-6.3848195415e-01 -2.5913588210e+00 5.1929196586e-01
1.8264502662e+00 -5.2399661467e-01 1.2288030432e-01
1.8333222803e-01 -4.0000000000e+00 1.9560490363e-01
4.5016307787e-01 -3.2694121536e+00 -1.5404057716e-01
-3.0549933885e+00 -1.6058197196e+00 1.3859561462e-01
-2.1667371029e+00 6.7135736715e-01 6.8831056416e-01
1.7981120610e+00 1.2274542649e-01 1.1487130156e+00
-3.9904128925e-01 -1.7036846186e+00 1.0495791271e+00
1.9554298933e+00 -1.9760890028e+00 -1.3877763495e+00
-2.9597757617e+00 -1.6514549350e+00 1.1484613155e-01
9.0648542921e-01 -3.3040530822e+00 -3.6661150313e-01
6.2974338280e-01 7.1510607473e-01 2.4141559330e+00
9.8279965085e-01 -9.2392848876e-01 3.5682083527e-01
1.0818166500e+00 -1.5731200124e-01 1.6354586027e+00
2.1062266143e+00 -2.0682650485e+00 -1.2439242572e+00
-1.1835385346e+00 -4.7842776872e-01 1.3388183961e+00
-7.4069111520e-01 -3.7508502443e+00 3.2903428031e-01
-3.7867526333e+00 -2.1918140520e+00 6.8549124017e-02
-2.4399897897e+00 2.1338866315e+00 1.1032010238e-01
3.2247595724e+00 -1.3769666965e+00 -4.0493964263e-01
3.5303001140e+00 -8.6070693426e-02 -1.1191775753e-01
1.4576529645e+00 1.8239514995e+00 1.0243541951e+00
-2.7468926425e-01 6.1799853077e-01 1.7970850858e+00
-2.7118655103e+00 1.2576873493e+00 2.3116376385e-02
-1.6204958630e+00 9.4186817361e-01 1.3707962569e+00
-1.5412919236e+00 1.2020744107e+00 1.4729834079e+00
-5.0968316010e-01 -3.1724225373e+00 3.1697338745e-01
1.3715531243e+00 -9.3317640871e-01 -2.0280538714e-01
-2.7817317555e+00 -2.8826479997e-01 5.7376197932e-01
-2.9873257735e+00 -3.1579198529e+00 2.7538293699e-02
1.8201575907e+00 -2.1326987944e+00 -1.3330332677e+00
-2.3171683955e+00 1.1741450324e+00 4.7033150034e-01
9.5233765288e-01 7.1732432013e-02 2.0725403331e+00
3.6609067334e+00 -1.5811026394e+00 -1.1479833812e-01
1.7285424583e+00 6.5918717110e-01 1.7314815664e+00
-2.3635561944e+00 1.9920689659e+00 1.9646425994e-01
1.6410216643e-01 6.0058844615e-01 2.2155962962e+00
-1.5371275059e+00 -4.0000000000e+00 1.8371098389e-01
2.2023015023e+00 3.2798594954e+00 6.8344626008e-01
-4.0000000000e+00 -1.6986123778e+00 1.2078663928e-01
-2.8434451903e+00 -2.9924213976e+00 6.4418041688e-02
-3.7241880282e+00 -6.5431400926e-01 3.9544577515e-01
6.4584528506e-01 -1.2102752215e+00 4.1902844482e-01
1.2660108430e-01 2.6969330084e+00 -3.3797961107e-01
1.1466506971e+00 7.0698835898e-01 2.3287135659e+00
1.7141319511e+00 -4.1424783265e-01 4.6235551558e-01
-2.4874952140e+00 -1.5687825743e+00 1.1396045999e-01
4.3542877842e-01 -2.9777033235e+00 -2.3129262140e-01
-2.4609535758e+00 2.2831261700e+00 8.9809786601e-02
-1.3113797746e+00 4.0000000000e+00 -2.8091573598e-02
9.9859091885e-01 6.4531138811e-01 2.4344937661e+00
3.6891496449e+00 -5.3825061640e-01 -1.9475958411e-01
7.1963454532e-01 -1.3159114412e+00 1.9529331552e-01
-3.0093031874e+00 2.8269587820e+00 -1.1398268070e-01
9.9464391489e-02 1.4784992880e+00 1.2061706483e+00
-2.5818387499e+00 2.6927485194e+00 5.7582161772e-02
-1.6001393106e-01 -2.3659178607e+00 4.7883691900e-01
2.4986511572e+00 1.7950485991e+00 8.9334084278e-01
-1.8178036506e+00 -3.4464864823e+00 2.6444215947e-01
7.0822281980e-01 5.5762672445e-01 2.5162604971e+00
9.1420553801e-01 -1.4054216525e-02 1.9740431271e+00
9.6086678086e-01 -9.7709124707e-01 2.9211582952e-01
2.0054217913e+00 3.4936777161e-02 6.8442115383e-01
3.8308585857e+00 5.5902959036e-01 2.8095210734e-01
-6.8005246252e-01 2.8678407934e+00 -2.7113680375e-01
-5.7388417759e-01 -2.3713131676e+00 6.5448823744e-01
-8.3590706541e-01 -4.5577188452e-01 1.4041248101e+00
1.4419581700e+00 -1.8714287723e+00 -1.2820157234e+00
2.8798883014e+00 2.1987733881e-01 -1.1271104804e-01
2.9199932700e+00 6.1020362149e-01 1.8427678295e-01
2.0360418552e+00 7.6216045672e-02 6.8745432181e-01
5.2695582729e-01 3.0828513183e+00 -3.3809582370e-01
2.9856140374e+00 -3.2236907942e+00 -1.8893572089e-01
4.0000000000e+00 2.5987012649e+00 2.5736800401e-02
1.6381685050e+00 6.6059372755e-01 1.8580491517e+00
-2.7001875683e+00 1.3364679591e+00 1.9792596343e-02
-2.5205718039e+00 -2.8167981300e+00 1.1435794280e-01
1.7388741384e+00 -4.0000000000e+00 -2.3669200166e-01
-2.3689897189e+00 4.0000000000e+00 -1.2161462770e-01
3.2598353110e-01 -3.6542108606e+00 4.6604621691e-02
2.9671833156e+00 2.2204230720e-01 -1.2393424264e-01
-3.6832406049e+00 4.0000000000e+00 -9.2414002094e-02
-9.2696171500e-01 -6.4399811613e-01 1.2898905565e+00
-1.2797045957e+00 2.6470844473e+00 1.3702560250e-01
2.8986123467e-01 -2.2077769914e+00 1.5627843533e-01
-1.6698536101e+00 3.0665367804e-01 1.2114304397e+00
-1.7915780063e+00 4.2424173564e-01 1.1046675507e+00
2.6426263381e+00 9.0259700073e-01 4.6323075668e-01
-2.3567858413e+00 2.0146966830e+00 1.9565020688e-01
3.5595068681e+00 -2.6521545486e+00 -3.3699730673e-02
1.3820353090e-01 -4.0000000000e+00 2.0565790808e-01
-2.9558004766e+00 -3.8909821061e+00 5.3335534812e-02
3.7241596436e-01 1.2197546064e+00 1.6242819344e+00
-1.3274523959e+00 -3.8286526414e+00 2.8374335544e-01
1.2188087715e+00 8.7469072976e-04 1.7522211071e+00
-1.2622431692e+00 -2.1723781218e+00 6.4025827394e-01
-8.1421161093e-01 -2.4442351786e+00 6.1422424833e-01
-2.7007746233e+00 1.0228584087e+00 6.5631637763e-02
3.6347796791e-01 -2.4377493706e+00 -6.7784967454e-02
-1.8024567636e+00 2.6387223979e+00 2.4206433140e-01
2.9901262789e+00 -4.3746684266e-01 -5.6920712037e-01
6.4896333139e-02 2.9265785859e+00 -4.5148996540e-01
-4.0000000000e+00 -8.4018076877e-01 3.4208154885e-01
3.5204552161e+00 9.0470281202e-01 2.1797813202e-01
1.0762559351e+00 8.1965888040e-01 2.2740474050e+00
1.5049133817e+00 -8.0032216469e-02 1.2906751019e+00
-1.8331965625e+00 2.0913481316e+00 5.9984462623e-01
4.0000000000e+00 -3.7945522832e+00 -1.3286652852e-03
-1.4926080305e+00 1.5168920523e-01 1.3360319421e+00
1.7873119796e+00 1.7735788334e+00 1.1483359724e+00
3.8270897343e+00 2.2882398166e+00 1.6045948847e-01
-1.3440861350e+00 -2.8958733110e+00 3.5662944531e-01
-1.0454228957e+00 -3.4488974686e+00 3.7040029291e-01
2.3613219569e+00 -1.6012585069e+00 -1.2218311051e+00
1.0644514477e+00 2.4308454065e-01 2.2167139407e+00
1.9851440634e+00 2.1593052694e+00 9.9317185445e-01
-7.7295202604e-01 3.0999086852e+00 -2.8236929291e-01
2.7854762944e+00 1.2002640692e+00 4.1413348069e-01
8.3791240640e-01 3.2734481409e+00 -1.0753824669e-01
3.0221990140e-01 1.3415770804e+00 1.4324958768e+00
-1.8713875026e+00 1.3383821986e+00 1.1269080905e+00
-2.3147756331e+00 7.9771556244e-01 4.9070921302e-01
2.9430985315e+00 -1.4380687813e+00 -6.4165662084e-01
-1.3735847985e+00 1.5016955404e+00 1.4335766769e+00
2.5758350944e+00 -3.8016783596e+00 -2.6980327898e-01
-4.4816464903e-01 2.4375834143e+00 -3.0482282408e-02
-2.8530742926e+00 -2.5055832098e+00 9.0313736456e-02
-2.2629017293e+00 3.7876905981e+00 -2.4579291765e-02
-6.5652206881e-01 9.2791940117e-01 1.4665592872e+00
-2.6987614652e+00 -5.5867733852e-02 6.1058248262e-01
4.8257413224e-01 -3.5005064448e+00 -7.8418468799e-02
2.3517696688e+00 3.3363110199e+00 6.4040698803e-01
-2.5577563202e+00 -3.9465507727e+00 1.8706396058e-02
1.7144461199e+00 4.0000000000e+00 2.5112695964e-01
-1.5632070031e+00 1.9967267939e+00 8.6286157563e-01
1.6006652773e+00 -5.9379235416e-01 2.6753045072e-01
3.8074088772e+00 -2.1413596551e+00 -4.3812878599e-02
9.7797470926e-02 3.1526991535e+00 -4.6607737119e-01
-1.7201748066e+00 3.3811808081e+00 1.3019760242e-01
2.7404732547e-01 7.3745926159e-01 2.2006668296e+00
8.2285481263e-01 4.8515512613e-01 2.5071046348e+00
-8.5236149270e-01 -1.5577847931e+00 1.1213677185e+00
-2.1076834304e+00 7.0324226161e-01 7.6246333201e-01
7.1911409096e-01 2.8389066110e-02 2.1239659741e+00
-1.4797123516e+00 -2.6609917165e+00 3.3638880158e-01
1.9795556943e+00 5.5310811140e-01 1.2892729097e+00
-4.0000000000e+00 2.5217433906e+00 -3.7513866578e-01
2.0742179624e+00 -4.3889820101e-01 -4.7451864050e-02
-1.9498780561e+00 3.3774355603e+00 1.4969620677e-01
-9.2189262190e-01 -2.9282250499e+00 4.0558842146e-01
-3.2033045535e+00 9.0664838806e-01 7.5360411237e-02
-3.7695870467e+00 1.1929521981e+00 9.8702954701e-02
2.2407590589e+00 1.1992087217e+00 1.0061630643e+00
8.4636553940e-01 -3.0780146402e+00 -4.7304894193e-01
2.6505385379e+00 1.3528245819e+00 5.8264792775e-01
9.5151187805e-01 1.1822111231e-01 2.1362129010e+00
-3.8836681194e+00 1.3767009552e+00 1.0855046184e-02
1.0635101492e+00 3.2874401655e+00 5.7326555057e-02
2.4967657040e+00 6.9077166088e-01 5.6293768561e-01
3.3820808011e+00 -1.3486462030e+00 -3.0277294222e-01
-3.0371511660e+00 -2.5174448453e+00 8.6350460865e-02
1.3395460480e+00 2.0347152107e+00 7.3613552467e-01
-1.3294670383e+00 -2.8433749500e+00 3.6305717738e-01
-6.9064674472e-01 -1.5267732738e+00 1.1471964390e+00
1.3577021454e+00 -3.7441819064e+00 -2.3667796766e-01
-8.7115599984e-01 1.9422696141e+00 8.2392580868e-01
4.0000000000e+00 -1.8900854349e+00 -8.1360850535e-02
2.3989722109e+00 -6.8973938263e-01 -6.5724676747e-01
2.1313954449e+00 -2.0031349838e+00 -1.2702350082e+00
3.8924423055e+00 2.9650169458e+00 8.3390257601e-02
-2.8935958940e+00 -2.1179020237e+00 8.9134754312e-02
-3.8897266195e+00 5.8207822830e-01 5.3418937588e-01
-2.2070604298e+00 -3.1509691414e+00 1.8570108112e-01
4.0000000000e+00 -1.0502464931e+00 -6.0006848486e-02
1.9736096200e+00 4.0000000000e+00 2.3029154314e-01
2.9714253366e+00 3.1506041085e-01 -4.0704589454e-02
-8.8991229289e-01 1.7575018624e+00 1.0815913149e+00
-7.6996520919e-01 -2.4571088837e-02 1.6693945213e+00
2.9581358540e+00 3.2611574005e+00 4.1923476571e-01
-1.6444075200e-01 1.0011324987e+00 1.6101788835e+00
-3.4188665061e+00 -2.8598507526e+00 3.3032558584e-02
2.9062238899e+00 2.3278457558e+00 7.6297738307e-01
-3.6165316961e+00 9.4370413775e-01 1.9926560491e-01
-2.3065704823e+00 7.8662776715e-01 5.0217241096e-01
-9.7789889961e-01 4.0000000000e+00 -2.7016018100e-02
-4.0000000000e+00 1.2762856842e+00 8.0780426442e-02
7.3398555170e-01 -1.8359386372e+00 -2.5614880514e-01
1.3178730801e+00 -9.7936403976e-01 -2.2465494742e-01
2.7756683509e+00 -2.2334362210e-02 -3.0564073174e-01
7.1582695460e-01 2.5997333777e+00 -1.1373199350e-01
-1.0186303654e+00 -1.5707552330e+00 1.0729971054e+00
-1.0742521708e+00 3.1112861057e+00 -1.3007882950e-01
2.7397916066e+00 -2.9653370254e+00 -2.5329449954e-01
4.1126654982e-02 2.3702976833e+00 -3.6059206533e-02
-3.7554845607e+00 -1.9618980670e+00 1.1332018524e-01
1.4208795835e+00 -7.1940859289e-01 2.1521919949e-01
1.2788953710e+00 -2.0586103388e+00 -1.1066160529e+00
1.5989533207e-01 -2.0156937411e+00 4.4558836436e-01
2.5389169608e+00 3.1816091562e+00 6.7235868764e-01
1.5618393581e+00 -3.9196495705e+00 -2.1469595881e-01
-2.9859960478e+00 1.5088093295e+00 -9.0027467065e-02
2.4939689898e+00 3.4282171110e-01 2.9916930219e-01
7.0380063291e-01 -1.4849311435e+00 5.6870269979e-02
-8.2315960370e-01 -5.6178752146e-01 1.3383519589e+00
2.3239500751e+00 -1.9832019458e+00 -1.1117010626e+00
-1.1018767032e+00 -2.7418420870e+00 4.3196767830e-01
-2.2512499293e+00 -6.1690253351e-01 7.4987084154e-01
2.0157861907e-01 -3.1793200359e-01 1.7422788177e+00
-1.3986279402e+00 2.8126950539e+00 9.4389973880e-02
2.3180465304e+00 1.1172006521e+00 9.0020318106e-01
-2.7505298069e+00 2.2860126098e+00 -2.9266954140e-02
-3.5575239438e+00 4.0000000000e+00 -7.7625653375e-02
-5.5730303018e-01 2.5887439134e+00 -1.4093103223e-01
1.3810102868e+00 4.1075297061e-01 2.0802145848e+00
-2.2798864092e+00 -9.0690521264e-01 5.3689918195e-01
2.4884813907e-01 -9.5181989564e-02 2.0174020979e+00
-3.4798374242e-01 1.6035525830e+00 1.0452385538e+00
-3.8202615630e+00 2.1011803099e+00 -2.8290774874e-01
3.6606627043e-01 -2.8993829798e+00 -1.8361980890e-01
-2.8878243026e+00 1.9807784111e+00 -8.8812388574e-02
-1.9295502802e+00 -2.1015732336e+00 2.3532341130e-01
3.3515401788e-01 6.3143202311e-01 2.3334684099e+00
2.3099584526e+00 1.1823200101e+00 9.1846477379e-01
1.8302739653e+00 -1.0512194980e+00 -9.1548126791e-01
-2.6211739257e+00 -1.8007047451e+00 5.9178944651e-02
-1.5674789614e+00 -3.7084077839e+00 2.6899638264e-01
1.1087372787e+00 -4.7239023914e-01 1.0871934593e+00
-4.0000000000e+00 -2.0583431871e-01 5.7583412901e-01
-2.1524142499e+00 -6.6209011406e-01 7.9900602378e-01
-2.3264421456e+00 -1.3003177106e+00 2.7873616098e-01
8.2547205529e-01 3.1485383475e+00 -1.5449484996e-01
-1.0929723974e-02 -6.5022257382e-01 1.3582841452e+00
9.5359010609e-01 -1.6050608359e+00 -4.6658481102e-01
3.5213932300e+00 2.6600365405e+00 3.0370205757e-01
-1.6707040516e-01 -3.3505006851e+00 1.9305393525e-01
-3.8471274405e+00 -2.5482093541e+00 3.9411085395e-02
-1.6843955619e+00 -2.4031098072e+00 2.9002205405e-01
2.4792355890e+00 1.7366793732e+00 8.8837909214e-01
3.2358485918e+00 -1.7840351495e+00 -2.4913311205e-01
-1.3043025727e+00 -2.5820609354e+00 4.2219818943e-01
2.4776539493e+00 -2.7819290071e+00 -4.3998393510e-01
8.2965592585e-01 -1.6216520144e+00 -2.6903887126e-01
-2.4967978697e+00 1.4129354603e+00 1.9191163122e-01
-2.5749886668e+00 -3.6362695663e+00 5.1882693321e-02
1.3252010764e+00 -2.7279045187e+00 -9.0596155744e-01
9.6515865857e-01 8.5281591438e-01 2.2708402973e+00
1.4966105712e+00 3.4414149982e+00 3.8089376799e-01
1.0650908373e+00 -2.0013718878e+00 -8.3759814000e-01
-2.1143515352e+00 -2.0958303148e+00 1.4143546032e-01
-9.6991800078e-01 9.0992240309e-01 1.4690263488e+00
2.6236331921e+00 2.7926727038e+00 8.2070945963e-01
6.4481404241e-01 1.6000432771e+00 1.1365604464e+00
-1.7372595370e+00 3.3005346033e+00 1.4279056758e-01
-1.0022331581e+00 -1.0785699664e+00 1.1788063840e+00
2.8217449863e+00 -2.9548731254e+00 -2.2207828188e-01
-3.1633556294e+00 -2.3267137075e+00 1.0154500423e-01
8.4119549496e-01 4.3034722707e-01 2.4845007547e+00
1.1026804818e+00 -2.5156749580e+00 -8.6649230812e-01
-1.2223380214e+00 -1.1425877086e-02 1.4708168788e+00
-1.6048007668e+00 3.0433257805e+00 1.1546481184e-01
2.1893853537e+00 -3.8863072417e+00 -3.0388188422e-01
6.6841466231e-01 -4.0000000000e+00 6.9626013467e-02
-8.7664045462e-01 -3.3446513742e+00 3.7104672621e-01
-1.3568975501e-01 -9.3081307464e-02 1.9207198307e+00
-3.6377485329e-01 -1.9175889068e+00 9.2394220348e-01
-7.1151744894e-01 1.5027443334e+00 1.2351850749e+00
1.0745234511e+00 2.8111144335e+00 1.8716989674e-02
2.6266612361e+00 -1.5114297466e+00 -9.6466113127e-01
1.6778973057e+00 2.2464881276e+00 7.8504268058e-01
1.4207285838e+00 -1.7611120988e+00 -1.2419816310e+00
1.3047783702e+00 -2.1033704756e+00 -1.1271142876e+00
-3.3732254188e+00 -1.3892503070e+00 2.1779342842e-01
-6.3634370522e-01 -2.0457662525e+00 9.0355256671e-01
-7.3130903766e-01 -3.6640444313e+00 3.3573219359e-01
-3.0037738391e-01 -2.3043150561e+00 6.1013452019e-01
-2.5844796166e+00 2.8723498378e+00 6.0077846333e-02
6.1772571937e-01 -1.3812693372e+00 2.8773963747e-01
-2.6875418333e+00 -6.6794624793e-01 4.3947958991e-01
-1.6093784821e+00 9.6935220935e-01 1.3883927624e+00
-1.5600284824e+00 -1.1740716874e+00 9.1037856014e-01
-1.1638195712e+00 -1.4405084622e+00 1.0499483477e+00
2.6336830422e+00 -3.5326457488e-01 -4.9192829709e-01
2.8842465645e+00 3.4899992235e+00 3.5758375672e-01
-2.8688408066e-02 -1.6519458657e+00 8.6738420597e-01
2.8362668594e+00 -2.4769707837e+00 -2.8119511059e-01
-2.5187572496e+00 4.0857570628e-01 4.3422634783e-01
3.3822615423e+00 -2.3243621327e+00 -5.0879550308e-02
1.7258077127e+00 2.7004911880e+00 6.1603202456e-01
2.7405448184e+00 7.3620290495e-01 3.3241967805e-01
2.7716781507e-01 6.1187612918e-01 2.3025706725e+00
3.4873781415e+00 -3.3255223767e-01 -2.6613617201e-01
-3.7602776912e+00 -3.5156380466e+00 9.8035360399e-02
-3.6500259623e+00 5.8713502521e-01 4.3260483235e-01
-3.0229333878e+00 2.4103273541e+00 -1.1125742739e-01
3.7722530802e+00 1.6779600735e+00 2.4875524053e-01
-4.0000000000e+00 9.7839805749e-01 3.0231258299e-01
-2.6157874599e+00 1.8031418664e+00 2.6471718175e-02
5.9641977935e-01 -2.1181529843e+00 -2.0039840887e-01
3.6437733589e-01 -4.2800517590e-01 1.5918491117e+00
-2.2025689529e+00 1.9472630844e+00 3.7416071720e-01
1.9459476360e-01 1.6553214028e-01 2.2316640403e+00
-9.3336018595e-01 -1.2941189566e-01 1.5689428076e+00
2.3361206400e+00 -1.1863651510e-01 -5.3819137216e-03
1.8038665475e+00 3.3575489668e+00 5.5485137005e-01
-1.0309638649e+00 2.5711585686e+00 8.7450085591e-02
1.9135703005e+00 -8.2207096921e-01 -5.5076576729e-01
1.5939818594e+00 3.2437976989e+00 4.5490905435e-01
-9.3778654733e-02 3.3215088434e+00 -4.2931006222e-01
-1.9577820080e-01 1.9263246875e+00 6.1489033919e-01
-4.9356927808e-03 1.3760456004e+00 1.3022951223e+00
2.0004157088e+00 2.3552981678e+00 9.2687675328e-01
4.0000000000e+00 9.2894461435e-01 2.7423403173e-01
4.0000000000e+00 -2.6574269327e+00 -2.6010585452e-02
1.3071811989e+00 4.0000000000e+00 2.3927778269e-01
-1.8179170589e-01 3.7156951311e+00 -2.1001102599e-01
-2.9806074358e+00 -6.5665877204e-01 3.7925650924e-01
1.6787989383e+00 -4.4451990493e-02 1.0980746050e+00
-1.5197634184e+00 -3.3218062079e+00 3.3580981597e-01
-2.2869715204e+00 2.8589865600e+00 1.4806342389e-01
3.4979743613e+00 1.4468142558e-01 -6.2850012302e-03
3.6107085960e+00 2.9259179787e+00 2.0346692969e-01
-1.0317181703e+00 2.5627978746e+00 9.5040873401e-02
1.4394653508e-01 3.1467029395e+00 -4.5951171846e-01
1.3808759946e+00 -8.2047254850e-01 3.4958936341e-02
1.1301950924e-01 6.7332390342e-01 2.1201247013e+00
-5.8127958116e-01 1.2305581687e+00 1.3624255839e+00
-3.5919808898e+00 3.9226670624e+00 -9.8708339369e-02
1.9211325145e-01 -2.4815482018e+00 9.5722220072e-02
-1.6009593153e+00 -1.2194352356e+00 8.6247240655e-01
2.0264942739e+00 -5.1038005703e-01 -9.5787366333e-02
-2.8327503523e+00 6.2795908583e-01 1.5982359797e-01
-2.0720394936e+00 2.1654156202e+00 3.6697478412e-01
2.3117374242e+00 2.5081454793e+00 9.7207817473e-01
9.2195245491e-01 9.5127654731e-01 2.1484621718e+00
3.2537277341e-01 1.9557923059e+00 5.6035807827e-01
3.4058992744e+00 -2.6057921721e+00 -4.8706193431e-02
-2.0570610890e-02 -1.3444272752e+00 1.0109766525e+00
2.4015197537e+00 -1.1433600477e+00 -1.0802399465e+00
-1.1099796253e+00 -2.9728965397e+00 3.9064671788e-01
2.5049032292e+00 1.9460639850e+00 9.3464046044e-01
1.6933674976e+00 2.0993948878e+00 8.9193729756e-01
1.3542662864e+00 -2.8444026363e+00 -8.3849970433e-01
-1.3495894317e+00 3.3346164296e+00 1.6664466488e-02
1.8115604979e+00 -2.1101885283e+00 -1.3491046264e+00
2.3107409587e+00 -1.1101440007e+00 -1.0852895594e+00
1.6248799095e+00 5.5970764649e-01 1.8524022605e+00
-1.8075769816e+00 -2.0909325864e+00 3.1383886150e-01
3.8371014475e+00 1.2701409624e+00 2.2748090125e-01
1.5611155218e-01 3.3799961143e+00 -3.7723730408e-01
2.1708696285e+00 2.8104381450e+00 8.5289809001e-01
3.0590712226e-01 -1.2367584420e+00 8.0806615631e-01
2.5483511283e+00 -1.3134492415e+00 -1.0473343284e+00
3.3169677228e+00 -6.1843098406e-01 -4.6081080428e-01
2.8275208531e-01 2.2554106278e-01 2.3028401942e+00
4.5900260789e-01 2.6932806234e+00 -2.6931851773e-01
-4.0000000000e+00 -4.0000000000e+00 5.5436261830e-02
1.2462541340e+00 -6.2986423606e-01 6.2979282905e-01
-2.1405684058e+00 3.9617994832e-01 7.7943136393e-01
-2.5498961311e+00 -8.4305500207e-01 4.0347747162e-01
-3.6365763450e+00 2.0315814991e+00 -2.2091331957e-01
1.9048055836e+00 -2.1880686106e+00 -1.2689765433e+00
-2.8817401351e+00 -1.4525144175e+00 1.2357440907e-01
9.1292986814e-02 -2.9964293069e+00 3.0698027695e-02
1.4389311012e+00 -2.8773106450e+00 -8.2879290425e-01
1.2217137891e+00 -1.6122109412e+00 -9.0587527854e-01
-1.7810331900e+00 3.0639345842e+00 1.5595713318e-01
-1.3660780619e+00 -7.2434783136e-01 1.1992444451e+00
3.1846236765e-01 6.4943553563e-01 2.3089118353e+00
-2.4243507569e+00 -2.9994589479e+00 1.3550238875e-01
2.8503766080e-01 -3.1741214338e+00 -8.0831112405e-02
-5.4168371015e-01 2.8369347023e-01 1.7565832495e+00
4.3863935793e-01 -2.0903531985e+00 3.8077738807e-02
4.0000000000e+00 2.3991056089e+00 3.0850665526e-02
-1.5303102081e+00 -8.9285019829e-01 1.0609015406e+00
1.7760884126e+00 -1.1209756047e+00 -9.8947001184e-01
-2.6630157667e+00 -1.5579200836e+00 9.0373333436e-02
-1.2123342656e+00 3.5520187213e-01 1.4168685036e+00
3.2790133644e+00 2.3078780714e+00 5.2850779922e-01
1.2703501645e+00 2.3954857317e+00 3.6462073846e-01
3.5690969559e+00 1.1948403309e+00 2.3401858557e-01
8.3859822221e-01 -3.4772307013e+00 -2.3931391383e-01
-2.1998538321e+00 9.3229414369e-01 6.4985639371e-01
-2.7623718174e+00 5.7166007789e-01 2.0648351222e-01
-2.7094947649e+00 8.8426275222e-01 9.0599579559e-02
3.7561226882e+00 2.5475132453e+00 1.7580081841e-01
3.7205201206e+00 1.1581409543e+00 2.3073028933e-01
1.0037248420e-01 -1.5998467301e+00 7.8142258804e-01
6.8850027859e-01 8.5927171658e-01 2.2652379285e+00
6.3869067150e-01 3.0634697155e+00 -2.8299114814e-01
2.2123947990e+00 -4.0000000000e+00 -3.0339568031e-01
-3.2696974173e+00 3.1363197362e+00 -2.1246468110e-01
1.7191871825e+00 2.8287690210e+00 5.7749295583e-01
-1.8612353169e+00 4.9330632097e-01 1.0368397398e+00
2.1307623825e+00 7.0629283269e-01 1.1126616710e+00
2.0479397395e+00 1.4232386631e+00 1.1938692988e+00
-2.2962756442e+00 -5.3446977496e-01 7.5637015001e-01
-2.5582601539e+00 -1.4131473006e+00 1.3783517862e-01
1.0041668862e+00 1.9208390913e+00 7.2729842699e-01
-2.5797078181e-01 3.2306425633e+00 -4.4453408952e-01
-1.8289595001e+00 1.8494182027e+00 8.6335797571e-01
2.7706229175e+00 2.7229862488e+00 7.7002077800e-01
4.0000000000e+00 -1.8393586217e+00 -8.0293721698e-02
-9.4049260430e-01 3.0167613079e+00 -1.9006701183e-01
2.3324336167e+00 2.2816626783e+00 1.0149900708e+00
7.8694080906e-01 1.7803748418e-01 2.2876807501e+00
3.5856076343e+00 2.6192800800e+00 2.7162365212e-01
2.4874413288e+00 1.8138290526e-01 1.3178106141e-01
-7.5637685053e-01 1.1473867398e-01 1.6798897714e+00
2.1613819092e+00 6.4823633125e-01 1.0399717788e+00
2.7239235744e+00 1.3804066914e+00 5.3253675449e-01
-7.6224955232e-01 -1.9552540878e+00 9.6189115391e-01
6.3791343894e-01 -4.0000000000e+00 7.8204360642e-02
-4.0000000000e+00 -2.4143406298e+00 2.0618397886e-02
-2.5072705433e+00 -6.5519431895e-01 5.4339099416e-01
-1.1533326604e+00 5.1683839308e-02 1.4992017516e+00
-4.0000000000e+00 -6.9458614660e-01 3.8197178408e-01
-3.1196678423e+00 8.9275942885e-01 5.9193470730e-02
-2.6384495961e+00 1.1297734234e+00 9.2880080142e-02
-1.9477881983e+00 -4.0736646002e-01 1.0505253917e+00
1.5468984371e+00 -2.7939538927e+00 -8.9805306014e-01
-3.1857474377e+00 2.9759727382e+00 -1.8590023602e-01
1.2815335040e+00 3.0310485771e+00 1.8051779592e-01
1.0096496810e+00 1.7830839086e+00 9.2424534968e-01
-3.8204570782e+00 -2.2947446660e+00 5.1026159006e-02
-1.8304769961e+00 1.2047732432e+00 1.2017934473e+00
-5.1239544088e-01 2.7652176641e+00 -2.8645886255e-01
-1.7889861658e-01 2.0711185464e+00 3.9191703956e-01
1.4933394366e+00 -1.9442920826e-01 1.1256605593e+00
3.6171414698e+00 -1.5009181079e+00 -1.4492932581e-01
5.5163810766e-01 1.0573146228e+00 1.9349644616e+00
-1.4672839611e+00 2.4527653458e+00 3.4200527045e-01
1.1105456341e+00 8.0575129451e-01 2.2730951290e+00
-1.2020441858e+00 2.2394730823e+00 5.1505681024e-01
1.9040906747e+00 -5.3639434229e-01 6.1914926654e-03
-3.6199929082e+00 -7.6030509540e-01 3.5922209920e-01
-1.3062839047e+00 -1.1513301113e+00 1.0620169204e+00
-1.3407433577e-01 -2.5968350519e+00 3.0992914186e-01
4.9747526753e-01 -3.1736864402e+00 -2.1869485712e-01
-4.0000000000e+00 2.3184326685e+00 -3.7211855055e-01
-4.0000000000e+00 -1.2686827315e-01 6.0509854562e-01
2.5525327667e+00 1.1081410763e+00 6.0346194868e-01
1.8363587099e+00 3.4822312606e+00 5.2171289982e-01
5.3555809835e-01 3.2271811433e+00 -3.0260463459e-01
-1.5727964689e+00 5.4265877985e-01 1.2649951256e+00
2.2250441558e+00 -2.7483885306e+00 -6.4156337583e-01
6.6593824411e-01 -2.4005149843e+00 -4.1094058505e-01
4.1025664422e-01 6.5038202657e-01 2.3704739045e+00
8.8103595984e-02 -4.7794324820e-01 1.5381466814e+00
-4.1465194005e-01 -3.2665683726e+00 2.8421517376e-01
4.5266418664e-01 -2.1999869196e-01 1.8577982027e+00
-2.1551134264e+00 -2.4496215596e+00 1.1463914144e-01
-3.2900586722e+00 3.4373987032e+00 -1.8857804093e-01
6.4671415441e-01 -3.2781126790e+00 -2.5978766716e-01
-2.9433839539e+00 2.2587922767e+00 -9.0330573324e-02
-1.7717653601e-01 -3.1152531507e-01 1.6856141478e+00
2.8223383696e+00 -2.1274778145e+00 -4.4438971364e-01
-3.5751092464e+00 -1.6313985491e+00 1.9179195734e-01
1.5530813236e+00 3.1971119220e+00 4.2453888778e-01
-1.1895459898e+00 1.2014478241e+00 1.5230644053e+00
8.0243346895e-01 1.0495621498e+00 2.0003185149e+00
-6.2128391385e-01 -3.2928013960e+00 3.3821638966e-01
-1.5910620924e+00 -1.8547963987e+00 5.9007592256e-01
1.3472743307e+00 2.1735997594e+00 6.0247083248e-01
-1.9152824136e-01 3.8728331596e+00 -1.0921834524e-01
-3.7358563876e+00 -8.5496503269e-01 3.3965299334e-01
-5.8547997945e-02 -1.9142754759e+00 7.3511700365e-01
-1.6569772265e+00 3.4885939144e-01 1.2145518324e+00
1.8797434916e+00 8.7273322402e-01 1.5112471899e+00
-3.0921883260e+00 3.3300420191e+00 -1.6274799995e-01
6.7222524466e-01 1.1186745170e+00 1.8709193636e+00
-3.5655393079e-01 -2.8859253258e+00 3.0716113448e-01
2.0373381055e+00 2.5893770350e-01 9.1333343540e-01
-3.2611043642e+00 1.8465101120e+00 -1.3543872597e-01
8.7129797492e-02 -1.3269663390e-01 1.9494907390e+00
-3.2828097601e+00 2.5791330397e+00 -2.0096397969e-01
-2.9549247672e+00 -5.6534436461e-01 4.2616339234e-01
-2.3084908894e+00 -2.2611699539e+00 6.9794174409e-02
7.0917734209e-01 -9.0628186505e-01 7.2814068987e-01
-3.0714976518e+00 1.7782604841e+00 -1.1717569567e-01
-2.9375674178e+00 3.0361479703e+00 -9.5520250047e-02
-2.4637443823e+00 -2.6466120151e+00 1.0320365443e-01
1.2774446916e+00 -3.2649066011e+00 -5.0340710721e-01
-1.5882089486e+00 -2.3182234169e+00 3.6558036399e-01
-7.3134679552e-01 -1.9624165686e+00 9.5968910371e-01
2.8939597190e+00 3.3542946795e+00 4.0991898215e-01
2.4258688297e-01 1.2848619474e+00 1.4875098910e+00
1.5743927529e+00 -1.9347895787e+00 -1.3782497381e+00
5.1812866446e-01 1.5221514697e+00 1.2316605827e+00
-3.6410736735e-01 1.6180064538e+00 1.0326152071e+00
3.8858044948e-01 2.1288831057e+00 3.0169535938e-01
3.4087645026e+00 -1.7042902648e+00 -1.7685647679e-01
1.4477486392e+00 7.8359872205e-01 2.0532151040e+00
-2.0583785345e+00 3.0119945629e-01 8.9208056870e-01
1.2059523362e+00 -2.8686938292e+00 -7.7524305928e-01
1.4367275557e+00 2.7848910942e-01 1.8833591320e+00
1.4014243159e+00 -1.7826871279e+00 -1.2268231442e+00
-1.4340378366e+00 -7.0353358858e-01 1.1897271583e+00
-8.6599578521e-01 9.1262438524e-01 1.4635494076e+00
2.1965488397e+00 1.6689434430e+00 1.0732049472e+00
-7.1478852657e-01 -1.4394629226e+00 1.1656664644e+00
3.3866117110e+00 1.1640092995e+00 2.3520781195e-01
-2.9252751527e+00 -1.9502961127e+00 9.4130256504e-02
-7.2686534603e-01 3.2867990478e-01 1.6290417810e+00
-1.7857508876e+00 -3.0667986759e+00 2.7141323138e-01
2.5471565378e+00 -3.2280498424e+00 -3.0197710916e-01
-1.3838898978e+00 -1.0025042005e+00 1.0778939814e+00
1.9418653705e+00 -3.9452038040e+00 -2.8157778559e-01
1.5526878456e+00 1.6790280072e+00 1.1976759573e+00
-4.0000000000e+00 6.6064641364e-01 5.3338895066e-01
-2.8608670788e+00 -2.9078648664e+00 7.0624712462e-02
5.6166075615e-01 7.4366865554e-01 2.3652922448e+00
1.0457182252e+00 7.2919149242e-02 2.0101387468e+00
-2.2082294284e+00 -3.1866720936e+00 1.8560080162e-01
-8.1300089871e-01 2.8337501444e+00 -1.9416351996e-01
-2.2566862432e-01 3.0135324076e+00 -4.5717645975e-01
2.0594810246e+00 -2.8448343209e+00 -6.8451038500e-01
3.2232996290e+00 8.7304592137e-01 2.0481127334e-01
5.0931985558e-01 -3.7591767950e-01 1.6320511450e+00
-2.6544624166e+00 1.3491045590e+00 5.0160254521e-02
-6.7472565613e-01 -1.1595751525e+00 1.2096176584e+00
2.5270604562e+00 -1.0381693437e+00 -9.6947411548e-01
2.2041338960e+00 2.2934992139e+00 1.0096862038e+00
2.4411377935e+00 5.0912122781e-01 5.2359315244e-01
3.4578562350e+00 1.6507703890e+00 3.5762036146e-01
2.0975954569e+00 -3.6152193965e+00 -3.2982423868e-01
-3.4383885581e+00 -3.0069191469e+00 2.6450060743e-02
-8.9002866936e-01 3.0307910695e+00 -2.1805804215e-01
-2.9951891403e+00 9.0416777408e-01 3.3788760364e-02
1.6244664980e+00 1.8523032031e+00 1.0572290062e+00
1.3812784973e+00 2.8740564506e+00 2.7272056072e-01
2.0757659915e+00 2.7547786259e+00 8.3321250348e-01
1.9106464249e-01 2.9521889453e+00 -4.4192753716e-01
-2.0838244754e+00 3.1413914179e+00 1.7156692494e-01
-2.7873817229e+00 -2.9153199967e-01 5.7152670294e-01
-3.9416292599e+00 -7.3717496004e-01 3.7050312066e-01
2.6366930555e+00 5.2676745805e-01 3.1095652501e-01
-1.9455165663e+00 -2.4899547978e+00 1.7551751802e-01
3.1412479665e+00 1.0954383854e+00 2.4469240762e-01
1.4190849325e+00 2.3061534369e+00 5.4734549153e-01
1.5180780726e-01 1.6707791459e+00 9.6873804056e-01
3.4547279450e+00 -3.4056455874e+00 -7.9839764081e-02
1.8024122489e+00 -1.0228659827e+00 -8.4897892495e-01
-3.4648246026e+00 -2.5043461527e+00 6.5909841463e-02
1.4139559577e-01 6.6772514104e-01 2.1497903222e+00
8.2438762301e-01 2.0975497390e+00 4.3005980937e-01
1.5610358554e+00 -3.9844903207e+00 -1.9658737023e-01
-1.6132309112e+00 -9.7948237535e-01 9.7071830905e-01
-3.8028596166e+00 -7.2648856765e-01 3.7366334331e-01
-2.1416490727e+00 -2.4141634633e-01 9.4192446643e-01
-7.8860713406e-01 7.4583558046e-01 1.4718812073e+00
-2.0409688327e+00 2.7690867223e+00 1.9216596250e-01
1.5617056887e+00 2.2011535707e+00 7.3372303288e-01
-1.9896381928e+00 4.7935428340e-01 9.1043764033e-01
-3.3608622846e+00 1.2404448967e+00 -6.5959788441e-03
8.5338394888e-01 1.8406085229e+00 8.0759252015e-01
-1.5785956459e+00 -8.2403857957e-02 1.3086217264e+00
-3.0415412831e+00 3.9667571770e+00 -8.2470132065e-02
-3.4863114015e+00 5.6387176319e-01 3.7827753641e-01
1.2607821497e+00 -2.7027560198e+00 -8.9452952686e-01
-8.0363576265e-01 3.2321656302e+00 -2.5935522025e-01
3.4400251004e+00 -1.0238412804e-01 -1.8572902795e-01
1.0857941493e+00 3.4925870372e+00 1.2525929722e-01
5.1923056670e-01 -7.9824111812e-01 1.0523839858e+00
1.8567447272e+00 -3.1368533159e+00 -5.6626317910e-01
-3.9528123760e+00 2.2165447157e+00 -3.4545905034e-01
-4.8963215735e-02 -1.0456588180e+00 1.1515515428e+00
2.3358854653e+00 8.7876482285e-01 8.4367578049e-01
1.0184552377e+00 -2.8900615513e+00 -6.7261767174e-01
3.6457394029e+00 1.5180507343e+00 2.7444280682e-01
-1.8154533304e+00 1.2501856194e+00 1.2170632219e+00
1.2119729799e+00 3.2601321029e+00 1.6467455599e-01
-3.1773219450e+00 -4.0000000000e+00 1.0006478130e-01
6.5799450525e-01 3.0792300561e+00 -2.7074786969e-01
1.2887625411e+00 -4.1307449472e-01 1.0013889708e+00
-1.7403845172e+00 -5.7489996812e-01 1.1207747628e+00
3.5403550146e+00 2.7651576835e+00 2.7047417748e-01
2.8433616821e+00 -2.3528552045e+00 -3.1745771825e-01
1.6285888536e+00 -2.0740738849e+00 -1.3551976433e+00
1.7577375981e+00 -1.0183279677e+00 -8.0710510590e-01
1.0437036427e+00 2.4789564403e-02 1.9423298137e+00
4.1147933222e-01 -3.3135521638e+00 -1.1552876799e-01
-5.8703937943e-02 -5.4139828307e-01 1.4553098364e+00
1.7552815302e+00 2.5630777557e+00 6.8688740427e-01
5.7302696482e-01 2.9110087779e+00 -3.0868445706e-01
-5.2518899454e-01 -2.8345534059e+00 3.8264776387e-01
1.1079654524e-01 -2.7708237511e+00 4.8810233748e-02
-4.6928570652e-01 1.7757726412e+00 8.7947426452e-01
-2.5550105875e+00 -1.7756295230e+00 6.4255726624e-02
-3.4945736815e+00 -2.4311228304e+00 7.3163618322e-02
-2.2683045270e+00 -3.9278986614e+00 4.1477501575e-02
-8.1517784706e-02 1.9485925487e+00 5.6909823453e-01
3.4371002648e+00 -3.4773258546e-01 -3.0788125626e-01
4.8571063601e-01 2.5258025818e+00 -1.4125404618e-01
1.6325223380e+00 2.9337224741e+00 4.8867394049e-01
-1.6801891290e+00 -8.1690877844e-01 1.0252492887e+00
-8.8333407149e-01 2.7382757008e+00 -1.0761315367e-01
2.3740017990e+00 -1.8409236724e+00 -1.1413366438e+00
-3.6390642387e-02 2.4999951352e+00 -1.7430487665e-01
8.7202215772e-01 8.0132617819e-01 2.3442696630e+00
4.2467949613e-01 -9.8514102682e-01 9.1375951692e-01
2.2009921335e+00 -4.0464635220e-02 2.7574432267e-01
4.0000000000e+00 1.4993101606e+00 1.8207678371e-01
3.7337264583e+00 -3.6795804013e+00 -1.7063398385e-02
-3.4545004661e+00 3.3783850077e+00 -2.1377915674e-01
4.0000000000e+00 1.9205921228e+00 1.0469400302e-01
-1.4303895487e+00 5.0882776360e-02 1.3774690875e+00
-2.3527546860e+00 -1.2393676908e+00 2.9140462344e-01
-2.4168337374e+00 2.1277776887e+00 1.2596478360e-01
1.7359010576e+00 1.9615136233e+00 1.0096170093e+00
-1.8199431339e+00 -1.6137815102e+00 5.1466510729e-01
1.7152938282e+00 2.1786522030e+00 8.5201360528e-01
-9.8722535828e-01 1.9800504897e+00 8.1859017540e-01
1.7322401438e+00 1.3886380065e+00 1.4103234567e+00
-1.4881368703e+00 -9.7426328393e-01 1.0415268772e+00
7.1538020107e-01 -3.1953684633e+00 -3.3806389770e-01
-2.1829807150e+00 -1.6200823938e+00 2.4072388870e-01
-2.1750679687e+00 2.6493387161e+00 1.8105528596e-01
-2.6602970471e+00 -2.7360946933e+00 9.9573100684e-02
-1.0909459198e+00 -2.9737952712e+00 3.9224825750e-01
1.6381617951e+00 -2.7944945422e+00 -8.9098786822e-01
1.9416943298e+00 -3.0159876591e+00 -6.2099853972e-01
-2.5199974578e+00 -1.4230483062e+00 1.4495797422e-01
1.1122157448e+00 3.7718362851e-01 2.3120341013e+00
1.4573079720e+00 -4.7956692861e-01 6.7538731825e-01
2.5717384611e+00 1.0014223430e+00 5.5917336801e-01
8.9214120486e-01 3.5832135462e-01 2.4241965044e+00
1.4250573307e+00 3.7544540668e-01 1.9977091577e+00
1.0348206375e+00 1.8177378601e+00 8.8124493601e-01
-2.4516164908e+00 -2.2857888891e+00 5.8301894118e-02
-1.7104265012e+00 4.0000000000e+00 -5.6900132735e-02
-7.8087483539e-01 2.4367909008e+00 1.0246273726e-01
-1.0958172176e+00 2.6027069032e+00 9.1062039036e-02
-5.4381206911e-02 2.2194786326e+00 1.6266003436e-01
-1.8690172632e+00 -3.5256263848e-01 1.1140109041e+00
-2.9356580393e+00 -3.8139691530e+00 4.2570862332e-02
-1.8281479316e+00 -4.4112652983e-01 1.1180071935e+00
-1.9569529928e-01 7.1349817378e-02 1.9916556428e+00
3.9804703106e-01 -1.4384449102e+00 5.4932947761e-01
1.9188770946e+00 -4.9104233232e-01 6.4810266877e-02
-1.6810648496e+00 2.0991040620e+00 6.8025809090e-01
2.1202120743e+00 2.5250281111e+00 9.2433122964e-01
4.2397393223e-01 -1.2978101515e+00 6.2889993302e-01
2.3728840914e+00 2.3604409555e+00 9.9947219781e-01
-3.8284529433e+00 -2.8152256360e+00 5.3637627561e-02
-2.5164635996e+00 2.0598937680e+00 6.9510075423e-02
4.1802873568e-01 3.6164488548e+00 -1.6503632704e-01
-2.9835595031e+00 8.7336412972e-01 4.4014299004e-02
-1.5731355418e+00 -2.3762773886e+00 3.5546921019e-01
3.7366608939e+00 1.0429247295e+00 2.3380013148e-01
-1.0724026683e+00 -4.0000000000e+00 2.7755683292e-01
3.6113212375e-01 5.2700647037e-01 2.4004612761e+00
-1.4470637223e+00 -1.0824648795e+00 1.0161153551e+00
-1.1450064969e+00 -1.8128746219e+00 9.2467832959e-01
5.1362701715e-01 1.0675306143e+00 1.9056665853e+00
9.6394278653e-01 5.5958716289e-02 2.0431555646e+00
-7.7465201805e-01 -3.5436547659e+00 3.4884851034e-01
-3.0750204618e+00 1.8351115084e+00 -1.2004909108e-01
2.1786160227e-01 4.2614170359e-01 2.3173931348e+00
-1.7405239978e+00 -2.3679229668e+00 2.6930388477e-01
-8.7262623278e-01 4.0000000000e+00 -2.9268342980e-02
-3.0900944920e+00 -3.1863049244e+00 1.7485613612e-02
-3.0322577657e+00 -4.0000000000e+00 8.0537048044e-02
8.4097003836e-01 -5.1994789450e-01 1.2417968656e+00
-2.5088119451e+00 -1.7827792867e+00 6.8490368880e-02
-3.6816801434e-02 -1.8111653417e+00 7.8316314360e-01
6.1407762952e-01 8.4942889700e-01 2.2599644941e+00
1.1487218182e+00 3.0988921519e+00 7.6660711157e-02
1.6080776359e-01 -2.2847263060e+00 2.5247986023e-01
1.2918800512e+00 -2.9194363729e+00 -7.6904406283e-01
-2.4504347157e+00 -2.4259258956e+00 7.4498054590e-02
-1.3615905612e+00 9.9467734295e-01 1.4972036916e+00
-1.8721660771e+00 -2.1923041455e+00 2.4107359941e-01
1.7602407907e+00 -1.1347108726e+00 -9.9916319872e-01
-1.5025781027e+00 3.2059760410e+00 7.7980003086e-02
-4.0000000000e+00 1.2435447266e+00 1.0307659571e-01
1.5845595873e-01 9.1427416732e-01 1.9183616233e+00
-2.0029773349e-01 -8.2040062527e-01 1.2591565748e+00
1.2045704481e+00 2.2275541506e-01 2.0753438383e+00
4.0000000000e+00 2.0083650312e+00 8.5084943062e-02
3.8289016201e+00 2.6705877714e+00 1.2016531737e-01
-2.6510780134e+00 1.8606279582e+00 2.8715714629e-04
2.6825585636e+00 3.5410757235e-01 1.1973866800e-01
1.1615032563e+00 2.9335466144e+00 7.4525466929e-02
-4.0536539883e-02 -1.3479505496e+00 1.0217629364e+00
2.1315163058e+00 1.6441760517e+00 1.1105730523e+00
4.0000000000e+00 2.4489744769e+00 2.8317043189e-02
-3.1966272953e+00 4.0000000000e+00 -6.7441983998e-02
-1.9377165482e+00 9.4392902282e-01 1.0278718858e+00
-3.0639892046e+00 -1.9897037269e+00 1.1629781197e-01
2.2805031509e+00 1.8397914114e+00 1.0372197532e+00
-2.7284039699e+00 2.2631806270e+00 -2.3271266699e-02
1.7230908772e+00 2.9748814629e+00 5.5581128592e-01
-1.7323136297e+00 -1.2392543573e+00 7.5591375429e-01
2.0178050384e+00 7.7161910526e-01 1.3072519377e+00
5.2886090159e-01 -3.4846176383e+00 -1.0627236519e-01
-6.5281047933e-01 -1.2036275488e+00 1.2051434406e+00
-7.1922091043e-01 -1.3194341662e+00 1.1864704465e+00
1.0951988263e+00 -3.7135527723e-01 1.2766855652e+00
-4.0000000000e+00 1.3633395255e+00 2.3967954493e-02
1.5308617721e+00 -2.1186267330e+00 -1.2945033502e+00
-1.9982669207e+00 2.3988502253e+00 2.9567957122e-01
-3.3224221282e+00 2.5497319015e+00 -2.1129597389e-01
2.5945430098e+00 -3.2337753979e+00 -2.8809473126e-01
9.2040883035e-01 -9.2886022778e-01 4.3168265340e-01
1.9554498848e+00 8.4266040303e-01 1.4057714148e+00
1.2641495236e+00 5.8441931192e-01 2.2749931434e+00
-2.1030530884e+00 2.3379342676e-01 8.7686785184e-01
2.1668928893e+00 3.6201870151e+00 4.8111728419e-01
2.5859764929e-01 1.6526894327e+00 1.0055992120e+00
1.5519978479e+00 8.7878421963e-01 1.9010409755e+00
-3.0170864771e+00 -3.0350579775e+00 3.5921115276e-02
-3.4661103829e+00 -3.4796199907e+00 4.9223997692e-02
1.8756135274e+00 -2.0567748937e+00 -1.3683316986e+00
2.4663690041e+00 2.0286212048e+00 9.7299879916e-01
-2.7060412400e+00 3.0066152012e+00 7.1279363043e-03
2.1039848691e+00 -3.9246445401e+00 -2.9951799956e-01
3.8210220853e+00 1.5131233470e+00 2.2945269670e-01
3.1965098410e+00 3.9179048891e+00 1.8397562966e-01
1.4423834789e+00 -1.6063627067e+00 -1.1973896885e+00
-6.3108306771e-02 1.6895976640e+00 9.3197041960e-01
-2.5115879365e+00 3.1912249432e+00 7.1510969041e-02
-7.4657004818e-01 -3.8090075880e-01 1.4736628393e+00
-2.7901574152e+00 2.5166915396e+00 -2.7942787640e-02
1.8794140654e+00 2.2589541293e+00 9.0387118738e-01
-3.3329088745e+00 2.3385071175e+00 -1.9748915693e-01
3.5282055489e+00 -5.1487723148e-01 -3.0259147654e-01
1.7368267229e+00 -1.1706367409e+00 -1.0346541166e+00
4.0000000000e+00 1.0691868315e+00 2.4886806943e-01
-1.3884533953e+00 2.9152499038e+00 5.5733310837e-02
6.0047790067e-01 -2.0187343647e+00 -1.5266838743e-01
4.0000000000e+00 2.7303073471e+00 2.9122943391e-02
2.7562481751e+00 2.3865694154e+00 8.4815218071e-01
1.0784837108e+00 -9.2439747147e-01 2.2428127993e-01
2.5913925838e+00 3.0539200629e+00 7.1875832114e-01
-2.4069517875e+00 -5.1431635950e-01 6.8390254100e-01
3.6348044294e+00 -1.1974029267e+00 -2.0159681888e-01
-1.5985494034e+00 2.4764800193e+00 3.3485667256e-01
-4.0000000000e+00 1.0686347827e+00 2.3160280102e-01
2.5480446676e+00 -1.1278822748e+00 -1.0007684419e+00
9.7640326317e-01 -1.5149753619e+00 -4.2948832876e-01
3.3699868292e+00 2.2455112291e-01 -2.6943501894e-02
-2.2014860390e+00 -1.2561342226e+00 3.8224302119e-01
3.9814305534e+00 1.9212327786e+00 1.1621132421e-01
-6.2587948327e-01 -2.0627970380e+00 8.9077588447e-01
-3.0816090710e+00 -4.0000000000e+00 8.7917281971e-02
-3.2312251938e+00 -5.0314253551e-01 4.4877393369e-01
-2.5684303978e+00 2.7521028193e+00 6.4348278341e-02
-2.4913820561e+00 -2.1223485541e+00 4.8275239170e-02
-2.6106834133e+00 -3.7902281894e+00 3.3374620199e-02
6.6875300877e-01 -2.9007669529e+00 -4.3086316992e-01
-3.1317503811e+00 -3.3393507250e+00 1.4353276385e-02
-2.3264741843e+00 -2.4065877231e-01 8.1154773465e-01
6.4362264420e-01 1.7669408768e+00 8.8695888007e-01
-2.4323699694e+00 4.0000000000e+00 -1.2282971514e-01
2.7536371616e+00 -2.7613686073e+00 -2.6876163218e-01
-1.6519536073e+00 1.2265557460e+00 1.3951446651e+00
-3.6728820018e+00 1.7970303014e+00 -1.6049116484e-01
8.4580825316e-01 2.0019795622e+00 5.6836428905e-01
4.0000000000e+00 -2.9228624670e-01 1.7563953515e-01
-2.5506307107e+00 5.2476340880e-01 3.3722832787e-01
1.0922647365e+00 -2.0827476075e+00 -8.8468859098e-01
1.2454677887e+00 2.5347788385e-01 2.0722367276e+00
-3.2164927362e+00 -1.4473053464e+00 1.8718787127e-01
2.5778690451e+00 -2.4890410946e+00 -4.9171278110e-01
2.2295227754e-01 -4.4591379817e-01 1.5801720408e+00
-3.4030631177e-01 -3.8268450952e+00 2.7826856312e-01
2.5261092480e+00 1.9585512279e+00 9.2536546144e-01
1.7158312907e+00 4.0000000000e+00 2.5106579079e-01
4.0000000000e+00 2.8235928183e+00 3.4398188982e-02
-3.7656842269e-01 -2.1593366327e+00 7.5767531535e-01
2.0109918853e+00 1.7320233453e+00 1.1435060779e+00
-1.4337718334e+00 -4.3115658720e-01 1.3005134749e+00
-2.8740987801e-01 6.2100949056e-01 1.7842875720e+00
-1.7734378231e+00 3.8299807663e+00 5.3308838410e-03
-4.0000000000e+00 2.2788796403e+00 -3.6806891504e-01
-2.1102332464e+00 1.5556726000e+00 6.9831521251e-01
-1.6752691134e+00 -2.2263547749e+00 3.4544070777e-01
-1.4330120701e+00 -4.0000000000e+00 2.0961952595e-01
-3.3239057154e+00 2.2741771881e-01 5.3748207155e-01
1.4953634405e-02 -1.7710002520e+00 7.6182266574e-01
-2.3904399418e+00 -1.1981510750e+00 2.8957798837e-01
1.5532468721e+00 -2.4672975317e+00 -1.1203805043e+00
2.2668189729e+00 -3.5092346338e+00 -3.2831441674e-01
-9.0833534551e-01 1.8726767797e+00 9.4314499569e-01
3.3544181327e+00 -2.4035623616e-01 -3.1489592604e-01
-4.7938786922e-01 -3.9981569461e+00 2.9618705556e-01
-1.7572256498e-01 1.4211020364e+00 1.2245229059e+00
-6.5565641965e-02 1.7247269577e+00 8.8717838190e-01
-3.1970056912e+00 3.1795459432e+00 -1.9400920905e-01
-3.1234234916e+00 3.2624588067e-02 5.8070983356e-01
-4.0000000000e+00 4.0000000000e+00 -1.5298006221e-01
-1.7014066190e+00 -4.0000000000e+00 1.4090256891e-01
6.0031283886e-01 3.9532945867e+00 8.3739034653e-02
1.7565659669e+00 2.7699266855e+00 6.2151709549e-01
3.0604974826e+00 1.5224693731e+00 4.2737172225e-01
-1.9642163112e+00 8.3203855201e-01 9.6673802215e-01
-2.1267602512e+00 -3.2450614344e+00 2.0451203996e-01
3.6321601636e+00 1.1490720104e+00 2.2962930486e-01
-1.2509149441e+00 1.4891416972e+00 1.4381194649e+00
3.9658350764e-01 2.9073407287e-01 2.3825439892e+00
-3.3668504922e+00 -1.8718605683e+00 1.5507906262e-01
2.7124258881e+00 -2.8319409091e+00 -2.7967126065e-01
-3.2652038005e+00 6.9341197073e-01 2.0594934893e-01
-2.4743377305e+00 1.8091424042e+00 1.4052424643e-01
-2.6625896675e+00 1.1236959334e+00 7.5245390701e-02
-2.0838938514e+00 2.4693560185e+00 2.3899891153e-01
1.2476788882e+00 -2.7464957941e+00 -8.6506892573e-01
-1.7189998755e+00 8.6129442728e-01 1.2577340445e+00
-1.1903815565e+00 -1.1547093667e+00 1.1094885492e+00
2.4024368654e+00 -1.4717917887e+00 -1.1867131011e+00
7.7487545002e-01 -2.3389752954e+00 -5.2556635773e-01
1.8373958366e+00 2.2581465345e+00 8.8067796947e-01
2.7940031822e+00 2.9552765414e+00 6.6399550046e-01
-1.3831250099e+00 2.5179903317e+00 2.6900909962e-01
-1.3269087357e+00 -1.7430300210e+00 8.4768515024e-01
3.4229305903e+00 1.1152098253e-01 -7.0547177606e-02
-1.0778435162e+00 2.3579090716e+00 3.2408918451e-01
4.0000000000e+00 3.9167967016e-01 3.6194228226e-01
-1.7733505320e+00 -2.7699478790e+00 2.3878986467e-01
3.0281592599e+00 2.8679741190e+00 5.5567066799e-01
1.2727575294e+00 2.7025638341e+00 2.1089269347e-01
-1.3617228144e+00 7.5505756646e-01 1.4080245986e+00
-2.7187341200e+00 -6.0270928487e-01 4.6159722608e-01
-1.2788236891e+00 -2.0738246812e+00 6.9260613286e-01
2.9007571380e+00 -1.5819147195e+00 -6.3770641528e-01
2.8978185108e+00 -4.0629274219e-01 -5.7324035350e-01
-5.7888678225e-01 -1.0350966318e+00 1.2247854403e+00
1.2031020022e+00 1.4663956240e+00 1.3964594835e+00
-9.8045010724e-01 -1.7740047613e+00 1.0123106344e+00
3.8176711026e-01 -3.2167979960e+00 -1.3084971004e-01
-3.3666546055e+00 9.6040878702e-01 1.0298064322e-01
9.5999532248e-01 -9.6752239433e-01 3.0996890617e-01
-3.0229192410e+00 1.9700812526e+00 -1.1525377288e-01
-4.6701939774e-01 2.3518047307e+00 7.3992550647e-02
2.8684746811e+00 6.6101059223e-01 2.2722510897e-01
-1.6618026577e+00 4.9609129583e-01 1.2044333632e+00
1.2930752016e+00 -2.1070824921e-01 1.3417493131e+00
-2.1390778056e+00 1.8058121494e+00 5.3156631290e-01
1.0898355931e+00 1.4274707238e+00 1.4418006994e+00
-6.2429768716e-01 -2.2381202483e+00 7.6054552826e-01
9.9021431567e-01 1.3361422309e+00 1.5687904422e+00
3.8095365857e+00 2.5536827608e+00 1.4175107711e-01
1.4169378511e+00 -3.4105610280e+00 -4.2301970136e-01
-2.8341049509e+00 3.6913561843e+00 -9.5575500394e-02
2.0162754975e+00 -2.1900887254e+00 -1.2115482597e+00
2.4730681993e+00 9.4768498824e-01 6.6829418369e-01
-2.8587484104e+00 -2.8392742731e+00 7.6932756287e-02
9.4640441202e-01 1.6167493861e-01 2.1954702521e+00
2.6378010052e+00 -5.7936829601e-01 -6.4768632449e-01
-1.5680297941e-01 3.1694968832e+00 -4.6933287615e-01
-2.7956862459e+00 2.1644407696e+00 -5.2943206370e-02
5.3061218806e-01 -3.1149913896e+00 -2.6179306341e-01
1.2386913505e+00 1.1854919422e+00 1.7670059502e+00
-3.3346505896e+00 7.4693520419e-01 2.0131290079e-01
1.3089051396e+00 1.2667292215e+00 1.6515537071e+00
2.4624088489e+00 -2.7725543674e+00 -4.5474669995e-01
2.0050826151e+00 2.9439964097e-01 1.0100416155e+00
-8.5614202209e-01 -1.2621904406e+00 1.1791925043e+00
-9.2749761260e-02 4.0000000000e+00 -1.7061020527e-02
-2.3852789171e+00 -1.2549917340e+00 2.6566285970e-01
-1.8063172461e+00 -2.6742871536e-01 1.1665650854e+00
-7.6067262764e-01 -4.0000000000e+00 3.0118189346e-01
-2.2558856432e+00 -2.4813585217e+00 9.8768402668e-02
3.9856562226e+00 -3.7009328000e+00 1.7881015767e-02
3.5684622291e+00 -1.0750046717e+00 -2.6137145741e-01
1.0512857076e+00 -3.4658568192e-01 1.3583545595e+00
-1.2821178043e+00 6.0291469125e-01 1.3823607469e+00
1.9326069584e+00 -6.5929639235e-01 -2.4872497401e-01
-2.7724318423e+00 3.9430305103e+00 -1.0203994516e-01
1.3740723668e+00 -2.0563936752e+00 -1.2017310010e+00
1.1594078088e+00 -3.5955716360e-01 1.2343387141e+00
3.0166878357e+00 -3.2341171748e+00 -1.8223641786e-01
6.3177693774e-01 6.9725588352e-01 2.4301751102e+00
1.5866132896e+00 -2.2588295489e+00 -1.2468450277e+00
-2.9873201316e+00 -2.7046114587e+00 7.4222664395e-02
-1.2956909751e-01 -1.6509585417e+00 9.4173370103e-01
-2.6825272426e+00 -3.4738082768e+00 4.9010929578e-02
2.5154687157e+00 2.7332112253e+00 8.8190157032e-01
1.5707938568e+00 1.5606273053e+00 1.3104068331e+00
-2.1858947984e+00 -4.8752053090e-01 8.5740831008e-01
3.3948161290e+00 2.6037861909e+00 3.9735696026e-01
5.9312756412e-01 1.9163374175e+00 6.5078480777e-01
1.5122562847e+00 1.8513394475e+00 1.0174582809e+00
1.4826723176e+00 -3.1283223985e+00 -6.2755667164e-01
9.1576806175e-01 3.0111775364e+00 -1.1351589568e-01
-1.8058694821e+00 -2.6251764024e+00 2.2256051295e-01
9.8377318022e-01 7.6359944460e-01 2.3596811034e+00
-2.7776772860e+00 1.9013434868e+00 -5.9249054244e-02
3.5428813281e+00 1.4922230634e-01 2.4113594620e-02
3.4928214407e+00 3.7461728878e-01 1.1066062851e-01
8.2031718466e-01 2.6661853565e+00 -9.9516065856e-02
-2.5519718702e+00 4.1090088257e-01 4.1084378298e-01
4.6163129543e-01 1.7048834239e+00 9.5756060988e-01
-2.2396639624e+00 -2.8351292672e-01 8.6818228161e-01
2.1490064491e+00 -1.4705218619e+00 -1.3485286142e+00
-1.8234346171e+00 1.3604412371e+00 1.1842163374e+00
-3.7566873627e+00 -2.7890187277e+00 4.6411479546e-02
-1.7048968794e+00 -3.8741074513e+00 1.8654601684e-01
3.9838205094e+00 1.3581223706e+00 2.0546969326e-01
4.0000000000e+00 4.7262642426e-01 3.5279623178e-01
1.3015332380e+00 4.9720566220e-01 2.2192416876e+00
2.3726805478e+00 1.3829272520e+00 8.8192201710e-01
-5.2823953985e-01 2.4476419212e+00 -1.4458831376e-02
-3.5294770357e+00 -9.9513249727e-01 3.0079273993e-01
-4.0000000000e+00 1.6510703167e+00 -1.4171137684e-01
1.6634865942e-01 -4.9456318841e-01 1.5211251453e+00
1.4599829953e+00 5.8540688130e-01 2.0734199182e+00
-1.1580992867e+00 -2.4739308036e+00 5.2052992455e-01
-6.5715530825e-01 -1.8050823236e+00 1.0492546470e+00
8.5322170736e-02 -1.1803750073e+00 1.0234612525e+00
-2.1559769290e+00 1.5924643317e+00 6.1452946307e-01
-2.9149162355e+00 8.8671014277e-01 3.6991251059e-02
-2.4718378808e-01 -2.8451069755e+00 2.6792718010e-01
-6.7651456135e-01 -1.3309522389e+00 1.1867852022e+00
-1.9169342939e+00 -4.0000000000e+00 8.6454895165e-02
3.6989727868e+00 1.1993002903e+00 2.3191897624e-01
-2.5999086133e+00 -1.9832996369e+00 4.9454472223e-02
-8.8278781527e-01 -1.1088005755e-01 1.5958266080e+00
1.9342886223e+00 5.2522741817e-01 1.3473513635e+00
-3.1248062217e+00 2.3418979281e+00 -1.4059073004e-01
1.8746063721e+00 -4.0000000000e+00 -2.6512519382e-01
-3.0931812774e-01 1.0510583515e+00 1.5011149543e+00
1.3353303322e+00 -1.7456181259e+00 -1.1365165583e+00
-3.3674360785e+00 -7.9388796419e-01 3.3512753237e-01
-4.0000000000e+00 -1.1325036996e+00 2.7000333468e-01
-1.5532764979e+00 -1.2543107301e-01 1.3194913947e+00
-4.0000000000e+00 1.5558538503e+00 -9.0336632129e-02
3.6885623369e-01 1.6695495893e+00 9.9663734026e-01
-2.7042223559e+00 -5.1008226981e-03 5.9685361048e-01
2.3617812996e+00 1.4459984920e+00 9.0841438871e-01
5.4749801512e-02 1.4931978791e+00 1.1803818653e+00
3.3316585910e+00 1.0959899514e+00 2.2642482593e-01
-1.6962191712e+00 -2.1868446744e+00 3.4734344943e-01
-3.9317715162e+00 6.7744969500e-02 6.5570513341e-01
-2.7715132610e+00 -6.9609497507e-01 3.9468699997e-01
-2.9632999950e+00 -2.3695743220e+00 9.4582020544e-02
1.1896589908e+00 9.8249076463e-01 2.0443257098e+00
2.4705542277e+00 -5.4755123399e-01 -5.5237459090e-01
6.8339950017e-01 -2.0231086956e+00 -2.7980608153e-01
3.6359002572e+00 4.0000000000e+00 1.0401325901e-01
6.2868759672e-01 -1.7980465863e+00 -6.1258585041e-02
1.8911377552e+00 1.6796601991e+00 1.1917385115e+00
4.8403415570e-01 -7.0900322665e-01 1.1883567964e+00
-8.5776876085e-01 -3.9882761728e+00 2.9912405767e-01
2.7847032139e-01 -8.6763029946e-01 1.1221248075e+00
-4.0000000000e+00 2.4751549482e-01 6.6685863290e-01
2.9055554174e+00 -1.4156780414e+00 -6.8703481492e-01
4.0000000000e+00 -1.8022626644e+00 -7.9524468501e-02
-2.5668098753e+00 1.0371244527e+00 1.6875526833e-01
2.8417916011e+00 -4.0000000000e+00 -1.9086558615e-01
3.4661475219e+00 3.1708793009e+00 2.1823583127e-01
1.4699911906e+00 2.5241345226e-01 1.8096683447e+00
-1.5954462864e+00 -4.0000000000e+00 1.6863641543e-01
2.5194879812e-01 2.2406279207e+00 1.3307459580e-01
8.5306934975e-01 3.2749958818e+00 -9.6817974609e-02
-1.3338889541e+00 2.8531171295e+00 5.1927028571e-02
3.2154700762e+00 -2.9151187762e+00 -1.0872654625e-01
1.6394147395e+00 -1.3835663671e-02 1.2023458008e+00
1.5573719706e+00 2.8448144958e+00 4.3642832605e-01
-2.8460117203e+00 2.6910803962e+00 -4.4392501779e-02
-1.5805524757e+00 -4.0000000000e+00 1.7251038857e-01
1.1392170728e+00 -1.2060623441e+00 -3.4394333917e-01
2.0335929615e+00 2.0447489085e+00 1.0461206842e+00
-1.3623649676e+00 5.9982680380e-01 1.3615875684e+00
-2.3664872255e+00 -6.6337130581e-01 6.3677517513e-01
6.1316798489e-01 2.3988187015e+00 1.3167142174e-02
2.3977181478e-01 -4.0000000000e+00 1.8251250290e-01
-2.9836845046e+00 3.1205141930e+00 -1.2087733340e-01
-1.7990907254e+00 2.5193947659e+00 2.9500798037e-01
-3.4785969220e+00 -1.2122208658e+00 2.5671642009e-01
-4.7389638110e-03 1.8636277522e+00 6.9354933537e-01
-2.6440009405e+00 4.0000000000e+00 -1.1607997470e-01
1.7885219973e+00 3.5988675072e+00 4.5811040340e-01
1.3811636903e+00 -7.7966771233e-01 1.2793210852e-01
-1.2038380796e+00 3.2531057030e+00 -5.6762979456e-02
3.2033880054e+00 1.4822816295e+00 3.6678742265e-01
-1.8260293254e+00 5.3562700928e-01 1.0699165894e+00
1.0780902954e+00 2.6473524944e+00 7.3843182022e-02
2.3264057152e+00 2.3787098112e+00 1.0002111570e+00
3.8078773998e+00 1.9659526552e+00 2.1676005863e-01
-1.9347264348e+00 -3.2483005992e+00 2.5038977882e-01
-2.9113772586e+00 2.9861884733e+00 -8.0924819251e-02
1.5286620537e-01 1.9472334181e+00 5.6506096575e-01
3.7139561446e+00 -1.8620534401e+00 -6.0849853494e-02
-1.8882477983e+00 -1.2747249290e+00 6.1480951749e-01
-9.7869473077e-01 4.8038674565e-01 1.4636361418e+00
-2.8441917879e+00 -1.1404013081e+00 1.9081368708e-01
3.4137532648e+00 2.6469538205e+00 3.7485001202e-01
1.1563676986e+00 -1.7677813072e+00 -8.9699923596e-01
1.5153349245e+00 -2.3273445014e+00 -1.1886645396e+00
-1.6618709960e+00 1.5601426029e+00 1.2669185652e+00
-1.5437784405e+00 1.6240520118e+00 1.2998334242e+00
-3.2011814920e+00 1.3893966272e+00 -6.8424666814e-02
-3.2462169130e+00 -1.5339928818e-01 5.9537240736e-01
-1.7291032502e+00 -9.0609827446e-01 9.4140868461e-01
-6.6307598023e-01 1.7669203965e+00 9.6316984598e-01
-6.0661774359e-01 -1.6947780142e+00 1.0937610467e+00
-2.8100098552e+00 2.4095258843e+00 -4.0982391993e-02
-1.4173409986e-01 1.5279138558e+00 1.1176411428e+00
3.0544441690e-01 2.7688722053e-01 2.3387811992e+00
4.3620031537e-01 -1.4222402263e+00 5.1189243969e-01
3.1531823860e+00 -1.4508836205e+00 -4.3832610374e-01
-1.2222241747e+00 8.5869532075e-01 1.4633633199e+00
-1.4376114670e+00 -3.1229679932e+00 3.4647249345e-01
8.6987029843e-01 3.2428291171e+00 -9.6303961630e-02
-2.3758827642e+00 -3.3042937671e+00 1.3671002446e-01
-4.5314996058e-01 1.4064632916e+00 1.2346921839e+00
6.0955448539e-01 -5.9495877630e-01 1.2776474064e+00
2.7344542546e+00 -2.6894505962e-01 -4.7726742250e-01
2.4117353854e+00 -3.9259742508e+00 -2.9279215438e-01
1.2253564780e+00 1.8687628148e+00 8.7517673509e-01
1.0164533208e+00 -1.8718349662e+00 -7.2817781703e-01
-1.8464111846e+00 -2.9296235629e+00 2.3975294311e-01
1.9070487906e+00 1.2223424142e+00 1.3711196645e+00
4.0000000000e+00 1.4567230691e+00 1.8847695166e-01
-4.6055349402e-01 -1.4086492148e+00 1.1589994140e+00
-2.5967240481e+00 -2.4327137005e+00 7.7850572934e-02
1.2961690438e+00 -2.0887309673e+00 -1.1208901552e+00
2.4203024510e+00 3.9912594499e-01 4.5269547283e-01
9.2929638905e-01 -1.4775073553e+00 -3.1486875831e-01
3.2977276553e+00 -2.7814475225e-01 -3.6749043123e-01
1.2970250273e+00 3.1689737743e+00 2.1473499432e-01
5.0534155752e-01 -3.3689087948e+00 -1.4462203685e-01
1.5339058182e+00 1.3796188548e+00 1.4854805484e+00
2.0304108794e+00 -4.0000000000e+00 -2.8975199812e-01
6.7361813509e-01 -1.1089126912e+00 4.9766844734e-01
-1.6972994861e+00 -1.2652091097e+00 7.7046073901e-01
-8.3222273120e-01 -1.6786257804e+00 1.0876866360e+00
8.9060218256e-01 -1.3827488898e+00 -1.5424320284e-01
-2.1585757239e+00 -1.7484948976e+00 2.1284191785e-01
6.5811519288e-01 2.5265235714e+00 -8.5468735199e-02
2.0487105261e+00 9.9783032096e-01 1.2612514567e+00
1.3828483235e+00 -1.4984535338e+00 -1.0465607214e+00
-3.4862608950e+00 -3.3058147107e-02 6.2972153113e-01
9.4159501567e-01 -2.7346578626e+00 -6.8614657213e-01
7.0359213312e-01 2.2042498490e+00 2.5829015748e-01
3.4034783737e+00 2.1486230540e+00 4.5846154210e-01
2.8832888798e+00 -9.2256958515e-01 -7.4592649957e-01
4.6911875020e-01 7.3297037669e-01 2.3341471282e+00
-1.1905629212e+00 3.9622333671e-01 1.4156391824e+00
4.0000000000e+00 -3.9390438923e-01 1.1483709539e-01
-1.8982827494e+00 -2.1894770453e+00 2.2767193717e-01
1.6545239886e+00 2.7875431890e+00 5.3286432415e-01
4.0000000000e+00 3.0001996556e-01 3.6696597925e-01
-3.5856084848e+00 -2.3477835960e+00 7.6078800341e-02
-1.8151393074e+00 -2.3164465785e+00 2.4236040476e-01
-1.6799671635e+00 2.0202256999e+00 7.7905162691e-01
-4.1216213867e-01 -1.2864074733e+00 1.1772493818e+00
-1.8860121518e+00 2.9207198012e+00 1.7812426206e-01
1.5189063854e+00 -4.4041450599e-01 6.7112962654e-01
-1.5928358860e+00 -3.0000566959e+00 3.0488776568e-01
-4.0000000000e+00 3.2656361807e+00 -2.1103997609e-01
1.9718618895e+00 3.2668382098e+00 6.4615304613e-01
2.3886337285e+00 -5.1925492658e-01 -4.6835519139e-01
4.0000000000e+00 -2.1821300187e+00 -8.0605200838e-02
-1.9338943279e+00 3.1047474063e+00 1.7208817557e-01
-2.3819749754e+00 -7.2876504195e-01 5.8477894902e-01
-1.1843641890e+00 2.8578473048e+00 -1.9564451196e-02
4.4012158896e-01 3.7296111787e-01 2.4349385622e+00
3.2279118888e+00 1.9943686238e+00 5.4701174404e-01
-1.8468898379e+00 4.0000000000e+00 -7.2488844607e-02
-2.2292776389e+00 1.4833138714e+00 5.4292518734e-01
-1.6009115585e+00 -2.7770386279e+00 2.8784577378e-01
3.9238641477e+00 2.9937074015e-01 3.1839293468e-01
-9.5491002167e-01 3.1022809551e+00 -1.9190889505e-01
-3.3286924575e+00 2.7079123088e-01 5.1436961953e-01
-3.8028763084e-01 3.7227413046e+00 -1.9533045164e-01
1.0585825079e+00 -1.2472556828e+00 -2.7136215562e-01
2.7024878693e+00 1.0568522231e+00 4.3958579965e-01
2.4928897473e-01 -1.0103645352e-02 2.1077626419e+00
2.5016464914e+00 -2.1118682509e+00 -8.1798477456e-01
1.6850182859e+00 1.9041479291e+00 1.0345341969e+00
-3.2465034084e+00 4.0000000000e+00 -6.5971802396e-02
-2.1010796712e+00 -2.1042075556e+00 1.4579055909e-01
2.2783915438e+00 3.6547629637e-01 6.2983637476e-01
-7.4690810561e-02 7.9100129018e-01 1.8554543904e+00
-7.8229948289e-01 -3.7141359280e+00 3.3501551797e-01
-6.4898373630e-01 -2.1568768818e+00 8.2345587199e-01
3.5321727438e+00 -2.6470467851e+00 -3.5883410897e-02
8.5924610739e-01 -1.7769603164e+00 -4.2673154686e-01
1.4743475492e+00 1.1231032468e+00 1.7590978193e+00
6.2313678364e-01 2.0835178032e+00 4.0254612419e-01
-1.1177497774e+00 -2.9276219878e+00 3.9376895983e-01
-1.6518482720e+00 -3.7468606209e+00 2.3963570717e-01
1.3646841758e+00 -3.6188528697e+00 -2.9836703351e-01
4.0000000000e+00 8.3413811225e-01 2.9185175283e-01
-3.0353153905e+00 1.2835785191e+00 -5.9831393277e-02
-1.6519176794e+00 2.7788552241e+00 1.8098673803e-01
-2.8611311675e-01 -1.3705944228e+00 1.1264033378e+00
-1.8758812031e+00 -1.3593506244e+00 5.8327738050e-01
2.9719954413e+00 -1.5243856390e+00 -5.8301501614e-01
3.1302158768e+00 -4.0000000000e+00 -1.0537931975e-01
1.6290588921e+00 5.2484099622e-01 1.8303770169e+00
1.7104626204e+00 2.0342576630e-01 1.3972572457e+00
-1.5983221169e+00 -7.9058148625e-01 1.0831059684e+00
-4.4184466712e-01 3.9513815230e+00 -6.2177843582e-02
1.2668972987e+00 7.7745495884e-02 1.8170215366e+00
1.8515113520e-01 2.0493775589e+00 4.0633014518e-01
-2.9720920167e+00 1.9243679544e+00 -1.0741935418e-01
-1.0706209425e+00 -4.2358872127e-02 1.5333985394e+00
-3.9305703508e-01 7.9641340688e-02 1.8811451990e+00
-2.9643580759e-01 7.4679018799e-01 1.7037648009e+00
2.2004982093e+00 -1.2538707261e+00 -1.2191377867e+00
1.2931278332e+00 2.9381085361e+00 1.8847288952e-01
2.8706661469e+00 -3.4964879735e+00 -2.1888319497e-01
6.2384633834e-01 1.9159010366e+00 6.5558451899e-01
1.3286653745e+00 -2.4920431374e+00 -1.0276187528e+00
-9.9985484198e-01 2.0655880664e+00 6.9112148246e-01
3.6867057966e+00 -2.0486846009e+00 -4.1605118650e-02
7.4550998206e-01 3.0861923513e+00 -2.1837949493e-01
-3.3111075040e+00 -4.0000000000e+00 1.1133495334e-01
-2.1149618257e-01 4.0000000000e+00 -2.6254044872e-02
-2.0896424361e+00 -6.0717742954e-01 8.7615584913e-01
-2.8331476670e-01 -4.0000000000e+00 2.7815999922e-01
-9.7603655005e-02 -5.1493721119e-01 1.4774634192e+00
-1.6339540174e+00 -7.2923281612e-01 1.0993197502e+00
-1.3615564094e+00 2.5791251171e+00 2.1481721793e-01
-3.6586054247e+00 -1.8917950877e+00 1.4063762895e-01
1.3702690964e+00 2.1134859372e+00 6.7489192518e-01
2.3825201429e+00 -3.3159650705e+00 -3.3496075161e-01
-9.4584516021e-01 2.7564749528e+00 -8.7879673434e-02
6.2214539551e-01 -3.4894093148e+00 -1.4548530300e-01
-1.8479887818e+00 -5.0252929544e-01 1.0861961403e+00
1.1731809248e+00 1.9750297212e+00 7.1789993623e-01
3.9146347644e-01 3.2845788128e+00 -3.4709636068e-01
-1.2189558138e+00 2.6802226928e+00 8.9657708613e-02
1.4544930763e+00 1.5954988569e+00 1.2684562408e+00
-9.8459919136e-01 1.4276647300e+00 1.3963758759e+00
-1.2567908436e+00 -1.8398118351e+00 8.4697481947e-01
2.2664859640e-01 9.0841713365e-01 1.9742064510e+00
4.0000000000e+00 5.3355684279e-01 3.4400950109e-01
2.2133318237e+00 3.1638546427e+00 7.3624007144e-01
-6.8433259708e-01 -1.5585212322e+00 1.1391536563e+00
1.5830916362e+00 -1.2969174508e+00 -1.0703331766e+00
-2.8314508039e+00 6.8286935855e-01 1.2952537714e-01
2.0969469873e+00 -2.6435866325e-01 1.5506825917e-01
7.6269493936e-01 -4.8798888123e-01 1.3487882760e+00
1.1837069575e-01 -4.6142992690e-01 1.5594329843e+00
1.3272303632e+00 2.1109745700e+00 6.4918581950e-01
-1.2187144161e+00 4.0000000000e+00 -2.5888615439e-02
-3.6107611627e+00 -1.7262915123e+00 1.7438713985e-01
1.6143914046e+00 1.6336487215e+00 1.2454294840e+00
-8.4989894852e-01 1.3677613435e+00 1.3739852995e+00
2.1131531318e+00 2.4184707577e+00 9.5377488975e-01
1.9288939728e+00 2.4703548535e+00 8.4542434238e-01
-2.3741543073e+00 1.2656933397e+00 3.7524095530e-01
1.9473114689e+00 -2.7638242837e+00 -8.0702558046e-01
2.9992082641e+00 7.5337896930e-01 2.1272554898e-01
3.5117493658e+00 2.1031105861e+00 3.9190353903e-01
3.6262619398e+00 1.1417954687e+00 2.2918871232e-01
4.0000000000e+00 -3.4016112856e-01 1.4685567883e-01
-2.8927435309e+00 -9.0550392092e-01 2.7472752661e-01
-1.1979685620e+00 1.5568775545e+00 1.3848091952e+00
1.5532296052e+00 -1.4796043426e+00 -1.2245253505e+00
-1.2862387370e+00 1.3344591644e+00 1.5089966531e+00
-4.0000000000e+00 8.8448388237e-01 3.7587036118e-01
2.7074477260e+00 9.9653494370e-01 4.2239950046e-01
3.7817032266e+00 -4.3458904936e-01 -8.5275973139e-02
2.5343498025e+00 2.4292820795e+00 9.4960300498e-01
6.7260960810e-01 1.3110810901e+00 1.5721457335e+00
1.1354463716e+00 -1.8530026655e+00 -8.9999289215e-01
-5.0549133190e-01 1.0083810887e+00 1.4644467647e+00
-4.0000000000e+00 3.4620697356e+00 -1.7473984169e-01
-1.1637003499e+00 -2.1795617513e+00 6.8873865807e-01
2.3892071925e+00 1.4094841019e+00 8.7069958701e-01
-4.9863043334e-01 -2.4531890477e+00 5.7918826694e-01
-4.0000000000e+00 2.4791651508e+00 -3.7679991270e-01
-9.4089164089e-01 -2.2830868861e+00 7.0136505917e-01
-2.2717201442e+00 -1.7442146309e-01 8.5154144844e-01
3.5016869516e+00 -2.8796557319e+00 -5.2615772669e-02
1.7688203084e-01 -3.7945748163e+00 1.4257761679e-01
1.2108237336e+00 -2.8417398103e+00 -7.9401705603e-01
-5.9854059160e-01 1.6542024563e+00 1.0585557146e+00
4.0000000000e+00 -9.6576375491e-01 -5.6243640899e-02
-1.1101785266e+00 2.5981470828e+00 1.0121863340e-01
-3.1326726206e+00 2.6380831908e-01 4.6904469214e-01
1.9100854936e+00 -1.2481582144e+00 -1.2150573868e+00
-8.7044499079e-01 2.2323968452e+00 3.9258444974e-01
1.4772626150e+00 -1.7586875529e+00 -1.2989504755e+00
7.7475578052e-01 9.1114974600e-01 2.2060574732e+00
2.4393200251e+00 7.6325408458e-01 6.6689432564e-01
4.0000000000e+00 -1.0049185909e+00 -5.8055778267e-02
1.7658729693e+00 1.7874291309e+00 1.1376978528e+00
-2.0842266551e+00 -2.4250492953e+00 1.3107916510e-01
-7.2020286491e-02 -3.0359404651e+00 1.3482744492e-01
-1.0480341952e+00 3.2925249414e+00 -1.3055756593e-01
-1.3809318384e+00 3.5496270071e+00 2.3969262823e-02
-2.3945177592e+00 2.2624460616e+00 1.2492642645e-01
-1.7626143999e+00 -2.8086402566e+00 2.4468763284e-01
3.9414412099e-01 -8.1380699193e-01 1.1134956345e+00
2.8640581511e+00 2.2798686215e-01 -1.0076416916e-01
-2.0996176773e-02 3.6625656168e+00 -2.3770347186e-01
2.8101519094e+00 -3.6528260285e+00 -2.2709782186e-01
1.4885330741e+00 3.7521589503e-01 1.9163149869e+00
2.7556218864e-01 -2.0913275007e-01 1.8826931732e+00
-7.3480420411e-02 2.1283652583e+00 2.9420502374e-01
1.9830987628e+00 9.7263727384e-01 1.3533382913e+00
-8.5555871084e-02 -1.0701563862e+00 1.1542216765e+00
-3.5858683593e+00 -4.2960446688e-01 4.9239884389e-01
1.1680206815e+00 -1.2899461810e+00 -5.0349394042e-01
1.4351680573e+00 -3.2870942013e+00 -5.0636098228e-01
2.4508664693e+00 -4.0000000000e+00 -2.8774025445e-01
1.3177910015e+00 2.8346740313e+00 2.2024269144e-01
-1.3759955359e+00 1.1865111069e+00 1.5271343758e+00
2.2574980830e+00 2.0834514830e+00 1.0430645937e+00
-2.8681835835e+00 2.9144189608e+00 -5.8190059806e-02
6.3873366687e-01 2.5933319203e+00 -1.4199423158e-01
1.2166428541e+00 4.0000000000e+00 2.2874181346e-01
1.6974300068e+00 -2.8476844042e+00 -8.3772068686e-01
-2.1038686080e+00 -3.3846347637e-01 9.5697259968e-01
1.0065539769e-01 -1.4935516527e+00 8.4172753491e-01
-6.8570385057e-01 -2.3319568246e+00 6.9461361887e-01
-5.4804055836e-01 3.0873206355e+00 -3.7815011137e-01
1.2698495039e+00 -1.2566115604e-01 1.5032133312e+00
-6.7021043617e-01 8.8995560155e-02 1.7270516424e+00
-8.0452089666e-01 3.5796633912e+00 -1.6782395541e-01
-2.1245185226e-01 4.6106483429e-02 1.9731693708e+00
2.9510043917e+00 -2.2215271064e+00 -2.8139746646e-01
1.6182084797e+00 3.7221573144e-02 1.3090889164e+00
-3.4978663648e+00 -2.5619831472e+00 5.7193916916e-02
6.2121908504e-01 -4.0000000000e+00 8.2871667818e-02
4.2505123419e-01 -2.1893779233e-01 1.8630178807e+00
-3.0387401780e+00 -5.3380560822e-01 4.3563020642e-01
9.9774701116e-01 -2.8074098056e+00 -6.9923652209e-01
-2.5837214686e+00 2.3666406344e+00 3.8543177236e-02
-3.5842104135e+00 7.6905555257e-01 2.9141064313e-01
2.9762130136e+00 1.3687726461e+00 3.8360003941e-01
-2.0797044818e+00 4.0000000000e+00 -9.9559736638e-02
2.0618692760e+00 3.3652436241e-01 9.5882116733e-01
-2.5256769625e+00 3.3288877997e-01 4.8161949033e-01
2.2334483788e-01 -1.6438691878e+00 6.2247284993e-01
2.1037185228e+00 6.5989749777e-02 5.6211389811e-01
-2.5389394415e+00 2.8801037758e+00 7.6510465683e-02
-3.0578448920e-01 9.3321817985e-01 1.5815177671e+00
3.2630388551e+00 -2.0929698114e+00 -1.2709704467e-01
1.6675136358e+00 4.0000000000e+00 2.5280085018e-01
1.4706670294e+00 -5.5999982041e-01 5.0008044457e-01
1.3860257154e-02 4.0000000000e+00 -5.2648117291e-03
1.2633286944e+00 1.8965470507e+00 8.5656067327e-01
1.9432392422e+00 6.0525800389e-01 1.3779190567e+00
4.0000000000e+00 2.8371969180e-01 3.6711825296e-01
1.4307695882e+00 -2.0500017655e+00 -1.2517626461e+00
-8.1124563962e-01 -2.2482903688e+00 7.4991368078e-01
1.3575591951e+00 -4.0000000000e+00 -1.3490307227e-01
2.4277464600e+00 1.4739647771e+00 8.4878956990e-01
3.4791551789e+00 -5.2484423843e-01 -3.3887234306e-01
-2.3045534456e+00 -1.8909306442e+00 1.0292545380e-01
2.2756254577e+00 3.3369444328e-01 6.0054672444e-01
3.8112730214e+00 -2.0787720650e+00 -4.6998593496e-02
-1.0556175424e+00 -2.9317961786e+00 3.9929426566e-01
3.0661798446e+00 1.8063586819e-01 -1.5652532376e-01
4.3517710975e-01 1.2645641188e+00 1.5822034595e+00
-4.0000000000e+00 2.3733934545e+00 -3.7577330684e-01
-2.9414939433e+00 -9.6431045226e-01 2.5196692814e-01
4.0000000000e+00 -2.7084480574e+00 -1.7436836142e-02
-6.1890685600e-01 -1.7703072431e+00 1.0635984746e+00
-3.2901196039e+00 -1.7913984936e+00 1.5887358628e-01
2.6782920856e+00 1.8592443459e+00 7.9271239161e-01
1.9677553925e+00 2.1231831276e+00 1.0016471059e+00
-2.7052827516e+00 -3.1244464876e-01 5.8937172486e-01
-3.1804592925e+00 2.9341611620e+00 -1.8269806593e-01
-4.0000000000e+00 -1.7595349881e-01 5.8732743663e-01
-9.2531137340e-01 1.2662164153e+00 1.4416814870e+00
-8.9061274073e-01 6.3008150976e-01 1.4607298359e+00
3.5617001125e+00 7.8635169258e-01 2.2076889542e-01
2.6320837538e+00 -2.2320519321e+00 -5.8421311890e-01
9.2955634128e-01 4.7040596313e-01 2.4710797437e+00
-1.3854748797e+00 2.8110749318e+00 8.9868728675e-02
-3.7041311136e+00 4.9346284144e-01 5.0917233492e-01
2.6019678837e+00 1.7067666426e+00 7.8089144516e-01
2.2106610929e-01 8.2073990979e-01 2.0730267592e+00
2.4285845199e+00 -2.6891342863e+00 -5.1960945431e-01
1.5389114494e+00 -2.8563723965e+00 -8.4990489370e-01
3.7509314704e+00 -5.3407523083e-01 -1.4830395540e-01
-1.2719057448e+00 -1.3716417304e+00 1.0149508773e+00
3.4700397362e+00 -6.0233157174e-01 -3.6090016811e-01
-1.9012900383e+00 1.2243177783e+00 1.1049756695e+00
-1.3825662009e+00 1.9803511341e+00 9.1709445478e-01
-1.3085020522e+00 1.1654645488e+00 1.5321871904e+00
9.2664019874e-01 2.1562698785e+00 3.8969869670e-01
1.0741208241e+00 -1.6262153976e+00 -6.8339880631e-01
4.0000000000e+00 3.8092468374e-01 3.6286232028e-01
2.1662989956e+00 -9.1333538318e-01 -8.5562082054e-01
-3.2114346135e+00 1.9983224048e+00 -1.4328116394e-01
2.2163217636e+00 2.8406066345e+00 8.5526367227e-01
8.3030772596e-02 -3.4218823542e-01 1.7017734376e+00
9.1157843912e-01 -2.8853605618e+00 -6.1022190816e-01
1.5105130157e+00 6.7925966322e-01 2.0178678384e+00
-5.8210819963e-01 -1.0195771656e+00 1.2263784999e+00
1.5486099894e+00 -2.4719420103e+00 -1.1168176410e+00
1.0830871287e+00 2.2813536099e+00 3.3001336327e-01
2.6706280092e+00 -1.9255436965e+00 -7.4131041869e-01
-1.0150080990e+00 1.8333055408e+00 1.0446573514e+00
3.9165763275e+00 -1.0703062266e+00 -9.3014087734e-02
1.9796909782e+00 2.2886234134e+00 9.4166841737e-01
1.0720268208e+00 1.8689592640e+00 8.2021319876e-01
-2.8364572587e+00 -3.1510087979e+00 4.8732029932e-02
1.6242094842e+00 5.4053168458e-02 1.3247877736e+00
3.9651946681e-01 -3.3290664596e+00 -1.0155423483e-01
9.0250250510e-01 3.4651701841e+00 3.0956246712e-03
-4.0000000000e+00 -9.4784387885e-01 3.1592182004e-01
2.3375032129e-01 2.3964261852e+00 -5.9517881652e-02
2.0808391598e-01 -6.8868869309e-01 1.3072456390e+00
2.6152285927e-01 2.1069662942e+00 3.2242234124e-01
7.5160163121e-01 3.3528696802e+00 -1.3273615062e-01
1.5253418499e+00 -2.7178188410e+00 -9.5347700057e-01
-2.2181114299e+00 2.2591623442e-01 7.8125850434e-01
-2.7022015094e+00 2.8166574116e+00 1.4531230888e-02
-1.6508665404e+00 -2.8043468664e+00 2.7406217625e-01
-3.0357388729e+00 4.0000000000e+00 -7.7817037168e-02
3.9205599924e+00 1.3530420487e+00 2.1498169578e-01
-2.5246808096e+00 -1.6148246909e+00 9.4869530502e-02
-4.0091764171e-01 -2.5513841250e+00 4.8112367643e-01
-4.0000000000e+00 2.9198483470e+00 -3.1188030375e-01
-2.8351992200e+00 -7.1019043802e-01 3.7200680516e-01
3.1786601860e+00 2.0258841628e+00 5.7935116744e-01
-3.4026538766e+00 2.1179155230e-01 5.6390847107e-01
-2.3382381532e+00 4.3847967395e-02 7.6548488251e-01
4.0000000000e+00 -1.3710708102e+00 -7.0407603154e-02
4.0329141292e-02 2.6637723504e+00 -3.1858730167e-01
-3.6973646472e+00 -1.3434263199e+00 2.4108715205e-01
4.0000000000e+00 1.5974856696e+00 1.6678422871e-01
2.4154445435e+00 1.0801150109e+00 7.6653281749e-01
-1.8663677281e+00 2.7998276965e+00 1.9558758827e-01
-4.0041667550e-01 -2.1290999407e+00 7.9022652282e-01
-3.9085199332e+00 1.6813757581e+00 -1.4440643997e-01
-5.8438151582e-01 -5.4835051122e-01 1.3710362937e+00
3.4720290327e+00 2.3861683815e+00 3.8884331149e-01
3.4041246596e+00 -1.3174228125e-01 -2.2625270064e-01
3.7705616768e+00 -2.6400869476e+00 -2.4053729184e-02
-2.1545585898e+00 -3.3036335578e+00 1.9472014471e-01
1.4133246813e+00 4.4366456563e-01 2.0663254185e+00
2.9706904483e+00 4.2871256814e-01 5.4701429508e-02
1.2303227695e+00 3.3910771434e+00 2.0330213130e-01
2.8640843393e+00 -1.1683139290e+00 -7.7045522221e-01
3.4203789382e+00 2.3900467195e+00 4.2307450816e-01
-3.0145772507e+00 4.0000000000e+00 -7.9732045388e-02
-2.1602452982e+00 -1.6867706290e+00 2.3212722520e-01
-3.3000986726e+00 -1.1218181732e+00 2.5227568293e-01
4.0000000000e+00 6.3291472228e-01 3.2796267717e-01
-6.4399116850e-01 -1.6059654415e+00 1.1256599434e+00
-1.9693588304e+00 -6.5033285664e-02 1.0596877806e+00
-6.4462987323e-01 6.3055101560e-01 1.5403122916e+00
-1.9650792051e+00 -2.3150446378e+00 1.7437120970e-01
3.9411861015e+00 1.1610257724e+00 2.3286658653e-01
-1.0518920754e+00 -1.3875170644e+00 1.1078648098e+00
1.1602249642e+00 1.4586806099e+00 1.4033838614e+00
2.8090889758e-01 -2.6175920272e+00 -5.7138186110e-02
-3.7470423800e+00 -3.6546919093e+00 9.9180930458e-02
-2.2872511983e+00 4.0115077981e-01 6.3377770596e-01
-1.0921700150e-01 -1.6017979846e+00 9.5190555825e-01
1.1176978923e+00 -9.5128521070e-01 1.1678174673e-01
-1.9380889449e+00 -2.3811526729e+00 1.8023827001e-01
-6.4296937454e-01 -6.9404975795e-01 1.2853853436e+00
-1.2047342158e+00 -3.0565753306e+00 3.7819511554e-01
-3.6563661905e+00 -2.4696860338e+00 5.5789166476e-02
2.7526531662e+00 -2.9274468923e+00 -2.5019196339e-01
1.3693765146e+00 -2.9595208998e+00 -7.5519390056e-01
3.5655759688e+00 1.4750246826e+00 2.8466741146e-01
2.2832287863e+00 -3.5909174891e+00 -3.1686436289e-01
6.7966033740e-01 -1.9156023214e+00 -2.1598029748e-01
2.5376542467e+00 4.0000000000e+00 1.8427056221e-01
-1.3903678596e+00 -1.7632612303e+00 7.9308109994e-01
1.8654862368e-01 -5.1416373321e-01 1.4975832419e+00
-3.2749684850e+00 1.4876977335e+00 -8.1157416990e-02
-2.1383944815e+00 9.4114218196e-01 7.4085667742e-01
5.9281149470e-01 1.3592115036e+00 1.4843958681e+00
-2.7795027961e+00 7.1553314727e-02 5.5324882445e-01
5.0128816846e-01 -4.0000000000e+00 1.1578028132e-01
-2.6422709369e+00 8.0511490284e-01 1.5253800582e-01
2.6555728526e-01 -1.8174035671e+00 4.5564232337e-01
-2.7278231765e+00 1.1675301256e+00 2.6760068876e-02
-3.4609746870e+00 -4.0000000000e+00 1.1526072327e-01
-5.0534847865e-01 -8.1580881258e-01 1.2556181976e+00
2.6241282154e+00 1.3071225664e+00 5.8915504220e-01
-2.1387217438e+00 -2.4938054578e+00 1.2255622790e-01
-2.8071317069e+00 3.2188595092e+00 -5.7031790950e-02
-1.5643934965e+00 -2.2584577597e+00 4.0269529728e-01
-5.1373441431e-01 -2.6439116116e+00 4.6460456761e-01
1.0531962632e+00 -3.8654597278e-01 1.2897325015e+00
2.0966281820e+00 -3.7658672199e+00 -3.0997472550e-01
1.0139447205e+00 1.2682909720e-03 1.9300074938e+00
1.8916547364e+00 -1.8383614576e+00 -1.4602773681e+00
2.1326020479e+00 -2.4853372369e+00 -8.9850158156e-01
2.4956436755e+00 -3.3216922810e+00 -3.0661224412e-01
2.6781403895e+00 2.9927352609e-01 6.8384078704e-02
-2.1812780945e+00 1.7120124253e+00 5.2484072555e-01
-1.3476608327e+00 -1.7308808362e+00 8.3872865236e-01
-3.1686861965e+00 1.6860032395e-01 5.3406362058e-01
1.6374055767e-01 -1.2061597709e+00 9.5389672772e-01
1.8526337661e+00 3.7526936586e-01 1.3592685479e+00
-2.9483382626e+00 -2.0793688056e+00 9.7124578140e-02
-2.9459662016e+00 1.6044350518e+00 -9.4078366865e-02
-2.9689640383e+00 3.1916926092e+00 -1.2056300368e-01
3.1221964551e+00 -4.0503344180e-01 -5.0995038112e-01
-3.6015482175e+00 -1.5501741755e-01 6.1130476392e-01
3.4655410868e+00 1.0759489654e+00 2.2226403154e-01
2.0842989839e-01 5.4157254310e-01 2.2832106758e+00
-6.9136100425e-01 8.1594262142e-01 1.4816393066e+00
4.0000000000e+00 -7.0894917830e-02 2.9536777583e-01
-5.3756035078e-01 3.1864510483e+00 -3.7852198865e-01
-3.4010726758e+00 -3.0757106596e+00 2.2842497826e-02
-2.2202411318e-01 -2.3081614361e+00 5.6259781905e-01
-3.1182258805e+00 2.0008530144e-01 5.0650176900e-01
-1.7374835357e+00 -1.6772567639e+00 5.5453135031e-01
-3.6302368837e-01 1.4022021845e-01 1.9038363860e+00
1.4160364545e+00 3.0684217496e+00 3.0126060928e-01
-2.2817860596e+00 7.5767282331e-01 5.3637261040e-01
1.1322641065e+00 2.0584352228e+00 5.9617510965e-01
-7.3640628539e-01 -1.7564892661e+00 1.0692518086e+00
-2.5402133203e+00 1.2173456001e+00 1.7334924311e-01
6.1211603806e-01 9.5075380589e-01 2.1174247579e+00
-2.5539864713e+00 -1.4521697551e+00 1.2779238787e-01
3.7655951368e+00 4.7917898951e-01 2.5294447547e-01
-2.7995668446e-01 2.1130845361e+00 3.4652649569e-01
-1.5632403615e+00 5.2290523700e-01 1.2679308130e+00
1.4170088880e+00 -2.7440480220e+00 -9.2104908680e-01
1.9742420408e+00 1.8250279263e+00 1.1198238860e+00
4.0000000000e+00 2.0151614618e+00 8.3613188301e-02
-8.5353662733e-01 -1.9703891105e+00 9.3896581906e-01
-3.2836031412e-01 -8.2944136901e-01 1.2571627260e+00
-9.2865655637e-01 -1.2214235612e+00 1.1719520526e+00
-2.5168912212e+00 2.3665468724e+00 6.5658791088e-02
-2.0618360147e-01 3.2718775874e+00 -4.4004620105e-01
-3.7756761119e+00 -3.1859385242e+00 8.2152048228e-02
2.7325535827e+00 6.3000507199e-02 -2.0734749614e-01
-1.4526727463e+00 1.9678389371e+00 9.3063810960e-01
1.9997559190e+00 2.0564006971e+00 1.0359866672e+00
-2.6673336844e+00 1.1673150321e+00 6.5623994492e-02
3.6192398923e+00 -4.6603026398e-01 -2.2202301844e-01
8.8065005334e-01 -1.6009347665e-01 1.7795313405e+00
1.4679373392e+00 2.5236232365e+00 4.5775381898e-01
2.9096063023e+00 -8.5237456829e-01 -7.1916525734e-01
-3.1631062169e+00 -8.4881414245e-02 5.9818294920e-01
4.8255394005e-01 1.3337544176e+00 1.4961074190e+00
-3.6028430311e+00 -1.0181536391e+00 3.0102917778e-01
2.5706737747e+00 1.9514430508e-01 5.4797777280e-02
7.5079572012e-01 -1.1080755480e+00 3.9228372462e-01
2.3859032559e+00 3.3517517594e+00 6.2378669571e-01
-4.7761933253e-01 2.3066767294e+00 1.3306973055e-01
-3.8203257027e+00 4.0000000000e+00 -1.1471402335e-01
-4.0000000000e+00 3.2714552771e+00 -2.0959482306e-01
4.0000000000e+00 5.0486015224e-01 3.4829429810e-01
-3.1026555274e+00 1.1931832909e+00 -3.6969185667e-02
-1.9140494897e-01 -2.5788185433e+00 3.5745110298e-01
7.3299436721e-01 2.3446021905e+00 1.0730171136e-01
6.8213080469e-01 3.1677257822e-01 2.4417732390e+00
2.0772414709e+00 2.1812365501e+00 1.0126689327e+00
-1.6555974725e+00 -2.2569987208e+00 3.4644428709e-01
9.4723701179e-01 -5.7154576992e-01 1.0635811302e+00
-8.8504871877e-02 -4.7296669493e-02 1.9757804154e+00
-1.0931830439e+00 -2.5420499199e+00 5.0874175744e-01
2.1856395646e+00 -1.3440050539e+00 -1.2789409872e+00
2.8024372614e+00 -1.3791334753e+00 -8.0295887880e-01
-2.5948356782e+00 -2.1646938037e+00 5.3186672746e-02
4.0930582008e-01 1.8055595105e+00 8.0147927386e-01
-1.5312737808e+00 1.0818922107e-02 1.3310537949e+00
-2.5983307015e+00 4.0000000000e+00 -1.1883972128e-01
-3.0703603739e+00 -7.1327064326e-01 3.5052885376e-01
-2.3630266528e+00 -2.3398353903e-02 7.6919992965e-01
-3.5324588227e+00 2.1818538371e-01 5.9029162783e-01
-1.8457503133e-01 2.4741603133e+00 -1.3157717947e-01
3.1847610516e+00 -8.8501552139e-01 -5.4640204506e-01
-3.6997814835e+00 3.5338513367e+00 -1.8406842131e-01
-1.5319470965e-01 -2.5959779960e+00 3.2316378563e-01
4.0000000000e+00 1.9006306462e+00 1.0918120773e-01
1.0436830809e-02 -1.9111746237e+00 6.7574982465e-01
2.8238785609e+00 -3.2023901565e+00 -2.2712070922e-01
-5.8328641960e-01 -1.4178680363e+00 1.1703370496e+00
-2.2239835511e+00 1.2090835094e+00 6.0989015438e-01
-1.7102397561e+00 -2.5935348806e+00 2.5535446247e-01
8.1587043380e-01 2.3155351930e+00 1.6805412430e-01
4.2802473418e-02 1.4606595699e+00 1.2165507509e+00
4.1780049919e-01 -2.8396710141e+00 -2.2908966732e-01
-3.4033960824e+00 -3.8271679695e-01 5.1274664195e-01
-1.7075817873e+00 4.4072270284e-01 1.1709905780e+00
-1.8911441397e+00 4.3410429049e-01 1.0144630307e+00
3.4360360659e+00 1.0191716380e+00 2.1743054446e-01
1.7169861643e+00 -8.8659341750e-01 -5.0995980912e-01
-5.9203177387e-02 -1.5946665669e+00 9.2039702952e-01
4.6028833527e-01 1.9111148073e+00 6.4332755342e-01
-3.8839853132e+00 -5.6453386926e-03 6.4507515536e-01
3.4772362853e-02 2.4741620084e-01 2.1765794441e+00
1.2174541081e+00 -1.3468849832e+00 -6.5163087115e-01
-8.0102008439e-01 1.7690646752e+00 1.0253933113e+00
-2.9682645773e+00 -6.7496351553e-01 3.7155752265e-01
-3.2148960530e+00 -4.0000000000e+00 1.0393951450e-01
-1.8110103954e+00 1.8991835480e+00 8.2801188829e-01
-1.3852773427e+00 -7.9399301286e-02 1.3989260719e+00
2.5586005643e+00 2.6560964661e+00 8.9199352945e-01
1.9151540095e-01 1.9406858328e+00 5.7641915029e-01
-3.8181550291e+00 1.2097724149e+00 9.8109651590e-02
1.7157049024e+00 3.0534662751e+00 5.4280274991e-01
-2.1463752194e+00 1.8534184015e-01 8.5863803652e-01
3.1081908807e+00 6.5939913767e-01 1.6789389218e-01
-2.0980612075e+00 1.5859362554e+00 7.0342180989e-01
2.0778674695e+00 2.2228095076e+00 1.0004663549e+00
-1.5333926861e+00 -2.2493056336e+00 4.2642025971e-01
1.0611119078e+00 -3.7337167463e+00 -1.7028948703e-01
-1.7978143474e+00 -1.4733413091e-01 1.1801607339e+00
-3.9143794863e-01 -1.8735395024e-01 1.7418741930e+00
-8.9801027100e-01 -4.0448408923e-01 1.4277094500e+00
9.2677828877e-01 -5.7734025023e-01 1.0718858691e+00
1.7613070952e+00 -2.5987455305e+00 -1.0146371146e+00
-1.2923604905e+00 -2.1171522781e+00 6.5666319544e-01
-1.8709489305e-02 3.0350261418e+00 -4.7602902715e-01
2.9614998949e-01 -3.9589875973e+00 1.5610080669e-01
1.4281647237e+00 1.8436438067e+00 9.9123721741e-01
-4.5452376093e-01 -1.4183604298e+00 1.1557160730e+00
8.0991175458e-01 7.8463217214e-01 2.3661193174e+00
1.1813578189e+00 5.1208441272e-01 2.3328160021e+00
3.3650501446e+00 1.7198377418e+00 4.1047313624e-01
-7.1795793548e-01 1.1320007840e+00 1.4226493884e+00
1.9599905112e+00 -2.5549195516e+00 -9.6083747686e-01
1.3987181323e+00 -1.6193301179e+00 -1.1537282371e+00
2.3093619617e-01 -1.7499016921e+00 5.4409308164e-01
-2.2827179139e+00 -6.0019553850e-02 8.3246347355e-01
-2.3973115962e+00 -2.3187463672e+00 6.3825281289e-02
1.6616373730e+00 -2.7911828990e+00 -8.8993516707e-01
-3.0446212408e+00 1.3043939737e+00 -6.3347837727e-02
-3.9625514030e+00 -1.7218911498e+00 1.2385583825e-01
-3.5970361205e+00 -1.8895518650e+00 1.4719142139e-01
-1.7660577968e+00 -6.8153650859e-01 1.0541481324e+00
-2.3591643068e+00 -9.2558361376e-01 4.6768631944e-01
-2.8424487397e+00 2.3541324570e-01 4.5172812114e-01
-2.8555842872e-01 6.4236241450e-01 1.7737439514e+00
3.7670525120e+00 7.5726526277e-01 2.5722310897e-01
-3.6118622738e+00 4.0000000000e+00 -8.3331127383e-02
8.2545782413e-01 -1.5681693336e+00 -2.1877969237e-01
6.9336164867e-01 3.2166265103e+00 -2.1899941854e-01
-2.6774858823e+00 -7.1579060171e-01 4.1731640360e-01
3.3357736857e-01 -1.2541439792e+00 7.6660013607e-01
-4.0000000000e+00 -3.8137094557e+00 1.0006636946e-01
-2.1709714268e+00 2.4599900511e+00 2.0776007375e-01
-1.0639793804e+00 -6.4435095105e-01 1.2790536723e+00
7.4822244403e-01 4.4147695940e-01 2.5057677490e+00
-1.6811408771e+00 -1.5728202965e-01 1.2502073510e+00
1.0147700408e+00 -3.7103865286e+00 -1.6931564869e-01
-1.9639788729e+00 -3.1171834088e+00 2.3862352674e-01
1.4585351770e-01 -1.4204218165e+00 8.4198531390e-01
3.7857303113e+00 -1.7392335443e+00 -7.0758351617e-02
-3.3654389998e-01 -1.8277771439e+00 9.6540289192e-01
-2.5503258370e+00 2.9887990425e+00 7.0554758158e-02
-3.9544749352e-01 2.8696048670e-01 1.8567341463e+00
-1.3853063089e+00 2.5773294613e-01 1.3690622714e+00
-2.5182768244e-01 2.1198445515e+00 3.3114058985e-01
-2.6577376206e+00 -1.6984015116e+00 6.9843505160e-02
-2.3532927929e+00 -3.0919485831e+00 1.5157182787e-01
-1.2950124743e+00 -9.7250828474e-01 1.1233652072e+00
-5.8374353610e-01 8.0111611355e-01 1.5138911464e+00
9.4916431548e-01 8.8066676159e-01 2.2397889844e+00
1.1918672717e+00 3.1653880834e+00 1.2635181003e-01
-2.3133775822e+00 5.6691495006e-01 5.3588241118e-01
3.8902493050e+00 -1.0609483727e+00 -1.0417826813e-01
-3.9495978463e+00 -2.4168034282e+00 2.7339431271e-02
-5.5950593864e-02 -4.0000000000e+00 2.4419138933e-01
4.1014245610e-01 -3.2418172228e-01 1.7242749667e+00
-2.4268314180e+00 -4.0000000000e+00 9.5604730784e-03
3.9611385761e+00 9.2306328741e-02 3.1511960704e-01
-2.3163806373e+00 -1.8041934895e+00 1.1683330557e-01
1.2413495342e+00 3.1553473641e+00 1.6523659943e-01
1.4282966752e+00 2.4733795615e+00 4.4853698808e-01
-2.5724744402e+00 -2.5218586682e-01 6.5928666666e-01
-3.6755200387e+00 -1.5874038084e+00 1.9553006138e-01
-2.2382435497e+00 -1.1930320440e+00 3.8913491980e-01
9.8502689245e-01 1.4503931819e+00 1.4004144965e+00
-3.1430829349e+00 2.6556958131e+00 -1.5831770732e-01
3.8220461567e+00 -2.1223980089e+00 -4.6509409134e-02
-1.2934006502e+00 4.0000000000e+00 -2.7529729660e-02
2.4077541325e+00 -4.0000000000e+00 -2.9361949373e-01
-1.9615255015e+00 -4.0000000000e+00 7.6028134659e-02
-1.9875860543e+00 -3.5239955561e+00 2.1004189062e-01
3.7966658777e+00 5.6219064681e-01 2.6951301390e-01
-1.4077368287e+00 -9.3459350914e-01 1.0953548930e+00
7.1138349990e-01 -6.8970082141e-01 1.0637488721e+00
-6.3641358292e-01 -1.6420419669e+00 1.1139876299e+00
2.6306329786e+00 -3.2880343089e+00 -2.7583625867e-01
1.5381295754e+00 -7.3711927036e-01 2.8013492841e-02
-1.7972979691e+00 3.2154120921e+00 1.5757069955e-01
-3.0070453620e+00 3.9323558719e+00 -8.9362379794e-02
2.4812604708e+00 -2.5115779793e-01 -2.9992096117e-01
4.0000000000e+00 -2.0355235187e+00 -8.3288610581e-02
4.8031439965e-01 3.2507533845e+00 -3.2122097413e-01
2.0324082729e+00 -2.6457782635e+00 -8.4679375070e-01
-2.4884663811e+00 9.6284510116e-01 2.6033554490e-01
3.5313097408e+00 3.0523083198e+00 2.1669536258e-01
-3.9888515362e+00 3.2540926907e-01 6.5732191595e-01
-7.3388313174e-01 -3.1779510841e+00 3.6434952474e-01
-2.1806003301e+00 1.1342035831e+00 6.8386935101e-01
-4.0000000000e+00 2.2215948060e+00 -3.5997764711e-01
-1.2942502242e+00 -3.3573290615e+00 3.6533785988e-01
2.3144820249e+00 3.4574398120e-01 5.5288581152e-01
2.7133023130e+00 -2.7534694715e+00 -2.9334602093e-01
-4.0000000000e+00 -2.4936173709e+00 2.6279743746e-02
5.4012878296e-01 -2.0531210984e+00 -8.3365355843e-02
1.9284209011e+00 -1.1371146239e+00 -1.0899968397e+00
-3.3679998196e-01 6.0928316513e-01 1.7488285256e+00
-1.5172998801e+00 -2.0258654986e+00 5.5367023606e-01
-5.1623880428e-03 -6.4457739037e-01 1.3630682695e+00
-7.0577390975e-01 1.1787088913e+00 1.4059263935e+00
-4.6914373030e-01 -1.7468748582e+00 1.0507530896e+00
-2.8053673296e+00 -5.7086388111e-01 4.4977557922e-01
-1.0792189956e+00 1.3593767946e+00 1.4606149424e+00
-1.5982332916e-01 -2.5016112277e+00 3.8469324193e-01
-7.2708993538e-02 1.9385943347e-01 2.0969731656e+00
-2.5411858739e+00 -3.2500203658e+00 9.9268781014e-02
-2.4897194790e+00 4.8008537969e-01 4.0958593577e-01
8.0542288747e-03 5.6360376887e-02 2.0865118515e+00
1.8086433996e-01 -2.8633270856e+00 -2.7670772934e-02
-5.6109005468e-01 2.1591558087e+00 3.6082049407e-01
-1.0273087466e+00 -2.9518668688e+00 3.9883004164e-01
1.5130960856e+00 9.6352916586e-01 1.8775607420e+00
2.8240732079e+00 -2.3453006631e+00 -3.3642094670e-01
3.4896123846e+00 -1.6551354405e+00 -1.5506408908e-01
2.5627354542e+00 3.3381154494e+00 5.7309559343e-01
-2.7825797207e+00 -3.7230004641e+00 3.0899007264e-02
3.5601078723e+00 -1.8415011447e-01 -1.4094418204e-01
2.1442271671e+00 8.6827272191e-01 1.1255770546e+00
4.0537825056e-01 3.6770891255e+00 -1.3379389350e-01
-2.6695801601e+00 -7.6591329737e-01 3.9243375575e-01
-1.2421863615e-02 1.2885325274e+00 1.3953938759e+00
-2.1247242141e-01 3.3389315496e-01 1.9851833222e+00
-2.9727778648e-01 -1.3837375385e-01 1.8198179559e+00
-3.3425313024e+00 2.5502337778e+00 -2.1736045266e-01
-4.0000000000e+00 9.5513810590e-01 3.2064368471e-01
2.7464601681e+00 4.0000000000e+00 1.8166829890e-01
2.4575745360e+00 -1.0054596877e+00 -9.7114539072e-01
1.0751034206e+00 1.3797925852e+00 1.5088836173e+00
-3.6216841982e+00 6.9137446636e-01 3.5578913920e-01
-3.7635649685e+00 -1.5906275867e+00 1.8751742021e-01
-1.0141489324e-01 3.4098313024e-01 2.0749005263e+00
-2.2127098432e+00 7.3080368672e-01 6.2720277541e-01
6.5185959131e-01 2.2676258488e+00 1.6737405452e-01
-3.2415155570e+00 1.9364317717e+00 -1.4241188140e-01
-2.1378918693e+00 -1.3951495777e+00 3.6163524838e-01
5.6082078006e-02 2.6894779013e+00 -3.3657358808e-01
-2.9583248972e-02 1.4348914969e+00 1.2323277330e+00
-1.6189734111e+00 -1.8895231114e+00 5.4958171522e-01
-5.2338519323e-01 -1.4936654575e+00 1.1476668164e+00
2.7666885320e+00 3.1363510366e+00 5.8778210972e-01
-1.7717300189e+00 -2.2152613628e+00 2.9121062983e-01
1.2265597001e-01 2.4544321029e-02 2.1074745094e+00
8.1939050823e-01 8.0687851991e-01 2.3413164694e+00
3.2614198850e+00 4.0488528155e-01 5.2398712603e-02
-1.2497642092e-01 2.1986741861e+00 1.9867034155e-01
3.1700791246e+00 -7.6651441777e-01 -5.5971267205e-01
-1.3412233783e+00 1.0382180002e+00 1.5118864670e+00
-4.0000000000e+00 1.3210615564e-01 6.6387444256e-01
3.2063204082e+00 -8.1917497620e-01 -5.3643843450e-01
-7.3765078830e-01 4.2470240872e-01 1.5797399527e+00
4.0000000000e+00 -1.5244961445e+00 -7.3942548810e-02
9.8456368137e-01 -3.4627289090e+00 -2.9832117453e-01
-2.8735091488e+00 6.1931724379e-01 1.6265864401e-01
-1.2337519006e+00 -3.2234978680e+00 3.7522704805e-01
-1.1868971152e+00 -3.4197700865e-02 1.4848541464e+00
-1.6556888734e+00 2.4428728113e-01 1.2302642848e+00
-3.7125606144e+00 -1.9133639140e+00 1.2952770045e-01
-2.1594584340e+00 -1.9991118511e-01 9.3094654824e-01
-3.6197382638e+00 2.0414731661e+00 -2.1968372446e-01
1.3026578518e+00 2.7429418819e+00 2.2574744601e-01
3.1988856962e+00 -1.3479961623e-01 -3.4588133187e-01
-4.7214133920e-01 1.3487197730e+00 1.2789200646e+00
2.1300262297e+00 2.2947092841e+00 9.9428252030e-01
2.6817544815e+00 -2.5595658901e+00 -3.7087439843e-01
-2.7406687179e+00 1.1212794415e+00 2.6957177844e-02
3.6711225276e+00 1.6803886414e+00 2.8818673638e-01
8.4015779202e-01 8.2141346672e-01 2.3238494921e+00
-3.3217029915e-01 3.2810969869e+00 -4.1631404327e-01
4.0000000000e+00 2.2719008125e+00 4.1491660812e-02
-1.1695492494e+00 3.6441610747e+00 -4.0212618623e-02
3.4873741036e+00 -3.7347466254e+00 -6.0913001958e-02
-1.4070335126e+00 2.2712456562e+00 5.1859277909e-01
-4.0000000000e+00 -2.2610376927e+00 1.9058287074e-02
3.9849184337e-01 -2.8317973876e-01 1.7808702467e+00
1.2115982621e+00 -2.0912033132e+00 -1.0294046372e+00
-2.3353985529e+00 8.2031799581e-01 4.6228162025e-01
7.1193316028e-01 -1.5823742425e+00 -3.9528421466e-02
3.6855125444e-01 2.8823654852e+00 -3.8052020538e-01
1.2940867379e+00 -1.6136944370e+00 -1.0124359644e+00
-2.5762123753e+00 2.1188072856e+00 3.3416104842e-02
-2.2742372216e+00 2.9091657077e+00 1.5027946140e-01
2.1886947987e+00 3.0213748782e+00 7.8555319617e-01
2.3388514584e-01 -1.8607514832e+00 4.6584830562e-01
5.4728350834e-01 -9.4732814891e-01 8.4275338452e-01
5.8759540592e-01 -6.3942721175e-01 1.2254859203e+00
-1.0827399333e+00 -8.8520657790e-01 1.2015113476e+00
5.7452819856e-01 -4.1030488295e-03 2.1181130364e+00
1.3542007790e+00 -1.9124924256e+00 -1.1940601118e+00
2.7809019620e+00 -1.4936383259e+00 -7.9963571653e-01
1.5498964003e-01 -5.6630210422e-01 1.4387455235e+00
2.9882331148e+00 -4.0000000000e+00 -1.4515766632e-01
2.9264567279e-01 4.4738574215e-01 2.3680757853e+00
-8.1714347596e-01 2.1782607218e+00 4.4338640285e-01
-1.8111285687e+00 -1.0570315862e+00 7.9291846655e-01
2.5412246603e-01 1.4418881702e+00 1.2865843182e+00
-1.4712209350e-01 -2.0435155641e+00 7.1349005710e-01
1.5704034232e+00 -3.3050402639e+00 -4.9645613478e-01
-4.0000000000e+00 2.8699359507e+00 -3.2393180324e-01
-2.8056466764e+00 -1.4012492820e+00 1.2333335758e-01
-2.2876075152e+00 2.4786626429e+00 1.5899753884e-01
1.3095691006e-01 -3.1012038557e+00 8.3626542322e-03
2.2742348040e+00 -2.2910473090e-01 -4.3465775931e-02
3.0854889190e+00 -3.7737969149e+00 -1.4766339002e-01
-8.4777395953e-01 -5.3863876447e-01 1.3497089789e+00
-2.7458274717e+00 -2.5875726295e+00 9.2167535003e-02
2.4061488758e-01 -1.0458050366e+00 1.0040334448e+00
-6.3037538248e-01 -4.8940315244e-01 1.4093342357e+00
-2.6476565212e+00 3.0426605533e+00 2.9429739161e-02
-3.6412558875e-01 -2.6995067379e+00 3.8282908055e-01
-5.2162853641e-01 -1.4389024454e+00 1.1606228897e+00
1.0776587064e+00 -1.5045847831e+00 -5.8986858581e-01
-1.4759880321e+00 -3.1161138189e+00 3.3921154769e-01
-1.7799206253e+00 -1.1232746924e+00 7.7905647064e-01
3.6044023391e+00 -2.9239340327e+00 -3.8300713847e-02
1.8479934976e+00 -9.7259176478e-01 -7.9166133324e-01
2.9199195621e+00 1.5472773804e+00 4.9561907052e-01
2.9136378150e+00 -1.8789247600e-01 -4.5322327631e-01
2.1975422936e-01 -1.2651628239e+00 8.6991792971e-01
-1.8167742245e+00 9.2598684799e-01 1.1759966395e+00
-2.7319351716e+00 -1.1692123406e+00 1.8562188350e-01
-1.9497806975e+00 -2.5985936294e-01 1.0744901121e+00
1.6245289507e+00 6.1526701852e-01 1.8698766662e+00
-2.4124887885e+00 1.2138447985e+00 3.2948379670e-01
-2.7162432523e+00 1.5628037727e+00 -1.5888079017e-02
-2.7628615993e+00 -3.0972875098e+00 6.6822961909e-02
3.7707981780e+00 2.9493046189e+00 1.3027738444e-01
5.5793926049e-01 -3.8500922491e-01 1.6040083904e+00
9.2395419870e-01 -1.6008641166e+00 -4.1303529888e-01
2.4361918466e+00 2.8989849822e+00 8.3839280191e-01
-2.7042777307e+00 -1.9085411206e+00 5.8770486984e-02
-2.8736611679e+00 -5.5447600289e-01 4.4297383951e-01
1.4726930104e+00 -4.3615262933e-01 7.3760584016e-01
1.4010521507e+00 6.2299522485e-01 2.1425285347e+00
2.5871598704e+00 8.3688638420e-01 5.0587771135e-01
2.1093503331e+00 -2.6843345561e+00 -7.6701431576e-01
-5.5324968786e-01 -3.3955870537e+00 3.2017086952e-01
-3.6203587231e+00 2.5540519785e+00 -2.9281399075e-01
3.4945870418e-01 -4.0000000000e+00 1.5559129381e-01
-2.4881792184e+00 1.3610766854e+00 2.1064850019e-01
4.2009207608e-01 2.0653234799e+00 3.9936076461e-01
1.7272334173e+00 2.7828338325e+00 5.9466660415e-01
-1.3648560679e-01 2.8468874488e+00 -4.1819842684e-01
-3.1314099207e+00 9.2026123012e-01 5.0928321491e-02
1.9046722013e+00 3.3373707506e+00 5.9967403852e-01
2.9586642121e+00 2.4629380213e+00 7.1745246170e-01
-3.7422893180e+00 -2.5530440299e+00 4.4812947006e-02
-2.3669745939e+00 1.8922225618e+00 2.2442329499e-01
-2.5961321145e+00 1.6010389429e+00 6.4024293642e-02
2.5067342254e+00 -6.2767739476e-01 -6.4282963372e-01
1.5671662154e+00 4.4624362352e-01 1.8683487862e+00
1.0400658452e+00 -1.9491942960e+00 -7.8974257093e-01
1.4444038746e+00 4.6222591262e-01 2.0409583582e+00
3.4526092849e+00 1.6741305253e+00 3.6580442505e-01
2.3545901726e+00 -2.9485940506e+00 -4.5011292479e-01
-2.1442795231e+00 -2.1836898732e-01 9.4125255210e-01
1.2863099886e-01 -9.1112082867e-01 1.1550570970e+00
1.0723967641e+00 2.0721175901e+00 5.5212539497e-01
4.0000000000e+00 -2.5699871061e-01 1.9667971549e-01
1.5742345345e+00 -1.8938082100e+00 -1.3846111986e+00
1.5872339003e+00 9.9725878550e-01 1.7906599995e+00
-4.0000000000e+00 1.9532274032e+00 -2.8327671843e-01
1.0171524652e+00 -8.1052978957e-01 5.3028602886e-01
-1.6052591314e+00 -5.3244759743e-01 1.2035457994e+00
3.4990326231e+00 -9.3174666202e-01 -3.3086478690e-01
2.6178908038e+00 -2.5254219036e+00 -4.3812974968e-01
-2.7936221903e+00 -1.3757300572e+00 1.2772535811e-01
-2.7028341517e+00 6.8950312978e-01 1.6231075230e-01
3.5774694582e+00 1.4482643738e+00 2.7671499081e-01
-3.0710984540e+00 -1.5026293438e+00 1.5294137062e-01
1.9938755274e+00 1.5533976006e+00 1.2001652475e+00
2.9105229484e+00 4.0000000000e+00 1.8325376956e-01
-1.4684660519e+00 1.4801836180e+00 1.4261748655e+00
-4.0000000000e+00 -7.4927185207e-01 3.6601969952e-01
-1.5698678359e+00 1.0339711573e+00 1.4340822878e+00
-1.6537464234e+00 -9.0095888127e-01 9.9087203375e-01
-1.2988923381e+00 1.4368505020e+00 1.4700693323e+00
3.5839867613e-01 1.7516249594e+00 8.7650169558e-01
-2.3286870726e+00 -2.3989910228e+00 7.8714066317e-02
-1.3526009710e+00 -2.6681783457e+00 3.8180811943e-01
-1.6616401380e+00 -6.3832618655e-02 1.2630424475e+00
-2.7952439983e+00 1.4419389858e+00 -4.1866101001e-02
2.0235796526e+00 -4.0000000000e+00 -2.8889342427e-01
9.2631047986e-01 -1.4219727099e+00 -2.5517390115e-01
1.8049966379e+00 1.8771529801e+00 1.0851847043e+00
3.7128335330e-01 -1.8011840522e+00 3.2563650859e-01
-2.6877774126e-01 1.2077762987e+00 1.3974914156e+00
2.0211709951e-02 2.3992654015e+00 -6.9104933183e-02
2.5309675234e+00 5.1624013048e-01 4.1529066678e-01
1.1622968708e-01 -1.5508617902e+00 7.9440557639e-01
-7.9696391004e-01 -1.8645266584e+00 1.0111584604e+00
-3.3725007849e+00 9.4845115367e-01 1.1049644229e-01
-2.3444781019e+00 3.0596794327e+00 1.3308416141e-01
2.9830641837e-01 -1.6285429643e+00 5.4139348749e-01
6.8647167655e-01 9.3082169111e-01 2.1652752313e+00
2.9447131383e+00 -9.3996918931e-01 -7.0819285407e-01
2.4362734969e+00 2.4725653054e-02 2.0741515514e-02
-3.3611187780e+00 2.1469627382e+00 -1.8381703766e-01
1.9972480358e+00 -2.0102273661e+00 -1.3492565341e+00
-3.3915647400e+00 1.4386896919e+00 -5.8881840549e-02
-7.6538624856e-01 -1.3534398587e+00 1.1772269634e+00
-1.7932002503e+00 6.3240555922e-01 1.1134105360e+00
-2.4272487321e+00 -1.8843798023e+00 6.8732501291e-02
1.3451101741e+00 -2.3967474492e-02 1.5774887124e+00
2.8602631201e+00 -3.3289372283e+00 -2.2154733714e-01
-1.3143148927e+00 -2.9744493392e+00 3.6191524396e-01
-3.6845183212e+00 -1.6240001754e+00 1.8804405388e-01
-1.6169262939e+00 4.0000000000e+00 -4.7478490116e-02
-3.4955779164e+00 2.3451274395e+00 -2.4157815724e-01
-2.5905051108e+00 6.4050928814e-01 2.4879516500e-01
-1.3304873777e+00 2.5643117417e+00 2.1604341291e-01
1.7806945093e+00 2.2231247063e+00 8.6545428009e-01
3.0757511957e+00 2.8167940353e+00 5.4393664415e-01
-4.0000000000e+00 1.8396716108e+00 -2.3422084867e-01
3.4902853768e-01 1.9436497038e+00 5.8139755334e-01
-1.2828851962e+00 -2.1158046725e+00 6.6340565867e-01
1.4658570154e-01 1.6716199784e+00 9.6710482327e-01
-1.4254752018e+00 -3.3529989847e+00 3.4948752783e-01
-1.5579519654e+00 -6.2349939282e-01 1.1844528164e+00
-3.2282011537e+00 3.1238798272e+00 -2.0204028141e-01
-2.7621873145e+00 5.2352746408e-01 2.3897351404e-01
1.5879351707e+00 -1.1030820336e+00 -7.9699985934e-01
1.8251270216e+00 -1.7818054791e+00 -1.4738176834e+00
-2.9718672978e+00 2.7918584543e+00 -9.7469613232e-02
1.9136832243e+00 -2.2551116321e+00 -1.2155195460e+00
-3.5971365593e+00 2.2566165137e+00 -2.5598640220e-01
-2.5996727121e+00 -1.5499280603e+00 9.6576213496e-02
2.0487019984e+00 1.5584382840e+00 1.1685749515e+00
-2.0004447880e+00 -1.1402189918e+00 5.9826456269e-01
9.3527429472e-01 3.0092774138e+00 -9.9774560035e-02
4.6823904224e-01 1.4720114961e+00 1.2943551598e+00
-3.7795171406e+00 1.7832277675e-01 6.4435467504e-01
2.2086454052e+00 2.4305894970e+00 9.7786841349e-01
1.9577391251e-01 1.8860973128e-01 2.2450354172e+00
-2.6244791150e+00 2.7937778094e+00 4.4699662871e-02
3.2079509398e+00 -1.9941753958e+00 -1.8782393389e-01
4.0000000000e+00 -2.5508616497e+00 -4.2789570967e-02
1.1942869079e+00 9.9145254759e-01 2.0315088638e+00
1.0098792211e+00 -1.2760064031e+00 -2.2901244461e-01
-1.7343998413e+00 4.0000000000e+00 -5.9518121794e-02
-6.6532556628e-01 -1.9791916903e+00 9.5001497844e-01
4.0000000000e+00 -2.6445347778e+00 -2.8127554555e-02
-1.9771839407e+00 1.3618691259e+00 9.6897619029e-01
-2.5191291278e-01 -3.1376655317e+00 2.2396974269e-01
-1.2809496329e+00 8.9936870930e-01 1.4739887005e+00
-8.0724444073e-01 -4.3041873613e-01 1.4260899608e+00
1.6217616074e+00 4.8025442324e-01 1.8144524642e+00
-1.9480920599e+00 8.9830163157e-01 1.0034341633e+00
1.9914724097e+00 -1.8666327345e+00 -1.4218653677e+00
2.2960611687e+00 4.0000000000e+00 1.9762517885e-01
-2.5330450338e+00 -1.9834644131e+00 4.8752471523e-02
1.4847529488e+00 -2.7316400842e+00 -9.4031051958e-01
1.5260383330e+00 -2.8971683574e+00 -8.1757049201e-01
1.9183900389e+00 -1.6514645843e-01 5.5311560924e-01
2.2263089757e+00 -2.7440865056e+00 -6.4339555636e-01
1.9870174030e+00 -2.9791398250e+00 -6.2744976563e-01
-2.2205210909e-01 -9.9901162729e-01 1.2082299748e+00
1.3590192885e+00 2.8209709962e+00 2.5995276954e-01
3.0329190840e+00 2.0280337585e+00 6.5699416278e-01
-2.6318408310e+00 2.0036084658e+00 6.0334258135e-03
2.5162402458e+00 1.4189313486e-01 5.4748549684e-02
1.9839459669e+00 -2.5599912160e-02 6.3915052517e-01
-1.7058380865e+00 2.8645880964e+00 1.6678080806e-01
1.3285727835e+00 -1.9183562220e+00 -1.1658294144e+00
3.8756863326e+00 2.1076316981e+00 1.5177278478e-01
-2.3831412438e-01 3.8208213901e+00 -1.4342296364e-01
4.2203025588e-01 8.4166264161e-01 2.1856603716e+00
5.7716170051e-01 -6.3758502244e-02 2.0412059418e+00
-2.3867444954e+00 -1.5924272517e-01 7.7313791865e-01
2.3193399003e+00 1.4000346749e+00 9.4273265610e-01
-1.1983435358e+00 2.1746263930e+00 6.0128735857e-01
-3.4200756320e+00 1.6618002466e+00 -1.1049216469e-01
-3.6298919694e+00 2.8219767491e+00 -2.9498428532e-01
-4.8039634391e-01 -9.6947656801e-02 1.7724628416e+00
-5.9549006685e-02 -2.3609519677e-01 1.8007015022e+00
-2.3443529543e-01 6.5953022892e-01 1.8081804188e+00
8.1241989031e-01 -1.1760182710e+00 2.1394391244e-01
-3.6868860250e+00 1.9742741246e+00 -2.1636412616e-01
1.6652089750e+00 -5.3909964320e-01 2.9676319122e-01
-1.5244988122e+00 -9.2583896570e-01 1.0469682223e+00
2.7012158128e+00 -2.8475625271e+00 -2.8312859962e-01
9.6209367434e-01 2.6788388310e+00 -2.0081681821e-02
-2.9433307498e+00 -3.8628004757e+00 4.8537113342e-02
-2.2880504390e+00 2.2848543830e-01 7.2176699814e-01
-1.2764600176e+00 1.5130637566e-01 1.4338320768e+00
-1.8664683300e+00 -1.7192217451e+00 4.3191200079e-01
6.2236621023e-02 1.9111659007e-01 2.1781026673e+00
-1.1824311145e+00 -6.5241874673e-01 1.2626562320e+00
3.6153172712e-01 9.5709421372e-01 1.9968476288e+00
-2.1670662379e+00 4.0000000000e+00 -1.0837227581e-01
-3.8592181073e-01 -2.1505339208e+00 7.6824325235e-01
-9.5218177362e-02 1.7905646350e+00 8.0072709207e-01
-2.0480844073e+00 3.9296005524e-01 8.7190498567e-01
2.1619993660e+00 8.5215560575e-01 1.0970631424e+00
-3.9244148099e+00 3.4994407968e+00 -1.7751031415e-01
8.2384724660e-01 -9.8876499431e-01 4.6127337773e-01
-3.3253425394e+00 1.9954306166e+00 -1.5921416510e-01
1.1595374473e+00 2.8896192423e+00 7.5500978695e-02
1.7849214289e-01 2.5019694257e+00 -1.7445205926e-01
2.3652300180e+00 -1.1478558797e+00 -1.0968091466e+00
2.9717428140e+00 2.4051347338e+00 7.1690786768e-01
1.4003423805e+00 -9.9290116589e-01 -3.6505233924e-01
4.0000000000e+00 9.9336871018e-01 2.6240705405e-01
-4.0000000000e+00 2.9335098673e+00 -3.0840386155e-01
-2.5639530284e+00 1.5264374067e+00 1.0320121753e-01
3.9916255108e-01 -1.8023086255e+00 2.8559456330e-01
3.4767508257e+00 -1.8701531715e+00 -1.0315532695e-01
-2.9883949201e+00 1.9049476860e+00 -1.1025926954e-01
-3.4648544268e+00 1.0882811580e+00 7.5852213533e-02
-9.0245471824e-02 1.7718258902e+00 8.2579585462e-01
-3.9359206557e+00 3.9657667976e-01 6.2852920690e-01
2.1655439522e+00 -1.0869489655e+00 -1.0758295577e+00
2.2651912190e+00 2.7989271580e+00 8.7913474726e-01
-2.0711174029e+00 -3.7017197028e+00 1.4778517555e-01
-2.5800118209e+00 -8.8792575815e-01 3.6113051141e-01
1.6632264555e+00 -6.7173474702e-01 2.4506985155e-02
1.5297580062e+00 3.2068109138e+00 4.0767563273e-01
-1.1053613117e-01 -2.9129750841e+00 1.7300221882e-01
-3.0560813870e+00 1.4852868854e+00 -9.0514727287e-02
2.4907984588e+00 -2.3945568472e+00 -6.3186395509e-01
1.6217114003e+00 -9.0857269222e-01 -4.5820896288e-01
-2.1413486549e+00 2.1095303880e+00 3.4286767072e-01
-7.4653017586e-01 -3.2660013597e+00 3.6110935121e-01
-2.1635045040e+00 -4.0000000000e+00 3.5420581154e-02
2.3497894089e+00 2.0089721408e+00 1.0210314069e+00
2.6491703885e+00 2.2669987321e+00 9.0817055341e-01
3.0062362392e+00 -2.2853545657e+00 -2.1866571977e-01
2.2353005132e+00 -1.8563248873e+00 -1.2685326791e+00
-6.4689277088e-01 -1.9744711973e+00 9.5246700952e-01
7.4750319918e-01 2.0189286212e+00 5.2097103127e-01
9.9204101331e-02 -2.9156049366e+00 2.9865713767e-02
-4.0000000000e+00 2.6291622218e+00 -3.6611637738e-01
-1.8821331762e+00 -4.0000000000e+00 9.4853171128e-02
2.6803055055e+00 -1.7509246452e-01 -3.8614607029e-01
-2.0726086498e+00 2.6926804680e+00 1.9772877036e-01
-2.7578475071e+00 -5.2125768091e-01 4.8844739812e-01
5.0727599060e-01 -1.7230684202e+00 1.8151559524e-01
3.0956499885e-01 2.9127802087e+00 -4.0583947900e-01
-3.0615457324e+00 -9.9914471391e-01 2.4922106097e-01
-2.4857380340e+00 1.9454430959e+00 1.0523699074e-01
1.7233571846e+00 -1.9415898569e+00 -1.4327351771e+00
2.0287974281e-02 9.7705450237e-01 1.7499742887e+00
1.1337262810e+00 4.0000000000e+00 2.1684852565e-01
-2.6349342986e+00 3.4968911223e+00 -2.6077263731e-02
-2.1005958835e+00 -4.0000000000e+00 4.6666913386e-02
-2.5101669157e-01 1.5983273521e+00 1.0418019939e+00
1.6388656087e+00 6.5985734874e-01 1.8570499618e+00
-2.6310731213e-01 -2.2539697347e+00 6.2858164549e-01
2.4136372623e+00 -2.3712428181e+00 -7.2728519493e-01
3.7176121338e+00 -1.0696264044e+00 -1.8265988812e-01
-3.8993232001e+00 1.9413556437e+00 -2.5274656197e-01
2.1642560581e+00 -1.5766151451e+00 -1.3655084134e+00
-6.8357366890e-02 3.9292555642e+00 -6.3614692443e-02
2.4752807724e+00 8.5705889882e-01 6.4600622763e-01
3.4295996550e+00 1.6254523073e+00 3.5929695096e-01
1.8523817549e+00 -1.3682945094e+00 -1.3138018633e+00
9.4754150007e-01 1.4265270037e+00 1.4321362917e+00
1.4004977620e+00 1.2386192604e+00 1.6654311726e+00
3.5475242457e+00 -1.7252667088e+00 -1.1621299984e-01
-1.7752851469e-01 1.4608670155e+00 1.1848409243e+00
1.1493513082e-01 -2.7601295214e-01 1.7871233722e+00
2.5510740625e+00 -2.2636721322e+00 -6.5302125914e-01
2.8601309852e+00 -1.8751121944e+00 -5.4822951381e-01
1.4986208702e-02 2.9554553160e+00 -4.6154717137e-01
-1.6146182601e+00 2.5141071433e+00 3.0884285775e-01
-4.0000000000e+00 9.8545568561e-01 2.9674875325e-01
-4.0000000000e+00 8.1865869836e-01 4.2582279555e-01
2.7208913643e+00 1.5106751416e+00 5.9623443702e-01
-4.0000000000e+00 -2.3629863459e+00 1.8602751994e-02
-1.7421361898e+00 2.1281865454e+00 6.1676055457e-01
1.4717092822e+00 -3.2005391797e+00 -5.7119229482e-01
-1.6193435905e+00 -1.9996070100e+00 4.9060633068e-01
-1.2844842435e+00 -2.1137933481e+00 6.6368659158e-01
9.8541639309e-01 1.2892136248e+00 1.6382051222e+00
1.5610291712e+00 -1.2112327439e+00 -9.3558222727e-01
4.0000000000e+00 3.5030188991e+00 7.2498181413e-02
-3.1259512105e+00 -2.7653054215e+00 5.5896946370e-02
8.1444670426e-01 1.2947110167e+00 1.6179250991e+00
1.9950390721e+00 2.3527378071e+00 9.2522217284e-01
5.7816383932e-01 -5.5941216201e-01 1.3457866988e+00
1.5626239150e+00 -6.8314905356e-01 1.2067680539e-01
-2.3381448321e+00 1.6913896520e+00 3.2277130521e-01
9.3406222999e-01 -3.2897500890e+00 -3.8639950370e-01
2.6896749541e+00 -1.0787594202e-01 -3.3767227906e-01
9.8506760025e-01 -3.7214931487e+00 -1.5501453665e-01
-1.1318936549e+00 -2.0598242530e+00 7.8398137441e-01
-7.2149022242e-01 -2.1594819340e+00 8.2227731137e-01
-2.8218636878e+00 2.5663471009e+00 -3.7602080563e-02
2.3848587549e+00 -3.4815923738e+00 -3.1337335760e-01
1.4371042593e+00 3.6160088297e+00 3.2825448026e-01
-1.7846314234e+00 6.4231470401e-01 1.1237514470e+00
2.0624927390e+00 1.3137755028e+00 1.1987844679e+00
-1.0404221763e+00 1.1843320231e-01 1.5423853254e+00
-6.2491863793e-01 3.1498800975e+00 -3.4806130547e-01
2.7454686055e+00 4.0000000000e+00 1.8166558109e-01
-2.6277743550e+00 7.8435655915e-01 1.6862923204e-01
-2.2339517564e+00 -5.4599551982e-01 7.9791744721e-01
2.4183916825e+00 3.1022083452e+00 7.5096815747e-01
6.2935367312e-01 1.4442409106e-01 2.2857767109e+00
2.1229437883e+00 1.2054967771e-01 5.9917512377e-01
-1.5275663872e+00 3.9931828099e-01 1.2856329595e+00
2.0333954974e+00 -1.1373004134e+00 -1.1182246582e+00
-2.4978000721e+00 -5.7989856214e-01 5.9041751149e-01
1.0411273791e+00 1.8265069606e+00 8.7055236414e-01
-7.6394355042e-01 1.9908865102e+00 6.9944794494e-01
-8.1786277774e-01 2.9355488750e+00 -2.3174660736e-01
-5.9466973192e-01 1.2063689780e+00 1.3758735112e+00
2.8070640949e+00 -3.2242171647e-01 -5.2787684612e-01
-1.2648375626e+00 1.8544335814e+00 1.0922633441e+00
1.0569898524e+00 -6.5026591202e-01 8.0502744942e-01
8.7847646481e-02 7.5540585929e-01 2.0285943146e+00
-6.1028746998e-01 1.0140268608e-01 1.7585473013e+00
-2.3000339738e+00 3.0657584593e+00 1.4321326192e-01
5.6697085494e-01 -3.6079631324e+00 -6.8027073333e-02
-3.8273283881e-01 1.6194845616e+00 1.0340792012e+00
-2.1117234342e+00 1.4342365681e+00 7.4040724120e-01
1.2852843716e+00 -3.8362549278e+00 -1.7939621940e-01
-2.8435512189e+00 -9.1665468115e-01 2.7317356259e-01
3.6212700356e+00 -3.6897808405e+00 -3.7224235746e-02
-1.0782252249e+00 -2.1930836459e+00 7.1801587037e-01
1.2454585904e+00 -1.8263095923e+00 -1.0462271927e+00
-3.5131228537e+00 2.8194499508e+00 -2.7241002157e-01
1.7993996232e+00 -2.7455648798e+00 -8.8862493313e-01
3.8974627875e+00 -1.1103391407e+00 -9.9361204728e-02
-2.3249176324e+00 2.2804099703e-01 6.9220223556e-01
2.7075116558e+00 2.9335941782e+00 7.2174414603e-01
2.5608042044e+00 2.1913223654e+00 9.4779489108e-01
-2.2465417509e+00 3.7201369886e+00 5.2442549113e-03
-1.0492215050e-01 -2.5705784092e-01 1.7654893334e+00
-1.4363748313e+00 1.9656163032e+00 9.3593074503e-01
2.9272929281e+00 -1.6031508521e+00 -6.0061985083e-01
-2.2097686227e+00 3.2604811429e+00 1.4896587659e-01
3.3818829759e+00 -2.2562719713e+00 -5.6179424962e-02
7.4901686608e-02 2.3898352973e+00 -5.9285829270e-02
3.4324996919e+00 -2.1261542227e+00 -6.1287767620e-02
-2.5540946924e+00 -3.4614627217e+00 7.4870325461e-02
7.9941729553e-01 -4.0000000000e+00 3.2092814463e-02
1.8219911898e+00 1.9127059541e+00 1.0668046574e+00
-1.7990620275e+00 -2.1625167510e-01 1.1761646677e+00
1.6924903085e+00 4.9049428890e-02 1.2144011279e+00
1.5106861969e+00 -4.0000000000e+00 -1.7888076784e-01
-1.7220213006e-01 1.0293733407e+00 1.5816455432e+00
-4.0000000000e+00 2.0382497337e+00 -3.1452226561e-01
-1.0666094916e+00 5.8661893537e-01 1.4251820142e+00
3.1688578748e+00 2.5087886248e+00 5.7037876441e-01
2.9973572440e+00 2.9165773316e+00 5.5587709934e-01
-3.5793815545e+00 -4.9523128889e-01 4.6029962509e-01
-4.0000000000e+00 3.0092747416e+00 -2.8780133560e-01
2.2724386114e+00 1.3674596326e+00 9.8690124572e-01
-1.5392652573e+00 2.4962124276e-01 1.2975243086e+00
-1.6080601792e-01 2.5720833493e+00 -2.3007832569e-01
2.7508935172e+00 -4.1967647400e-01 -5.7473000946e-01
-1.6474684218e+00 1.1137064833e+00 1.3950180710e+00
-2.7985474711e+00 -2.4515420237e+00 8.8619769084e-02
3.0370774552e+00 -1.5676597411e+00 -5.0145393111e-01
-4.0000000000e+00 -1.1212143108e+00 2.7289945779e-01
3.8368041220e+00 4.4632820972e-01 2.8053302695e-01
3.7136447829e+00 -5.8599727001e-01 -1.9054488277e-01
2.7869629846e+00 5.7843949383e-01 2.2901260238e-01
-4.6409535913e-01 5.9454548219e-01 1.6582775350e+00
2.3543007040e+00 -2.0475043269e+00 -1.0342490241e+00
-3.8021505909e+00 -1.3155742044e+00 2.4246752795e-01
1.8475803813e+00 -1.1116548366e+00 -1.0187656724e+00
-3.0376876375e+00 8.3654957194e-02 5.5259709046e-01
2.4536103525e+00 2.7712796295e+00 8.8401648184e-01
2.5918218517e-01 2.0760864047e-01 2.2829941407e+00
-3.4919564916e+00 6.5649055113e-01 3.2148775595e-01
2.8734983055e+00 2.8736133558e+00 6.5195064117e-01
-3.5185272215e+00 5.3212902105e-01 4.1211716785e-01
2.6968332031e+00 -4.1366646776e-01 -5.5784527185e-01
-4.5419988894e-01 -2.9316758001e+00 3.3229667897e-01
4.0000000000e+00 -2.0854317684e+00 -8.3075853655e-02
1.1316107048e+00 2.7586798831e+00 7.5864427278e-02
-9.6271936442e-01 9.5146749132e-01 1.4733403476e+00
-2.8103267990e+00 1.4316501257e-01 5.1305269238e-01
-4.0000000000e+00 -1.6141538023e-01 5.9274642282e-01
-4.6345032539e-01 1.3825998825e+00 1.2537503816e+00
3.1218656800e+00 -4.0000000000e+00 -1.0751408778e-01
1.5433358766e+00 4.0000000000e+00 2.5342904784e-01
-1.8922313188e-01 -1.4938056831e-01 1.8509120316e+00
3.6618939841e+00 4.6108408025e-02 5.6501197988e-02
3.8376639658e-01 7.3329082556e-01 2.2832614561e+00
-4.0000000000e+00 -8.7987252244e-01 3.3229578743e-01
-7.8263370576e-01 3.2443499036e-01 1.6024460246e+00
1.8848152518e+00 -2.5165020089e+00 -1.0299936081e+00
3.7722012650e-01 2.8969798347e+00 -3.8185875469e-01
-1.8425057006e+00 2.0052119893e+00 6.8367671893e-01
-4.0000000000e+00 -3.9372125977e-01 4.9714460659e-01
1.1333144269e+00 -1.1198030003e+00 -2.0416400724e-01
-2.4117762366e+00 7.5519963483e-01 3.7779999091e-01
2.5003216262e+00 -2.9043839511e+00 -3.8205304792e-01
-2.9659978607e+00 1.9792303991e+00 -1.0527562748e-01
2.6006391401e+00 -5.5666640221e-02 -2.3075667180e-01
-2.7172180873e+00 -3.0914817422e+00 7.5705331760e-02
1.5045392382e+00 6.1035107271e-01 2.0240981536e+00
7.3251559653e-01 2.5509407140e+00 -7.3202265124e-02
3.3406154602e+00 5.6035474028e-01 1.4625656950e-01
-9.0563749365e-01 6.2274841032e-01 1.4579763006e+00
-1.8426758028e+00 -2.3077039938e+00 2.3049264338e-01
-5.2796287964e-01 5.8032693747e-01 1.6223162094e+00
6.4348652841e-03 -2.3867447955e+00 3.3310894432e-01
1.6204564999e+00 -2.4746778305e+00 -1.1221144284e+00
6.4211131950e-02 3.4513346794e+00 -3.5580971701e-01
2.7822434328e+00 2.4256422356e+00 8.2985948974e-01
-3.4500324163e+00 -1.6062151085e+00 1.9358939697e-01
-3.2704383306e+00 2.4126313183e+00 -1.8618571204e-01
-1.6466350454e+00 5.7559248219e-01 1.2241311354e+00
-1.2869405207e+00 3.1069252747e+00 -2.0396807186e-02
-5.9167327462e-01 2.5846594632e+00 -1.2402445673e-01
3.2946577010e+00 -1.6052921159e+00 -2.7530855691e-01
-2.5462364908e+00 5.8913270823e-01 3.0536000238e-01
-2.6127193954e+00 1.3705909120e+00 8.1243490429e-02
-1.5039819147e+00 -9.3348436022e-01 1.0531792032e+00
2.7100940941e+00 -4.0000000000e+00 -2.3013664815e-01
1.7173920078e+00 -8.1602251260e-01 -3.5667512311e-01
3.8335045813e+00 6.2409037134e-01 2.8009016300e-01
-2.5693228412e+00 -2.3392635605e+00 6.6353393439e-02
1.9921869082e+00 1.4378712612e+00 1.2323396238e+00
-2.7099610760e+00 -2.5047974726e+00 8.8312642951e-02
-1.8154758416e+00 -1.1095246743e+00 7.5973956562e-01
6.3612640708e-01 4.0000000000e+00 1.1639725795e-01
1.8076856894e+00 -1.7845134784e+00 -1.4730355913e+00
-1.9426657898e+00 -2.5754420179e+00 1.7961719455e-01
-1.9057008400e+00 1.8789745643e+00 7.5452689721e-01
1.3678599061e+00 1.3710939863e-01 1.7880093830e+00
1.1848755297e+00 3.2076700014e+00 1.3070761415e-01
1.5507839871e+00 -2.2728045047e+00 -1.2288414871e+00
1.4564245544e+00 1.6562209193e+00 1.2034809336e+00
2.9238549697e+00 -1.5592148746e+00 -6.2107684214e-01
-2.8730973968e+00 -2.8203281107e+00 7.6671202284e-02
7.9175865689e-01 2.7814536380e+00 -1.6298229325e-01
-1.8235605040e+00 -7.1109781674e-01 1.0022709190e+00
2.3274418309e+00 2.2450001182e+00 1.0199035790e+00
-4.0000000000e+00 -1.1257019601e+00 2.7174936941e-01
1.3311276528e+00 -1.0165183794e-01 1.4728444906e+00
-1.1523619499e+00 4.0000000000e+00 -2.5346106317e-02
-2.2702997866e+00 2.7692196963e+00 1.5273329690e-01
-2.3501588278e+00 8.1281410659e-02 7.4292387458e-01
2.6536121190e+00 1.0346508836e+00 4.7988141848e-01
1.4466009209e-01 5.4739087878e-01 2.2266431985e+00
-3.1129374888e-03 -2.0936582827e+00 5.5746864167e-01
6.9882917906e-01 -1.7311097690e+00 -1.2988890102e-01
-7.4929837984e-02 -4.4007311703e-01 1.5621889552e+00
1.3351173499e-01 2.9884073302e+00 -4.5801470345e-01
-2.6192900462e+00 2.8112215654e+00 4.6861886900e-02
2.1661481639e+00 2.9823216960e+00 7.9376393085e-01
3.3305225560e+00 -7.0794544336e-01 -4.5932974637e-01
2.5703993092e+00 4.1972123272e-01 2.8729312745e-01
5.2471971776e-01 -2.8679778725e+00 -3.2016967776e-01
1.3019541683e+00 -2.7643598607e+00 -8.7590192908e-01
-1.2353613345e+00 5.6493027141e-01 1.3884804678e+00
-2.4866336772e+00 4.0000000000e+00 -1.2264063183e-01
-3.1668586683e+00 3.4907171728e+00 -1.6348725072e-01
1.8926673738e+00 -1.2806011034e+00 -1.2438108946e+00
2.6132569168e+00 1.6468172064e+00 7.4546484216e-01
4.6401137841e-01 -9.0615625482e-01 9.6477677222e-01
1.2725771137e+00 2.5081609006e+00 2.9564560031e-01
8.2761361792e-02 2.6705100190e+00 -3.2239961659e-01
-2.1362080368e+00 2.4879732292e+00 2.1564042524e-01
-3.3813820784e+00 -5.6603430720e-02 6.1979113850e-01
1.9130230870e+00 1.4790325714e+00 1.2689574036e+00
-2.0130892393e-01 1.6341103139e+00 1.0000366735e+00
2.2500977431e+00 3.7554638142e+00 3.8023311761e-01
-7.5613113307e-01 -4.3883442966e-01 1.4284738115e+00
-2.1921900150e+00 -1.2357232161e+00 3.9935582971e-01
9.0318603403e-01 -1.7062393662e-01 1.7494824157e+00
1.6331539399e+00 -1.6005424250e+00 -1.3680143806e+00
4.9386219089e-01 1.9295877634e+00 6.1802830443e-01
-2.6357630442e-01 -3.0817199045e+00 2.3216679537e-01
3.1311575817e+00 -1.9021856882e+00 -2.7672617494e-01
-1.7447186932e+00 8.7994280896e-01 1.2393527223e+00
2.3412335485e+00 -2.5709266018e+00 -6.6237229174e-01
2.4268794911e+00 4.0000000000e+00 1.8882838241e-01
-2.3194825157e+00 3.8884596579e-01 6.0989748407e-01
2.9407618137e+00 2.4171125399e+00 7.3504722929e-01
-9.4922486718e-01 -3.1417477491e+00 3.8553203610e-01
-1.7817461854e+00 6.1887048402e-01 1.1215690860e+00
-3.9580970529e+00 1.2796994572e+00 7.4555208574e-02
-2.0908580191e+00 7.1254131652e-01 7.8433658886e-01
1.6736509727e+00 -6.2665235324e-01 1.0894375709e-01
7.7451404223e-01 -2.5212955079e+00 -5.5697506775e-01
-4.0000000000e+00 6.8761472033e-01 5.1668192120e-01
2.9957733252e+00 -1.5374734266e+00 -5.5392752165e-01
3.0087937857e-01 1.8787507705e+00 6.7929440026e-01
2.8083371512e+00 1.2703163777e+00 4.2487033306e-01
-3.6767347295e+00 -8.6215093186e-01 3.3622487278e-01
2.0667769903e+00 3.2830739696e+00 6.6529416239e-01
3.1572601584e-02 -1.0876192753e+00 1.1002867590e+00
-2.4008631942e+00 -1.4388398911e+00 1.8406312031e-01
1.8786993445e+00 -1.6460180263e+00 -1.4626442624e+00
1.4656931165e+00 2.7131031122e+00 3.8289638388e-01
-2.9733321966e+00 -1.7087875912e+00 1.1324253073e-01
-4.2036522853e-01 -2.3997656586e+00 5.9193594612e-01
1.4086782210e+00 -5.7281635988e-03 1.5291016790e+00
-4.0000000000e+00 5.6027186872e-01 5.8778617644e-01
-2.9838714251e+00 1.3045919866e+00 -6.2790386168e-02
-1.4863152752e+00 -2.1291579350e+00 5.1827033152e-01
1.5347587645e+00 3.5265633790e-02 1.4253588952e+00
-1.5172361208e+00 3.1205835326e+00 8.2321487851e-02
-4.0000000000e+00 -1.4098164841e+00 1.9685317642e-01
-2.7163859396e+00 1.2365570717e+00 2.3348832939e-02
9.8209930751e-01 2.0290286884e+00 5.7178317964e-01
3.9895338918e+00 -2.9954562333e+00 3.2170100540e-02
-1.4309970727e+00 7.2297587127e-01 1.3772035628e+00
-2.5114234956e+00 2.5873956901e+00 7.7670963080e-02
9.3904342451e-01 1.9299585998e+00 6.9591889134e-01
3.3326189643e+00 4.0000000000e+00 1.6180607303e-01
-2.2425561101e+00 -3.3383430547e+00 1.6895942722e-01
2.7831280039e+00 1.7996683351e-01 -1.1760746567e-01
7.0247004887e-01 -1.6444075621e+00 -7.2649926316e-02
-1.1385195272e+00 3.7361031982e-01 1.4384708917e+00
2.0235149243e+00 1.7641870795e-01 8.3670318394e-01
1.9143309422e+00 -2.0426119757e+00 -1.3648503612e+00
3.4527098903e+00 -1.1953332804e+00 -3.0171809146e-01
1.6044493921e+00 3.0394144444e+00 4.5841152994e-01
4.5062368755e-01 -2.7395864197e+00 -2.5365281926e-01
3.7458931740e+00 1.0059461114e+00 2.3653794969e-01
-3.9137983729e-01 -3.0419945289e+00 2.8971888400e-01
-5.7635476984e-01 3.7302727057e+00 -1.6498322127e-01
-2.4152268606e+00 -2.2916928347e+00 6.0197201364e-02
4.0000000000e+00 -2.6371668305e+00 -2.9327669366e-02
-1.3728235654e+00 -1.6671097960e+00 8.4839664334e-01
3.1805943220e+00 1.6618902733e+00 4.5296990280e-01
1.3921252029e+00 -6.7197158709e-01 3.5854295671e-01
-3.1319845807e+00 -3.9192918340e+00 7.9363300063e-02
-9.0717255411e-01 -3.9403152794e+00 3.0473414141e-01
-2.7582084577e+00 -2.5783766576e+00 9.1759493794e-02
1.5579393637e+00 -2.6653752182e+00 -9.9186189603e-01
3.2411304279e+00 -3.9915109104e+00 -8.1187859527e-02
-3.0659021906e+00 -8.2499003487e-01 3.0632939610e-01
-2.9391891391e+00 8.5134875264e-01 4.9755863747e-02
1.6759333273e+00 -9.2386049386e-01 -5.4801094921e-01
3.5459403966e+00 1.3737877965e+00 2.6629239919e-01
1.6760573564e+00 1.3561744200e+00 1.4586954683e+00
1.1113089697e+00 2.2670303706e+00 3.5999028059e-01
4.0000000000e+00 -7.9541278625e-01 -4.1771005894e-02
1.6246836924e+00 -6.8904416714e-01 3.2212213345e-02
-2.5874299494e-02 1.3565011088e+00 1.3184995379e+00
-2.2694934082e+00 -9.4517826050e-01 5.1788956318e-01
2.9381611011e+00 -2.4933711150e+00 -2.1079999114e-01
-2.7029727453e+00 2.9854603334e-01 4.2571129189e-01
2.5945170799e+00 2.4261303753e+00 9.2618605552e-01
4.0000000000e+00 2.9199796446e+00 4.2137083915e-02
-2.7337489713e+00 5.6239457363e-01 2.2029208643e-01
-2.1053924960e+00 7.4605891829e-01 7.6773239480e-01
-1.1115980448e+00 -1.4257236337e+00 1.0764709606e+00
3.0565329383e+00 1.1748461582e+00 2.8247668203e-01
-3.2398344505e+00 -1.1262829071e+00 2.4288544019e-01
1.5874013330e+00 -3.6172946920e+00 -3.2680104060e-01
-2.1806056648e+00 -4.0000000000e+00 3.2632408547e-02
-1.7122844688e+00 -4.0000000000e+00 1.3806032997e-01
-1.8621207122e+00 -5.8606276294e-01 1.0436761005e+00
-3.0423479655e+00 2.7109084596e+00 -1.2304737885e-01
1.8857704907e+00 8.4314251273e-01 1.5065733925e+00
-2.2639016517e+00 -3.4915940765e+00 1.4318314816e-01
2.2408840583e+00 9.2377920828e-01 9.8869648692e-01
1.1955504065e+00 1.5497915419e+00 1.2842089276e+00
1.3725084604e-01 -2.4411605601e+00 1.7450561102e-01
-3.1683765388e+00 -1.6189772177e-01 5.8845509523e-01
-3.6373111475e+00 3.1685861573e+00 -2.5759698111e-01
2.1528859850e+00 -2.4249556912e+00 -9.2925317670e-01
-2.6868804242e+00 -2.1105779662e+00 5.9397282157e-02
7.5535659733e-01 -2.3538483783e+00 -5.0559592436e-01
1.0501875666e+00 -1.4781089060e-01 1.6766853727e+00
-3.0827875290e+00 2.1348756296e+00 -1.2583048369e-01
6.5311150125e-01 -9.7591603812e-01 6.9325312079e-01
4.5937390465e-01 -4.7704082656e-02 2.0779424405e+00
-1.8590915429e+00 1.8358555109e+00 8.4560231466e-01
3.3937459588e+00 4.0000000000e+00 1.5309252933e-01
-1.1778372668e+00 -7.2845656542e-01 1.2343637326e+00
1.2355224419e+00 -3.4952762730e+00 -3.4411524965e-01
-2.2555434746e+00 -2.0817578825e+00 8.8928197584e-02
3.6956112218e+00 1.9765764653e+00 2.8417645685e-01
8.7367197985e-02 -1.9420970070e+00 5.7760920588e-01
-3.0824931886e+00 3.8183154873e+00 -1.0506410166e-01
1.0051788063e+00 1.3535371555e+00 1.5438664359e+00
-4.0000000000e+00 -2.4701044185e+00 2.4300193486e-02
-2.8580540803e+00 1.8024453579e+00 -8.4602147904e-02
8.5026689204e-01 2.2950628889e+00 2.0306154830e-01
6.4360689437e-01 4.4238450808e-01 2.5061812167e+00
-2.4116823919e+00 -3.9845843349e+00 1.3263804410e-02
-2.5445783519e+00 -6.1080042785e-01 5.4463919138e-01
-4.0000000000e+00 2.0431946975e+00 -3.1615749014e-01
-4.3736574177e-01 -4.0000000000e+00 2.9324426685e-01
1.4426322231e+00 -3.2959270338e+00 -5.0063000658e-01
3.5565303551e+00 -1.4787983318e+00 -1.7358959611e-01
1.4838465410e+00 3.3330766726e-01 1.8817030292e+00
1.5001958523e+00 4.0000000000e+00 2.5233921060e-01
1.0283454590e+00 1.9393007725e+00 7.0918210105e-01
2.3453432341e+00 -1.1072297097e+00 -1.0748360879e+00
-2.0431606251e+00 -8.6358430983e-02 1.0088752862e+00
2.7622531663e+00 1.4373437128e+00 5.3052349898e-01
-7.4511792935e-01 -3.7492433428e+00 3.2945425663e-01
-1.2259708586e+00 2.0950332411e+00 7.2343428505e-01
9.8291409255e-01 -1.2638836656e+00 -1.6953512283e-01
8.3007887877e-01 5.1537675178e-01 2.5100322212e+00
-2.8530324564e+00 -3.4684062803e+00 2.7831504175e-02
-3.9731259249e-01 -3.0257453141e+00 2.9414674631e-01
8.9771359772e-01 1.4563486099e+00 1.3829480149e+00
3.1724966186e+00 2.1438102337e-01 -1.0722440668e-01
-3.4649963318e+00 2.7660514774e+00 -2.6117651347e-01
1.8163069511e+00 3.3869655798e+00 5.5072385171e-01
1.9160281124e+00 2.6995546886e+00 7.5889683095e-01
-8.6427503151e-01 -1.5463959513e+00 1.1220821342e+00
-3.8819786315e+00 1.5345229603e+00 -7.1757453011e-02
-1.0734915226e+00 1.2872828471e+00 1.4825762230e+00
1.5939650361e+00 -2.6144249360e+00 -1.0278399279e+00
-2.9674877092e+00 -3.7396211634e+00 3.7567264354e-02
-2.8958249241e+00 2.1572807882e+00 -8.2151464020e-02
-3.1373393767e+00 1.8537813555e+00 -1.2654697585e-01
9.0914245935e-01 7.8701230177e-01 2.3544491343e+00
-1.8590117951e+00 -1.0136400658e+00 7.8335695723e-01
-6.6346789179e-01 2.8045098648e+00 -2.4834903355e-01
-1.7608096121e+00 2.5241042519e+00 2.9732629342e-01
9.1223780832e-01 -8.6658348224e-01 5.5362164638e-01
2.1987203554e+00 -1.6518118788e+00 -1.3473512449e+00
2.3907067878e+00 1.0704973102e+00 7.9756636723e-01
1.1036460450e+00 1.2797173436e+00 1.6518972393e+00
4.0000000000e+00 3.5690299673e+00 6.5570750933e-02
-3.3396893294e-01 2.9446866876e+00 -4.1960408029e-01
-2.4241964153e+00 2.7878176041e-01 5.8664144112e-01
-3.1075422267e-01 9.4527068441e-01 1.5710395139e+00
-1.7799945130e+00 3.4889624289e-01 1.1239149885e+00
2.5500869191e+00 -1.3598773967e+00 -1.0503335944e+00
-1.8830314203e+00 5.8220719920e-01 1.0162709517e+00
-3.7155617068e+00 9.5987373819e-01 2.2434355164e-01
2.8847330667e+00 9.8785313485e-01 3.0138980360e-01
2.4640979617e+00 -4.0000000000e+00 -2.8568809902e-01
-2.0817317743e+00 -2.0155914196e+00 1.7606763381e-01
2.9402297933e+00 1.1837058959e+00 3.2399751236e-01
-2.3358103403e+00 5.0296078893e-01 5.3744091857e-01
-8.0237924151e-01 -3.7800776826e+00 3.2888019269e-01
1.2403453839e-01 2.2542545246e+00 1.0925360080e-01
-2.0507360449e+00 6.4804957409e-01 8.3124632657e-01
-1.5254345546e+00 -2.0825037238e+00 5.1579769484e-01
-2.6933504379e+00 1.6460671642e+00 -1.0081249496e-02
-3.0278210463e+00 3.0708881213e-01 4.1584108066e-01
8.4707087661e-01 6.7360518746e-01 2.4601765488e+00
-2.6261751196e+00 1.8581262427e+00 1.5431669823e-02
3.0131970692e+00 -7.7474218395e-01 -6.5107007803e-01
2.3210810537e+00 3.1216714645e+00 7.5570065357e-01
-2.8931037244e+00 3.2808687437e+00 -9.7498252742e-02
2.8864183453e+00 -3.2842002265e+00 -2.1452426668e-01
-3.1609233313e-01 9.9395131832e-01 1.5366637546e+00
2.9650440410e+00 -2.3404912574e+00 -2.3040647019e-01
-1.3654521725e+00 1.7284264265e+00 1.2497883052e+00
1.5502327609e+00 -4.4623800828e-01 6.2020732054e-01
7.3886613826e-01 1.4418883966e+00 1.3852746747e+00
9.7324929557e-01 -2.9774790771e-01 1.5026991953e+00
-1.3466618875e+00 -2.2041270391e+00 5.6999125925e-01
-2.1525717624e+00 -2.1873643382e-01 9.3533585281e-01
3.4769186030e+00 8.9313023467e-01 2.1394446672e-01
2.1607359092e+00 1.2106400858e+00 1.1021357782e+00
-3.9189886743e+00 -2.2067991924e+00 4.0421882741e-02
1.9258091446e+00 -7.8962521426e-02 6.6072264933e-01
7.9448075740e-01 6.4754541309e-01 2.4810628693e+00
1.5936555399e+00 2.2121990551e+00 7.4852342317e-01
2.5704953572e+00 4.0000000000e+00 1.8338395461e-01
1.3570461001e+00 -2.0010333137e+00 -1.1939647719e+00
3.2598893772e+00 -2.6606411762e+00 -7.9023974200e-02
-2.2623082054e+00 -1.8531217020e+00 1.2848425700e-01
-2.3753648515e+00 3.5844649435e-01 5.7736011511e-01
-1.9789900423e+00 9.9914008060e-01 9.8143993287e-01
1.1265668439e+00 -3.4701045404e+00 -3.3463802330e-01
-3.9580239346e+00 -1.3439267449e+00 2.2049814305e-01
8.7895386579e-01 -7.7752507147e-01 7.5473346491e-01
-1.2247643118e+00 -3.5857451797e+00 3.4701897892e-01
1.9585578902e+00 -1.9172507634e+00 -1.4151700500e+00
1.8360039700e+00 -1.7717645219e+00 -1.4743171184e+00
-1.3962631370e+00 2.9223124173e+00 5.7195045997e-02
-1.5657265841e+00 9.7468859652e-01 1.4183012574e+00
-2.7536768427e+00 1.1472624039e+00 1.6359297840e-02
-1.4238252352e+00 -1.2631640344e+00 9.6190055117e-01
-1.1282606279e+00 -1.6771174801e+00 9.9185436895e-01
-1.3987609803e+00 9.6358657937e-01 1.4801540783e+00
2.2806665424e+00 -2.2986466003e+00 -9.1526855747e-01
3.7681357981e+00 1.6329743574e+00 2.4890577342e-01
-1.9824274855e+00 -3.2299010968e+00 2.3930676779e-01
1.7787774284e-01 2.5788860967e+00 -2.4434259092e-01
5.9598008696e-01 2.7893167515e+00 -2.6414138413e-01
3.8284640494e+00 -4.9147142092e-01 -7.3726608982e-02
1.4085437225e+00 -2.8663424178e+00 -8.3308807928e-01
-2.7926382736e+00 -1.9111959060e+00 7.0845694315e-02
3.1049636106e+00 1.1769018516e+00 2.7155505048e-01
1.9036182387e+00 3.4227814602e+00 5.6600357523e-01
-1.8176085292e+00 2.7549265741e+00 2.0480042297e-01
2.8778387849e+00 -2.6228251754e+00 -2.2241844074e-01
-2.7882311102e+00 6.4772895028e-01 1.5548201001e-01
7.3336262021e-01 -1.3493585844e+00 1.3885239704e-01
-2.9575752389e+00 3.3052939068e+00 -1.2207764552e-01
-3.4309952655e+00 -3.0115962401e+00 2.5934203314e-02
4.0000000000e+00 -1.0761806999e+00 -6.1059089200e-02
-2.9368859434e+00 -8.7092519298e-01 2.8742532876e-01
-2.7150083898e+00 1.7567150937e+00 -2.9581227027e-02
-1.6619661508e+00 -4.7958120187e-01 1.1970088898e+00
-2.0180211885e+00 -2.0559399521e+00 1.9913748801e-01
-1.5972656776e+00 -8.6587503130e-01 1.0420208776e+00
1.5425902601e+00 -4.5949756814e-01 6.0538459392e-01
-3.3893773749e+00 4.0000000000e+00 -6.6829888573e-02
-2.5844562753e+00 2.0125921308e+00 3.1730201485e-02
-1.5937664301e+00 -2.5525500711e+00 3.0572089579e-01
1.1357050913e+00 -1.6193938022e+00 -7.7770095831e-01
5.4279125731e-01 3.4013805154e+00 -2.2629796209e-01
-1.1433257364e+00 -3.0730389100e+00 3.8370730819e-01
-2.9170502902e-01 -9.4210168219e-01 1.2291598344e+00
6.1890152475e-01 2.8917921624e+00 -2.8331669148e-01
-3.5992315058e+00 1.1628313891e+00 7.6966731592e-02
-3.4162801172e+00 1.3716609226e+00 -3.7212952563e-02
-1.1569764794e+00 2.8197204441e+00 -1.6621805244e-02
1.6520832986e+00 -4.2499730535e-01 5.2595112702e-01
8.5876740107e-01 3.2893485383e+00 -8.7939960291e-02
1.5829442091e+00 -1.3438263768e+00 -1.1240483502e+00
-2.4483807814e+00 -1.7316085609e+00 8.8691859857e-02
2.5105836647e+00 -3.5296476473e+00 -2.8943278512e-01
1.9828570805e+00 -2.2758898154e+00 -1.1646406819e+00
-1.7795757485e+00 -1.1398851040e-01 1.1918587841e+00
-2.4905474884e+00 -1.9889727092e+00 5.0499446112e-02
3.9648700108e+00 -5.0401527408e-01 2.6066968688e-02
1.3451911421e+00 -1.3544127892e+00 -8.5119069627e-01
-1.1328265887e-01 -1.0462827898e+00 1.1711058520e+00
-2.6444912113e+00 -1.6858419885e+00 7.1343357316e-02
-4.0523547913e-02 -2.4654298574e+00 3.2009158115e-01
-8.0917494625e-01 2.3067438956e+00 2.6776714270e-01
-3.4173538900e+00 -4.0891810573e-01 5.0009610843e-01
2.4900001933e+00 -3.4633153593e-01 -3.9048505184e-01
-1.1249037521e+00 -1.1794324348e+00 1.1269136124e+00
-2.3505049565e+00 7.1427997193e-01 4.5677493824e-01
1.7900637490e+00 1.3908122852e+00 1.3797168638e+00
-3.2168169295e+00 -7.4591396277e-01 3.4146821649e-01
-2.6368947221e+00 -1.5554843514e+00 9.2079970444e-02
-7.3643053127e-01 2.2527701517e+00 3.0491277774e-01
2.7234310745e+00 -1.4847394353e+00 -8.6490680414e-01
1.0958788000e+00 2.0261599904e+00 6.1954158210e-01
1.0783495386e+00 2.9666992347e+00 6.5714273980e-03
-4.8856840340e-01 -2.8423141258e+00 3.6929217108e-01
-3.2304919764e+00 2.6135730063e+00 -1.8613227456e-01
1.4944654621e-01 -2.2100215102e+00 3.1744491196e-01
1.0050220092e+00 2.4138831657e+00 1.6930481914e-01
1.4083510892e+00 1.7971322027e+00 1.0348963298e+00
1.8081542146e+00 1.4186569737e+00 1.3543527701e+00
-8.0862401333e-01 -3.3215497771e+00 3.6597873892e-01
-2.1346995406e+00 4.2716226274e-01 7.7422564009e-01
7.4458250531e-01 -9.2083379811e-01 6.6567016625e-01
-4.0000000000e+00 3.2111504105e+00 -2.2573574209e-01
2.2930117609e+00 -2.2813785692e+00 -9.1673144011e-01
-3.7888508426e+00 -2.1864341517e+00 6.8905594947e-02
1.5593836157e+00 -1.8488469529e+00 -1.3777756412e+00
2.0397782175e-01 -2.0820831642e+00 3.4683251825e-01
3.8134102120e+00 -1.0407793237e+00 -1.3970148101e-01
1.5204146722e+00 2.0019454028e+00 8.7461975194e-01
-1.9877893615e+00 -1.5495264811e+00 4.0779714508e-01
5.5266608944e-01 -4.3492775201e-01 1.5348592290e+00
-2.6582165064e+00 -8.0244111304e-01 3.7636173619e-01
-2.4893495958e+00 -1.4155144550e+00 1.5691913650e-01
-1.7496103559e+00 1.5136749333e+00 1.2090361929e+00
4.0000000000e+00 2.7381483069e+00 2.9478147196e-02
2.0961647579e+00 4.0000000000e+00 2.1718405869e-01
1.1711755574e+00 -2.2638355673e+00 -9.6915946765e-01
-2.1160188728e+00 2.8970930216e-01 8.4383169870e-01
1.3118417249e+00 -1.6237548694e+00 -1.0436177610e+00
-9.4998540599e-01 -4.0000000000e+00 2.9057602358e-01
-9.3764785595e-01 -1.8012587445e+00 1.0131301170e+00
-4.0000000000e+00 -4.2037976575e-01 4.8570795345e-01
1.9420717419e+00 2.4396721554e+00 8.6477967859e-01
5.8886311347e-01 -2.6379944486e+00 -3.7791008469e-01
-9.0291243701e-01 -7.6581412846e-01 1.2498064055e+00
-3.3196911953e+00 3.1738036051e+00 -2.2223115011e-01
-1.1419487605e+00 5.7984240013e-01 1.4094860724e+00
4.0000000000e+00 -1.7006627034e+00 -7.7497271371e-02
-3.8881097296e+00 2.3030354939e+00 -3.4018926851e-01
2.5692445129e-01 -4.0000000000e+00 1.7842564136e-01
-1.9295504870e+00 -2.9078318430e+00 2.1911536920e-01
1.3404229157e+00 -3.1364407819e+00 -6.0990052659e-01
-1.0275387242e+00 1.0228170984e+00 1.4895676617e+00
-1.3592891353e+00 -3.8301042976e+00 2.7777734244e-01
-2.3335505831e+00 1.7066915866e+00 3.2366707080e-01
-3.1103426524e+00 2.1031485247e-01 4.9877045155e-01
-2.2745171748e+00 -2.0691214748e+00 8.4471203459e-02
2.8087967957e+00 1.7375350906e+00 6.5280515305e-01
2.7730359218e+00 -1.1168429559e+00 -8.4519333783e-01
6.8659811116e-01 -3.2917546705e+00 -2.7348065454e-01
-2.8763763789e+00 -3.5920525247e+00 2.6938151305e-02
-1.0228248976e+00 -2.3586470725e-01 1.4923037195e+00
2.3963793897e+00 -2.1156952728e+00 -9.3664149860e-01
-2.0846626460e+00 -6.9416033904e-01 8.3034334124e-01
7.2594626151e-01 4.0000000000e+00 1.3663430198e-01
3.3171494779e+00 -2.9625701692e+00 -9.2462822281e-02
2.9633060523e+00 -2.3475666812e+00 -2.2957106671e-01
4.0000000000e+00 -1.1903388000e+00 -6.5195518527e-02
1.1879038888e+00 1.1425354110e+00 1.8341891864e+00
3.4894196307e+00 -2.5758408470e+00 -3.6708291318e-02
3.3872807941e+00 2.4790058411e+00 4.2937364819e-01
-2.0147659751e+00 -2.3224130342e+00 1.5411168391e-01
2.9498982710e-01 1.4797817852e+00 1.2459169544e+00
3.0769929626e-01 -1.3883937672e+00 6.9594180208e-01
1.4838272369e+00 4.0000000000e+00 2.5174868640e-01
3.0525266606e+00 2.2730616664e+00 6.7477676653e-01
-1.6742720003e+00 2.5334915035e+00 2.9720317894e-01
-2.7790496505e+00 -1.2190748709e+00 1.6692728232e-01
3.8328883688e+00 -1.8068726984e+00 -6.3989555617e-02
-1.1413726816e-01 -1.7542885346e+00 8.7724715294e-01
-2.9760135575e+00 -2.1971565282e-01 5.6959011323e-01
2.9126671892e+00 2.9403822099e+00 5.9905272232e-01
-7.4450035075e-01 -1.8486521405e+00 1.0251513338e+00
1.5587528937e+00 -2.6058453407e-01 9.3151947249e-01
3.6418315258e+00 -2.0732782716e+00 -4.0152002910e-02
3.0258917238e-01 -1.0714262913e+00 9.3821460703e-01
3.8813617394e-01 1.9245683513e+00 6.1491847189e-01
-2.3655628469e+00 -1.6597615141e+00 1.3204213870e-01
-1.9105717667e+00 1.7141411623e+00 8.8828612514e-01
-3.8772774642e+00 1.9426612587e+00 -2.4793481430e-01
1.8675863896e-01 5.2291108564e-02 2.1495718183e+00
2.4331040335e-01 7.6342224628e-01 2.1511013478e+00
-1.2291953825e+00 -2.9462934471e+00 3.7707030698e-01
-3.6871944697e+00 3.0997140354e+00 -2.7086364133e-01
9.7381200582e-02 -1.8253638829e+00 6.4626210318e-01
-2.4594350637e+00 3.0484830072e-01 5.4471088888e-01
-3.1340515903e+00 1.9441348813e-01 5.1297988519e-01
3.0947278935e+00 9.6025568689e-01 2.2977681948e-01
1.1852929781e+00 1.6649765784e+00 1.1285606018e+00
-3.5786278638e-01 3.7427889823e+00 -1.8589219379e-01
1.8062028842e+00 -2.5402921273e+00 -1.0442937659e+00
-2.4449518406e+00 5.9806617842e-02 6.8877345866e-01
-2.5225203521e+00 -2.9561481676e+00 1.1797218947e-01
-3.1885114832e+00 2.1958428878e+00 -1.5056668351e-01
8.3889104198e-01 2.1684908027e+00 3.4339219506e-01
4.0000000000e+00 -1.9516383532e+00 -8.2499537467e-02
2.9787345297e+00 4.6447081786e-01 8.0399023297e-02
-1.0931562873e+00 -3.1722641702e+00 3.8429822103e-01
1.2897945977e+00 -3.3292403039e+00 -4.6038885605e-01
2.5999971615e+00 2.0307073254e-01 3.4730470474e-02
-5.7212109132e-01 2.3485971651e-03 1.7701807421e+00
-1.4960240380e+00 -2.8141454084e+00 3.1896477606e-01
2.2387980161e-01 -1.3524184348e+00 8.0919300570e-01
-2.9145050728e+00 -1.9394804406e+00 9.2285137859e-02
4.0000000000e+00 -2.6530220967e+00 -2.6736282081e-02
2.1843876035e+00 4.8763724517e-01 8.9768059993e-01
-3.1473068501e+00 -1.4798809058e+00 1.7062153516e-01
5.9265903667e-01 3.0901359013e+00 -3.0470879402e-01
-2.7374568313e+00 1.2922701893e+00 3.6101012385e-03
-2.1827409436e+00 2.6545364399e-01 7.9414234684e-01
3.4337247912e+00 -1.3706797491e+00 -2.6485838019e-01
1.1132297233e+00 -2.2255988253e+00 -9.1150313396e-01
1.0291420999e+00 -2.7656186523e+00 -7.3660930602e-01
5.6809781834e-01 1.8410238051e+00 7.6469152046e-01
-2.1840818891e+00 -1.4527056938e+00 3.0409025033e-01
6.6610825080e-01 9.9744535817e-01 2.0607142809e+00
8.7030007910e-01 -2.0341035255e+00 -5.6538985623e-01
2.5425105382e+00 -1.0986261206e+00 -9.9192420841e-01
3.6485780508e+00 -4.0000000000e+00 -3.6612497712e-02
1.1652185070e+00 -2.1225472146e+00 -9.7458185795e-01
-2.2325312301e+00 1.7553369972e+00 4.3575247777e-01
2.7951566368e-01 -6.4498234424e-01 1.3381610290e+00
1.4106793588e+00 -2.6289939617e+00 -9.9169750820e-01
1.4197257305e+00 -9.1973874803e-01 -2.3798475316e-01
5.9661067128e-01 4.7244936123e-01 2.5052335497e+00
2.2476663771e+00 2.3172327503e+00 1.0097251315e+00
-2.6078909078e+00 -1.7252244405e+00 6.7243699054e-02
-1.1395482700e-01 1.4131189820e+00 1.2410327630e+00
-1.0018829367e+00 2.7674355207e+00 -6.6413082873e-02
8.3474535816e-01 4.0000000000e+00 1.6047100692e-01
7.1817385815e-01 2.5194162633e+00 -5.5981698167e-02
-3.7934261042e+00 1.1051217234e+00 1.5626361318e-01
1.6558770757e+00 -9.6180355143e-01 -6.0596585929e-01
2.6641031329e+00 -2.9984280249e+00 -2.8206252113e-01
3.8242734762e+00 1.8612046195e+00 2.1832681140e-01
-4.8647755297e-01 -8.7568271442e-01 1.2447312595e+00
-3.8169465248e+00 1.8076450241e+00 -1.8450833672e-01
-2.2576233121e-01 7.0087137682e-01 1.7900770594e+00
-1.2544536393e-01 3.1535035309e+00 -4.7373976531e-01
-8.3504524132e-01 9.8958479528e-01 1.4611173782e+00
4.9729926872e-01 -1.2362966753e+00 5.9223541820e-01
-1.8136067067e+00 2.0212400802e+00 6.8896480581e-01
-9.7025226728e-01 -8.5130290991e-01 1.2241144248e+00
3.4246358429e+00 -3.5791392479e-01 -3.2054146250e-01
-2.7181061987e+00 -1.2126353041e+00 1.7257717900e-01
-1.7094926249e+00 2.4562312739e+00 3.4376786051e-01
-2.0364416585e+00 -3.0625950884e+00 2.1804297165e-01
6.0850872842e-01 -4.6780207477e-01 1.4646159027e+00
2.2600722939e+00 -1.7073252486e+00 -1.2950243606e+00
-5.4966874913e-01 -1.1698110178e+00 1.2088977106e+00
6.4691928092e-01 -2.2197741288e+00 -3.1903541970e-01
-4.8329527044e-01 6.4702712106e-01 1.6210086221e+00
-1.9376147357e+00 -3.7567130562e+00 1.6589047750e-01
-1.1129073866e+00 3.2337622389e+00 -1.0456675615e-01
-4.0000000000e+00 1.1513177595e+00 1.6889797753e-01
-6.0214642654e-01 -1.8679840696e-01 1.6634949684e+00
-3.0727283420e+00 4.0000000000e+00 -7.4742397553e-02
-2.3667272019e+00 2.9853478713e+00 1.2879416911e-01
-2.0001048062e+00 3.2376328157e+00 1.7023614041e-01
2.2377645321e+00 4.0000000000e+00 2.0275274226e-01
-1.1838876693e+00 3.6655950083e+00 -3.4980173846e-02
3.3247798247e+00 -2.6038859478e+00 -6.2544965476e-02
2.4401058317e+00 -6.6908009520e-01 -6.5405811178e-01
-4.5429613142e-01 -3.2428505465e+00 2.9733584435e-01
-4.0000000000e+00 -2.3664991273e+00 1.8695755030e-02
7.1189025530e-01 1.4259305200e+00 1.4053417587e+00
-1.0254685806e+00 4.0000000000e+00 -2.6225363299e-02
1.5463143376e+00 -6.9939303333e-01 1.0407545890e-01
-3.4937205814e+00 -2.2584217793e+00 9.7539982499e-02
-9.8523508476e-01 -2.1965639085e+00 7.4893956341e-01
3.9536486796e+00 -1.5544389288e+00 -7.5256276420e-02
-9.3626126630e-01 -2.4121512907e+00 6.1758499851e-01
-3.1160218156e+00 -2.5396470537e-01 5.6035342391e-01
2.1612565192e+00 -7.2608004712e-01 -5.6468407088e-01
-2.0962950136e+00 9.1335778722e-01 7.9918164920e-01
-1.6477586151e+00 -1.0773855146e+00 8.9773532560e-01
2.2296558397e+00 3.3402314587e+00 6.5180243306e-01
3.3121391814e+00 3.3166135798e+00 2.4287508581e-01
-2.0263987462e+00 6.7209584034e-01 8.6193717865e-01
-3.2028422947e+00 2.3478216446e+00 -1.6270897485e-01
-2.1273500541e+00 1.4515478697e-01 8.8929093471e-01
3.5001135041e+00 2.6600136003e+00 3.1699421297e-01
7.4995795405e-01 -4.0000000000e+00 4.6387198310e-02
1.5107050363e+00 2.8718401631e-01 1.7956150439e+00
-1.0514767590e+00 -1.7940645967e+00 9.7677619587e-01
-1.1192305797e+00 3.1629286801e+00 -1.0615458735e-01
9.4197351293e-01 2.4418993362e+00 1.1170090230e-01
4.8445698156e-01 -4.0000000000e+00 1.2030652905e-01
-3.1236197083e+00 -1.4117789553e+00 1.7499984656e-01
-2.2323853800e+00 -1.7161129881e+00 1.8017781598e-01
7.0515254131e-01 -4.0000000000e+00 5.9209358393e-02
6.0367372398e-01 -1.6721526192e+00 6.7698461261e-02
-1.6262485790e+00 4.0000000000e+00 -4.8351820175e-02
-1.1601764237e+00 -3.2464986210e+00 3.7973237526e-01
3.5303358880e+00 -2.9378592740e+00 -5.1094824074e-02
-2.5686569272e+00 1.4301357431e-01 5.8041176772e-01
1.8375810349e+00 2.2667799828e+00 8.7654559090e-01
-1.4832758660e+00 1.8538131442e+00 1.0842735876e+00
3.0170725297e+00 -2.1890465670e-01 -4.5835301525e-01
-2.5101585064e+00 1.6930652481e+00 1.2800909827e-01
2.7772962995e+00 2.6869126767e-01 -2.6415108052e-02
-2.3419728908e+00 -1.1154090951e+00 3.6191344231e-01
-1.3661889956e+00 2.3133006688e+00 4.6460386960e-01
-2.6601217413e+00 -2.2148801053e+00 6.2428000434e-02
-7.8438198165e-01 -3.4078704193e-01 1.4950438646e+00
5.6052134191e-01 -3.4633796140e-01 1.6580227239e+00
-1.4502860993e+00 -6.8478663295e-01 1.1933309988e+00
2.4788502089e+00 2.0484899555e+00 9.7006744372e-01
-3.0192504249e+00 1.6005092596e+00 -1.0123465947e-01
3.3409688367e+00 -2.7874022285e+00 -7.1902494630e-02
2.2723666937e+00 3.2941062772e+00 6.7492658446e-01
1.3372687649e+00 1.6162189036e+00 1.2249778778e+00
7.0773336049e-02 8.6123012373e-01 1.9105608693e+00
3.0533654193e-01 2.0928023504e+00 3.4671720847e-01
5.6890451557e-01 2.1298928970e+00 3.2686188013e-01
-3.9127350166e-01 -3.3380028726e+00 2.7633119192e-01
2.4792150176e+00 3.8454678128e-01 3.6009844859e-01
8.8762176376e-01 1.4963849619e+00 1.3223199126e+00
2.8523323873e+00 -2.5984249947e+00 -2.4127193809e-01
1.4754917711e+00 -1.8907691279e+00 -1.3123863064e+00
-1.1149496786e-01 -8.0361334600e-01 1.2624270752e+00
-1.0442594524e+00 -3.8207012508e+00 3.1881264730e-01
2.2768457847e+00 3.0561191685e+00 7.8385003955e-01
1.3179537819e+00 1.3783592311e+00 1.5131433406e+00
-1.4844277018e+00 2.5778453221e+00 2.4861711777e-01
2.3812522688e+00 9.5937528223e-01 7.9355097655e-01
-1.9012980395e+00 -2.5701744976e+00 1.9154318416e-01
-3.4684658206e+00 2.2045856631e+00 -2.1592284598e-01
-2.0374426458e+00 -2.7941426285e+00 1.8118475785e-01
-1.2883441990e+00 2.1321462544e+00 6.8252541879e-01
-2.3462477559e-01 -3.2169673280e+00 2.1565378674e-01
-6.3638748007e-01 -7.9697983309e-01 1.2548415209e+00
9.1552179615e-01 8.2722621126e-01 2.3096250607e+00
1.3656527634e+00 3.8693045948e+00 2.6610164800e-01
6.1557372333e-02 3.7582526925e+00 -1.6524587467e-01
-3.7579737113e+00 -3.5586824352e+00 9.8819238815e-02
-5.0995678631e-01 -3.2599571073e+00 3.1295973267e-01
-2.3436209259e+00 3.7119307095e-01 5.9765993417e-01
-1.4764048068e+00 -2.2306790444e+00 4.7212312565e-01
1.9555218252e+00 -2.9382772330e+00 -6.7158039613e-01
-1.9956299297e+00 -3.0025239797e+00 2.1933295388e-01
1.0063578260e+00 -3.6382485494e+00 -2.0512243913e-01
-6.3762623783e-01 3.1987354808e+00 -3.3814028804e-01
7.4307948198e-01 -2.2071092236e+00 -4.4428930570e-01
5.1842686217e-01 7.6161331381e-01 2.3288554407e+00
-2.6885436246e+00 5.7828409456e-01 2.2690774872e-01
-8.9733130879e-01 -3.2241255226e+00 3.7886580823e-01
3.2254097931e+00 3.5952574320e+00 2.1921360213e-01
-1.4417607512e+00 9.4037091702e-01 1.4604944412e+00
3.1475154412e+00 2.9504397621e+00 4.4852924304e-01
2.5515265443e+00 -1.5927362293e+00 -1.0300969815e+00
2.4522089900e+00 2.2890954694e-01 2.2857630401e-01
2.4422930348e+00 3.6409188803e+00 4.2612266559e-01
-3.3026371739e+00 3.4752715533e-02 6.0498631492e-01
-2.4486616121e+00 -1.8060132648e+00 7.5705003951e-02
1.1812875513e+00 -1.9864847149e+00 -9.9128063421e-01
-2.8522798398e+00 -2.3719819747e+00 8.9216306706e-02
2.0076388697e+00 1.8107986650e+00 1.1208381858e+00
-3.7390231200e-02 1.6736872356e+00 9.5247614150e-01
-6.8713648795e-01 -1.8185888773e+00 1.0428934609e+00
-2.2113102624e+00 -2.4843633475e+00 1.0669517756e-01
-9.9356985410e-01 -2.5525973638e+00 5.2704694885e-01
-2.4388493159e+00 -3.9904138279e-01 7.0430082852e-01
-1.4312183219e-01 -7.2973137120e-01 1.3009293366e+00
-3.6200952989e-01 -3.9038614892e+00 2.8428376383e-01
1.1891387666e+00 -2.2072128855e+00 -9.9411989749e-01
-2.4110610887e+00 3.1809408177e+00 1.0820385353e-01
-3.1007144810e+00 -7.1543757828e-01 3.4968730080e-01
-2.9156404412e+00 3.8086050271e+00 -1.0142291892e-01
-3.8210220163e+00 1.4697841760e+00 -3.9474784787e-02
1.8474098331e+00 -1.2607936502e+00 -1.2082835681e+00
-1.1823004865e-01 -3.1523470383e+00 1.5896603523e-01
-2.4498166305e+00 1.1981768866e+00 2.8236659625e-01
1.3840412193e+00 2.8285063255e+00 2.8157866495e-01
-3.2941138323e+00 -1.5261557125e+00 1.8921891604e-01
-2.8761335447e+00 1.3927670029e-01 5.1310211697e-01
-3.2617644990e+00 4.0000000000e+00 -6.5701499388e-02
3.1382955708e+00 -3.4665901121e+00 -1.5652588047e-01
2.7733789405e+00 3.1173069226e+00 5.9440613244e-01
-3.3388829619e+00 -5.8860135172e-02 6.1582102070e-01
-1.5297449011e+00 2.0845411088e-01 1.3087502244e+00
-4.0000000000e+00 8.3906378997e-01 4.1055979144e-01
-3.8508118932e+00 2.7572397857e+00 -3.3203978053e-01
3.5547472688e+00 4.0785810282e-01 1.4975134882e-01
-9.2147863463e-01 -2.8673320014e+00 4.1788415145e-01
2.0395942981e+00 -9.5713728433e-01 -8.7299586152e-01
4.0000000000e+00 -2.4178886033e+00 -6.0807877096e-02
3.1802457414e+00 6.9167950313e-01 1.7431074569e-01
8.9592894875e-01 -1.6300843788e+00 -3.8813571489e-01
2.3818113983e+00 -3.0058091686e-01 -2.4537617587e-01
-1.9948251594e+00 -2.6298315106e+00 1.7015063535e-01
1.8536510332e+00 1.5551012982e+00 1.2623581356e+00
3.5463291788e-01 -3.2488031443e+00 -1.0406704974e-01
4.1255573336e-01 2.4517219209e+00 -9.0836592881e-02
-3.4579666507e+00 2.8368381736e+00 -2.5984181369e-01
5.0648010117e-01 -1.4889085310e+00 3.6020670629e-01
-2.6192073757e+00 3.4664819108e+00 -1.5357260505e-02
2.5147115059e+00 1.1769953503e+00 6.6384291709e-01
8.8781189187e-01 -2.2071343225e+00 -6.3693621028e-01
7.4393297650e-01 -1.3952300255e+00 7.5622484641e-02
-4.3365896157e-01 -3.4241855432e+00 2.8966227222e-01
-2.4591288276e+00 1.8561355738e+00 1.4490204371e-01
-6.0249532684e-01 1.9444909598e+00 6.9720881807e-01
-1.4454268242e+00 -3.3255610098e+00 3.4779314530e-01
3.0926945866e+00 3.1445154052e+00 3.9972457141e-01
-2.9678544751e+00 9.3432052501e-02 5.4110945152e-01
6.4648399793e-01 -1.2450129941e+00 3.8068080112e-01
-1.6303753386e+00 -8.9140151803e-01 1.0097800584e+00
3.8632831602e+00 -2.5903133412e+00 -2.8174150313e-02
1.3177539665e-01 -2.4116329652e+00 1.9827204060e-01
1.6914725307e+00 3.4693352621e+00 4.7446472339e-01
3.8450824800e+00 -3.7071644309e+00 -1.7455420081e-03
-2.8693394955e+00 -1.8856670021e+00 8.4665052713e-02
3.2213757230e+00 -9.6669866405e-01 -5.1091588698e-01
-1.7208348894e+00 -2.4787587769e+00 2.6088058516e-01
1.2950500378e+00 -1.5358862304e+00 -9.5681441839e-01
3.7603142968e+00 3.2556617532e-01 2.2462455381e-01
7.4408114960e-01 5.7481575402e-02 2.1536461253e+00
1.7446877162e+00 1.2585489800e+00 1.4870031647e+00
6.3827313732e-01 4.8695184738e-01 2.5136236716e+00
1.9383792103e+00 4.7737630403e-02 8.1324729405e-01
2.0888655250e+00 3.1051722303e-03 5.0606484680e-01
2.9469570457e-01 -1.6171408464e+00 5.5365725431e-01
2.2778274907e+00 1.6339680193e-01 4.0265175519e-01
-2.3193217340e-01 3.6096703317e+00 -2.7278368078e-01
-3.4938305367e+00 -1.3405800011e+00 2.3651937230e-01
-1.7164215786e+00 -7.5435734806e-01 1.0415425166e+00
4.2379415824e-01 -2.5326804661e+00 -1.7660427795e-01
-3.8124283833e+00 -1.2271011864e+00 2.6105498908e-01
9.4229075430e-01 1.6019038130e+00 1.1737645333e+00
7.6169121704e-01 1.8143502254e+00 8.3138846398e-01
2.4209684652e+00 4.9531768087e-01 5.3991784346e-01
-3.5976944995e+00 2.3887778055e-01 5.9677300909e-01
1.7680415199e+00 8.2668642000e-01 1.6714900251e+00
1.5342688619e+00 -4.0000000000e+00 -1.8534276194e-01
-1.0909826040e+00 -2.6877054233e-01 1.4567814808e+00
-3.0777869031e+00 -3.3968741415e+00 1.6133922860e-02
-4.4157104702e-02 1.2874677293e+00 1.3867316580e+00
7.2955035499e-01 1.5457826585e+00 1.2287442747e+00
2.8096888454e+00 1.3863542386e+00 4.7462210878e-01
-9.6473012417e-01 -3.9082458057e+00 3.0726236810e-01
1.7550865822e+00 2.7808166719e+00 6.1754914506e-01
5.9622362690e-01 1.6123862658e+00 1.1116426080e+00
1.1041050607e+00 -1.5384328440e-01 1.6214609957e+00
-7.7258372584e-01 -2.2370592441e+00 7.6202019820e-01
-2.7433408434e+00 1.8239833288e+00 -4.5369345548e-02
5.6999469373e-02 2.3893819771e+00 -5.8628734510e-02
1.1863276901e-01 -4.0000000000e+00 2.0989653814e-01
7.5462073910e-01 1.9131892126e+00 6.8021079337e-01
1.3096673078e+00 1.4430309100e+00 1.4333684104e+00
-2.9231227296e+00 -2.0370970679e+00 9.3247338490e-02
-2.3004528723e+00 -1.6010885711e+00 1.7903554698e-01
4.7039765014e-01 -1.4930064566e+00 4.0881757679e-01
-9.7082272360e-01 -2.1076615654e+00 8.1578905232e-01
-2.9180456647e+00 -9.3414871636e-01 2.6280156994e-01
1.3564394245e+00 -1.6164334914e+00 -1.0986957691e+00
-3.6063778609e+00 -2.0034862899e+00 1.2668352875e-01
-2.7181111824e+00 1.1752514720e+00 3.1176623828e-02
-3.2046873282e+00 -1.3446129583e+00 1.9949325680e-01
1.2195810765e+00 -2.8665062767e+00 -7.8192357303e-01
-8.3290851429e-01 8.7658715996e-01 1.4626191227e+00
-1.9000736657e+00 7.6265581466e-02 1.0872518959e+00
2.7334493054e-01 9.5942382310e-01 1.9401038751e+00
3.5321883591e+00 2.7463165884e+00 2.7913410466e-01
1.4649156839e+00 1.8377148681e+00 1.0126262187e+00
8.9435520482e-01 -1.1894359625e+00 6.9486316720e-02
-5.0975574769e-01 -1.3817729720e+00 1.1715869504e+00
1.3257482612e+00 1.6121041579e+00 1.2276419709e+00
-8.0530518311e-01 2.3059156170e+00 2.6705784509e-01
-2.5432343237e+00 6.0390382097e-01 3.0051317890e-01
1.5730645670e+00 4.0000000000e+00 2.5378625069e-01
-7.6936497654e-01 -7.9317803924e-01 1.2503054488e+00
-1.8850557310e+00 2.6048975386e+00 2.4714450095e-01
-2.6844296634e+00 1.6147665540e-01 5.2516415585e-01
-2.6968454100e+00 -2.7801323426e+00 9.7096639525e-02
-1.1909578162e+00 3.1474163423e+00 -6.9320717972e-02
-5.3055517665e-01 -1.9202499084e+00 9.7295859140e-01
1.0588754355e+00 5.3591864206e-01 2.4225224110e+00
8.8314742198e-01 8.0633671108e-01 2.3375291862e+00
2.0814377119e+00 -7.9560026754e-02 4.1218564467e-01
2.2064731878e+00 1.7822606161e+00 1.0683384803e+00
1.1790091879e+00 -1.4800332856e+00 -7.3165036585e-01
-1.1138379200e+00 5.1919633779e-01 1.4181568314e+00
2.5164125635e+00 -4.8443879391e-01 -5.2533877583e-01
3.5678227288e+00 6.5840480589e-01 2.1386856455e-01
2.2920429415e+00 4.0000000000e+00 1.9795651229e-01
3.7394449121e+00 -4.3624915180e-01 -1.1916557494e-01
3.1099672608e+00 -1.3957822358e+00 -4.9456096739e-01
-2.5581953930e+00 1.0976726175e-01 6.0315371379e-01
-2.3254539475e+00 -1.1409806837e+00 3.5847015239e-01
4.0000000000e+00 -1.9121139539e+00 -8.1800734849e-02
1.4496225114e+00 2.6321636383e+00 3.9487299581e-01
-1.3194673568e-01 -2.4739818967e+00 3.8362758144e-01
7.4643256408e-02 2.2446900147e+00 1.2207973740e-01
2.2391012508e+00 -2.4485109939e+00 -8.3891075675e-01
3.2722271547e+00 -3.1993569018e+00 -1.2118638739e-01
2.9874319110e-01 7.8099796059e-02 2.2003870025e+00
2.5863386856e+00 -4.2497494113e-01 -5.1891858495e-01
3.9453407015e+00 -2.9551972422e+00 1.7981365619e-02
8.0598175620e-01 7.6791494953e-01 2.3837222459e+00
-1.0603507048e+00 2.1821532500e+00 5.4325698202e-01
1.9851718714e+00 1.5131473159e+00 1.2162821699e+00
-5.1513363435e-01 -2.5722353367e+00 5.0611749176e-01
1.8940589392e+00 6.1269970270e-02 9.0562179486e-01
-3.4760952471e-01 -1.1454804949e+00 1.1948015793e+00
8.6808156564e-02 -3.6143217147e+00 1.2957659036e-01
9.9286838771e-01 2.7535975694e+00 -2.6642965632e-02
2.8589092993e+00 -2.8498713401e+00 -2.0987895746e-01
9.6273658397e-02 1.3375929737e+00 1.3735063929e+00
2.2325367566e+00 2.2967140309e+00 1.0124444798e+00
-3.8475081693e+00 1.7599661945e+00 -1.7030643335e-01
-2.7688137480e+00 -1.5288298713e-01 5.9992876498e-01
-2.2994979767e+00 -3.2266560027e+00 1.6200336094e-01
3.4657394781e-01 3.3247160436e+00 -3.4748391615e-01
5.3822147600e-01 2.7716244298e+00 -2.8095344990e-01
-1.1550832460e+00 3.2456211656e+00 -8.1974836736e-02
2.1578261775e+00 -3.5817097733e+00 -3.3059572946e-01
1.5723654714e+00 1.2871462037e+00 1.5589223711e+00
4.8697197175e-01 2.3329180570e+00 5.1852888043e-02
-1.9897300337e+00 1.4369049639e+00 9.2670535413e-01
-3.1733692807e+00 1.8370306984e+00 -1.2832018415e-01
4.8235851935e-01 2.4902389876e+00 -1.1092913781e-01
-7.7622176155e-02 7.9130925307e-01 1.8526896602e+00
4.2934502953e-01 1.8760571420e+00 6.9501536739e-01
5.3730113928e-01 2.1077550027e+00 3.5287146441e-01
4.8654991994e-01 -2.6806794109e+00 -2.8104522412e-01
2.0457984203e+00 1.4596270331e+00 1.1889575067e+00
-1.9495173824e+00 -7.4254983382e-01 8.9806507055e-01
-1.2496786664e+00 -6.6397174723e-01 1.2480892373e+00
-2.6498512911e+00 1.8709234969e+00 4.8656930580e-04
1.2135470056e+00 5.9926717306e-01 2.3170108008e+00
1.0556599012e+00 -3.5817762300e+00 -2.5029724124e-01
3.9531689772e+00 -1.1594537483e+00 -7.8666952633e-02
9.1464835297e-01 -2.6495730837e+00 -6.8461131733e-01
-2.7615813196e+00 3.6442463556e+00 -8.0186980270e-02
1.8296937869e+00 2.7884679091e+00 6.7271531254e-01
-3.3753150962e+00 2.7596467648e+00 -2.3735848318e-01
-1.3881144131e+00 -2.7657498456e+00 3.5442458389e-01
2.0233941233e+00 -1.7342712082e+00 -1.4370979348e+00
1.3478881167e+00 2.9590977830e+00 2.3700740071e-01
-2.9761377452e+00 1.4261912861e+00 -7.9728778907e-02
-2.8450902566e+00 6.5611547061e-01 1.4253120221e-01
9.0743132263e-01 4.7812863980e-02 2.0659921954e+00
-3.3623476629e+00 4.0000000000e+00 -6.6080971226e-02
-2.2223403858e+00 -6.4955019378e-01 7.5344885769e-01
-1.4848087811e+00 -1.5993599899e+00 7.9315284610e-01
-1.8781776184e+00 7.5037233631e-01 1.0521536449e+00
1.7279240532e+00 -8.7220917094e-01 -4.8989372022e-01
-6.2262079662e-01 1.1188210627e+00 1.4147758468e+00
-4.0000000000e+00 -8.9387809176e-01 3.2889812342e-01
2.5715503274e+00 5.2641262358e-01 3.7702862161e-01
-3.6294446554e+00 1.4189765584e+00 -2.7962642085e-02
-7.3814398666e-01 -1.8488842129e+00 1.0254910428e+00
2.2870600156e+00 -1.8361437661e+00 -1.2309715603e+00
1.3678116678e+00 2.8149952465e+00 2.6903443858e-01
-1.3421887575e+00 1.5569275765e+00 1.3998666889e+00
3.9014767573e-01 -1.7034539269e+00 3.6703115112e-01
-1.1653985229e+00 -2.5711863003e+00 4.7497166341e-01
9.9127434270e-02 -3.2731593908e+00 5.2418894718e-02
-2.1635557820e+00 -4.0000000000e+00 3.5412038759e-02
1.0259249507e+00 -1.0505175112e+00 7.2913531017e-02
-6.7727749959e-01 -2.3567723533e+00 6.7632902428e-01
-9.6909525460e-01 1.1505668916e+00 1.4782275803e+00
2.9221352480e+00 -5.2617204659e-01 -6.2041054624e-01
-8.7851485750e-01 -7.7294094080e-01 1.2494454103e+00
4.0000000000e+00 1.4068610906e-01 3.5674527528e-01
-4.2119013184e-01 -2.4407374844e+00 5.6285813624e-01
3.2341855737e+00 -2.9961836706e+00 -1.1306672762e-01
-6.7605188915e-01 3.3178528602e+00 -2.9697439592e-01
-1.1711038019e+00 3.9780318350e+00 -2.5903053179e-02
-3.3198620834e-01 2.3134740062e+00 8.3242454026e-02
-2.5388793285e+00 3.7319647673e-01 4.4535408157e-01
-3.9920587080e+00 2.4111947824e+00 -3.7510451813e-01
-1.2776653492e+00 5.2904649972e-01 1.3763720686e+00
3.4287853572e+00 1.4646115419e+00 3.0984422345e-01
2.5027951703e+00 9.8064541423e-01 6.3693776577e-01
-5.6216629170e-01 2.5289025772e+00 -8.4474583776e-02
-1.5317886344e+00 1.8816268281e+00 1.0328929479e+00
2.2957451613e+00 -3.1013848057e+00 -4.1895247806e-01
-1.0188694788e+00 2.6044496033e+00 5.3974870109e-02
-1.2712760216e+00 -1.1554287497e+00 1.0765640046e+00
2.7454154371e+00 1.9114823290e+00 7.7222407351e-01
-2.2858658198e+00 1.7198851971e+00 3.8036495846e-01
1.0638157973e+00 -2.5213479042e+00 -8.3343347496e-01
3.9627783769e+00 2.1472155892e+00 8.4705533347e-02
2.0462659653e+00 2.3663160155e+00 9.4376738101e-01
1.0535485326e+00 3.7121517917e+00 1.5337584501e-01
5.0974849295e-01 1.8591839221e+00 7.2988940351e-01
-3.8151398127e+00 -3.8657538256e+00 9.7946422234e-02
1.8267105558e+00 -5.0521142787e-01 1.5602478972e-01
1.8215675777e+00 5.6997067594e-01 1.5593479090e+00
-2.0973512196e+00 -3.2964866828e-01 9.6311985186e-01
-2.4472636763e+00 5.1744385050e-01 4.2399352824e-01
-3.7855059662e+00 -1.4047149032e+00 2.2450973994e-01
-3.3460970873e+00 -2.2570072754e+00 1.0684709080e-01
2.0650056224e+00 2.2608269316e+00 9.8488639530e-01
-2.8329977852e-01 -1.0103592543e+00 1.2137414727e+00
3.2677378917e+00 -6.7483893530e-01 -4.9649728990e-01
-1.8766907725e+00 1.8577271862e+00 8.0583816652e-01
2.4503964048e+00 -1.4060614581e+00 -1.1403361560e+00
-2.7791905891e+00 1.6117832328e+00 -5.0692970551e-02
9.1503677235e-01 7.0997816568e-01 2.4223453281e+00
-1.0822097146e+00 -3.9718630944e+00 2.8306815063e-01
-2.8558227926e+00 2.2417068447e+00 -6.6111586820e-02
1.5779929617e+00 5.7652510573e-01 1.9227897259e+00
4.0000000000e+00 1.5437447971e+00 1.7526865942e-01
-3.7715504985e+00 1.0516209342e+00 1.8407712137e-01
-6.1891194713e-01 -2.3157009354e+00 7.0180274156e-01
7.7656940223e-01 -3.1654512709e+00 -3.8694053404e-01
-2.8921674217e+00 -2.6670775557e-01 5.6180868398e-01
-1.2527524000e+00 2.2362742307e+00 5.3340442594e-01
1.1275936161e+00 1.7275481697e+00 1.0301715598e+00
-3.0589479678e+00 3.0955405018e+00 -1.4755574038e-01
6.7693004321e-01 -1.4511922331e-01 1.9017117521e+00
2.0399520763e-01 9.0565502988e-01 1.9615121266e+00
3.6816669549e-01 -3.3594790382e+00 -7.5261595734e-02
-2.4793064325e+00 -1.7533347206e+00 7.7934503740e-02
-8.2760882480e-01 -1.1978117896e+00 1.1922016571e+00
-7.9364178360e-01 -1.4328324884e+00 1.1595886376e+00
2.7312306533e+00 3.9271393669e+00 2.1392840164e-01
-2.7129368576e+00 6.0154425939e-01 2.0352446276e-01
-3.1095968050e+00 1.6847378579e+00 -1.1284008904e-01
-2.3760698173e+00 3.0742276878e+00 1.2445740979e-01
-1.3311221824e+00 -2.8986176812e+00 3.5943535377e-01
4.4929186350e-01 1.8526684971e-01 2.3227309793e+00
9.4779074134e-01 1.0116629280e+00 2.0586968157e+00
-1.0933633593e+00 4.0109443653e-01 1.4470396680e+00
-1.1635991328e+00 1.8454010163e+00 1.0819985650e+00
1.1236989016e-01 2.2309343631e+00 1.4048105389e-01
-1.1013558230e+00 1.4026927156e+00 1.4490702102e+00
-1.2554755988e+00 -3.5949959657e+00 3.4274849999e-01
3.4963307434e+00 -2.6433885984e+00 -3.9288768005e-02
1.3453265108e-01 1.9348033412e-01 2.2178954031e+00
-2.1394685066e+00 3.0539162907e+00 1.6802892402e-01
6.9761142986e-01 1.9979589902e+00 5.4202815351e-01
3.9482298632e+00 1.3319257845e+00 2.1335699300e-01
3.2549069026e-01 3.0022233276e+00 -4.1685644527e-01
-3.5613984282e+00 -8.3990197849e-01 3.3584295128e-01
1.1339134444e+00 2.6947776639e+00 9.7520883347e-02
1.3170823794e-01 2.6592485102e+00 -3.1142937041e-01
-2.5352225546e+00 -1.5839282375e+00 9.9395675090e-02
-3.0133427259e+00 1.7792390611e+00 -1.1170088623e-01
-1.7113901858e+00 -8.5400908945e-01 9.8457390788e-01
-1.8815614019e+00 1.4872880947e+00 1.0605241149e+00
-8.3978908524e-01 1.8413889221e+00 9.5342759355e-01
-3.1160078753e+00 -5.6133622601e-01 4.1958675161e-01
9.4352428494e-01 1.6249411503e+00 1.1402843514e+00
2.7786058821e+00 2.2831856162e+00 8.3792319771e-01
-2.7692937151e-01 -3.8592983680e+00 2.6862142517e-01
-8.2220206693e-01 -4.3180335623e-01 1.4226414120e+00
-1.2886562856e+00 -3.8812896634e+00 2.7625868118e-01
2.3859296961e+00 -1.1049624461e+00 -1.0614875610e+00
-3.8775420999e+00 1.0451215430e+00 2.1796277832e-01
-6.5168481773e-01 2.6983851161e+00 -1.8855483364e-01
-1.9735636325e+00 -4.0458192008e-01 1.0338514092e+00
1.6512359914e+00 1.5800336370e+00 1.2900366666e+00
-9.8880834913e-01 1.2552873421e+00 1.4653531977e+00
1.1533870528e+00 3.8843101260e+00 2.1274628491e-01
2.1698816882e+00 7.5478265231e-01 1.0656525901e+00
1.5531659651e+00 -1.0866221223e+00 -7.3089688725e-01
2.1354404836e+00 1.8695159271e+00 1.0849938812e+00
2.1022619695e-01 2.0924219504e+00 3.4151564789e-01
-5.4494094740e-01 -3.5529010564e+00 3.1512853304e-01
2.4714902408e+00 3.3971327223e+00 5.7165905270e-01
1.7932241419e+00 -6.5103428831e-01 -8.2078213125e-02
-2.7563859742e+00 -9.7924382006e-01 2.5676078441e-01
3.6597897899e+00 7.9442378811e-01 2.3622014874e-01
-2.6812514550e+00 -1.5472790800e+00 9.1842299595e-02
-2.8205423726e+00 2.1706142162e+00 -6.0186200774e-02
1.7510033604e+00 -6.5448399523e-01 -4.1097482285e-02
2.5771296844e+00 -7.1131334975e-01 -7.3197668708e-01
-2.6445186652e+00 -4.3598616143e-01 5.7184764445e-01
-2.5437322479e+00 1.2960717682e+00 1.5848102495e-01
-3.4729341833e-01 -2.1361297330e+00 7.6254702163e-01
2.4080956975e+00 -6.6675969453e-01 -6.3647851463e-01
-5.8263016580e-01 2.6320235475e+00 -1.6725018574e-01
7.7742902515e-01 -3.0898817113e+00 -4.2759034958e-01
-1.9157208860e+00 -1.5404908657e+00 4.6869382835e-01
2.3285829549e+00 -2.1654237295e+00 -9.7161876359e-01
-2.7361960279e+00 -2.1086250964e+00 6.5647985737e-02
2.3754409021e+00 1.4631991807e+00 8.9870628342e-01
-1.8761689003e+00 -1.7323575153e+00 4.1872538168e-01
2.5369375874e+00 2.9749622553e+00 7.7814874621e-01
-2.6442044020e+00 -3.3452599638e+00 6.6941901623e-02
-3.4073609148e+00 -2.0281650137e-02 6.2298185001e-01
-2.7171323540e+00 -1.3677231552e+00 1.2859249469e-01
-3.0567838232e+00 3.6087233233e+00 -1.3207760080e-01
-2.6330350793e+00 -1.5161892981e+00 1.0014604235e-01
-4.0000000000e+00 1.3903155370e+00 7.0484121675e-03
1.3614556185e+00 -3.3019150086e-01 1.0632113936e+00
-4.0000000000e+00 1.5687628306e+00 -9.7492214922e-02
2.1908706008e+00 -2.2691973591e+00 -1.0203714945e+00
1.1311083679e+00 1.5271224824e+00 1.3062223252e+00
1.6585671284e+00 -8.8610999265e-01 -4.4918743847e-01
1.9922672607e+00 -3.4992689430e+00 -3.6500699969e-01
1.7462220919e+00 -3.2516746845e+00 -5.1524664072e-01
1.4019551095e-01 1.5103829171e+00 1.1745252023e+00
-1.2927697223e+00 6.7586328019e-01 1.3962326243e+00
2.5595456648e+00 3.0683338436e+00 7.2443119845e-01
9.8559099349e-01 1.7743156705e+00 9.3144341749e-01
-1.2335283194e+00 -3.2332963401e+00 3.7511232148e-01
-7.8154910114e-01 -3.9327243820e+00 3.0977111779e-01
-6.2913458463e-01 -2.4250117059e+00 6.2416021525e-01
2.1022857781e+00 -1.9079425142e+00 -1.3450181239e+00
1.9984454888e+00 -1.6023949645e+00 -1.4368047694e+00
2.5798138386e+00 1.8123024643e+00 8.4115723047e-01
1.9770464917e+00 -7.8403600772e-01 -5.2783049219e-01
-3.9658499606e+00 6.8200060924e-01 5.0659682363e-01
1.0914455695e+00 1.6825319790e-01 2.1047440859e+00
-1.8341647726e-01 -2.0843083251e+00 7.0876241678e-01
8.1240317281e-01 8.5369823245e-01 2.2849027465e+00
-3.5206611817e+00 -2.7089670314e+00 4.2966263972e-02
1.6763931467e+00 -2.7473478568e+00 -9.2148748962e-01
-1.2002283516e+00 -2.7035245919e+00 4.2058053784e-01
7.6307835574e-01 -1.8492427782e+00 -3.1144325870e-01
-2.6657668860e+00 2.4959752276e+00 1.6339730239e-02
1.8003210017e+00 8.4293850448e-01 1.6251183144e+00
-4.6450546300e-01 -2.0322213561e+00 8.8290516474e-01
-2.3971099748e+00 1.4212713706e+00 3.1495400974e-01
-3.4080794294e+00 -1.8638285186e+00 1.5728689858e-01
-3.6476495916e+00 -2.9519423387e+00 4.3394632049e-02
-2.4790519721e+00 2.0472007367e+00 9.5104029273e-02
-1.7072146718e+00 1.5372870276e+00 1.2395580040e+00
1.6085807327e+00 2.6848811366e+00 5.2064183205e-01
-3.0702522230e+00 -7.5571943672e-01 3.3303709477e-01
-3.8034109068e+00 2.0382787368e+00 -2.6129092123e-01
1.5836127162e+00 4.7838840693e-01 1.8676925555e+00
-6.9712404855e-01 -2.0886658096e+00 8.7459714602e-01
2.9330790529e+00 -3.4575781694e+00 -2.0533720786e-01
-1.6911567428e+00 -2.0205269688e+00 4.2612004437e-01
-8.2946948814e-01 -1.3945797405e+00 1.1618161136e+00
-3.0559498429e-01 5.6714731290e-01 1.7983452668e+00
-9.1948879111e-01 4.9005126889e-01 1.4802166875e+00
-2.8023331463e+00 -2.6449402433e+00 9.0851057502e-02
2.0832446203e-01 -1.0799809399e-01 1.9980522624e+00
4.2296137912e-01 -6.5643501002e-01 1.2824963694e+00
-1.9619160186e+00 -3.1664738661e+00 2.4231066799e-01
1.7764008628e+00 -3.5193297007e+00 -3.7322120500e-01
-1.1683347872e+00 -1.6545686721e-01 1.4689617089e+00
2.7015896233e+00 1.9291900403e+00 8.0639844984e-01
-1.2961089940e+00 1.1262487770e+00 1.5299533779e+00
1.9919702613e-01 1.2394362591e+00 1.5296388970e+00
2.0767081173e+00 2.9423067746e+00 7.7613868975e-01
-2.1203656079e+00 -1.4704465252e+00 3.4146491159e-01
-1.3177682951e+00 -5.3951487434e-02 1.4290801290e+00
1.5495017592e+00 -1.9263660937e+00 -1.3645856779e+00
2.2238952920e-02 8.4234758292e-01 1.8904694021e+00
-2.6300993912e+00 -9.9494195301e-01 2.8156925898e-01
1.0223313918e+00 3.0123383829e+00 -3.5150035988e-02
-2.3189074290e+00 -3.6190579935e+00 1.0606993590e-01
-3.0659981610e+00 -2.2290140096e+00 1.0601904239e-01
-1.5547171951e+00 4.7751353907e-01 1.2696573795e+00
2.6587093190e+00 1.3355004034e+00 5.6813688860e-01
-2.6717156939e+00 8.2763369820e-01 1.2736808840e-01
-1.9622583669e+00 1.0819190827e+00 1.0165343138e+00
7.1500315423e-01 1.3648454152e+00 1.4977602478e+00
-1.2786840274e+00 -4.0000000000e+00 2.4381688747e-01
2.4680091484e-01 1.0921891305e+00 1.7453834392e+00
4.9040757815e-01 -1.7748259941e+00 1.7070225796e-01
-4.6110283780e-01 2.0360147036e-01 1.8338325852e+00
3.0079318257e+00 -3.9269668662e+00 -1.4967722894e-01
3.7258100377e+00 -9.0887489713e-01 -1.9828277377e-01
-3.3830596636e+00 1.7694365182e+00 -1.3117740913e-01
2.0664489548e+00 2.6633031259e+00 8.5743634705e-01
-3.7076524717e+00 4.0000000000e+00 -9.5925117896e-02
1.3747771408e+00 -6.7749560008e-01 3.6804032042e-01
7.1663828806e-01 -3.1757132242e+00 -3.4882287217e-01
-1.3386490746e+00 -7.1342760221e-01 1.2105006165e+00
-1.8049421478e-01 -2.0078584051e+00 7.6272729654e-01
2.2068903654e+00 -1.4451452717e+00 -1.3134619052e+00
1.9823460609e+00 -7.9553316930e-01 -5.5374213856e-01
-6.9722243139e-02 3.9465942959e+00 -5.1802885101e-02
1.1249785617e+00 1.3672146906e+00 1.5282634265e+00
-2.8053952265e+00 2.4297729073e+00 -3.8175292870e-02
2.4023886421e+00 1.2484326182e+00 8.1588801971e-01
-2.1586456310e+00 -1.3709743806e+00 3.5761902296e-01
1.8210674824e-01 2.0804068232e+00 3.5871002361e-01
1.0693430239e+00 -1.4392650814e+00 -5.1325738771e-01
-2.7498319718e+00 -2.3835756023e+00 8.2956081323e-02
-2.0566755085e+00 -1.4754383265e+00 3.8653209067e-01
-1.9004791936e+00 -1.7771297465e-01 1.1123749419e+00
-1.4864015266e+00 2.9671115058e+00 8.3825063678e-02
1.4994291910e+00 -1.9160757299e+00 -1.3303428156e+00
1.8388994847e+00 4.0000000000e+00 2.4309702922e-01
2.4775543157e+00 2.4582133575e+00 9.6296093250e-01
5.8232641919e-01 2.8249042944e+00 -2.8263600185e-01
-3.1250665026e-03 -3.4909156779e+00 1.4128935395e-01
4.0000000000e+00 2.8573610452e+00 3.6854060289e-02
8.9248372201e-01 7.9620216856e-01 2.3473528733e+00
6.1640179440e-01 4.0000000000e+00 1.1192539116e-01
7.1699797650e-01 1.5166544870e+00 1.2704588153e+00
2.8431909459e+00 -2.0176103037e+00 -4.8581978472e-01
1.0507017318e+00 -3.7389881003e-01 1.3132879732e+00
2.8850855919e+00 1.2225505860e+00 3.6261077878e-01
3.1354129950e+00 2.0475388012e+00 6.0683562346e-01
-1.7083850795e+00 6.0009375696e-02 1.2245372992e+00
-2.8824850320e+00 1.7092040153e+00 -8.8264341480e-02
-2.4709460114e+00 2.1042887100e+00 9.3941919610e-02
3.5703642959e-01 -1.8609151605e+00 3.0432038867e-01
-2.9687757102e+00 3.2606617957e+00 -1.2438272866e-01
-2.2084011729e+00 -2.3517314948e+00 9.4945850702e-02
2.3420935475e+00 2.3064630345e+00 1.0107439566e+00
-1.0228246605e+00 3.8566917125e-01 1.4763819615e+00
-3.1236191586e+00 5.7616811751e-01 2.3286243724e-01
-3.0751775179e+00 -2.0970699777e+00 1.1323615265e-01
-1.7584484551e+00 1.8592312767e+00 9.1942424653e-01
-2.6058780949e+00 -1.9185388690e+00 5.1458916313e-02
2.0562808232e+00 4.1800515766e-01 1.0513190445e+00
2.6076100287e+00 -2.6555123029e+00 -3.9309378692e-01
3.9627361205e-01 8.4288922351e-01 2.1689363445e+00
-3.3277158583e+00 3.8229887015e+00 -1.0998679457e-01
-3.3962954299e+00 2.5204067984e+00 -2.3095540419e-01
-1.0748703161e+00 2.5153692191e-01 1.4967278360e+00
-2.6915204583e+00 -3.0497532724e+00 8.4226151692e-02
8.9335700256e-01 -3.4561847174e+00 -2.7123555299e-01
-3.0479205769e+00 -2.3529059678e-01 5.6506507731e-01
2.3773979446e+00 -2.7198509050e+00 -5.4397866028e-01
3.7695870582e+00 4.0447516526e-01 2.4472151779e-01
-2.9138660916e+00 -8.5492431866e-01 2.9483409935e-01
-3.3200452903e+00 1.0326137706e+00 5.7519110487e-02
7.9287326422e-01 -2.3053897080e+00 -5.3925000789e-01
-1.6332592599e+00 -2.7807560361e+00 2.7827523203e-01
-7.5610391668e-01 3.2882691629e+00 -2.7041136830e-01
5.1607001832e-01 2.3627434592e-01 2.3743754144e+00
3.2301983012e+00 -3.5719300052e-02 -2.6954795221e-01
1.0254670638e+00 -1.9470487656e+00 -7.6772430268e-01
3.6164626595e+00 1.2692316214e+00 2.4127783005e-01
3.3256730441e+00 3.0734531839e+00 3.0589128700e-01
-2.8290998934e+00 1.5627211759e+00 -6.5244179102e-02
1.4580560233e+00 7.0010030104e-01 2.0727924051e+00
-1.8398713213e+00 3.6257811879e+00 7.8661915488e-02
1.1409417254e+00 2.8693820930e+00 6.2208829762e-02
-1.2714332445e+00 -2.1285986001e+00 6.6231930369e-01
1.1699577067e+00 1.4748074554e+00 1.3822135886e+00
-3.2905629514e-01 4.8254656169e-01 1.8234015590e+00
-2.8814269209e+00 -3.7255569337e+00 3.2345101401e-02
3.0990541038e+00 1.7315899453e+00 5.1424891420e-01
2.2202689978e+00 -4.0000000000e+00 -3.0353600715e-01
-1.6676361058e+00 -2.8397917890e+00 2.7157920015e-01
1.8263653140e-01 2.6578001558e+00 -3.0559235074e-01
1.9822563306e+00 5.5422597460e-01 1.2854296608e+00
-4.0000000000e+00 3.6725571079e+00 -1.5693540253e-01
-1.2086170070e+00 4.4011018482e-01 1.4020218579e+00
-1.5213133037e+00 1.1630446879e+00 1.4824416582e+00
-2.3313747229e-01 -1.6179626807e+00 1.0170326078e+00
-4.4327734164e-01 1.9302790420e+00 6.6142972733e-01
-3.5499238909e+00 6.1809848499e-01 3.7062013585e-01
1.3017393865e+00 -9.7292312699e-01 -1.8902427365e-01
-2.6120953882e+00 -2.9536217142e+00 1.0385633805e-01
4.0000000000e+00 -1.6916191107e+00 -7.7319286282e-02
3.2066456339e+00 -3.3058302458e+00 -1.4064383661e-01
-2.7263305166e+00 -3.4683242241e+00 4.2603939463e-02
-1.4846826564e+00 -2.5984855803e+00 3.4453059260e-01
-1.9204899971e+00 2.0454372236e+00 5.7792758819e-01
1.9594877954e+00 8.7100028838e-01 1.3985081025e+00
3.4967347190e+00 -3.6427050115e+00 -6.3179072997e-02
-2.1286882389e+00 -8.9769374275e-01 6.5708259971e-01
-5.8146527758e-01 7.2665645883e-01 1.5373614121e+00
1.0288247855e-01 -3.3235389433e+00 5.9702434035e-02
1.2962497908e+00 -3.4867554080e+00 -3.6046461978e-01
1.3857061444e+00 4.0000000000e+00 2.4618278525e-01
-2.2551938413e+00 3.2648560797e+00 1.3980314234e-01
2.1695565600e+00 2.2751282814e+00 1.0081315556e+00
9.3895610118e-01 2.7655413904e+00 -6.7123368048e-02
-3.9896786595e+00 -2.7927888802e-01 5.4691410642e-01
4.0000000000e+00 -1.6517452832e+00 -7.6533385623e-02
3.5645762005e+00 2.0839741499e+00 3.5950139939e-01
2.5515892932e-01 2.7287896342e+00 -3.4108633955e-01
1.8898902650e-01 -1.7486796261e+00 5.9473764325e-01
2.2358713486e+00 3.0779946139e+00 7.7206148477e-01
-2.5306778823e+00 -2.4561081510e+00 7.8479205584e-02
-3.2642573382e+00 3.1303199992e+00 -2.1120741331e-01
-3.9886243620e+00 -2.6541667995e+00 4.5269167071e-02
-2.6235074873e+00 4.3413652183e-01 3.5409841946e-01
-6.0513814932e-01 1.3846470061e+00 1.2795725986e+00
-2.0985178240e-01 -2.8902438834e+00 2.3527646619e-01
3.9106588209e+00 -3.3627513263e+00 3.8487421918e-02
2.0975962053e+00 -1.0722311387e-01 3.5206065523e-01
2.2754107586e+00 -1.1580788305e+00 -1.1306966637e+00
-1.7231056533e+00 3.2686822342e+00 1.4244742155e-01
2.0776185469e+00 1.7971065293e+00 1.1106312209e+00
-2.9419419543e+00 3.2217046741e-01 3.9127210798e-01
2.6062846034e+00 -1.9853481390e+00 -7.8126352918e-01
2.0288560274e+00 -1.4239596682e+00 -1.3624878320e+00
-3.5778732245e+00 -2.4176955247e+00 6.8022472004e-02
-5.6497641383e-01 -1.4838913884e+00 1.1544310608e+00
-3.9414501595e+00 -2.4236017820e-01 5.6632230684e-01
-4.2764656252e-01 4.0000000000e+00 -3.4383534523e-02
-1.8189893526e-01 -9.1552933394e-01 1.2260393607e+00
2.4386383765e+00 -3.0389378389e+00 -3.7536759878e-01
2.2275396158e+00 -3.1104647746e+00 -4.4410876212e-01
1.1254995054e+00 2.0053256218e+00 6.5862676190e-01
-2.8404203861e+00 -3.1288938913e+00 5.0274917597e-02
1.5385208467e-01 -1.5264283406e+00 7.7155440978e-01
-9.1308858131e-01 -1.1122458857e+00 1.1905036347e+00
-1.0713383052e-01 2.8245354138e+00 -4.1068584865e-01
-5.6707640160e-01 -1.3319049268e+00 1.1855815445e+00
-4.0000000000e+00 3.6577009714e-01 6.5274327427e-01
1.6513984999e+00 -1.5883353205e+00 -1.3738339046e+00
-2.1330814892e+00 1.9850845476e+00 4.2458188987e-01
-3.3471717762e+00 3.6740396463e+00 -1.4594231179e-01
4.0000000000e+00 5.2729450810e-01 3.4496239819e-01
4.0000000000e+00 2.2733843045e+00 4.1331073717e-02
7.8346993666e-01 1.7502794782e+00 9.3096301903e-01
-2.3511613811e+00 -3.9378766979e+00 2.8386719237e-02
1.4848413609e+00 3.1655125445e+00 3.6919581203e-01
1.5772072434e+00 3.0041805403e+00 4.3715438441e-01
7.5717826319e-02 8.6534599445e-01 1.9101758921e+00
3.7340209315e+00 4.0000000000e+00 7.7913965265e-02
9.6661606747e-01 -3.1942655499e+00 -4.6024338696e-01
-1.3224870952e+00 3.0434747534e+00 1.2767984941e-03
1.7814338214e+00 -1.2330630038e+00 -1.1451374443e+00
-1.7515835078e-01 -9.1057782597e-01 1.2268102386e+00
-6.1006000534e-01 -1.4832886820e+00 1.1573406859e+00
1.4058461023e+00 -2.9584214221e+00 -7.6124160954e-01
2.6237515326e+00 -1.1821853866e+00 -9.6677906484e-01
-1.4188718163e-01 1.8995255541e+00 6.4867054884e-01
1.1914490469e+00 -2.1590337425e+00 -1.0016654217e+00
-8.1036381772e-01 1.1253099586e+00 1.4425774098e+00
5.2652004393e-02 1.2034652263e-01 2.1425901359e+00
-2.2275612260e+00 -1.9052276013e+00 1.3180765795e-01
2.5641110394e-01 -2.2689947041e+00 1.5566421662e-01
-1.9397463219e+00 -4.0000000000e+00 8.1070222280e-02
-3.5125620063e-01 1.4665079139e+00 1.1764412216e+00
-3.2049678570e+00 -1.0708768609e+00 2.4937488920e-01
1.4335165245e+00 -5.3064344010e-01 6.0551196720e-01
2.6457045977e+00 1.0061898962e+00 4.8167403722e-01
-2.6026542979e+00 2.6163755336e+00 4.6606395534e-02
2.1038286562e+00 3.3193877687e+00 6.5549604386e-01
-6.9199563190e-02 -1.2648238458e+00 1.0725487221e+00
-3.3524636023e+00 -3.7785044815e+00 7.5008400693e-02
5.4329006204e-01 1.0097953776e+00 2.0054371748e+00
-2.8389373235e-02 -2.2706316512e+00 4.4731701269e-01
-3.6806161697e+00 -3.6014672481e+00 8.9005204305e-02
-2.6177043606e+00 2.7123665873e+00 4.5266180648e-02
2.7427534438e+00 7.5632567192e-02 -2.0052294717e-01
1.4498116691e+00 3.8303305780e-01 1.9735160025e+00
-2.6298103363e+00 -4.0000000000e+00 1.8371256192e-02
2.7039161915e+00 -3.1022760119e+00 -2.6105749553e-01
3.1188029086e+00 -3.5801455097e-01 -4.9278032146e-01
1.8071815309e-01 1.6322279995e+00 1.0234519260e+00
1.6689049212e+00 1.7574672221e+00 1.1472714184e+00
-1.5722316406e+00 -3.4365725953e+00 3.1825464905e-01
1.9374787198e-01 2.9651746561e+00 -4.4404659724e-01
-2.4020065544e+00 -1.8794174895e+00 7.5047965230e-02
4.0000000000e+00 -9.0377242589e-01 -5.2742740540e-02
1.8818275419e+00 1.0846516723e+00 1.4488041073e+00
2.2661010343e+00 -3.8012349666e+00 -3.0501010364e-01
1.4108423791e+00 -2.8322505702e+00 -8.5852187016e-01
-1.1239956640e+00 -1.6322261252e+00 1.0102156364e+00
-3.4642789608e+00 1.6725561269e+00 -1.1308352384e-01
1.4181553383e+00 9.8205665671e-01 1.9302143755e+00
-5.8938821247e-01 -4.0000000000e+00 3.0109170093e-01
4.0000000000e+00 -1.4642568056e+00 -7.2626212754e-02
9.4806087652e-01 1.9776197421e+00 6.3098081737e-01
-3.4262789012e+00 -1.1398661180e+00 2.6433316614e-01
1.6906724078e-01 4.9793745018e-01 2.2663716554e+00
-3.5971376059e+00 3.0971644326e+00 -2.6614060635e-01
-1.8814973379e+00 3.3019111032e+00 1.6015207505e-01
1.2709689277e+00 -3.1017741666e-01 1.2011186305e+00
1.5680306748e+00 -3.7926991711e-01 7.1774790945e-01
1.6992635059e+00 -1.5655259971e+00 -1.3896190397e+00
-3.0255482955e+00 -2.3900808689e+00 9.5224706851e-02
-2.3565369522e+00 1.4626766410e+00 3.6148844383e-01
3.3087718573e-01 -4.9890760626e-01 1.5042561691e+00
1.3568006460e+00 2.6973473370e+00 2.8778817345e-01
6.0078922973e-01 4.0000000000e+00 1.0838438002e-01
2.8091865644e-01 2.4927677619e+00 -1.5420960941e-01
-3.9005656383e+00 1.7550282830e+00 -1.7650066176e-01
1.8152397134e+00 2.6990949983e+00 6.8716611090e-01
4.0000000000e+00 1.4237124089e+00 1.9338267969e-01
-3.8910033899e+00 -2.6061433117e+00 4.0239188981e-02
-3.8754891866e+00 -3.0566380697e+00 9.0429928769e-02
3.2239025289e+00 3.9311253776e-01 3.6865046527e-02
-1.7208516569e+00 5.7113990375e-01 1.1668063780e+00
-1.8237930791e+00 -3.6429767651e+00 2.2576800556e-01
-1.1041414945e-01 2.3609823596e+00 -1.4504458899e-02
1.9650069130e+00 5.9309156615e-01 1.3360498167e+00
-1.5437480727e+00 -8.8617156372e-01 1.0578977663e+00
9.2852517207e-01 3.3729169485e+00 -1.1789627592e-02
-2.9642631711e+00 2.0454666465e+00 -1.0301603161e-01
-3.2721040067e+00 1.5702811425e+00 -9.6665811143e-02
4.0000000000e+00 1.6383404795e+00 1.6009654012e-01
-2.4774862176e+00 -7.2683498635e-01 5.1981705520e-01
6.6061335135e-01 4.2597878900e-01 2.5022728022e+00
-1.4068825067e+00 2.1638897417e+00 6.5229313350e-01
9.3877884343e-01 5.3487345031e-01 2.4801156119e+00
1.9937341163e-01 -2.3644888122e+00 1.5774881769e-01
1.3155430474e+00 -3.3274974091e+00 -4.6560438190e-01
3.8255005536e+00 1.5985749728e+00 2.2833378284e-01
3.1343065851e+00 3.0494454489e+00 4.1707842483e-01
-1.3172034227e+00 1.3330201593e-01 1.4191120233e+00
-5.5193562015e-03 -2.6271054002e+00 1.9933671771e-01
3.1592214763e+00 3.3279411768e+00 2.9952914817e-01
1.7082620272e+00 3.6557208792e-01 1.5869122431e+00
5.6937801302e-01 -7.6064244732e-01 1.0663058264e+00
1.3032631569e+00 2.1017267614e+00 6.4329499496e-01
-8.2136054902e-01 -1.2358498265e+00 1.1880161940e+00
1.8813157274e+00 -1.2107641604e+00 -1.1641995090e+00
2.9873260992e+00 -1.6715399982e+00 -5.0911175535e-01
1.3511744759e+00 -9.8798203475e-01 -2.8827473859e-01
1.2957798648e+00 -1.9973706351e+00 -1.1294334522e+00
-3.2750955269e+00 -1.4770490156e-01 5.9858600743e-01
3.7016120223e+00 -2.6793973640e-01 -6.9794124067e-02
-7.0765282599e-01 1.1424484124e+00 1.4178483727e+00
2.2215740593e+00 -2.3163899300e+00 -9.5611690516e-01
3.3370339121e-01 8.5888445650e-01 2.1093321178e+00
-3.3107604884e+00 -2.8231481709e+00 3.8072264582e-02
3.1290596663e+00 2.3995729548e+00 6.1603515998e-01
7.7933386300e-01 2.0519342626e+00 4.8083439468e-01
-2.9213676745e+00 2.4634860260e-01 4.4623700044e-01
-4.0000000000e+00 -2.4684576539e+00 2.4170698722e-02
-1.1310673085e+00 -9.4910104523e-01 1.1766386055e+00
2.9103446599e+00 3.9286403127e+00 2.0370541019e-01
-2.4118563045e+00 1.8231619728e+00 1.9885716117e-01
2.0647140937e+00 6.9285073113e-01 1.2141858630e+00
1.4346061576e+00 3.2494744775e+00 3.3871666703e-01
-4.0000000000e+00 -1.0571319983e+00 2.8914153967e-01
-1.7150830048e+00 -6.6221300348e-01 1.0931570723e+00
-3.0082337135e+00 -2.7310429692e-03 5.7721114732e-01
-1.7374419218e+00 1.4521129326e-01 1.1920870712e+00
-1.3679393703e+00 -1.8778302813e+00 7.5079118320e-01
-5.8321629122e-01 -1.6414970004e+00 1.1108975840e+00
-1.3830729278e+00 2.1845580706e+00 6.2355064412e-01
2.3771114622e+00 -1.3769125220e+00 -1.1912086316e+00
2.2596983509e+00 5.6988618764e-01 8.3789626301e-01
3.2271425476e+00 -1.8319782283e+00 -2.3667001761e-01
-4.7842440176e-02 2.1169998825e-01 2.1162312650e+00
-2.6944179953e+00 -1.9537400237e+00 5.7102180963e-02
-2.4675491052e+00 -2.0070465917e+00 5.1406184051e-02
1.0566119265e+00 -2.4752206094e+00 -8.3486987331e-01
4.0000000000e+00 1.8548714214e+00 1.1926774442e-01
2.6170721420e+00 -2.0597162379e+00 -7.1767448288e-01
8.0516892692e-01 2.0869732156e+00 4.3892157748e-01
4.6348809687e-01 -1.0748386214e-01 2.0032150221e+00
2.7632327629e+00 -2.4711023664e+00 -3.3834837796e-01
6.4038930440e-01 -2.5471298999e+00 -4.1777505556e-01
1.0513846318e+00 -1.6593807558e+00 -6.6957451189e-01
-9.0710847517e-01 2.1903822103e-01 1.5810125309e+00
8.2480482231e-01 2.1931189067e-01 2.3206499498e+00
9.1621421181e-01 3.1578780754e+00 -8.9113936227e-02
-2.2422797837e+00 -2.5686213222e+00 1.1272933481e-01
-2.4613551991e+00 1.4542864467e-01 6.3852521317e-01
1.1786538250e+00 2.7936887674e+00 1.0591302645e-01
-2.8614640705e+00 -1.9098308336e+00 8.2821333756e-02
-2.6591391813e+00 2.0797182626e+00 -6.7006262560e-03
2.6952184126e+00 4.0000000000e+00 1.8169426005e-01
1.8553514738e+00 -4.0000000000e+00 -2.6143074951e-01
-3.3968859052e+00 -4.0000000000e+00 1.1472954472e-01
2.6109856894e+00 -1.4413178024e+00 -9.9097443133e-01
1.4457770644e+00 -1.8687519577e+00 -1.2855006970e+00
-1.7309764848e+00 -1.3776738797e+00 6.9217699873e-01
-5.7977323243e-01 -4.0000000000e+00 3.0081289067e-01
-3.4518163850e+00 3.0955366232e+00 -2.4947978652e-01
6.8799240532e-02 -5.4046039964e-01 1.4664424231e+00
-6.0171826346e-01 3.2144241336e-01 1.7030310908e+00
-4.0000000000e+00 2.6193351568e+00 -3.6721535684e-01
1.9795142449e+00 1.1375187020e+00 1.3216690095e+00
-1.0154912860e+00 1.0512081003e+00 1.4899447737e+00
1.1752764395e+00 2.3542680062e+00 3.2494963581e-01
-1.0258096901e+00 -3.8609903106e+00 3.1230970107e-01
2.1129917689e+00 4.1073848221e-01 9.4764156919e-01
-2.3779692413e+00 -2.8651727459e+00 1.3494254442e-01
4.0619140237e-01 -6.8983686934e-01 1.2484908545e+00
2.6963013918e+00 1.2186648141e+00 4.9033889272e-01
2.5887711144e+00 4.1180415606e-01 2.6053194464e-01
3.8605441302e-01 -1.1472150255e+00 7.9934450013e-01
1.2028108161e+00 -1.4294577727e+00 -7.1960137296e-01
2.7670842525e+00 -2.6217530407e+00 -2.8961589991e-01
3.8998924657e+00 -2.9829004756e+00 1.3901335408e-02
-1.4740830932e-01 2.1251025085e+00 3.0706316665e-01
3.8858929467e+00 -2.7910906403e+00 -1.0009358296e-02
-3.4513357044e+00 -8.3468852686e-01 3.2997393726e-01
2.5850191870e+00 3.3864890975e+00 5.3575382475e-01
-1.4248442461e+00 2.7717398568e+00 1.2167338875e-01
1.9503944842e-01 -5.4575330084e-01 1.4602834329e+00
-3.1995942427e+00 1.7650417666e+00 -1.2352934888e-01
3.1922528292e+00 4.0000000000e+00 1.7604410408e-01
-5.9852526052e-01 2.2809325638e+00 2.0969986773e-01
1.7750752651e+00 -2.1881426882e+00 -1.3035667613e+00
-1.4321879540e+00 -2.7681255901e+00 3.4062444694e-01
2.2151310923e+00 9.0120638972e-01 1.0238303986e+00
-1.3876664502e+00 -1.4932429829e-02 1.3998795891e+00
-4.0000000000e+00 2.0401964577e+00 -3.1516858399e-01
2.1902556512e+00 -7.2472433816e-01 -5.8250372708e-01
-2.0671114901e+00 -1.6367801872e+00 3.1312459017e-01
1.6035896248e+00 2.4218124131e-01 1.6100126867e+00
-2.7790436983e+00 -4.7467815920e-01 5.0382095779e-01
1.9494023116e+00 1.1034026143e+00 1.3655205302e+00
-1.3477280852e+00 -1.6741977713e+00 8.6310261487e-01
1.3566908885e+00 -8.9461809196e-02 1.4622638444e+00
7.5748124834e-01 -2.5203199965e+00 -5.3893763589e-01
2.5076380627e+00 1.3417055408e+00 7.2164659637e-01
4.0000000000e+00 -2.6804260923e-01 1.9012703207e-01
1.8809937059e+00 -5.0339153264e-01 9.1187642580e-02
-2.9063211463e+00 -3.0202703856e+00 5.1800157343e-02
4.0000000000e+00 -2.5046308580e-01 2.0053957857e-01
4.0000000000e+00 -2.2594076872e+00 -7.6227469825e-02
-2.7771028979e+00 -4.1578837119e-01 5.3016472470e-01
2.4452376238e-03 9.4205150253e-01 1.7747041722e+00
-1.3983075086e+00 2.8341468915e+00 8.5916447520e-02
3.6401294224e+00 -2.6796489336e+00 -2.8696120670e-02
-3.7152606222e+00 2.7087413419e+00 -3.1475156655e-01
1.5517118736e+00 -1.1262477132e+00 -7.9593008711e-01
3.1715510062e+00 3.4269072202e+00 2.6825745397e-01
-2.2146957989e+00 7.5550973564e-01 6.2390460768e-01
-2.4598942934e+00 1.8624523172e+00 1.4285470356e-01
8.5246792155e-01 1.8748623050e+00 7.5637470958e-01
3.6637257995e+00 1.7599882932e+00 2.9876347788e-01
-3.1256639314e+00 3.6099298876e+00 -1.4074214364e-01
3.2761402169e-01 -1.3064040283e+00 7.3345303743e-01
7.8086488588e-01 1.3658186981e+00 1.5055973034e+00
-1.8705216060e+00 2.5222234688e+00 2.8153410947e-01
1.5900921054e+00 -7.7285741180e-01 -1.1681947701e-01
-3.1323578268e+00 7.6064480681e-01 1.2373056631e-01
-2.3775008629e+00 1.7652300603e-01 6.7910388428e-01
-5.7084282297e-02 -1.2536208446e+00 1.0709289305e+00
2.7590965877e+00 6.9789898406e-01 3.0495213474e-01
1.1385096836e+00 1.2643116171e+00 1.6720762934e+00
1.0369830054e+00 3.4989005625e+00 9.6370095689e-02
-4.0892066622e-01 -1.6182196319e+00 1.0862065616e+00
2.5339183231e-01 -6.4296231878e-01 1.3454640716e+00
2.2206542636e+00 2.1250525013e+00 1.0412433653e+00
2.3659806274e+00 -1.9350414887e+00 -1.0980276741e+00
-2.3171818502e+00 -1.4732643187e+00 2.1358073743e-01
-3.4434879903e+00 -2.9057353921e+00 3.0615089765e-02
2.6531885182e+00 -4.0000000000e+00 -2.4546590972e-01
3.1416404062e+00 1.1705762730e+00 2.6249769465e-01
1.7185013059e+00 -1.6694093024e+00 -1.4398240309e+00
-6.0700507970e-01 -9.1938315477e-01 1.2363222479e+00
2.6795399172e+00 -2.6221119007e-01 -4.5020712213e-01
2.3561824439e+00 1.1586299275e+00 8.5614370328e-01
-7.0406119334e-01 -2.8787882341e+00 4.0418303078e-01
-1.8580324794e+00 2.5149048623e+00 2.8720552203e-01
2.6908154797e+00 -1.6423206625e+00 -8.5593995519e-01
-1.8989464386e-01 -2.9262020044e+00 2.1614685365e-01
9.3499862967e-01 1.7446043352e-01 2.2178391907e+00
-2.0628064594e+00 2.1833528120e+00 3.6366076114e-01
-4.2234206845e-01 2.9242661715e+00 -3.8931756141e-01
2.2616256448e-01 -2.6033646479e+00 2.7426415927e-03
1.8803614104e+00 -4.0092096871e-01 2.6046722016e-01
2.8873720752e+00 -2.1118372910e+00 -3.8840119133e-01
3.5897128823e+00 -2.7014903736e+00 -3.3101959391e-02
-4.7781374801e-01 -2.7955928501e+00 3.8295786287e-01
2.8456711979e+00 4.9195541766e-01 1.4054268581e-01
-3.8351446440e+00 3.2986796007e+00 -2.2334826156e-01
8.4550468457e-01 -3.6876906526e+00 -1.2952834300e-01
-1.6182967303e+00 3.1670883711e-02 1.2825494862e+00
-1.4091294631e+00 -3.8610442961e+00 2.5951221258e-01
1.1861370992e+00 2.3681264827e+00 3.2167347980e-01
-2.8288951451e+00 -8.3615948375e-01 3.1139173685e-01
4.0000000000e+00 -1.2939735582e+00 -6.8353942563e-02
-8.3473466581e-02 -4.0000000000e+00 2.4898346579e-01
-2.4903013903e+00 2.4777658371e+00 8.0497365400e-02
-3.5763144893e+00 6.2943299743e-01 3.7486384344e-01
-1.7373363779e+00 1.5431390438e+00 1.2056275322e+00
2.7752370222e+00 2.2342040611e+00 8.3732884669e-01
1.4822482498e+00 -8.6798215087e-01 -2.0338078897e-01
-1.5687314902e+00 3.1597687660e+00 1.0138995384e-01
-6.2996378582e-01 3.4871786201e+00 -2.5677696331e-01
1.4111986115e+00 -1.6953444237e+00 -1.2075453316e+00
1.5514168902e+00 1.7382410652e+00 1.1407807067e+00
4.0000000000e+00 -6.7723981346e-02 2.9673875445e-01
3.3688590763e+00 8.7050449217e-01 2.0561184534e-01
-1.4794085013e+00 -2.1716394666e+00 5.0015246356e-01
-2.3560319513e+00 2.3858814030e+00 1.3587625777e-01
-1.4798119844e-01 1.0442621265e+00 1.5814334290e+00
-1.7673212882e+00 1.0740783311e+00 1.2699113092e+00
-2.5172765156e+00 1.5370840262e+00 1.4802066051e-01
1.0889177517e-01 5.5863852447e-01 2.1895231418e+00
-1.9579935822e+00 -4.0000000000e+00 7.6838907782e-02
3.7021954311e-01 1.8479214882e+00 7.3288739321e-01
-1.6081820679e+00 -3.7078806060e+00 2.6024700712e-01
-2.1110350210e+00 -2.6076855848e+00 1.4148731455e-01
2.7740558373e+00 -2.3134839274e+00 -3.9452798351e-01
5.4014601015e-01 -1.1849075027e+00 5.8789925178e-01
-1.5978882481e+00 -1.9474166489e+00 5.3531278710e-01
7.5723184247e-01 -5.9210548636e-01 1.1860498268e+00
-2.8258516542e+00 1.2353047968e+00 -2.5989404494e-02
3.1476248389e+00 -2.4099751773e+00 -1.1774122292e-01
-3.9248323435e+00 6.3756549048e-01 5.1703099623e-01
7.9471064365e-01 1.6973943275e+00 1.0115532458e+00
2.2027926981e+00 -6.3817426609e-01 -4.6339604061e-01
1.8780900052e+00 1.3850084086e+00 1.3292768287e+00
-2.4181974054e+00 2.4575807044e+00 1.0792530848e-01
-9.7387789619e-01 -2.5075361021e+00 5.5436920923e-01
-9.9794580607e-01 7.4384505797e-01 1.4456583085e+00
3.8696673012e+00 -6.9917765149e-02 1.7706827642e-01
-2.7481902732e+00 1.7589308959e+00 -4.5529149084e-02
-4.0000000000e+00 -2.1948187482e+00 2.2958140469e-02
2.4293392403e+00 -3.8975502233e+00 -2.9075607448e-01
4.0000000000e+00 2.3451923100e+00 3.4604440713e-02
-1.0299203225e+00 -2.6412049537e+00 4.7999841809e-01
5.1699098897e-01 9.4619753642e-01 2.0903957283e+00
2.5858934980e+00 2.9128240952e+00 7.8777565860e-01
-3.9290503060e+00 2.4734062466e+00 -3.6133928140e-01
-1.6777780843e+00 2.7975532982e+00 1.7947720105e-01
2.8284751840e+00 3.8935142995e-01 6.3684016854e-02
1.6013804861e+00 -8.3020798537e-01 -2.6112066875e-01
-1.4058266107e+00 -2.5248246631e+00 3.9664228635e-01
-2.0527383952e+00 3.1422699753e+00 1.7303512940e-01
1.9164562751e+00 -3.8879267427e+00 -2.8461513834e-01
-2.3509765673e+00 -2.8197799373e+00 1.3387019443e-01
-2.4798758125e+00 -1.0073612667e+00 3.4154460906e-01
-3.1505545372e+00 1.7328538351e+00 -1.1857942833e-01
-1.9955205939e+00 -9.2209613118e-01 7.4130157115e-01
-3.3224818581e+00 -1.6629007830e+00 1.7628986186e-01
2.6972234883e+00 -5.8166069065e-01 -6.5967457489e-01
1.0670522008e-01 1.1013016296e+00 1.6589523275e+00
5.3198175890e-01 -2.9442709674e+00 -3.1363395798e-01
1.6471102305e+00 -2.9071058240e+00 -7.9905579060e-01
-2.3395750379e+00 -1.8527839100e+00 9.7915706692e-02
-3.2632595997e+00 -4.7121490948e-01 4.6536988044e-01
-1.6227870450e+00 1.4688340060e+00 1.3500846245e+00
1.7326532050e+00 4.0000000000e+00 2.5026955921e-01
-3.9724645366e+00 1.1434174861e+00 1.6966831997e-01
4.0000000000e+00 4.0000000000e+00 -8.7195015025e-03
-4.0000000000e+00 3.2357652032e+00 -2.1884123660e-01
1.1336628930e+00 3.9011689297e-01 2.3054899581e+00
5.4374643762e-01 7.6091416513e-01 2.3403961201e+00
4.0000000000e+00 -8.6359567318e-01 -4.9610668226e-02
3.1838223404e+00 -9.0135411257e-01 -5.4554818746e-01
-1.2728684108e-01 -2.4045810530e+00 4.2788118017e-01
5.1896564362e-01 2.4339719758e+00 -4.8198291003e-02
-3.7515829687e+00 -1.5591395532e+00 1.9518024122e-01
-2.7896129845e+00 -1.7597448900e+00 7.5747740894e-02
1.5235846965e+00 -5.4083148994e-01 4.7236423226e-01
6.3374939190e-01 -1.4167455390e-01 1.9213821384e+00
-5.9874219921e-01 -2.7590580361e-01 1.5953618071e+00
3.0773833115e+00 2.9829661484e-01 -5.5932172760e-02
7.5013137240e-01 -2.8685163117e+00 -5.0227063950e-01
-1.4514394829e+00 -3.0303409856e+00 3.3785430523e-01
1.1243478029e-01 -2.5052732198e+00 1.6103922247e-01
2.7888383009e+00 2.4176108909e+00 8.2688659823e-01
-1.5854481680e+00 -9.9541248897e-01 9.7873459998e-01
-2.3814173493e+00 3.6967866963e+00 -9.7839453536e-03
-3.1857476533e+00 1.7844374101e+00 -1.2475480144e-01
1.8082218857e+00 5.6994577709e-02 1.0416773724e+00
-1.1298810253e+00 1.9231507844e+00 9.6022963823e-01
-2.6219987933e-01 1.9771307331e+00 5.4851280474e-01
1.9186348689e+00 3.6550874211e+00 4.5146516407e-01
-3.5122588032e+00 2.6818346115e-01 5.6420041123e-01
3.4753972687e-01 -1.4850804348e+00 5.7910822790e-01
1.1794549772e+00 3.3640000736e+00 1.6192442844e-01
1.4706649209e+00 -2.6118307187e+00 -1.0170093903e+00
1.4592434421e-03 -1.8754246052e+00 7.0814414232e-01
3.5355252847e+00 3.1670663527e+00 1.9365410743e-01
3.7220718237e-01 6.0636375030e-01 2.3743360721e+00
2.6529542243e+00 2.9855466880e+00 7.2479164120e-01
-1.7864768033e-01 3.4179702398e+00 -3.8133313559e-01
-1.9100513130e+00 -3.7375303664e+00 1.7855343599e-01
-1.1658682633e+00 1.8947709425e+00 1.0132325130e+00
-2.0769859981e+00 2.4739186947e+00 2.4028267636e-01
1.8860844267e+00 1.0209008726e+00 1.4660877761e+00
9.1337834936e-01 2.3940897843e+00 1.3645973901e-01
2.2080989604e+00 -1.8533559090e+00 -1.2925852189e+00
-5.2323516322e-01 2.4562760068e+00 -2.5476106918e-02
1.9480534896e+00 1.8081325994e+00 1.1283772722e+00
-1.8698303028e+00 1.4508917813e+00 1.0918899176e+00
9.3825935805e-01 -1.2736133368e+00 -1.0857279775e-01
9.0649049945e-01 -1.6513833209e+00 -4.2197137327e-01
-6.2488298137e-01 2.0315005600e+00 5.7524094315e-01
2.5223129981e-01 -2.2906076253e+00 1.4632603384e-01
-3.5295544538e+00 2.7809598689e+00 -2.7634837436e-01
-2.3659992918e-01 2.0886326317e+00 3.7468596696e-01
2.4715052550e+00 -4.0000000000e+00 -2.8449016464e-01
2.2061281968e+00 2.0429457629e+00 1.0526157173e+00
-1.8138415834e-01 -9.2228211417e-01 1.2239288051e+00
-4.0000000000e+00 -3.3791544019e-01 5.2113236109e-01
-2.1431121463e+00 2.8079471371e+00 1.7549012777e-01
2.0713095781e+00 -2.1155379808e+00 -1.2334431910e+00
3.1119832068e-01 1.2404349623e+00 1.5721798054e+00
-3.6947831519e+00 -3.8789291526e-01 5.1236241668e-01
1.2267650986e-01 -1.6121881654e+00 7.5203497877e-01
4.9088523707e-01 -1.0775040522e+00 7.5550539975e-01
-3.7839328091e+00 -1.1067538625e+00 2.8751122688e-01
-1.0710489024e+00 1.7851184702e+00 1.1280396156e+00
1.4925142124e-01 -2.2664854682e+00 2.7760607565e-01
8.9096971706e-02 -4.0000000000e+00 2.1614969690e-01
3.1474459353e+00 6.4171759454e-01 1.5994948690e-01
-4.0000000000e+00 -1.1203213797e-01 6.1015014296e-01
-5.0323345669e-01 -1.4087647200e+00 1.1651215431e+00
3.6332711813e+00 -1.9897707910e+00 -5.0176844103e-02
-1.4157938450e+00 -7.5072226374e-01 1.1738756273e+00
1.1231271598e-01 -3.7937538308e+00 1.6250373022e-01
-2.3914152152e+00 2.2726637892e+00 1.2580140506e-01
2.0718663109e+00 -5.4778983413e-01 -2.0413996162e-01
-3.8036071610e+00 7.9432909599e-01 3.6655147912e-01
-1.9685577815e+00 3.1147026112e+00 1.7348107115e-01
-7.5490423094e-01 3.7090810370e+00 -1.3798524904e-01
2.0806790729e+00 -1.7457204072e+00 -1.4093780325e+00
1.3490399300e+00 -1.5257838944e+00 -1.0241310123e+00
-2.2621465241e+00 3.5425030430e+00 6.8017835570e-02
1.4756291237e+00 2.7533623410e+00 3.8125095648e-01
-3.0544913881e+00 6.1317844707e-01 1.8916882601e-01
1.6827062358e+00 -2.0601703188e+00 -1.3757409599e+00
-2.0276481913e+00 2.9022363892e+00 1.8050510040e-01
2.2618568976e+00 -2.3580001744e+00 -8.8711543361e-01
-1.3396298080e+00 -3.4250962326e+00 3.5543733622e-01
-1.3212986965e+00 -2.9304187589e+00 3.6070334751e-01
3.1741946069e-01 -2.6342729991e+00 -9.9551718687e-02
-2.3712689962e+00 4.7874016268e-01 5.1421690946e-01
2.2554114966e+00 -4.0000000000e+00 -3.0364664069e-01
-3.6963942368e-01 1.4487292218e+00 1.1930520913e+00
1.0182652208e+00 1.6926376172e+00 1.0550424954e+00
1.5615449256e+00 1.4949046159e+00 1.3719787491e+00
-3.1549632394e+00 -1.5700835822e+00 1.6169785924e-01
2.0904943833e+00 2.5970490792e+00 8.8955739856e-01
2.9318282672e+00 -1.6077125789e-02 -3.3067976297e-01
-2.4662904119e+00 -2.8850021955e+00 1.2440037557e-01
-6.0168234478e-01 3.2193851804e+00 -3.4938465584e-01
1.3759485846e+00 1.9143007288e-01 1.8515408946e+00
6.2527119484e-01 6.8717357289e-01 2.4367840971e+00
-2.6392875818e+00 -3.6370899966e+00 4.3141612860e-02
-2.6283137176e+00 2.9197597291e+00 4.2721659196e-02
3.0253681805e+00 3.6174759304e+00 2.6844427315e-01
1.5510850488e+00 -1.3870860328e+00 -1.1383937072e+00
1.7654850217e+00 2.5293560244e+00 7.0805712432e-01
-1.7037857354e+00 1.3213841345e+00 1.3319826188e+00
-2.9244678285e-01 -3.0450826143e+00 2.4853384160e-01
-1.7321088352e+00 9.7185039032e-01 1.2829035812e+00
6.6210430595e-01 -1.8602177461e+00 -1.5493048260e-01
2.1187791958e-01 -1.5212210270e+00 7.1384657488e-01
8.7688488651e-01 1.5282034351e+00 1.2738183014e+00
-2.8806450512e+00 -2.4675288529e+00 9.0668530518e-02
1.5160146983e+00 -4.1408376973e-01 7.2299748956e-01
1.9467700603e+00 1.2016912064e+00 1.3389791861e+00
-3.1387506506e+00 2.6996464769e+00 -1.5857297869e-01
-3.6248704700e+00 1.0389871648e+00 1.4788714975e-01
-3.8430572048e-01 2.4469744327e+00 -5.9448378082e-02
-2.3208153526e+00 2.2260193510e+00 1.7223157080e-01
-3.8711533257e-01 -1.1370953277e+00 1.2016982040e+00
-6.1960945070e-01 -3.0393717467e+00 3.5730610350e-01
-2.1125461508e+00 -1.1283977524e+00 5.1807052801e-01
5.4728838422e-01 -1.7528529108e+00 9.8726827633e-02
-1.9901155028e+00 7.5024171957e-02 1.0190826543e+00
-6.7276088849e-01 1.0477940903e+00 1.4393914112e+00
4.3963139593e-01 -2.5041302629e+00 -1.8353618983e-01
-6.9038061381e-01 1.5216411735e+00 1.2123308879e+00
-3.6180897202e+00 2.0164856803e+00 -2.1341483478e-01
-3.9521449585e+00 -1.1492362133e+00 2.7001869203e-01
2.8563510347e+00 -1.9917519260e+00 -4.8666104520e-01
-3.4033244013e+00 -1.7530959156e+00 1.7144927480e-01
-2.9120368150e+00 -2.1557552760e+00 9.2109461807e-02
2.8156812126e-01 7.3898285410e-02 2.1928319732e+00
1.9587708435e-01 -2.8660903536e-01 1.7816270057e+00
-4.0000000000e+00 2.1687539938e+00 -3.5004696715e-01
-5.1738572039e-01 2.5796398799e+00 -1.4765203473e-01
2.5592600477e-01 -3.1015144645e+00 -7.6292253963e-02
2.6244339989e+00 2.4426482990e+00 9.1074635888e-01
-1.2405346498e+00 -1.6443456284e+00 9.4409206792e-01
7.1826189070e-01 -2.6929949550e+00 -5.0535130752e-01
9.2018609757e-01 1.9993871043e+00 5.9234814178e-01
2.9389720374e+00 8.2827436001e-01 2.4831015221e-01
-5.7083921604e-01 -4.7650985039e-01 1.4290521001e+00
1.2398645743e-01 1.9067804235e+00 6.2748053105e-01
2.3046444649e+00 1.1629897365e+00 9.2285060086e-01
2.3598476489e+00 3.4939722180e+00 5.4108047017e-01
2.5140051411e+00 3.0768223092e+00 7.3681925658e-01
1.6267657306e+00 -1.2776078972e-01 1.0482067641e+00
2.5877230012e+00 2.9684870769e+00 7.6188453686e-01
1.9207222134e+00 -1.9612126721e+00 -1.4080372859e+00
-1.5056331008e+00 1.1624301886e+00 1.4896149780e+00
2.3327012617e+00 -1.3144399921e-01 -1.4567210137e-02
3.4976201251e+00 -1.5700915480e-01 -1.7404360645e-01
9.6078696267e-01 5.0522128477e-01 2.4675263209e+00
4.5505547584e-03 6.9814369173e-01 2.0015474096e+00
1.8911830735e+00 1.3258925910e+00 1.3447276817e+00
1.9779126453e+00 2.4342179609e+00 8.8705813207e-01
6.5981736174e-01 2.9594158290e+00 -2.7198868775e-01
-5.4860689186e-01 -1.0941132201e+00 1.2181331961e+00
2.8735045260e+00 -1.0030956964e-01 -3.9191853555e-01
-1.4448748472e+00 -1.0331778575e+00 1.0372434608e+00
8.6852597940e-01 -9.1214182874e-01 5.2809194991e-01
-2.2190131489e+00 3.8144078472e+00 -2.9876231969e-02
1.2742239148e+00 -2.9913549280e-01 1.2162184807e+00
1.8808143385e+00 -2.2361238792e+00 -1.2430504817e+00
-1.2169258778e-01 -1.6772407132e+00 9.2337583420e-01
-3.4525349808e-01 1.9330911485e+00 6.3164129717e-01
-1.3163738272e+00 2.1417590276e+00 6.7362034664e-01
2.3756049195e+00 -2.2974440619e+00 -8.2041566324e-01
1.7309968233e+00 2.9572615297e+00 5.6409684113e-01
6.3867309820e-01 -3.5412213251e+00 -1.2767458119e-01
-3.2353533732e+00 3.1114141878e-01 4.6301837036e-01
-3.9047243717e-01 3.3967732642e-01 1.8410127864e+00
1.6519509300e-01 -1.4697798545e-01 1.9478527560e+00
2.9838085264e+00 3.1325379934e+00 4.6599646949e-01
-8.0266345603e-02 -8.5366351382e-01 1.2368186439e+00
-2.7533906049e+00 3.2456694051e+00 -3.7027285495e-02
-1.2140312346e+00 -2.9695839061e+00 3.7847423450e-01
1.9190458487e+00 2.9607288179e+00 6.9144442196e-01
-2.3246172172e+00 -2.5721266262e+00 1.0284054670e-01
-3.6985394323e+00 -2.3975398944e+00 5.8300314114e-02
3.2280732853e+00 2.5321173594e+00 5.2541369368e-01
-3.1966448861e+00 3.1364313596e+00 -1.9361475041e-01
2.7039383107e+00 -1.9929052997e+00 -6.5869675931e-01
3.2936357649e+00 -7.4193872657e-01 -4.8291231938e-01
2.4870449661e+00 2.8136745784e+00 8.6093332167e-01
2.0459596501e+00 2.1865104236e+00 1.0026883806e+00
1.2307981044e+00 -2.6965571637e-01 1.3123783693e+00
1.1640966281e+00 -1.9803085111e+00 -9.6829912710e-01
-2.4153723155e+00 -1.7651978702e+00 9.1064623494e-02
3.2174825695e+00 1.8864675991e+00 5.2460287239e-01
-2.8430280719e+00 -2.5087009649e+00 9.0313483676e-02
2.7700078139e-01 7.9023414749e-02 2.1962085198e+00
6.8887755516e-01 -2.6206138118e+00 -4.7686981628e-01
1.6483611668e+00 1.3334414038e-01 1.4007190188e+00
-6.4049067743e-01 1.0272888017e+00 1.4439830051e+00
3.2640242357e+00 -3.0387821805e+00 -1.1088977519e-01
1.1770234494e+00 -5.3185377828e-01 9.0541354909e-01
-3.3945728894e-01 4.0000000000e+00 -3.2248138422e-02
-1.3385571716e-01 -1.2172361228e+00 1.1192877146e+00
1.6196286283e+00 -1.4161988847e+00 -1.2291708858e+00
1.2186485044e-01 -5.1640177549e-01 1.4950643377e+00
-7.6087549878e-02 3.6992077662e+00 -2.1796953563e-01
8.4577910791e-02 3.1184610032e+00 -4.7114859246e-01
-2.7957174095e+00 -1.9849193831e+00 7.1334408534e-02
1.7385709652e+00 -1.8354000398e+00 -1.4596629639e+00
2.2325409712e+00 -3.7264307751e+00 -3.1014726879e-01
-3.1375532536e+00 -1.4404813966e+00 1.7378768539e-01
-3.1631075149e+00 1.5205576066e+00 -9.3558895394e-02
-2.1845503638e+00 -1.5666657908e+00 2.5900003748e-01
2.8425060853e+00 -4.2364030720e-01 -5.8476740962e-01
-1.9446506134e+00 -6.2273408222e-01 9.7142970619e-01
1.4222719873e+00 -1.5952022258e+00 -1.1672341408e+00
-3.1183507551e+00 5.5502849101e-01 2.4618622253e-01
-3.5514450350e+00 1.9092915001e+00 -1.7594332293e-01
-1.2806308436e-01 -2.2244859396e+00 5.6261762944e-01
4.9293941582e-01 -2.0291446134e+00 -5.8147590387e-04
1.2765730009e+00 -2.3405065091e+00 -1.0469755883e+00
6.9281534508e-01 2.5084390271e-02 2.1278805168e+00
-3.4252744428e+00 -8.8105524694e-01 3.1660608959e-01
3.0571409482e+00 -9.2257343114e-01 -6.3129511519e-01
-2.4878633880e-02 -1.1751444930e+00 1.0876834077e+00
-3.0541138038e+00 4.0000000000e+00 -7.6244174704e-02
-6.9659968390e-01 2.8330516133e+00 -2.4809039120e-01
2.9447191651e-01 1.9443304291e+00 5.7613711027e-01
-2.5204346284e+00 2.8897268714e+00 8.2923987011e-02
8.3308408790e-01 -4.0000000000e+00 2.2284624542e-02
-3.4470150215e+00 -2.8479838501e+00 3.3929473249e-02
-2.5384522710e+00 -1.3632832661e+00 1.5848718100e-01
-6.7594340806e-01 1.9660892967e+00 6.9666959719e-01
-1.1184333276e+00 -2.4432896985e+00 5.4988716060e-01
-2.5244832777e+00 -2.4028701429e+00 7.1854777090e-02
-2.2616752761e+00 -6.2055690439e-01 7.3999401844e-01
5.1317303969e-01 -2.0948743627e+00 -6.9032093777e-02
-1.8647376515e+00 1.3376079915e+00 1.1361193350e+00
1.8550281511e+00 -3.3998816062e+00 -4.1825290046e-01
-9.0490998709e-01 -7.6605372827e-01 1.2496144372e+00
1.5279314549e+00 -2.3242214650e+00 -1.1945681597e+00
7.5041296679e-01 -3.9478159699e+00 2.3381070739e-02
3.0776402959e+00 7.7038629941e-01 2.0127084714e-01
-2.7205819660e+00 4.0000000000e+00 -1.1011461312e-01
1.4402709595e-01 1.4404563100e+00 1.2621476434e+00
-1.5034240913e+00 -3.3964740992e+00 3.3432356688e-01
-2.7141261739e+00 9.3782060390e-01 7.5111139353e-02
-2.0608225146e+00 2.4152878770e+00 2.6394374462e-01
1.1862143259e+00 -7.8767414397e-01 3.6354193521e-01
3.1423512462e+00 2.9895508399e+00 4.3644767191e-01
1.9608118023e+00 1.9716024820e+00 1.0621510446e+00
1.6037009694e+00 -9.0185807619e-01 -4.2366017355e-01
-2.3117505646e-01 -1.6547046940e+00 9.9995902978e-01
2.3815028112e+00 -4.5380812533e-01 -3.9616159964e-01
-9.2664058787e-01 -1.6877546529e+00 1.0634359639e+00
7.1428595223e-01 -1.4035566747e+00 1.1539853607e-01
-3.8120982224e+00 2.2431027458e+00 -3.1068216137e-01
-1.9858886034e+00 1.9002925633e+00 6.4777338301e-01
-1.6319395361e-01 3.1113878473e+00 -4.7298349684e-01
-1.4151730638e+00 3.0550583707e+00 4.2834934430e-02
-3.0454177799e+00 -4.0000000000e+00 8.2569429910e-02
3.0716042245e+00 -2.4039491972e+00 -1.5344475176e-01
3.2654194061e+00 -2.1169058361e-02 -2.4274311073e-01
1.4140647674e+00 -2.7271886506e+00 -9.3157493165e-01
-8.6915335403e-01 4.0000000000e+00 -2.9349537002e-02
2.4424723578e+00 1.2842553001e+00 7.7734629740e-01
1.6686801982e+00 -8.4947305231e-02 1.0524377029e+00
2.2769089544e+00 -5.5988534168e-01 -4.2156893592e-01
1.8658585337e+00 8.4315018160e-01 1.5347617525e+00
1.9604550152e+00 -7.1870926374e-01 -3.8897300785e-01
-6.3454896434e-01 -3.1602332340e+00 3.4821253842e-01
-3.1512383847e+00 2.5069788925e+00 -1.5491996635e-01
1.4760137713e+00 -1.7478374212e+00 -1.2948556667e+00
1.7723384997e+00 -2.7427395785e+00 -9.0029536505e-01
3.5471711118e-01 -3.3786565068e+00 -6.1432369252e-02
-3.9959062485e+00 -3.5621589363e+00 1.3923336164e-01
-1.4119169483e-01 -3.1415153964e+00 1.7067036563e-01
2.4091637793e+00 -2.3802949383e+00 -7.2557012499e-01
3.3167475326e-02 1.9544808593e+00 5.5406555002e-01
1.9078694665e+00 2.7984032381e+00 7.2470859348e-01
-1.5327779129e+00 2.4729390474e+00 3.3349174906e-01
-4.3778559005e-02 2.6683146943e-01 2.1248055749e+00
-3.9242700422e+00 3.2217063591e-01 6.4416786583e-01
3.0553702700e+00 -3.9812421721e+00 -1.2836914666e-01
2.5428587328e+00 -1.0598965787e+00 -9.7395259276e-01
6.4376491952e-01 -1.4997946616e+00 1.4085904631e-01
-4.0000000000e+00 -2.5216806876e+00 2.8950319898e-02
-6.6912749203e-01 -1.4615400014e+00 1.1628410655e+00
-1.7103247490e+00 1.2856493208e+00 1.3326972162e+00
2.0438138683e+00 1.0484164528e+00 1.2612160542e+00
1.8568158718e+00 2.5092501367e+00 7.8336785071e-01
-2.6133579611e+00 -2.8941436301e+00 1.0515164358e-01
2.8057918203e+00 1.3590588618e+00 4.6452546294e-01
1.3194533417e+00 -7.7348189036e-01 2.2203494415e-01
3.1407949798e+00 -1.4544915513e+00 -4.4768082391e-01
2.2206151083e+00 4.0000000000e+00 2.0437711169e-01
-2.5680414219e+00 -1.7589140989e+00 6.5287857797e-02
-1.9695089155e+00 2.0829823483e+00 5.0405704159e-01
-3.5105442805e+00 -2.4409295282e+00 7.0679161668e-02
-2.0199716317e+00 8.1019206479e-01 8.8893607938e-01
-1.1477337975e+00 -1.9702870906e+00 8.3411694378e-01
-1.6891108830e+00 1.9560463169e+00 8.5597048023e-01
-4.0000000000e+00 -2.0059856194e+00 4.9411001949e-02
-1.2537477677e+00 1.5353148745e+00 1.4096210573e+00
-3.1962279768e-01 -2.2224664237e+00 6.8303062316e-01
-3.9721702531e-01 -7.0608884201e-01 1.2977583382e+00
-4.1471249818e-01 1.9239858839e+00 6.6252667149e-01
-5.8073575906e-01 5.9108123506e-01 1.5865371904e+00
-4.5704256732e-01 -1.1992523337e+00 1.1988435509e+00
-1.6451836653e+00 -1.3593244566e+00 7.6821927074e-01
-3.4221277782e+00 1.2829394051e+00 -8.6541750761e-03
-1.4882525830e+00 -1.3174817046e+00 9.0022813275e-01
3.1599037407e+00 -1.3545305322e-01 -3.6352461955e-01
-1.3746820077e+00 3.0290573417e+00 2.7375960204e-02
-2.4876652047e-01 -3.6787502769e+00 2.4923202820e-01
-7.7280852029e-01 1.1514043234e+00 1.4285086210e+00
2.9686267362e+00 2.8238346816e+00 6.1115992201e-01
4.0000000000e+00 -2.0184950285e+00 -8.3229580336e-02
-7.4799317021e-01 4.0000000000e+00 -3.2175007888e-02
-2.2280881371e+00 -1.9127947475e-01 8.8230190597e-01
4.0000000000e+00 8.6152469339e-02 3.4656117036e-01
-3.3657640063e+00 -4.0000000000e+00 1.1385219226e-01
8.9544465380e-02 1.2169571222e+00 1.5127944466e+00
2.2034041389e+00 -1.1387057128e+00 -1.1263926970e+00
-2.8501549702e+00 -1.7602418772e+00 8.5731524870e-02
-2.4368049734e+00 2.2070381004e+00 1.0567383930e-01
1.6075514245e+00 -1.4706632402e+00 -1.2655531591e+00
3.4147530613e+00 1.6284794932e+00 3.6481649960e-01
2.0984029323e+00 -3.8585521226e+00 -3.0255537695e-01
1.7652316869e+00 -1.8404185740e+00 -1.4636483402e+00
1.0967885025e+00 -9.1155376333e-01 2.2409074904e-01
-1.6096041007e+00 -1.2829431049e-01 1.2908188562e+00
5.6290505497e-01 -2.5310900046e+00 -3.2978355562e-01
-5.1215856196e-01 2.3879436638e-01 1.7913878667e+00
2.4714271013e+00 1.7523460445e+00 8.9943944484e-01
-2.0894433210e+00 -1.3895586122e+00 4.0007001933e-01
1.8052131377e+00 1.6767151045e+00 1.2073767778e+00
2.4241532965e+00 -2.3914057970e-02 -1.6861642129e-02
3.3205883315e+00 2.1419239765e+00 5.0977791501e-01
-4.4282658975e-01 2.3513902107e-01 1.8385938763e+00
-6.6624598437e-01 2.3463250883e+00 1.5574487329e-01
-1.5886415416e+00 -2.2934008913e+00 3.7409506594e-01
2.0418637984e+00 4.4804419190e-01 1.1035973964e+00
-1.2956498556e+00 -2.7001515337e+00 3.9385746438e-01
3.8263143553e+00 2.3169308793e+00 1.5736508911e-01
3.2785188774e-01 2.2603339476e+00 1.1452296862e-01
-3.2181676983e+00 9.3756611183e-01 6.6617593189e-02
-4.0000000000e+00 -1.3948484908e-02 6.3881854179e-01
3.7377099955e+00 3.8328337718e+00 9.0089149522e-02
-1.0575972766e+00 1.7723707605e+00 1.1380675296e+00
2.2037247571e-02 2.1598701318e+00 2.4190456860e-01
2.8752274390e+00 -3.1631977167e+00 -2.1254873095e-01
-4.0000000000e+00 -1.5712515769e+00 1.5389710355e-01
7.2749702891e-02 -3.2626985469e+00 6.5346239339e-02
1.5424744287e+00 -7.3714942227e-01 2.2619985579e-02
2.6858898878e-01 4.1016772409e-01 2.3523533219e+00
-1.7616219679e+00 1.3270037715e+00 1.2681765770e+00
3.4182558531e+00 2.9646081442e+00 2.9063627459e-01
3.5677034618e-01 -2.2063286658e+00 7.3724705162e-02
3.4315649108e-04 2.7281767053e+00 -3.6241023966e-01
2.0271090227e+00 2.2709524189e+00 9.6802269318e-01
1.1169514279e-01 8.9749067936e-01 1.9030828634e+00
-1.5832515815e+00 -6.6557509978e-01 1.1547151472e+00
1.0885994299e+00 -6.6039060817e-01 7.4983807935e-01
3.7974416783e+00 8.8673060523e-01 2.5205914748e-01
1.2722453320e+00 5.4671319939e-01 2.2632387757e+00
-2.7564128154e+00 1.9357256479e+00 -5.0777711324e-02
1.3665280622e+00 1.9196597345e+00 8.7820552389e-01
4.0000000000e+00 -3.2406502673e+00 6.2223545502e-02
9.8025995861e-01 1.4065234793e+00 1.4643904986e+00
-1.9628828409e+00 -4.3362901704e-01 1.0334331443e+00
-1.4977645182e+00 -2.9129158341e+00 3.1990805690e-01
-1.1077489996e+00 1.9983264869e+00 8.3730610959e-01
1.3836734550e-01 3.9829571547e+00 1.0820182979e-03
2.7470407352e+00 1.0747185738e+00 4.0682163410e-01
1.5130958685e-01 2.5662128950e-01 2.2508494503e+00
4.9337353051e-01 -8.8614036508e-01 9.6411590075e-01
1.9252190996e+00 -6.9202695684e-01 -3.0411899245e-01
1.6181332347e+00 8.7430209176e-01 1.8356723807e+00
1.6108929031e+00 3.1943216688e+00 4.6646318174e-01
-4.0000000000e+00 -1.9443714027e+00 6.1911634357e-02
-1.9379213734e+00 -2.8819064848e-01 1.0793515349e+00
2.2362469242e+00 3.2004241055e+00 7.2200946232e-01
3.4081972136e+00 -2.2019251442e+00 -5.6090260269e-02
-5.0772440029e-01 -1.8859076642e+00 9.8872906675e-01
-2.8743061215e+00 -4.0000000000e+00 5.3826848176e-02
1.5990955816e+00 -2.1446024034e+00 -1.3112339643e+00
5.9907478580e-01 2.1653744926e+00 2.8399969053e-01
-1.5863103412e+00 -2.1258205834e+00 4.4894863495e-01
1.2291189299e+00 -6.6924342801e-01 5.6682298690e-01
6.7282667323e-02 1.1637438041e+00 1.5652297216e+00
3.4978271201e+00 9.1089710903e-01 2.1615384076e-01
-3.0481666894e+00 -9.6906215916e-01 2.5685967976e-01
1.5597134234e-01 1.2188938581e+00 1.5378871945e+00
-3.5866717800e-01 -2.9991461838e+00 2.8304494153e-01
3.4450008445e+00 -1.7242435476e+00 -1.5435448664e-01
-1.8033957740e+00 -8.4346780653e-01 9.3261811640e-01
1.3385352544e+00 -3.1467388177e+00 -6.0160414018e-01
1.8347106213e+00 -1.1890717008e+00 -1.1178670815e+00
1.9586218435e+00 -9.2472254875e-01 -7.7649294990e-01
-1.6849085974e+00 1.0326988318e+00 1.3459383964e+00
-5.0493893405e-01 2.0699521164e+00 4.7124887605e-01
1.4791654574e-01 3.8541378239e+00 -8.6096202338e-02
-8.8102304939e-01 -1.8644987589e+00 9.9585443359e-01
-4.0000000000e+00 -5.6015538873e-01 4.2827909339e-01
2.4297647728e+00 1.3372467603e+00 8.0655010644e-01
5.2507221420e-02 2.2448985746e+00 1.2224338116e-01
4.2400486815e-01 -2.2200528326e+00 -2.1318916147e-02
1.0323936521e+00 -2.6953344846e+00 -7.6444533998e-01
-3.3255753019e+00 -4.5107633055e-01 4.7683440445e-01
1.3545288577e+00 -1.7024346567e+00 -1.1425927229e+00
-1.9886342209e+00 1.7529085388e+00 7.6111520482e-01
5.6979031095e-01 -2.1357038072e+00 -1.7181956167e-01
-7.7049326759e-01 2.0551393139e+00 6.0401354176e-01
1.9753095758e+00 -7.3987423699e-01 -4.4250598606e-01
1.3458691500e+00 1.7421613480e+00 1.0765041487e+00
3.3543801518e-01 2.7770207415e-01 2.3522128361e+00
3.6147170216e+00 -1.8867654946e+00 -6.7680105906e-02
4.2513368670e-01 2.0231153398e+00 4.6440575442e-01
-2.3078304700e-01 1.7593770958e+00 8.5220118560e-01
1.4249228357e+00 3.6735025093e+00 3.1464799989e-01
-2.1126509084e+00 -3.4874275668e+00 1.8389543754e-01
-3.3345752274e+00 -2.6392739734e+00 5.6909363124e-02
9.1732481636e-01 -7.2044260187e-01 8.1892469253e-01
2.4778246977e+00 -3.4740349825e+00 -2.9811960341e-01
-1.0145347046e+00 1.2597572028e-01 1.5529902831e+00
1.3766007678e+00 -2.4033659610e+00 -1.0907687789e+00
-3.5358424415e+00 -2.5167603603e+00 5.9865046557e-02
2.9093132247e+00 1.1164000657e+00 3.1779708864e-01
1.5782849924e+00 -7.9468580102e-01 -1.5292382360e-01
-2.7790124924e+00 -2.2186549310e+00 7.6594852369e-02
-1.2785942412e+00 -1.8805377932e+00 8.1086902395e-01
-2.3882628972e+00 -1.1346060395e+00 3.2305019507e-01
2.6503188942e+00 -3.1960029199e+00 -2.7427702357e-01
2.2637919566e+00 2.0811473711e-01 4.7720678036e-01
1.8032017934e+00 3.6401389537e+00 4.4205075523e-01
2.3776842270e+00 4.1450574113e-02 1.1531597230e-01
1.5236805420e+00 -5.9285799845e-01 3.6568678068e-01
1.7785432404e+00 1.8192218204e+00 1.1180913937e+00
3.6743303553e-01 3.2411244563e+00 -3.7276381739e-01
1.5923720827e+00 -1.9959975745e+00 -1.3716874846e+00
-8.0204316253e-01 2.4842469295e+00 6.2349698696e-02
-3.4111743152e+00 -2.6869951580e+00 4.7969550667e-02
2.7036841917e+00 -3.7878669215e+00 -2.4446268333e-01
-1.1543097824e+00 -2.3008351566e+00 6.1661087589e-01
-1.5362943214e+00 1.1237672740e+00 1.4712843045e+00
-1.4384974604e+00 1.9842338512e+00 9.0819285546e-01
-2.5155351349e+00 1.7733323773e-01 5.8847935458e-01
-8.3175669536e-01 -1.2399512183e+00 1.1860290032e+00
-2.9032633302e+00 -1.2660082264e-01 5.8569260280e-01
-3.7293246619e-01 -1.9853828151e+00 8.8320455780e-01
-6.7164497847e-01 1.6897976013e+00 1.0524961653e+00
-2.9247887357e+00 2.3836589423e+00 -8.0425582726e-02
9.0807479319e-01 -9.2710338772e-01 4.5106662259e-01
7.1399789100e-01 9.4062293069e-01 2.1559910196e+00
4.0000000000e+00 1.8105401050e+00 1.2856628527e-01
2.8397153760e+00 1.2793878755e+00 4.0927632850e-01
-2.6865694021e+00 2.3790995688e+00 4.3667256097e-04
1.2904005659e+00 -2.9635614331e+00 -7.3579580115e-01
2.4650248544e+00 1.4616847706e+00 8.0709433069e-01
-3.5916465311e+00 1.2108620293e+00 5.2989915794e-02
1.2971110921e+00 1.3032121981e+00 1.6077517462e+00
1.0883720414e+00 2.3322443088e+00 2.8693138122e-01
7.0238911226e-02 -1.1155807455e-01 1.9679554138e+00
2.9868275650e+00 1.5591372264e+00 4.7293342107e-01
3.3481542652e+00 4.7039842217e-01 1.0933671590e-01
-2.8893275755e+00 1.6288645902e-01 4.9962260460e-01
-2.4834868838e+00 -2.3318430838e+00 6.2823310930e-02
-2.5736033385e+00 -2.2976987353e+00 6.2314087651e-02
2.4268729601e+00 1.2871590845e+00 7.9631076140e-01
-2.3050756537e+00 5.2728630297e-01 5.5902208221e-01
-1.6048771425e+00 4.0000000000e+00 -4.6373127721e-02
1.7471411196e+00 -6.7899664734e-01 -8.8574708414e-02
-1.6360295175e+00 2.0696650063e-01 1.2486024735e+00
2.5759945763e+00 3.1630995112e+00 6.6739611991e-01
-3.3041099947e+00 -1.0032497655e+00 2.7697416555e-01
-2.9799473106e+00 4.0000000000e+00 -8.3079383108e-02
1.7364227796e+00 -7.3386924328e-01 -1.9554349038e-01
1.1916077213e+00 -2.8000309081e+00 -8.1022542186e-01
1.5262033244e-01 -1.5014052449e+00 7.8771859346e-01
-3.3822694240e+00 -3.3026355148e-01 5.3732671026e-01
-1.9268657864e-01 -1.2012778978e+00 1.1453292585e+00
-2.6800149309e-01 1.1896212775e+00 1.4120505341e+00
2.9945028952e+00 -2.1446235139e+00 -2.7842163464e-01
-2.2770613866e+00 2.0165379261e-01 7.4385533546e-01
-1.2192954463e+00 1.3266228632e+00 1.5045057270e+00
-6.0548934331e-01 -3.9406629168e-01 1.4926039804e+00
1.0132419494e+00 -1.1466129745e+00 -5.7888144306e-02
1.7270575751e+00 2.1643314957e+00 8.6815120860e-01
-2.7460059739e+00 7.7062804142e-02 5.5611519881e-01
2.9024592003e+00 -3.8803924207e+00 -1.8585239992e-01
2.9353115131e+00 1.4907010699e+00 4.5963837816e-01
3.1245472113e+00 -2.3607330219e+00 -1.3438955703e-01
-3.3266151986e+00 -3.7939503391e+00 7.5360133621e-02
4.0000000000e+00 -1.7435006128e+00 -7.8343092877e-02
1.5367038738e+00 3.2769216646e+00 4.1517675680e-01
2.5856159045e+00 -4.0000000000e+00 -2.6194871800e-01
-1.4391000736e+00 3.0675046068e-01 1.3377384704e+00
4.0000000000e+00 -1.9602827481e+00 -8.2630904132e-02
-2.3773792903e+00 -2.0400078601e+00 6.1779954140e-02
2.9957917437e+00 -1.5810594889e+00 -5.3737190366e-01
-2.6053512165e+00 4.0000000000e+00 -1.1845786242e-01
-2.2551559921e+00 2.4546672173e+00 1.7427832057e-01
2.4872698736e+00 3.4438540815e+00 5.3788104975e-01
-3.1107635312e+00 1.7733663757e-01 5.1817819975e-01
-2.3771372350e+00 5.1008637590e-01 4.9312303417e-01
-4.7877558804e-01 2.7035237912e+00 -2.5855585071e-01
1.7647713199e+00 8.9039413962e-01 1.6590065131e+00
2.2419279535e+00 -2.7346906142e+00 -6.3802049820e-01
-1.6129336974e+00 1.5148879355e+00 1.3326921492e+00
2.7829346185e+00 3.2919320712e+00 4.9531490213e-01
2.6630444300e-01 5.9942473832e-01 2.3014252436e+00
-1.8246894573e+00 -2.9521545017e-02 1.1574214992e+00
3.0193647065e+00 -4.0000000000e+00 -1.3587314612e-01
1.8036260204e+00 -1.1063548714e+00 -9.8529800588e-01
-2.7181000928e+00 -8.5625750239e-01 3.2574576560e-01
-4.2299739991e-01 2.1784862328e+00 2.8745839066e-01
-2.7213280495e+00 8.1759681528e-01 1.0431451881e-01
-3.2188210209e+00 5.7399685444e-01 2.6573716348e-01
2.5573140696e+00 -3.7360617666e+00 -2.7482094890e-01
-1.4725042108e+00 4.0000000000e+00 -3.6028834784e-02
-3.9662957055e+00 -8.6688075964e-01 3.3656533166e-01
3.0963194894e+00 1.0434594038e+00 2.4278703523e-01
-1.2626118353e+00 1.4998753645e+00 1.4332057613e+00
-1.5513991372e+00 8.5554245429e-01 1.3803722400e+00
-1.0544947133e+00 -4.4312259317e-01 1.3778826428e+00
-5.0889592274e-01 1.9041706114e-01 1.8059436732e+00
2.6164601486e+00 -8.1813547114e-01 -8.0931135467e-01
4.0000000000e+00 -2.9363148695e-01 1.7483256747e-01
-2.7688401928e-01 1.6616135912e+00 9.7431260721e-01
-1.5324523160e+00 -1.7536755372e+00 6.8751312909e-01
-9.9853762943e-02 -1.2721755372e+00 1.0846742544e+00
-1.1409043986e+00 -5.7065884902e-01 1.3026433600e+00
1.3989101405e+00 -1.3740974592e+00 -9.4676639674e-01
2.6643983506e+00 8.2220950248e-01 4.2293585439e-01
-2.4302878324e+00 1.3221154019e+00 2.8934828413e-01
-2.7047334110e+00 9.5716620915e-01 7.6024455693e-02
-3.6607749233e+00 -4.2779725585e-01 4.9341481946e-01
1.9147721726e+00 -4.0000000000e+00 -2.7241039191e-01
-1.9342171174e+00 2.0886924139e+00 5.2755047992e-01
1.0546202712e-01 -8.0554073957e-01 1.2316493822e+00
3.5628359536e-01 -2.6900787422e+00 -1.5374071341e-01
1.0474440081e+00 2.2101196374e+00 3.8221639084e-01
2.0199637163e+00 -4.4186594405e-01 1.5440457402e-02
3.3250923804e+00 -3.7784003362e+00 -9.0155096825e-02
-2.5263673289e+00 -1.0489744975e+00 2.9544147999e-01
2.8380275517e+00 -1.4652410884e+00 -7.4501339043e-01
-1.8380581050e-01 -2.5858554127e+00 3.4861087812e-01
1.1938789668e+00 -1.1478021930e+00 -3.4200008364e-01
-2.4692827509e+00 -6.9765163815e-01 5.4324663542e-01
-2.2804405688e+00 7.3902930663e-01 5.3967929018e-01
3.9984425714e+00 -2.6373720842e+00 -2.9216527730e-02
-9.7418380268e-01 -3.0574768012e+00 3.9085485705e-01
-2.8408890367e+00 -6.3560468308e-01 4.0848770809e-01
1.5369263694e+00 9.8818134874e-01 1.8391517432e+00
4.6482697337e-01 1.6887549184e+00 9.8165427540e-01
3.2266779057e+00 4.3695299554e-03 -2.4428342751e-01
2.1900630458e+00 -2.4142373579e+00 -9.0710375726e-01
2.4594914658e+00 9.6797990153e-01 6.8970636738e-01
-7.8829048470e-01 2.0738184494e-01 1.6429273792e+00
2.6065115839e+00 -3.2616743608e+00 -2.8320315088e-01
4.0000000000e+00 -2.5598488352e+00 -4.1443784165e-02
-4.2375220740e-01 -8.8811539387e-01 1.2433837967e+00
2.3467215310e+00 -1.3943258916e+00 -1.2164157215e+00
2.9012935847e+00 3.5645237465e+00 3.2306626274e-01
-6.0724680834e-01 1.2307934641e+00 1.3661402877e+00
-3.9561228211e+00 -6.5062394074e-01 3.9683962024e-01
1.0982886321e+00 -1.2454514305e+00 -3.3317442947e-01
2.8861262156e+00 -2.2892590592e+00 -3.0707411672e-01
-5.3876276873e-01 2.0151252690e+00 5.6599891021e-01
-3.0392701272e-01 -4.0000000000e+00 2.8057087882e-01
1.2260299470e+00 2.2022950674e+00 4.9312513546e-01
2.5947568253e-01 3.2747814536e+00 -3.9753156783e-01
-8.5550707583e-01 -3.4452538579e+00 3.6306553281e-01
-2.0006266625e+00 -9.8653613048e-01 6.9337025304e-01
2.6334745138e+00 7.9977880986e-01 4.4681760739e-01
-2.2711194400e+00 2.2154495386e+00 2.0621447621e-01
-2.1073524712e+00 -1.8149347086e+00 2.2277888313e-01
-2.9493240649e+00 -1.4715816006e+00 1.3257946657e-01
-2.6145322806e+00 7.6637655729e-01 1.8356633078e-01
-2.5261017143e-01 -2.6379273085e-01 1.7157341275e+00
-3.4714060409e-02 -4.0000000000e+00 2.4037450635e-01
1.6534763459e+00 -1.8947558452e+00 -1.4245841726e+00
1.7637539634e+00 -1.0192826710e+00 -8.1359677424e-01
-1.8126486272e+00 4.0000000000e+00 -6.8452201888e-02
1.4440942524e+00 2.8396443336e+00 3.3481848454e-01
1.0270869104e+00 -2.0365904508e+00 -7.9151982347e-01
-4.0000000000e+00 -2.3677169986e+00 1.8729582532e-02
1.2026878036e+00 2.5290332959e+00 2.2728322045e-01
-3.0152792685e-01 -3.0418604476e+00 2.5291934176e-01
4.0000000000e+00 -8.8468017207e-01 -5.1364552901e-02
6.3646263670e-01 -1.4820206710e+00 1.6783727420e-01
4.0000000000e+00 -1.8474176104e+00 -8.0463966981e-02
1.0488248862e+00 1.8281828891e+00 8.7027167807e-01
2.1034438803e+00 -7.5177490922e-01 -5.6555052228e-01
1.5032679354e+00 2.2525283417e-01 1.7317028412e+00
-3.2652105030e+00 5.7757778552e-01 2.8024600832e-01
-2.4155926687e+00 1.9717468533e+00 1.5698823372e-01
1.2217299956e+00 -6.6508910384e-01 5.8465377860e-01
5.1670300403e-01 -2.2146189083e+00 -1.4086141732e-01
1.7635765926e+00 5.7716120593e-01 1.6542244695e+00
-1.1696369863e+00 2.0581635721e-01 1.4683868808e+00
-8.4615847896e-01 -1.9858883032e+00 9.3037197797e-01
-3.6706846975e-01 -1.6304752357e+00 1.0685179313e+00
-3.3402346982e+00 2.0392097141e+00 -1.6678477064e-01
-3.7177316772e+00 -2.0695645963e+00 9.9903083883e-02
-1.3518879244e+00 1.3195861184e+00 1.5123909498e+00
8.3746904672e-02 -6.0870271009e-01 1.3960186691e+00
2.9741631067e+00 4.2773489734e-01 5.3375197481e-02
4.5317683858e-01 -1.2027646939e-01 1.9880519131e+00
-3.2454057941e-01 3.6342138744e+00 -2.5096819676e-01
2.1870631627e+00 2.3525262297e+00 9.9292315746e-01
-2.4544871642e+00 -4.0000000000e+00 9.3044992061e-03
2.3594965534e+00 1.0987331043e+00 8.4306975631e-01
-9.2136310217e-01 3.0861624382e+00 -2.0825960790e-01
-7.6546859757e-01 1.4073188748e+00 1.3198781289e+00
1.8479630649e+00 9.3707965795e-01 1.5394544073e+00
-1.2393864644e+00 -1.3009912974e+00 1.0513274709e+00
-2.2852548999e+00 -1.4272670383e+00 2.4946564770e-01
1.9240306809e+00 2.6515542395e+00 7.7930789652e-01
1.0627373995e+00 -1.8608564909e+00 -7.9466454397e-01
-3.4511825916e+00 -3.9786636282e+00 1.1197879195e-01
-1.9235256735e+00 -6.5483275880e-01 9.6869697442e-01
-1.5946814414e+00 4.9069157870e-04 1.2981370141e+00
1.7617052029e+00 2.1166536253e+00 9.1732688277e-01
-1.2740320611e+00 3.6090957757e+00 -1.0481612166e-02
-2.1370477254e+00 1.8197895634e+00 5.2586670961e-01
7.5825015404e-01 1.9655349208e+00 6.0204345901e-01
