1.3478881167e+00 2.9590977830e+00 2.3700740071e-01
-2.5980845806e+00 -1.9465964328e-01 6.5366069064e-01
1.0686377054e+00 -2.4247854284e+00 -8.5225911899e-01
-1.6132325922e+00 -3.1622131870e+00 3.1596568602e-01
1.1774063031e+00 3.8511138209e-01 2.2657978820e+00
-2.9581199740e+00 3.1843297849e+00 -1.1587087465e-01
2.6606376553e+00 2.1469364446e+00 8.9122792169e-01
4.0000000000e+00 4.7262642426e-01 3.5279623178e-01
3.6820114004e+00 1.2758229558e+00 2.3772967018e-01
-4.0000000000e+00 2.9198483470e+00 -3.1188030375e-01
-3.0993327700e+00 -9.8155137807e-01 2.5815285685e-01
-6.2940725903e-01 -1.6377872692e+00 1.1151417341e+00
1.8017989721e+00 8.3935660231e-01 1.6238061084e+00
2.0101801032e+00 1.0774201668e+00 1.2988624342e+00
2.2528607344e+00 -3.2310524821e-01 -1.2069752581e-01
6.4768797521e-01 2.4581753109e+00 -3.1919678271e-02
2.7470799867e+00 2.9681940587e+00 6.8447909480e-01
-2.9838714251e+00 1.3045919866e+00 -6.2790386168e-02
7.4020324700e-01 -1.7274557190e+00 -1.9594820208e-01
1.2783534187e+00 4.3100940168e-01 2.2057072458e+00
4.0000000000e+00 -3.2406502673e+00 6.2223545502e-02
-2.5522891032e+00 1.4846768905e+00 1.2087244046e-01
-2.0985178240e-01 -2.8902438834e+00 2.3527646619e-01
-1.6971522568e+00 -2.4024956852e+00 2.8386151686e-01
2.5651356656e+00 -3.0958348236e+00 -3.1072145519e-01
-2.3345235259e+00 -6.4217074961e-01 6.7295184945e-01
-8.2933113750e-01 -2.5613250275e+00 5.4319535439e-01
-3.9348198235e+00 -2.4001527086e+00 2.9027599720e-02
-2.3699636226e+00 1.2932594307e+00 3.7676230830e-01
-7.4511792935e-01 -3.7492433428e+00 3.2945425663e-01
-2.2115229418e+00 -3.1409430917e-01 8.8399645663e-01
2.2362469242e+00 3.2004241055e+00 7.2200946232e-01
-2.1492937087e+00 3.2498189178e+00 1.5916981561e-01
-2.4544871642e+00 -4.0000000000e+00 9.3044992061e-03
2.2782718139e+00 1.4863935878e+00 9.9734082542e-01
2.0512723371e+00 -2.3514887032e+00 -1.0625773203e+00
-3.0145772507e+00 4.0000000000e+00 -7.9732045388e-02
2.4177467550e+00 3.8242609546e+00 3.0912622474e-01
3.2471125570e-01 3.2850053540e+00 -3.7223010199e-01
2.0575488166e+00 2.4090961110e+00 9.3464237285e-01
2.0494500893e+00 2.3994794667e+00 9.3424499578e-01
-5.0717237491e-02 2.2878121607e+00 7.1046982142e-02
-3.7990937217e+00 -1.7918297159e+00 1.4051817417e-01
-2.3933129717e+00 -1.0356920024e+00 3.7530104217e-01
3.3658521873e+00 3.4836443212e+00 1.9736183916e-01
6.2012157002e-01 1.6700697550e+00 1.0292965383e+00
-2.5520089373e+00 3.2036130081e+00 5.4082761453e-02
-1.9685577815e+00 3.1147026112e+00 1.7348107115e-01
1.2166428541e+00 4.0000000000e+00 2.2874181346e-01
-2.5480417284e+00 -2.0003433226e+00 4.8054423790e-02
-1.1744878594e+00 3.9681526695e+00 -2.6060537920e-02
7.2421246085e-01 1.1220718357e+00 1.8753112830e+00
4.0000000000e+00 9.9336871018e-01 2.6240705405e-01
9.9859091885e-01 6.4531138811e-01 2.4344937661e+00
4.0000000000e+00 4.0000000000e+00 -8.7195015025e-03
1.3027111763e-01 7.4350759811e-01 2.0763905845e+00
-2.4646951998e+00 -2.9869134329e+00 1.2795850442e-01
-3.3425683944e-02 2.1685486750e-01 2.1265432868e+00
1.4031674211e+00 2.7962884562e+00 3.0500156370e-01
3.6134202898e+00 5.4692263309e-01 2.0949607202e-01
-7.9564979964e-01 -2.2794836038e+00 7.2904502010e-01
2.0786654291e+00 1.1883400433e+00 1.1987127675e+00
-3.6514352149e+00 -2.6485880712e+00 4.4366560506e-02
-2.4124153224e+00 2.2507197811e+00 1.1610619687e-01
-2.1209113107e+00 -2.6241660840e+00 1.4161712305e-01
2.0932781980e+00 1.9644713606e+00 1.0723851015e+00
-2.2916084785e-01 -3.8157471761e+00 2.5588357116e-01
-2.8553753565e+00 1.8053355724e+00 -8.3928514404e-02
-9.6281213042e-01 -2.4512984907e+00 5.8842392289e-01
3.7722530802e+00 1.6779600735e+00 2.4875524053e-01
-3.1264167392e+00 2.0870795256e+00 -1.3350533561e-01
-2.8001939614e-01 -2.3758731725e+00 5.4542947661e-01
-4.0000000000e+00 1.9532274032e+00 -2.8327671843e-01
3.2506204445e+00 2.7357252137e+00 4.5654524808e-01
5.5482415907e-01 -2.9722645641e-01 1.7290500438e+00
-3.1499414062e+00 7.6924404803e-01 1.2435753244e-01
8.9427527642e-01 5.9933397998e-01 2.4861925480e+00
1.3621494862e+00 1.6095595424e-01 1.8274473815e+00
3.1770264860e+00 -1.6687010720e+00 -3.3719869102e-01
-2.2118535474e+00 -3.4119887093e+00 1.6880793739e-01
7.4080624673e-01 -2.4216465708e+00 -5.0447741549e-01
1.7495590996e+00 2.4240313947e+00 7.4136359808e-01
4.0000000000e+00 -2.5699871061e-01 1.9667971549e-01
4.0000000000e+00 -2.2594076872e+00 -7.6227469825e-02
1.0522138754e+00 8.3896302691e-01 2.2627133720e+00
4.0000000000e+00 1.9205921228e+00 1.0469400302e-01
3.9694699872e+00 2.4248965963e+00 4.9585318832e-02
-1.3835499935e+00 -1.4167762654e+00 9.3417500604e-01
-1.2923604905e+00 -2.1171522781e+00 6.5666319544e-01
2.0231881173e+00 3.4008906768e+00 6.0329086129e-01
-3.6624087451e+00 -4.8067644664e-01 4.6798887361e-01
9.6471146991e-01 1.8896485210e+00 7.6054447134e-01
3.9969428408e+00 1.7613999504e+00 1.3980196626e-01
-2.0335650397e+00 -2.2016942797e+00 1.5887545814e-01
-2.9397962289e+00 3.2566728717e+00 -1.1363277393e-01
-2.2551938413e+00 3.2648560797e+00 1.3980314234e-01
-2.1939285726e-01 3.0159684869e+00 -4.5856556135e-01
1.7250401041e+00 2.0573582465e+00 9.3772116415e-01
-3.6843884976e+00 -9.8228100752e-01 3.1158584505e-01
-2.8892253354e+00 2.1995979938e+00 -7.8113246768e-02
-3.1007144810e+00 -7.1543757828e-01 3.4968730080e-01
-8.1733568519e-01 -1.1786865204e+00 1.1959351857e+00
2.4183916825e+00 3.1022083452e+00 7.5096815747e-01
-1.3477280852e+00 -1.6741977713e+00 8.6310261487e-01
-1.8473399633e+00 -4.0767167064e-01 1.1152683102e+00
-2.4866336772e+00 4.0000000000e+00 -1.2264063183e-01
-2.8738126023e+00 -1.6311045263e+00 9.9799292651e-02
9.4180419677e-02 1.4159307669e+00 1.2802089953e+00
-9.3178881475e-02 -1.9939416505e+00 7.0820466890e-01
6.8594420380e-01 4.2079161796e-01 2.5010083489e+00
-9.8523508476e-01 -2.1965639085e+00 7.4893956341e-01
2.9445197333e+00 3.4012969788e+00 3.6718229630e-01
-2.1635557820e+00 -4.0000000000e+00 3.5412038759e-02
-3.2476388651e+00 -7.0553100518e-02 6.0662360188e-01
2.6213915424e+00 -6.0325701777e-02 -2.5137972326e-01
3.4945870418e-01 -4.0000000000e+00 1.5559129381e-01
3.7625976151e+00 -8.4655165733e-01 -1.8149971205e-01
3.0355520887e+00 2.7546611081e+00 5.9211259970e-01
-1.4503790345e-01 -1.8093311113e+00 8.6785793116e-01
-2.9953534024e-01 2.1814045105e+00 2.5213780248e-01
4.1149934188e-01 3.1648481629e+00 -3.7666315616e-01
2.1798381107e+00 -2.7676194787e+00 -6.6079755515e-01
8.2983795439e-01 8.6942684066e-01 2.2647154654e+00
2.2574980830e+00 2.0834514830e+00 1.0430645937e+00
2.1412830196e+00 -3.1473717948e+00 -4.6214689478e-01
4.8866397905e-01 2.4080021350e+00 -2.9583537199e-02
2.4911523246e+00 -1.3717688548e+00 -1.1022670631e+00
1.3820353090e-01 -4.0000000000e+00 2.0565790808e-01
2.0580842333e+00 -2.6343770480e+00 -8.3866070513e-01
5.6999469373e-02 2.3893819771e+00 -5.8628734510e-02
-3.8158674156e+00 -2.3205791828e+00 4.9589194878e-02
3.7509314704e+00 -5.3407523083e-01 -1.4830395540e-01
2.6531885182e+00 -4.0000000000e+00 -2.4546590972e-01
2.9815396326e+00 -5.2626371100e-01 -6.0453892872e-01
-1.0262945532e+00 -1.5186341889e+00 1.0849581157e+00
1.8086433996e-01 -2.8633270856e+00 -2.7670772934e-02
-3.5333134337e-01 -2.9810218413e+00 2.8393199344e-01
2.6579425958e+00 -1.3054017258e+00 -9.5127958778e-01
-1.1480698789e+00 -1.4582566767e+00 1.0523389112e+00
3.1871476096e-01 -9.3222480081e-01 1.0429389840e+00
3.2438262048e-01 -2.7879211174e+00 -1.4162327476e-01
2.0343004741e+00 -3.1910124235e+00 -4.7854559546e-01
-4.0580515679e-01 2.1322210949e+00 3.4866886379e-01
1.6219928427e+00 2.8256795405e+00 4.9665402889e-01
2.2668189729e+00 -3.5092346338e+00 -3.2831441674e-01
2.3695330382e+00 1.7206908688e+00 9.6635429681e-01
3.5745306659e-02 2.6942614545e+00 -3.4019466059e-01
-5.2323611649e-01 -2.4547789292e+00 5.8451815269e-01
-4.5487897955e-01 -1.6871507399e+00 1.0724110851e+00
-2.3335505831e+00 1.7066915866e+00 3.2366707080e-01
-2.9463708538e+00 3.1032206628e+00 -1.0448826619e-01
-2.2745171748e+00 -2.0691214748e+00 8.4471203459e-02
-1.7221626035e+00 -2.8689832463e+00 2.6035878145e-01
-3.7296687379e+00 -2.3326519891e+00 6.0897084410e-02
2.9365081420e+00 -2.9838885996e+00 -1.8550904952e-01
3.8998924657e+00 -2.9829004756e+00 1.3901335408e-02
1.0702020398e+00 -2.3943380091e+00 -8.5686421070e-01
-4.0000000000e+00 -2.5216806876e+00 2.8950319898e-02
-2.3264421456e+00 -1.3003177106e+00 2.7873616098e-01
-2.0015534345e+00 -1.6824719874e+00 3.4325358054e-01
8.2486666216e-01 -8.7766136621e-01 6.4033068063e-01
3.5407195610e+00 -1.9667358163e+00 -6.6195170489e-02
3.0838148634e+00 2.2336937162e+00 6.5562274916e-01
1.8675863896e-01 5.2291108564e-02 2.1495718183e+00
-3.6044362374e+00 -1.6281149920e+00 1.9158672733e-01
8.7579708924e-01 1.5605708099e+00 1.2257113442e+00
-2.7972378193e+00 2.5784147721e+00 -2.7834075179e-02
4.0000000000e+00 -9.0377242589e-01 -5.2742740540e-02
-3.2000022469e+00 -1.7468170294e+00 1.5217657782e-01
-7.5557542419e-01 -3.9648308047e+00 3.0588078003e-01
-2.2753440975e-01 -1.0032168514e+00 1.2079755746e+00
-4.0000000000e+00 2.5217433906e+00 -3.7513866578e-01
-1.3163730678e+00 -2.1112808219e+00 6.4508983030e-01
2.7744108836e+00 -4.9817426317e-02 -3.2868877747e-01
3.7263800075e+00 7.5567349717e-01 2.4929080565e-01
-2.4062382747e+00 -3.2724185937e+00 1.3145306389e-01
4.0000000000e+00 1.8548714214e+00 1.1926774442e-01
-8.0059048023e-01 -1.4627501249e+00 1.1525122786e+00
2.5819507998e+00 -3.5135197023e+00 -2.7765220873e-01
2.3359606209e+00 -6.0676011547e-01 -5.2460603392e-01
-2.8040623156e+00 -9.7633048824e-01 2.5152347212e-01
-2.0450750320e+00 -3.2213004866e+00 2.2456110502e-01
1.5772072434e+00 3.0041805403e+00 4.3715438441e-01
-3.5694820426e+00 1.8236770319e+00 -1.5669531523e-01
3.0833952244e+00 1.2254573730e+00 2.9190325534e-01
2.4471375935e+00 5.3849219844e-02 3.9252755294e-02
1.1460889682e+00 1.9939969167e+00 6.8195330781e-01
-2.2202411318e-01 -2.3081614361e+00 5.6259781905e-01
-1.8341647726e-01 -2.0843083251e+00 7.0876241678e-01
9.6480890713e-02 1.6219408715e+00 1.0272221203e+00
5.4492720204e-01 2.0787654594e+00 3.9618139149e-01
5.1013095644e-01 2.4705248610e+00 -8.5463316334e-02
-3.2728129182e+00 1.1115168686e+00 1.6186143380e-02
-2.3633139522e+00 -8.3750374274e-01 5.2513467082e-01
2.2651912190e+00 2.7989271580e+00 8.7913474726e-01
-2.1695974300e+00 1.4689487238e+00 6.3920318410e-01
-1.6262252370e+00 2.1671637154e+00 6.2139720021e-01
-1.5788273104e+00 3.2133667194e+00 1.0552316079e-01
-6.5269315147e-01 2.5776281961e+00 -9.2767639095e-02
-1.7374835357e+00 -1.6772567639e+00 5.5453135031e-01
-2.5424365647e+00 -1.6129230360e+00 9.2017349718e-02
1.3063435817e+00 5.6511455589e-01 2.2343618818e+00
1.4058021940e+00 2.1572180180e-03 1.5446681514e+00
-9.9606892737e-01 -1.8824732684e+00 9.5246687319e-01
-3.4489862596e+00 -5.9112245459e-01 4.1249542514e-01
-3.6806161697e+00 -3.6014672481e+00 8.9005204305e-02
-1.0337941705e+00 -3.0265349174e+00 3.9189084307e-01
2.7546663911e+00 3.4934293593e+00 4.0768403583e-01
2.1973016045e+00 1.0915051319e+00 1.0576551131e+00
2.7173583894e+00 1.6735390124e+00 6.7945081228e-01
-2.9835595031e+00 8.7336412972e-01 4.4014299004e-02
3.2080438432e+00 1.1962844371e+00 2.5896648350e-01
-3.3105903472e+00 -1.2532083139e+00 2.3054416799e-01
2.4268794911e+00 4.0000000000e+00 1.8882838241e-01
6.5530121013e-01 3.5982737162e-01 2.4710775333e+00
2.3756049195e+00 -2.2974440619e+00 -8.2041566324e-01
-8.6915335403e-01 4.0000000000e+00 -2.9349537002e-02
1.8323841555e+00 2.9304265023e+00 6.4212484896e-01
2.8778387849e+00 -2.6228251754e+00 -2.2241844074e-01
2.9457283619e-01 3.2904036969e+00 -3.8033439839e-01
-4.0000000000e+00 -3.2325336033e+00 1.4422507398e-01
-1.1232720714e+00 -3.3825142749e+00 3.7458934929e-01
2.7091806267e+00 3.1005915895e+00 6.3800456402e-01
1.5368023068e+00 2.3347922877e+00 6.2264397538e-01
-2.5335995753e+00 -7.5654428136e-01 4.6633377882e-01
1.8569239719e+00 2.2521483695e+00 8.9470820927e-01
2.9307678992e+00 -9.8090616298e-01 -7.1986337220e-01
8.0548209431e-01 3.3037669442e+00 -1.1790733994e-01
-3.6777207416e+00 -1.1779216262e+00 2.7310010445e-01
4.0000000000e+00 5.0486015224e-01 3.4829429810e-01
2.6562163355e+00 -1.8140856489e+00 -8.2264370931e-01
5.0414994010e-01 -3.0707297888e+00 -2.5884195596e-01
3.2373772509e-01 8.6274680508e-01 2.0979070449e+00
1.1837978129e+00 -4.9920230172e-01 9.5968275727e-01
1.9418653705e+00 -3.9452038040e+00 -2.8157778559e-01
7.8414239172e-01 2.9685015930e+00 -2.0111203705e-01
-2.9413163242e+00 -1.4029815559e+00 1.4142543714e-01
1.7157049024e+00 3.0534662751e+00 5.4280274991e-01
-4.0000000000e+00 -8.7987252244e-01 3.3229578743e-01
2.3021495633e+00 -2.4428958572e-01 -9.5250383531e-02
1.1492075128e+00 -1.1287690605e+00 -2.4301596177e-01
-3.1469116086e+00 -1.4760526497e+00 1.7102011420e-01
3.4636501518e+00 1.2619136758e+00 2.5050113216e-01
-1.9175312049e+00 -3.1979069310e-01 1.0884137406e+00
1.0224564854e+00 -2.3681704136e+00 -8.1071625304e-01
2.5882787327e+00 1.0430656308e+00 5.4929372785e-01
3.7718969014e-01 5.6869347368e-02 2.1932346490e+00
4.0000000000e+00 -1.3710708102e+00 -7.0407603154e-02
-2.4022593596e+00 2.8338792016e+00 1.1942041789e-01
-2.4263641898e+00 3.1510030846e+00 1.0568249264e-01
-2.9143341524e+00 2.5970313623e+00 -7.2110256834e-02
-2.0349844638e+00 -1.0314957788e+00 6.3746557695e-01
2.1871257709e+00 3.8699922187e+00 3.0397425852e-01
-4.2064116098e-01 4.0000000000e+00 -3.4267329581e-02
-2.5792089000e+00 1.6896423206e+00 6.6500348567e-02
3.2232996290e+00 8.7304592137e-01 2.0481127334e-01
2.6983638638e+00 -2.6092362489e+00 -3.4107815156e-01
-2.1601784024e+00 -2.7089267115e+00 1.4629639252e-01
-4.1000334663e-01 -1.3321506522e-01 1.7782027042e+00
2.7196785599e+00 -3.9393260870e+00 -2.3174662664e-01
3.1281037005e+00 1.5202265409e+00 4.0475654612e-01
-1.4923823010e+00 -2.2532555532e+00 4.5106722574e-01
-2.9678744664e+00 -6.6331128217e-01 3.7707838125e-01
1.2767224466e-01 2.3832278314e+00 -5.0972884424e-02
-3.3402346982e+00 2.0392097141e+00 -1.6678477064e-01
-2.9433307498e+00 -3.8628004757e+00 4.8537113342e-02
-2.3318548193e+00 1.1353757268e+00 4.5208134454e-01
-3.4850337503e+00 3.3703125604e+00 -2.1691444445e-01
2.3972987791e+00 7.2157938070e-01 7.1006306340e-01
-5.5948708211e-01 -1.6597494221e+00 1.1020574831e+00
5.4831603344e-01 -7.8870083044e-01 1.0437608715e+00
2.4210151164e+00 1.4393318197e+00 8.4538269781e-01
1.8832027188e+00 2.3018123301e+00 8.8660535553e-01
-3.3690672275e+00 3.4421564645e+00 -1.9582712730e-01
5.2503148747e-01 -2.2000097234e+00 -1.4424745564e-01
2.6972027540e-02 4.2562623692e-01 2.1653896249e+00
3.1385538651e+00 -1.1178451898e+00 -5.4539089876e-01
2.5541059993e+00 6.9788038930e-01 4.9654277199e-01
2.4313831241e+00 -6.5428670096e-01 -6.3475144094e-01
9.3964286466e-01 -1.9656298719e+00 -6.4555121428e-01
7.3792944270e-01 1.8121782232e+00 8.3110836772e-01
4.0000000000e+00 -8.8468017207e-01 -5.1364552901e-02
1.3005456291e+00 3.0871291237e+00 2.0328196914e-01
-9.4998540599e-01 -4.0000000000e+00 2.9057602358e-01
-3.4824023375e+00 -1.7943837350e+00 1.6746598910e-01
-1.3421898887e+00 -2.5218640873e+00 4.2613762977e-01
3.0153724633e+00 2.2728336829e+00 6.9755998238e-01
1.5879391666e+00 2.0381049563e+00 8.8015337611e-01
2.5179486502e+00 1.4520661766e+00 7.5029128743e-01
-1.2295160584e+00 -3.6669917146e+00 3.3296848352e-01
-1.6719161342e-01 -6.1315439371e-01 1.3778553750e+00
-2.7036469129e+00 -3.6141352063e-01 5.7468476692e-01
1.2971110921e+00 1.3032121981e+00 1.6077517462e+00
-2.3227059428e+00 -2.6421763966e+00 1.1340042624e-01
-2.9583248972e-02 1.4348914969e+00 1.2323277330e+00
-1.4327751370e+00 2.6275841340e+00 2.0273247157e-01
-3.2745395095e+00 -1.8391829171e+00 1.5255043514e-01
1.4885093675e+00 3.9580902730e-01 1.9347032876e+00
-1.5937433202e+00 3.1422640835e+00 1.0951466656e-01
3.6909240199e+00 2.6702765484e+00 1.9933904681e-01
-8.2564551744e-02 -3.2470622860e-01 1.6936417038e+00
3.6986675900e+00 1.8784587622e+00 2.8593445726e-01
-3.9721702531e-01 -7.0608884201e-01 1.2977583382e+00
-5.4176122388e-01 2.9038122398e+00 -3.4196187832e-01
-1.1269603356e+00 -1.7364105209e+00 9.6869034671e-01
-4.0000000000e+00 -2.2610376927e+00 1.9058287074e-02
3.9764839937e-01 -3.3899664794e-01 1.7061447724e+00
-1.4805931224e+00 2.8570220174e+00 1.0896312384e-01
-2.1272057634e+00 -1.4911273123e+00 3.2788791967e-01
-1.8490688156e+00 -2.9530912844e+00 2.4257134534e-01
1.7189755722e+00 3.2147313573e+00 5.3733227930e-01
-4.1851988294e-01 -4.2995740873e-01 1.5009022240e+00
-3.7390231200e-02 1.6736872356e+00 9.5247614150e-01
-1.0958172176e+00 2.6027069032e+00 9.1062039036e-02
-2.4194589559e+00 1.3451812451e+00 2.9964339505e-01
-1.8515449469e+00 -1.1766343379e+00 6.9511472561e-01
-2.8082486670e+00 -3.9967507031e+00 4.2343898293e-02
-2.1143216496e-01 -1.5465005002e+00 1.0355325503e+00
-2.8262518284e+00 -2.2315903193e+00 8.2904954775e-02
2.6170721420e+00 -2.0597162379e+00 -7.1767448288e-01
2.6782920856e+00 1.8592443459e+00 7.9271239161e-01
2.8931365382e+00 -2.1365904567e+00 -3.7016003618e-01
1.7953237840e-01 2.4594741841e+00 -1.3183563549e-01
-6.7199405931e-01 -3.6032489114e-01 1.5061169083e+00
3.3286653826e+00 1.3114306922e+00 2.7773551876e-01
2.6124145482e+00 2.6266120364e+00 8.7897698203e-01
-3.7413938957e+00 1.9649088738e+00 -2.2490285078e-01
4.0000000000e+00 1.4068610906e-01 3.5674527528e-01
-2.8618297033e+00 1.8532404474e+00 -8.5652817703e-02
-2.5983307015e+00 4.0000000000e+00 -1.1883972128e-01
2.0304108794e+00 -4.0000000000e+00 -2.8975199812e-01
-3.2491055176e+00 3.3079531863e+00 -1.9935153341e-01
5.2674847263e-01 -1.3904650566e+00 4.1343534393e-01
-2.5118785011e+00 -9.5967272205e-01 3.5243223076e-01
2.3853657098e+00 1.6196944785e-01 2.4256749567e-01
3.0732777648e+00 1.7974017150e-01 -1.5628302326e-01
3.1354129950e+00 2.0475388012e+00 6.0683562346e-01
8.3030607870e-01 -3.1070544249e+00 -4.4807645713e-01
6.8659811116e-01 -3.2917546705e+00 -2.7348065454e-01
-1.7668298670e+00 -2.3466289360e+00 2.6045132156e-01
-2.7108243041e+00 1.8416700806e+00 -3.0813198916e-02
-3.3915647400e+00 1.4386896919e+00 -5.8881840549e-02
3.0178744577e+00 -2.8126872737e-01 -4.9147076817e-01
-2.0029251371e+00 -6.2988337385e-01 9.2702767923e-01
-2.5081212355e-01 -2.8706804070e+00 2.6211362040e-01
2.6203803752e+00 -2.0276011308e+00 -7.3570154585e-01
5.0367002326e-01 1.2837871356e+00 1.5747285706e+00
-1.5583100526e+00 -1.6643893409e-01 1.3135260455e+00
1.6472314506e+00 2.0150526658e+00 9.3058880448e-01
2.7192708520e+00 -3.3733150372e-01 -5.1677748645e-01
1.4795438852e+00 1.2695309384e-01 1.6329184554e+00
2.1748089702e+00 4.0000000000e+00 2.0891820269e-01
-1.5334197921e-01 1.9791378405e+00 5.2926469038e-01
2.5838210001e+00 -3.2995153997e+00 -2.8685533903e-01
-4.4283710028e-01 2.4105665012e+00 -2.1711181986e-03
1.3496985336e+00 3.2101119794e+00 2.6597368332e-01
-2.2878676542e-01 -2.7000991689e+00 3.1523413791e-01
-1.7033923875e+00 3.7362504492e+00 3.9515706024e-02
6.2121908504e-01 -4.0000000000e+00 8.2871667818e-02
4.6348809687e-01 -1.0748386214e-01 2.0032150221e+00
2.7843622423e+00 5.9005375741e-01 2.3730481067e-01
1.2863099886e-01 -9.1112082867e-01 1.1550570970e+00
-3.7126912760e+00 1.6657580742e+00 -1.1935640483e-01
-5.8531282915e-01 -1.2556711095e+00 1.1982732869e+00
5.7269491135e-01 -8.7930056883e-01 9.0436658919e-01
2.1658431915e+00 1.2503996544e+00 1.0956579520e+00
-8.9203009885e-01 -1.8259126677e+00 1.0132719174e+00
-2.7374568313e+00 1.2922701893e+00 3.6101012385e-03
1.2686503303e+00 -2.5796434783e+00 -9.5761980664e-01
1.7603461969e+00 2.9094431954e+00 5.9390568633e-01
-1.2942502242e+00 -3.3573290615e+00 3.6533785988e-01
2.3414441704e+00 2.0599165388e+00 1.0259136700e+00
7.2287376478e-01 -2.6655009329e+00 -5.1066559930e-01
-4.0000000000e+00 1.7315512994e+00 -1.8266557626e-01
-2.2756487799e+00 -6.3411454729e-02 8.3804754666e-01
-9.6559704516e-01 -2.9135705342e+00 4.0719981762e-01
-2.1170104356e+00 -1.0049034134e+00 5.9163086073e-01
-3.3895798486e+00 1.5974630469e+00 -9.7014607005e-02
-1.5034240913e+00 -3.3964740992e+00 3.3432356688e-01
3.6606627043e-01 -2.8993829798e+00 -1.8361980890e-01
3.6743303553e-01 3.2411244563e+00 -3.7276381739e-01
-2.7183512155e+00 -6.4909902077e-01 4.3735647861e-01
3.8970893501e+00 4.3161031604e-02 2.4650959154e-01
-2.3238070693e-01 2.4334284919e+00 -7.9713626562e-02
-4.0000000000e+00 4.0000000000e+00 -1.5298006221e-01
-2.8656457784e+00 -1.1319178062e+00 1.9411225932e-01
4.0000000000e+00 -1.6517452832e+00 -7.6533385623e-02
3.0178696534e+00 1.6839211702e+00 5.2373154740e-01
3.3552110732e+00 -1.5378591810e+00 -2.5973261906e-01
1.2765730009e+00 -2.3405065091e+00 -1.0469755883e+00
-9.7815155351e-01 3.7540871631e+00 -7.4824067746e-02
2.2215404768e+00 -3.8047378829e-01 -1.4934663736e-01
6.5758550096e-01 8.0949178767e-01 2.3213846613e+00
-1.7243802775e+00 -3.0667183715e-01 1.2087867013e+00
-2.5915045985e+00 -3.5970593478e+00 5.3363411991e-02
2.2742671189e+00 6.1770901460e-01 8.4443663265e-01
-2.8358859887e+00 2.4604992836e+00 -4.7218537678e-02
-3.8446613615e+00 -2.2844006072e+00 4.7839143650e-02
2.9015627118e+00 -1.6557448610e-01 -4.3892815550e-01
2.9510043917e+00 -2.2215271064e+00 -2.8139746646e-01
-2.7052827516e+00 -3.1244464876e-01 5.8937172486e-01
-3.0541138038e+00 4.0000000000e+00 -7.6244174704e-02
3.1030990236e+00 2.4019844345e-01 -1.0108085425e-01
-6.3263273421e-01 2.3931421339e+00 8.6521186347e-02
1.1160941079e+00 -3.1201389256e+00 -5.6751558486e-01
2.4897667134e+00 8.6189678404e-01 6.2850501428e-01
7.6366043363e-02 2.1223296773e+00 2.9513204839e-01
3.8813617394e-01 1.9245683513e+00 6.1491847189e-01
1.6248799095e+00 5.5970764649e-01 1.8524022605e+00
-2.8005633760e+00 2.1263664081e-01 4.6998143948e-01
9.4432182127e-01 -6.3079313134e-01 9.5861126989e-01
-1.5684973416e+00 -1.6526419153e+00 7.0424698467e-01
1.7144461199e+00 4.0000000000e+00 2.5112695964e-01
-3.4775400640e+00 -3.0233223741e+00 2.8642350773e-02
-2.8730973968e+00 -2.8203281107e+00 7.6671202284e-02
2.5345563101e-01 4.7292044272e-01 2.3380827002e+00
-3.3148617232e-01 -1.9162325924e+00 9.1067360034e-01
1.2541383574e-01 -1.9456660764e-01 1.8866536068e+00
1.7585078185e+00 2.4316789181e+00 7.4453723342e-01
1.3089051396e+00 1.2667292215e+00 1.6515537071e+00
-2.6298103363e+00 -4.0000000000e+00 1.8371256192e-02
4.0000000000e+00 2.3451923100e+00 3.4604440713e-02
2.3873828034e+00 -2.1549306057e+00 -9.1654001708e-01
2.1708696285e+00 2.8104381450e+00 8.5289809001e-01
-2.3436209259e+00 3.7119307095e-01 5.9765993417e-01
2.1874028428e+00 1.5375835455e+00 1.0775067501e+00
-1.3466618875e+00 -2.2041270391e+00 5.6999125925e-01
4.9613950718e-01 3.2654776407e+00 -3.0830627078e-01
2.5581881390e+00 2.8291288900e-01 1.6221074580e-01
-2.9454765325e+00 -9.4738191509e-01 2.5813888821e-01
3.1805943220e+00 1.6618902733e+00 4.5296990280e-01
2.6774574967e-01 -3.6087578448e-01 1.6878782004e+00
-1.1963514600e+00 3.6909852211e+00 -3.0638801591e-02
-3.5662231981e+00 -9.3563353968e-01 3.1515801464e-01
-3.1972201342e+00 1.1999441458e+00 -2.5469553744e-02
1.3580350368e+00 2.4455031589e+00 4.0395884712e-01
-2.6966728755e+00 -2.7112229464e+00 9.6772310412e-02
-8.3222273120e-01 -1.6786257804e+00 1.0876866360e+00
-2.2440251913e+00 -1.4627724500e+00 2.6065835550e-01
-5.3433821683e-01 -1.9906907053e+00 9.2843425025e-01
2.6969456600e-01 -8.1590667770e-01 1.1716710813e+00
2.6812647186e+00 2.4019677582e+00 8.8745312021e-01
4.0000000000e+00 9.2894461435e-01 2.7423403173e-01
-2.4447740050e+00 -3.4210214437e+00 1.0580896784e-01
1.4181553383e+00 9.8205665671e-01 1.9302143755e+00
3.9863769192e-01 1.0314811508e+00 1.9101383697e+00
2.4640979617e+00 -4.0000000000e+00 -2.8568809902e-01
-7.7062050103e-01 -7.6161674580e-01 1.2579013778e+00
-4.0000000000e+00 2.6193351568e+00 -3.6721535684e-01
3.0757511957e+00 2.8167940353e+00 5.4393664415e-01
9.9673550808e-01 8.6337843961e-01 2.2512061097e+00
1.8785867728e+00 5.7040413495e-01 1.4670182296e+00
-2.2639016517e+00 -3.4915940765e+00 1.4318314816e-01
-3.2943811621e+00 -1.8593637355e+00 1.5221501610e-01
-1.5844916185e+00 2.5113399352e+00 3.0913301035e-01
3.9146554534e-01 7.5352277741e-01 2.2679434956e+00
3.4016142652e+00 3.8316342587e+00 1.5966756167e-01
-3.8054103149e+00 -2.2548440123e+00 5.7496122026e-02
-1.7956789719e+00 -2.1625676678e+00 2.9450001240e-01
3.2598893772e+00 -2.6606411762e+00 -7.9023974200e-02
2.2123947990e+00 -4.0000000000e+00 -3.0339568031e-01
-4.6100278815e-01 -1.5091696938e+00 1.1335451164e+00
2.0969469873e+00 -2.6435866325e-01 1.5506825917e-01
-1.2474282626e+00 -2.4073241682e+00 5.1636334834e-01
-1.7961339169e+00 -2.1305123806e+00 3.0583908143e-01
2.2500977431e+00 3.7554638142e+00 3.8023311761e-01
-2.6328468338e+00 -1.0456046877e+00 2.5598999461e-01
-3.9815394025e+00 2.5579609858e+00 -3.6950718848e-01
3.2932993000e+00 -2.9604676357e+00 -9.7066956702e-02
-3.0030164423e+00 1.4068550271e+00 -7.8839452264e-02
-2.2803776456e+00 -1.8775343137e-01 8.4560369427e-01
-2.7227537815e+00 -3.2811485485e+00 5.6962902054e-02
3.3766950052e+00 -8.6686845509e-01 -4.2019814220e-01
-3.8689039018e+00 1.5792928769e-01 6.5621372382e-01
2.7397676836e+00 2.3333696273e+00 8.5991759334e-01
-3.4372592378e+00 8.8023564550e-01 1.6789028198e-01
-1.6962191712e+00 -2.1868446744e+00 3.4734344943e-01
-1.1918727692e+00 3.0492648669e+00 -6.4515089269e-02
1.9764549747e+00 3.4643894944e+00 5.6319397191e-01
-2.0052128141e+00 2.3634598879e+00 3.0781219559e-01
4.0000000000e+00 -2.5046308580e-01 2.0053957857e-01
5.6385285474e-01 2.8158205283e+00 -2.8756827181e-01
3.7334111680e+00 1.1569947099e+00 2.3085313690e-01
-2.2901966168e+00 7.9026607539e-01 5.2321001886e-01
-3.4383885581e+00 -3.0069191469e+00 2.6450060743e-02
3.0458866945e-01 -2.2752188014e+00 9.4484559674e-02
-3.3055930431e+00 -6.9329753616e-01 3.6510184145e-01
-1.8138415834e-01 -9.2228211417e-01 1.2239288051e+00
-8.0266345603e-02 -8.5366351382e-01 1.2368186439e+00
-2.9980331043e+00 -5.5763404675e-01 4.2621396372e-01
-3.3642563815e+00 -1.6914324880e+00 1.7672897235e-01
2.1970935516e+00 1.1121957607e+00 1.0580610418e+00
4.5094839407e-01 -2.6008790666e+00 -2.2760826262e-01
-2.4168245694e+00 -8.5408910652e-01 4.7694796074e-01
-1.0154540663e+00 -3.1411180263e+00 3.8655546905e-01
-1.3130675191e+00 -2.3127413882e+00 5.3056752598e-01
3.4722777962e+00 2.6873404126e+00 3.2832767030e-01
2.5576248539e-01 1.3964441080e+00 1.3463929262e+00
-1.9755649333e+00 -2.2664244059e+00 1.7528591855e-01
-2.1551134264e+00 -2.4496215596e+00 1.1463914144e-01
1.1579833164e-01 -2.1341071832e+00 4.0873427552e-01
-1.9888142147e+00 -2.4671349752e+00 1.6121159204e-01
1.7269702741e+00 1.6192002356e+00 1.2534825967e+00
-5.5122376284e-01 -1.0926220613e+00 1.2183472679e+00
2.4736373929e+00 -3.1416089274e+00 -3.3756959166e-01
1.2300181816e+00 -9.3489361363e-02 1.5955609788e+00
3.9257160456e-01 3.0342975672e+00 -3.9626738483e-01
-2.8722269883e+00 -2.6882804036e+00 8.5032764133e-02
3.1305318506e+00 1.6421403264e+00 4.6124669859e-01
2.3210402565e+00 -1.9915044703e+00 -1.1091268757e+00
-1.7360893776e+00 -7.1409274447e-01 1.0534297768e+00
-2.1362723096e+00 2.0821519338e+00 3.6214048576e-01
3.1913107941e+00 3.8908023732e+00 1.8752543849e-01
-1.5954462864e+00 -4.0000000000e+00 1.6863641543e-01
2.6758226488e+00 6.6578024863e-01 3.5759063999e-01
-1.4408379914e+00 2.8043413333e+00 1.1360741034e-01
9.5638698344e-01 6.7100326672e-01 2.4369433078e+00
2.2692151871e+00 3.7988090168e+00 3.4705512319e-01
9.4352428494e-01 1.6249411503e+00 1.1402843514e+00
-1.8371754253e+00 -1.6614349608e+00 4.8004744782e-01
3.1022644885e-01 1.3138294980e+00 1.4723289116e+00
-8.2519326211e-01 -1.8776240270e+00 9.9972570604e-01
-4.4874843243e-01 2.4725465388e+00 -6.7570995926e-02
1.2722453320e+00 5.4671319939e-01 2.2632387757e+00
4.0000000000e+00 -2.7084480574e+00 -1.7436836142e-02
3.9131929661e-01 -2.8858856352e+00 -2.0542318928e-01
-1.5796353539e+00 -1.1944030911e+00 8.8832226406e-01
-1.5341739747e+00 -1.6264278310e+00 7.4315461984e-01
-2.3902794567e+00 3.6782208724e+00 -5.2383119702e-03
-2.9360557900e+00 -6.8552467334e-01 3.6940034725e-01
2.8780298198e+00 -2.6386067774e+00 -2.1992100489e-01
3.9876774771e+00 2.6288581536e+00 3.2919097259e-02
-3.9029661599e+00 1.9921902102e+00 -2.7198537161e-01
2.5132231284e+00 -3.7547530157e+00 -2.8135343326e-01
8.6199014839e-01 1.7934713149e+00 8.7922274239e-01
3.4755520434e+00 -2.9876659471e+00 -6.3763115094e-02
3.1806891866e+00 -1.2505028584e+00 -4.7871225868e-01
1.9142738392e+00 1.3255537719e+00 1.3266956661e+00
4.4249301510e-01 2.7331319331e+00 -2.9658537487e-01
1.2114261494e-01 -1.2930676207e+00 9.3626780083e-01
2.0798815036e+00 -2.7707252465e+00 -7.2451355620e-01
7.0515254131e-01 -4.0000000000e+00 5.9209358393e-02
-4.0000000000e+00 -3.3791544019e-01 5.2113236109e-01
2.1708414723e+00 -2.5200261460e+00 -8.4228753918e-01
3.6927443200e-01 2.0417113490e+00 4.2998120087e-01
2.4508664693e+00 -4.0000000000e+00 -2.8774025445e-01
-1.7969502137e+00 -7.2599017497e-01 1.0102006640e+00
2.3214146132e+00 2.4281088242e+00 9.9060258060e-01
1.4947416467e-01 8.2435147248e-01 2.0125402977e+00
2.6562898083e+00 2.7708456397e-01 6.3109187936e-02
-2.8926375777e+00 -6.3894010666e-01 3.9749499677e-01
2.6055078892e+00 -2.6756438131e+00 -3.8735178877e-01
-2.4858559794e+00 1.7661218318e+00 1.3804586804e-01
-9.5751878805e-01 2.4424389424e+00 1.7752723846e-01
-1.7148787046e+00 3.4397707939e+00 1.1940724078e-01
3.5261899027e+00 2.7450634799e+00 2.8292747650e-01
3.6989727868e+00 1.1993002903e+00 2.3191897624e-01
2.9825333331e+00 1.3651869338e+00 3.7956540915e-01
1.3683136984e+00 1.1656909088e+00 1.7580821972e+00
-2.9705970903e+00 3.9211585947e-01 3.3926275106e-01
2.8734983055e+00 2.8736133558e+00 6.5195064117e-01
3.6654737453e-01 7.1496261884e-01 2.2891736015e+00
3.4963307434e+00 -2.6433885984e+00 -3.9288768005e-02
-2.6114778263e+00 -1.9889797079e+00 4.9950406991e-02
2.1044721549e+00 1.7286209593e+00 1.1137886755e+00
-2.9971488868e-01 -6.8150402033e-02 1.8712393836e+00
-3.2578333378e+00 2.5171358282e+00 -1.8940541071e-01
2.7740558373e+00 -2.3134839274e+00 -3.9452798351e-01
-3.9906673235e+00 -7.3174399173e-01 3.7119366810e-01
-4.0000000000e+00 2.4680985607e-01 6.6688910228e-01
1.7530370818e+00 9.3738153628e-01 1.6560514098e+00
3.4140401968e+00 1.7356260987e-01 -3.7269312718e-02
-1.0640255330e+00 -1.7655083375e+00 9.8459129787e-01
-4.0680458676e-01 -4.9176201574e-01 1.4453595274e+00
2.0394075980e+00 3.7172567966e-01 1.0345763697e+00
6.8946584956e-01 3.3501867070e+00 -1.7076683982e-01
3.9933203791e+00 8.0580141146e-01 2.9582999550e-01
4.7276989153e-01 -2.4845243104e+00 -2.1357529997e-01
7.9815075898e-01 3.6925937130e+00 3.2093759625e-02
-2.1635045040e+00 -4.0000000000e+00 3.5420581154e-02
-2.8246204735e+00 -3.7631062207e+00 3.2246109030e-02
3.6312106105e+00 3.6055091378e+00 1.2694604999e-01
-1.0737903481e+00 2.9374284176e+00 -1.0271652026e-01
-1.8341201396e+00 3.8497907350e+00 -6.0343241207e-03
-3.3409589669e+00 -3.9309028193e+00 1.0004745716e-01
2.9396060851e+00 2.8844336741e+00 6.0588975611e-01
1.3489612977e+00 3.8982133257e+00 2.5842734121e-01
3.1502022878e+00 1.5197136463e+00 3.9799006910e-01
-3.5617653474e+00 -2.9011708800e-01 5.5885994568e-01
2.9918144908e+00 -6.1135609093e-01 -6.2730118639e-01
-1.2346671451e+00 3.3026086672e+00 -3.7755892347e-02
-3.7464200181e+00 8.4317324407e-01 3.1118822026e-01
3.5204552161e+00 9.0470281202e-01 2.1797813202e-01
2.9056544154e+00 -1.3054025497e+00 -7.1335571438e-01
-4.0000000000e+00 2.1152674026e+00 -3.3743384158e-01
-1.8997841564e+00 2.8487595488e+00 1.8778284408e-01
6.1288272196e-01 1.1961895489e-01 2.2602976550e+00
9.3725358770e-01 1.7912704796e+00 8.9678302938e-01
-2.8376541709e+00 -2.6371939618e+00 8.9138462030e-02
-2.2674279907e+00 -1.7548902521e-01 8.5455691047e-01
-2.1497925293e+00 -6.3281195760e-01 8.1774789821e-01
3.0273277712e+00 2.5649253329e-01 -9.4265641252e-02
7.1699797650e-01 1.5166544870e+00 1.2704588153e+00
-2.5421948227e+00 -1.4066191492e+00 1.4380447527e-01
-3.5951925212e+00 4.6545431577e-01 4.8377862929e-01
1.8479630649e+00 9.3707965795e-01 1.5394544073e+00
3.4168316729e+00 -3.2778196043e+00 -8.9217575344e-02
-2.5357688242e+00 4.0000000000e+00 -1.2151433431e-01
3.7517596326e+00 -1.1793834669e+00 -1.5170014174e-01
1.7359010576e+00 1.9615136233e+00 1.0096170093e+00
-2.1185402261e+00 1.2981391832e-01 9.0176609838e-01
-3.3720362976e+00 -2.5092447337e+00 7.1024828509e-02
-3.1695000316e-01 2.7971872345e+00 -3.6257957478e-01
2.4165037350e+00 2.5849347242e+00 9.4758115315e-01
2.0231113496e+00 2.8900093866e+00 7.6683039339e-01
1.0787212961e+00 7.7097713014e-01 2.3182557559e+00
4.0000000000e+00 -2.5598488352e+00 -4.1443784165e-02
1.0516644724e-01 -1.8272799282e+00 6.3677426731e-01
2.5272069058e+00 2.3762806633e+00 9.5851516602e-01
3.1364622472e+00 3.4466905248e+00 2.7594778698e-01
6.1094839444e-02 9.9848235198e-01 1.7531426023e+00
3.7966658777e+00 5.6219064681e-01 2.6951301390e-01
1.6266750277e+00 -2.3751689440e+00 -1.1857233843e+00
-3.6247012564e-02 -1.4030447468e+00 9.9459796991e-01
2.1785194597e+00 -2.2843086627e+00 -1.0188704103e+00
1.2388278052e+00 2.2288834884e+00 4.7652761393e-01
-1.6307029644e+00 1.9902379241e+00 8.4407763583e-01
3.2244476773e+00 -2.2608520087e+00 -1.0628038187e-01
-1.2763277575e+00 3.1759814335e+00 -2.5042358936e-02
2.0815265462e+00 -3.8311800542e-01 2.0283586855e-02
-3.7301313310e+00 1.4084387413e-01 6.4319408207e-01
-1.3113797746e+00 4.0000000000e+00 -2.8091573598e-02
-2.8288951451e+00 -8.3615948375e-01 3.1139173685e-01
-2.2962882497e+00 -1.4748332725e+00 2.2466504515e-01
1.1602249642e+00 1.4586806099e+00 1.4033838614e+00
1.7216012059e+00 -3.4938210730e+00 -3.8579805377e-01
-4.9638599786e-01 -3.0857478974e+00 3.2018966397e-01
-2.3622437956e+00 -2.0785692422e+00 6.1970595556e-02
-2.8571731795e+00 2.6394540281e+00 -4.9397038588e-02
1.0209237701e+00 1.3612233344e+00 1.5333578504e+00
-1.4881368703e+00 -9.7426328393e-01 1.0415268772e+00
2.7551788002e+00 -9.5457189653e-01 -8.2695951041e-01
2.5359796942e+00 2.5619704470e+00 9.2438743336e-01
-4.1242172574e-01 -2.4636070789e+00 5.4358314752e-01
2.1229437883e+00 1.2054967771e-01 5.9917512377e-01
-2.3511613811e+00 -3.9378766979e+00 2.8386719237e-02
3.1404111807e+00 -6.0037966455e-01 -5.5797674162e-01
2.0654316607e+00 1.6263576816e+00 1.1470721859e+00
1.0744750438e+00 6.2993120697e-01 2.4040719205e+00
7.6884781926e-02 -4.3278558380e-01 1.5907723082e+00
1.8615551597e+00 1.4964548489e+00 1.2877497318e+00
-1.0376814713e+00 -1.1716678682e+00 1.1544519810e+00
2.0687299278e+00 8.3125979897e-01 1.2359437162e+00
-4.9863043334e-01 -2.4531890477e+00 5.7918826694e-01
-2.5699788016e+00 -5.3344082720e-01 5.6854257049e-01
4.0000000000e+00 -1.6916191107e+00 -7.7319286282e-02
-4.0000000000e+00 1.5558538503e+00 -9.0336632129e-02
-3.1882675694e+00 -8.6432660081e-01 3.0052065046e-01
2.7590404372e+00 -1.0771652211e-01 -3.6999734954e-01
-2.0726086498e+00 2.6926804680e+00 1.9772877036e-01
6.4982485441e-01 -1.6265249302e+00 2.7674875604e-02
2.2759841521e+00 2.7439981243e+00 8.9931306762e-01
2.7199972809e+00 1.1082455718e+00 4.3691092859e-01
1.1398127007e+00 3.7772871995e+00 1.9895272722e-01
2.1357732715e+00 2.4246544823e-01 7.2629325071e-01
6.2091761989e-01 1.0635429910e+00 1.9461233042e+00
-3.0566285137e+00 -2.4455459169e+00 9.1456378647e-02
3.2610840162e+00 7.0221272460e-01 1.7821522351e-01
-8.4988624885e-02 -9.8495636859e-01 1.1856626028e+00
-3.3329088745e+00 2.3385071175e+00 -1.9748915693e-01
6.7402804152e-01 -1.3073198769e+00 2.7459282071e-01
4.5062368755e-01 -2.7395864197e+00 -2.5365281926e-01
5.1480377049e-01 1.3932252847e+00 1.4177050887e+00
-3.4938305367e+00 -1.3405800011e+00 2.3651937230e-01
-1.0514767590e+00 -1.7940645967e+00 9.7677619587e-01
1.4560337392e+00 8.2840930463e-01 2.0211809495e+00
-2.7181000928e+00 -8.5625750239e-01 3.2574576560e-01
-2.5451456029e+00 1.4035168730e+00 1.4074169051e-01
2.7854762944e+00 1.2002640692e+00 4.1413348069e-01
-1.6164289086e+00 -2.9622529010e+00 2.9539696272e-01
-8.3473466581e-02 -4.0000000000e+00 2.4898346579e-01
1.1625483948e+00 -2.3751017373e+00 -9.4466080917e-01
-2.2070993350e+00 -1.1022922929e+00 4.6261773935e-01
4.6111989180e-01 -1.7159721167e+00 2.5591969537e-01
-6.6416375998e-01 -2.8746414766e+00 3.9965851567e-01
1.7908245231e+00 3.1488052508e+00 5.8601764904e-01
-2.4790519721e+00 2.0472007367e+00 9.5104029273e-02
-1.9004064515e+00 -2.4019847576e+00 1.9372382552e-01
5.8999137173e-01 1.4511995897e-01 2.2904566370e+00
3.9895338918e+00 -2.9954562333e+00 3.2170100540e-02
2.1819421717e+00 2.9145610658e+00 8.2117427767e-01
-4.0000000000e+00 -9.4784387885e-01 3.1592182004e-01
2.3483038175e+00 -2.7017584146e+00 -5.7677993355e-01
3.2970021839e+00 -3.3958656868e+00 -1.1920461526e-01
-3.0346727503e+00 -1.4947676752e+00 1.4650809332e-01
-1.8814973379e+00 3.3019111032e+00 1.6015207505e-01
4.0000000000e+00 -1.1903388000e+00 -6.5195518527e-02
-3.0573150352e-01 1.7924265927e+00 8.2049428544e-01
3.6784900952e-01 -4.0798384185e-01 1.6179390914e+00
5.5838311145e-01 -1.9393293295e+00 -4.1974242769e-02
-2.9549183989e-01 -3.3116254838e+00 2.4243177338e-01
-7.3883850005e-01 3.7161396898e+00 -1.3902359588e-01
-3.7317650337e+00 2.3253287452e+00 -3.0131230635e-01
-4.0000000000e+00 9.8545568561e-01 2.9674875325e-01
3.4700397362e+00 -6.0233157174e-01 -3.6090016811e-01
5.8155352947e-01 -1.6041817446e+00 1.5443295883e-01
-9.3764785595e-01 -1.8012587445e+00 1.0131301170e+00
1.3518540651e+00 1.0029902942e+00 1.9481206596e+00
-1.8580324794e+00 2.5149048623e+00 2.8720552203e-01
2.2688107284e+00 3.1007293799e+00 7.6536619689e-01
-2.8396810556e+00 -1.4812043674e+00 1.1296457542e-01
-2.3143079398e-01 -1.1528119614e+00 1.1700440012e+00
-2.0737620185e+00 -1.3739659312e+00 4.1920792421e-01
-2.1153888913e+00 -3.3187885286e+00 2.0366288360e-01
-3.7508831630e-01 -1.5749255499e+00 1.0913585048e+00
7.3832531688e-01 1.5313312978e+00 1.2514691492e+00
2.7878223786e+00 2.8667955209e+00 7.0639697067e-01
3.0525266606e+00 2.2730616664e+00 6.7477676653e-01
-3.0451450527e+00 1.0782873649e+00 -1.4557692769e-02
4.0000000000e+00 3.9167967016e-01 3.6194228226e-01
2.7706229175e+00 2.7229862488e+00 7.7002077800e-01
-2.4504265061e+00 -3.9674023247e+00 1.5551072727e-02
5.4585641766e-01 1.9245546500e+00 6.3201162369e-01
4.0000000000e+00 2.2733843045e+00 4.1331073717e-02
3.9325174123e+00 -1.7010080493e+00 -7.2535800923e-02
-2.1397832851e+00 -2.2147450125e+00 1.1503517371e-01
-1.9615255015e+00 -4.0000000000e+00 7.6028134659e-02
3.4102329111e+00 -2.9472791028e-01 -3.0347792818e-01
-1.1409043986e+00 -5.7065884902e-01 1.3026433600e+00
-2.6430377456e-01 1.7552868005e+00 8.6145663671e-01
-2.2286622519e+00 -1.2485708790e+00 3.6695982095e-01
2.6068992690e+00 -7.6202141533e-02 -2.5468069176e-01
2.0780888789e+00 4.0000000000e+00 2.1912883630e-01
3.0166878357e+00 -3.2341171748e+00 -1.8223641786e-01
-1.3495894317e+00 3.3346164296e+00 1.6664466488e-02
-1.4238252352e+00 -1.2631640344e+00 9.6190055117e-01
2.0324082729e+00 -2.6457782635e+00 -8.4679375070e-01
-2.9480647220e+00 -1.4496762280e+00 1.3545070563e-01
-2.6125621029e+00 -4.7896477851e-01 5.6977764771e-01
-2.9552137986e+00 -1.5253172528e+00 1.2677490214e-01
-2.0126222449e+00 3.0024792988e+00 1.7571079893e-01
-3.1731100358e+00 -3.7245749324e+00 5.1026103492e-02
-4.0000000000e+00 2.0382497337e+00 -3.1452226561e-01
1.9056061235e+00 3.8102803917e+00 3.5848003081e-01
2.6965028995e+00 2.4427020649e+00 8.7519505657e-01
2.2894445973e+00 1.4555069730e+00 9.8229795405e-01
-4.0000000000e+00 -8.4018076877e-01 3.4208154885e-01
-6.8285394474e-02 -3.8902585363e+00 2.2949893283e-01
9.1214815436e-01 -2.7107549918e-01 1.5897998221e+00
2.1635502615e+00 3.0546242813e+00 7.6836768015e-01
-2.7141092209e+00 -2.9630645167e+00 8.7462652677e-02
-4.0000000000e+00 -1.1212143108e+00 2.7289945779e-01
-2.2348851866e-01 2.2713570314e+00 1.1471651625e-01
-2.7794776077e+00 4.6971511729e-01 2.7533325943e-01
-4.0000000000e+00 2.4863010881e+00 -3.7660123249e-01
-1.7661815529e+00 -2.0512417952e+00 3.5823823928e-01
2.7234310745e+00 -1.4847394353e+00 -8.6490680414e-01
2.7124258881e+00 -2.8319409091e+00 -2.7967126065e-01
-1.9278184889e+00 2.3145169628e+00 3.6843873086e-01
1.9965727773e+00 2.0464439248e+00 1.0390214073e+00
5.0128816846e-01 -4.0000000000e+00 1.1578028132e-01
3.9213062733e-01 2.2695213536e+00 1.1129861066e-01
-2.1224375805e+00 -1.0234673079e+00 5.7528991629e-01
3.2433527908e+00 2.1921261485e+00 5.5751219007e-01
1.7195065537e+00 -7.3540834970e-02 9.9331120218e-01
-2.0782086717e+00 1.6521170252e+00 7.0029796535e-01
2.9026633871e+00 2.4154886454e+00 7.5893095859e-01
-1.5863103412e+00 -2.1258205834e+00 4.4894863495e-01
-3.3378548187e+00 -2.1267621654e+00 1.2389317528e-01
-1.3379198778e+00 -2.5426305728e+00 4.2110768682e-01
-3.2181676983e+00 9.3756611183e-01 6.6617593189e-02
2.2693134196e-02 -1.6257503938e+00 8.3846105241e-01
1.1078331436e+00 2.9780811160e-01 2.2433675867e+00
1.2962497908e+00 -3.4867554080e+00 -3.6046461978e-01
5.2091460233e-01 -2.1500769357e+00 -1.1134590085e-01
1.4693616320e+00 5.9013056964e-01 2.0632172962e+00
-3.5499238909e+00 6.1809848499e-01 3.7062013585e-01
2.6164076545e+00 -1.9683281202e+00 -7.8015857537e-01
1.1279184817e+00 -2.8179906719e+00 -7.6950161377e-01
3.4507833263e+00 7.4325798553e-01 2.0249788821e-01
2.7788026136e+00 -1.7302830828e+00 -7.1575776833e-01
2.6409286372e+00 -6.3367009953e-01 -6.8489793362e-01
-1.5334041954e+00 -2.4164180296e+00 3.6508445628e-01
2.0193784396e+00 -8.1700892548e-02 5.0745777411e-01
-1.5873035014e-02 -5.3669306841e-01 1.4645624059e+00
1.8388994847e+00 4.0000000000e+00 2.4309702922e-01
1.3026578518e+00 2.7429418819e+00 2.2574744601e-01
-6.5387941796e-01 2.3655695189e+00 1.2749947240e-01
-1.1099796253e+00 -2.9728965397e+00 3.9064671788e-01
-3.0392701272e-01 -4.0000000000e+00 2.8057087882e-01
3.3179024858e+00 2.8972465649e+00 3.6542240462e-01
8.2701550100e-01 -2.3756051377e+00 -5.9545853804e-01
-3.2136627802e+00 1.7859097466e+00 -1.2625598857e-01
-2.0566086484e+00 -1.9945637066e+00 1.9569222122e-01
-9.2865655637e-01 -1.2214235612e+00 1.1719520526e+00
-1.7117508716e+00 -1.1213048481e+00 8.3046448304e-01
6.6899694136e-01 1.6195675384e+00 1.1108080078e+00
-1.1205792819e+00 -9.1269083952e-01 1.1878753985e+00
-1.4671576597e+00 -1.9349884464e+00 6.4414995057e-01
2.9967003351e+00 -3.6008892529e+00 -1.8501796199e-01
-2.3265851497e+00 -2.6741104466e+00 1.1764045332e-01
-3.0357388729e+00 4.0000000000e+00 -7.7817037168e-02
-6.6295466972e-01 3.3413910611e+00 -2.9546723587e-01
2.7710436526e+00 -6.7559870971e-01 -7.0950702753e-01
2.9083312294e+00 1.5959159162e+00 5.2639009271e-01
-2.8017415676e+00 6.7767328696e-01 1.3685682729e-01
-9.7603655005e-02 -5.1493721119e-01 1.4774634192e+00
3.3866117110e+00 1.1640092995e+00 2.3520781195e-01
-2.4645108724e+00 3.2340209540e+00 8.3848435513e-02
2.1074399797e+00 -2.3356887088e+00 -1.0347994684e+00
-3.1326726206e+00 2.6380831908e-01 4.6904469214e-01
-3.4905043760e+00 1.3661276549e+00 -2.5118880041e-02
-3.6767347295e+00 -8.6215093186e-01 3.3622487278e-01
2.1174801170e+00 8.6454805697e-01 1.1652751251e+00
4.0000000000e+00 1.9006306462e+00 1.0918120773e-01
3.8318683113e+00 1.4097058246e+00 2.2657451552e-01
2.2313548932e+00 1.4114360628e+00 1.0330964203e+00
2.7562481751e+00 2.3865694154e+00 8.4815218071e-01
2.9077831895e+00 -2.9869077438e+00 -1.9425196695e-01
-2.2680022245e+00 -3.2264915893e+00 1.6995903286e-01
2.6382511621e+00 1.7415405188e+00 7.6880935297e-01
-9.4984534423e-01 2.6736380571e+00 -3.1953214914e-02
-1.4460498750e+00 -1.1125357665e+00 1.0047927772e+00
-8.5003583943e-01 -3.0610057931e+00 3.8624713496e-01
3.0533654193e-01 2.0928023504e+00 3.4671720847e-01
2.7838396672e+00 -3.8977123304e-01 -5.6310404627e-01
-2.6900523893e+00 7.5928199994e-01 1.3969859411e-01
1.5174951540e+00 2.6928357566e+00 4.3634196747e-01
-2.1675877965e+00 4.7027391500e-01 7.2554357929e-01
-3.5979506606e+00 -1.3089725081e+00 2.4703015517e-01
-2.9290202021e+00 -1.3647149659e+00 1.4588755136e-01
4.0000000000e+00 2.8573610452e+00 3.6854060289e-02
1.0531962632e+00 -3.8654597278e-01 1.2897325015e+00
-2.7711915200e+00 -9.8777938016e-01 2.5071777030e-01
6.3855579351e-01 3.1817896427e+00 -2.6141273895e-01
-3.7313280121e+00 4.7589166018e-01 5.2879435921e-01
1.2784952673e+00 6.6933857484e-01 2.2511385111e+00
-3.3779561631e+00 5.5434955884e-01 3.4014213977e-01
-2.8341049509e+00 3.6913561843e+00 -9.5575500394e-02
1.2800444274e+00 2.4507746387e+00 3.3576097130e-01
-3.9521449585e+00 -1.1492362133e+00 2.7001869203e-01
2.1718802326e+00 2.5787440511e+00 9.2642258827e-01
-2.8518980622e+00 -4.5643275451e-01 4.9457825389e-01
-2.9678188222e+00 -2.5249597237e-01 5.6093416848e-01
-3.0560813870e+00 1.4852868854e+00 -9.0514727287e-02
3.7740016217e+00 -6.6282551132e-01 -1.6482318141e-01
4.0000000000e+00 1.6383404795e+00 1.6009654012e-01
-2.4148367378e+00 8.9670912310e-01 3.5474233565e-01
3.8817175491e+00 -1.7983644413e+00 -6.6488814924e-02
-2.2153956567e+00 2.3963752853e+00 2.0003063829e-01
-3.4891275041e+00 3.0214514319e+00 -2.6019959403e-01
-1.4697558063e+00 2.5049872922e+00 2.9922199282e-01
9.0472389877e-01 2.1744597275e+00 3.5955925170e-01
-2.0447693452e+00 2.7246328786e+00 1.9755648260e-01
-3.6428517946e+00 -1.6982697200e+00 1.7731555479e-01
3.6120064928e+00 -1.5439238315e+00 -1.3723529771e-01
-3.0214324536e+00 1.1155756374e+00 -2.5566620357e-02
1.8487139200e+00 8.2351466934e-01 1.5611817017e+00
2.5505021715e+00 7.6429737329e-01 5.2605111563e-01
9.0095364413e-01 -2.8034824340e+00 -6.3467897233e-01
-2.8064279303e+00 -2.4772844854e-01 5.7883356172e-01
2.8141841220e+00 -1.4458080935e-01 -4.1433986816e-01
-2.3149986409e+00 3.1419923413e+00 1.3770131346e-01
2.3246883485e+00 5.6616206158e-01 7.3449635548e-01
9.1220851249e-01 -2.8327932867e+00 -6.3213292838e-01
-3.4517476917e+00 -7.2961512410e-01 3.6009163957e-01
-3.5756542536e+00 -5.4843977713e-01 4.3524260518e-01
-2.9632999950e+00 -2.3695743220e+00 9.4582020544e-02
-2.0842633969e+00 -3.2806706140e+00 2.1373227292e-01
-7.2669767309e-02 1.7441400048e-01 2.0930495586e+00
-2.6035650045e+00 3.1874743707e+00 3.4713833369e-02
-1.4091583024e-01 1.9148545888e+00 6.2565617000e-01
-4.0000000000e+00 -5.7685306206e-02 6.2712413106e-01
-2.0140150835e+00 -3.6179736840e-01 1.0157009111e+00
-1.9673443082e+00 -2.3363420970e+00 1.7166959599e-01
-5.6109005468e-01 2.1591558087e+00 3.6082049407e-01
6.6106780508e-01 -1.9654262527e+00 -2.1508572218e-01
2.0533958908e+00 2.5598458226e+00 8.8397535892e-01
2.0696544453e+00 2.4730866816e+00 9.1941864862e-01
-3.1882600446e+00 -3.8416716873e+00 7.1320746552e-02
-3.3933331761e+00 -2.7535365272e+00 4.2045621714e-02
-8.0237924151e-01 -3.7800776826e+00 3.2888019269e-01
2.5916998562e+00 2.9430328173e+00 7.7195575126e-01
2.8902112711e+00 3.7840643384e+00 2.5052191740e-01
-2.4537441775e+00 -2.0367320527e+00 5.1274000916e-02
1.0411273791e+00 1.8265069606e+00 8.7055236414e-01
2.5704953572e+00 4.0000000000e+00 1.8338395461e-01
1.3252010764e+00 -2.7279045187e+00 -9.0596155744e-01
2.3864895998e+00 -2.2916891737e+00 -8.1323189735e-01
-1.9430693675e+00 2.8430932751e+00 1.8870889206e-01
2.4699899121e-01 3.2691757117e+00 -4.0331903942e-01
-4.7944407635e-01 -4.0000000000e+00 2.9614263954e-01
-3.4714060409e-02 -4.0000000000e+00 2.4037450635e-01
3.2869251833e+00 1.3446340433e+00 2.9497299754e-01
2.1160554470e+00 -5.3012860117e-01 -2.2536845683e-01
-5.9887144872e-01 -3.9471502943e+00 3.0509222125e-01
6.2431875367e-01 -2.1640100578e+00 -2.6260145450e-01
-2.2894225397e+00 -2.6347580533e+00 1.1610430105e-01
1.8553514738e+00 -4.0000000000e+00 -2.6143074951e-01
-2.3195667730e+00 -5.0566958030e-01 7.5126010614e-01
-3.7495378886e-01 -8.3546340470e-01 1.2549357946e+00
-3.8750536831e+00 -1.3636923943e+00 2.2563479839e-01
1.2853985286e+00 7.0376405723e-01 2.2331292303e+00
-1.4894241157e+00 2.2338445416e+00 5.6560229097e-01
-3.3141648017e+00 6.1143577661e-01 2.7645599129e-01
-3.8802299103e+00 -3.3492695291e+00 1.1867326267e-01
1.6733657319e+00 -2.4408599685e+00 -1.1437713096e+00
-3.2465034084e+00 4.0000000000e+00 -6.5971802396e-02
-1.2508158465e+00 -7.4642483635e-01 1.2156567440e+00
8.7439739982e-01 1.2664525168e+00 1.6668556803e+00
5.9661067128e-01 4.7244936123e-01 2.5052335497e+00
-3.8910033899e+00 -2.6061433117e+00 4.0239188981e-02
-9.0176186488e-02 8.3169376475e-02 2.0531006486e+00
1.9147721726e+00 -4.0000000000e+00 -2.7241039191e-01
2.2584788780e+00 1.6477636042e+00 1.0328530183e+00
4.0000000000e+00 1.4567230691e+00 1.8847695166e-01
3.4016182270e+00 -2.1801064771e+00 -6.0547473691e-02
-4.7308706187e-01 -1.3958850283e+00 1.1638365878e+00
-2.8530324564e+00 -3.4684062803e+00 2.7831504175e-02
9.2018609757e-01 1.9993871043e+00 5.9234814178e-01
8.0685501430e-01 -1.8633782428e+00 -3.9054614319e-01
2.8337446287e+00 -2.5552681604e+00 -2.6214596815e-01
-3.6561203836e+00 2.2187561559e+00 -2.6495381042e-01
3.5142718384e-01 -3.6277401409e+00 2.7235854981e-02
-4.0041667550e-01 -2.1290999407e+00 7.9022652282e-01
1.7282432840e-01 2.2643297113e+00 9.7209913648e-02
3.5111657376e-01 -1.3504681913e+00 6.7387090159e-01
9.9807850403e-01 -3.9142395682e+00 -6.5005095832e-02
5.0016759358e-01 -9.5628846847e-01 8.7714862013e-01
-3.4360179495e+00 2.6492067691e+00 -2.5004300249e-01
2.5048024542e+00 1.6263194095e+00 8.2828748827e-01
-1.2601478606e-02 -3.1326787684e+00 1.0007065979e-01
-1.1552903042e+00 -2.7390809841e+00 4.2196660536e-01
1.9237356388e+00 6.6528528217e-01 1.4325885386e+00
-9.4802003913e-01 -1.6188444329e+00 1.0808856019e+00
-1.2442690324e+00 -1.8118941510e+00 8.6908101205e-01
1.1794549772e+00 3.3640000736e+00 1.6192442844e-01
-3.5714242197e+00 1.4200286613e+00 -3.3931307257e-02
-2.2522238161e+00 7.4002997788e-01 5.7569100171e-01
-1.5262646310e+00 -8.1657888362e-01 1.1019817702e+00
5.5515276765e-01 1.6059327292e+00 1.1153837678e+00
-2.3504610339e+00 -5.4750575411e-01 7.1018728902e-01
4.0000000000e+00 -3.7945522832e+00 -1.3286652852e-03
-3.4200756320e+00 1.6618002466e+00 -1.1049216469e-01
2.9300595535e+00 -2.5306306362e-02 -3.3799816861e-01
-1.2248097558e+00 -2.1169095986e+00 6.9720351449e-01
-3.4005786842e+00 -2.7886412567e+00 3.8698307146e-02
-3.1442018428e+00 -3.6607409269e+00 3.9964875286e-02
-2.4739764181e+00 3.2537399699e+00 7.7581081371e-02
2.3160579689e+00 -3.2694600197e+00 -3.6179438680e-01
3.4625533436e-01 2.3916312269e+00 -4.0143955354e-02
1.0082413858e+00 7.7730278284e-01 2.3394814407e+00
1.2490192182e+00 1.4597353986e+00 1.4088436634e+00
-1.9612981066e+00 -3.0977040637e+00 2.3750493929e-01
7.6277675162e-01 -4.0000000000e+00 4.2696081424e-02
5.4772505343e-01 1.5804856297e+00 1.1515606133e+00
8.3333095704e-01 5.5041549432e-01 2.5091335531e+00
-1.9590014019e+00 -3.5074128988e-01 1.0554163640e+00
2.7432668924e+00 -2.6067330298e+00 -3.0973649632e-01
2.0162754975e+00 -2.1900887254e+00 -1.2115482597e+00
1.6885767931e+00 3.0626498988e+00 5.2248815388e-01
5.1225997878e-01 -1.2647581688e+00 5.4644116733e-01
1.8799148716e+00 -3.0683167462e+00 -6.0679954946e-01
-5.4315454156e-01 -2.1386883832e+00 8.2416363332e-01
2.2938057192e+00 -3.8038397248e+00 -3.0354333131e-01
2.5702191757e+00 9.9880411396e-03 -1.4041442641e-01
1.7230908772e+00 2.9748814629e+00 5.5581128592e-01
1.0466614682e+00 8.8671158796e-01 2.2099538799e+00
-2.4191762644e+00 3.3868652638e+00 7.1339720325e-02
-1.3274523959e+00 -3.8286526414e+00 2.8374335544e-01
-1.6048771425e+00 4.0000000000e+00 -4.6373127721e-02
-4.3735135052e-01 -1.4645079312e+00 1.1409320495e+00
-8.0195382809e-01 -1.0236362406e+00 1.2154610195e+00
5.6264071503e-02 2.0595453651e+00 3.9036915782e-01
-1.4404535062e+00 2.1140324438e+00 7.1985382602e-01
1.0784862899e-01 -3.1074888887e+00 2.4074760357e-02
5.4500076393e-01 -2.5883149649e+00 -3.2409547799e-01
-2.9557917325e+00 2.9034288889e+00 -9.5209132069e-02
1.1703870968e-02 1.3542666063e+00 1.3305370219e+00
2.0644106702e+00 4.3341615676e-01 1.0518137922e+00
2.4117353854e+00 -3.9259742508e+00 -2.9279215438e-01
1.5050525783e+00 -3.4346268691e+00 -4.1473693246e-01
2.6787068064e+00 -2.1476885860e+00 -5.8672625019e-01
3.4929850480e+00 2.5653375691e+00 3.4149673617e-01
3.3668856819e+00 1.6602003791e+00 3.9036717525e-01
-2.5935184303e+00 1.5358713013e+00 7.5032778541e-02
1.7312291894e+00 -3.6830281429e+00 -3.1255347099e-01
1.6064045150e+00 -3.0794154695e+00 -6.6146016227e-01
1.1872943544e+00 2.7588030468e+00 1.2133703706e-01
-4.0000000000e+00 -1.1203213797e-01 6.1015014296e-01
2.2827830376e+00 -2.8572493827e+00 -5.3784859831e-01
-5.8664075429e-02 2.3927700610e-01 2.1124682807e+00
1.6051076777e+00 2.6481835399e+00 5.2953955170e-01
1.8800768482e-01 -3.0441778214e+00 -3.6039326163e-02
1.4827994510e+00 -2.4294291101e+00 -1.1246558674e+00
6.9617928608e-01 2.4677569801e+00 -2.2694429434e-02
2.9805202648e+00 -3.0056187313e+00 -1.7462957479e-01
1.6860597374e+00 1.1761529147e+00 1.5828064409e+00
-2.9445791794e+00 3.6025271956e-01 3.6142063303e-01
-1.6169262939e+00 4.0000000000e+00 -4.7478490116e-02
5.7402292155e-01 -2.9720102831e+00 -3.3915003928e-01
-2.2737602106e+00 -5.9665075600e-01 7.4357493541e-01
-1.1838876693e+00 3.6655950083e+00 -3.4980173846e-02
-4.4290048375e-01 -2.5484530905e+00 4.9858896395e-01
-3.7388276108e+00 -1.4917421976e+00 2.0990261786e-01
2.2674364539e-01 3.2842479225e+00 -4.0319489679e-01
-4.0000000000e+00 -1.2686827315e-01 6.0509854562e-01
2.7714776891e+00 2.1316632676e-01 -7.8850175240e-02
-2.3889489737e+00 2.4607671089e+00 1.1951888269e-01
5.4453932522e-01 -1.5862135882e+00 2.2597371629e-01
-5.8938821247e-01 -4.0000000000e+00 3.0109170093e-01
5.2987241695e-01 -3.5577953429e+00 -7.4885161175e-02
4.0000000000e+00 1.0602591932e+00 2.5043430828e-01
5.4507879736e-01 1.1640079378e+00 1.7668691062e+00
3.5858042488e+00 -2.4889132147e+00 -2.6878443998e-02
-2.9945725391e+00 1.9400388868e+00 -1.1096818108e-01
-4.0000000000e+00 2.9335098673e+00 -3.0840386155e-01
2.8218810874e+00 3.3761903791e+00 4.3419767911e-01
9.0995529190e-01 6.3631063135e-01 2.4682828819e+00
4.0000000000e+00 1.5437447971e+00 1.7526865942e-01
2.3930545644e+00 -2.5807720794e-01 -2.1616029645e-01
-3.2836031412e-01 -8.2944136901e-01 1.2571627260e+00
-1.1964322925e+00 2.1612657067e+00 6.1945539998e-01
-1.4330120701e+00 -4.0000000000e+00 2.0961952595e-01
9.7798786215e-01 -2.0883457259e+00 -7.3372635034e-01
2.7823963797e+00 2.9584741329e+00 6.6919376775e-01
-3.2565218632e-01 2.7327975945e+00 -3.2247151078e-01
-9.8511472238e-01 -9.1670882221e-01 1.2094175697e+00
-1.7998045183e+00 -3.0110971095e+00 2.6127064687e-01
-2.7268061100e-01 2.8596535864e+00 -4.0258375349e-01
2.4069536465e+00 6.9671539873e-01 6.8605132608e-01
2.5204631080e-01 -3.0164678363e+00 -8.5183798923e-02
3.5345265539e+00 -2.6502894118e+00 -3.5818134526e-02
2.0566428110e+00 -2.2969682551e+00 -1.1019592296e+00
-7.7655660475e-01 2.9769943321e+00 -2.6312214451e-01
2.0023090374e+00 -6.3687938552e-02 5.5855477794e-01
1.9710448379e+00 -3.0079758638e+00 -6.1429109737e-01
2.8042843025e-01 2.0803551185e+00 3.6362140433e-01
2.5696625010e-01 3.3932191018e+00 -3.4462776756e-01
2.3016451369e+00 2.9598934393e+00 8.2347834412e-01
1.2809450474e+00 -3.0395082197e-01 1.2006362544e+00
-1.1155322017e+00 -3.5838768875e+00 3.5420669557e-01
-4.3196807692e-01 3.6032544131e+00 -2.5281802474e-01
3.5110706120e+00 -1.4529350091e+00 -2.0073897610e-01
-3.7163171095e+00 8.1759720231e-01 3.1580471178e-01
4.0000000000e+00 6.3291472228e-01 3.2796267717e-01
-4.0000000000e+00 -1.5712515769e+00 1.5389710355e-01
9.2041560915e-02 3.5147904845e+00 -3.1527379834e-01
9.8697360836e-01 -9.2660314788e-01 3.4622675932e-01
5.6279753155e-02 2.4255125376e+00 -9.9348847776e-02
-2.1504570226e+00 3.9392191250e-02 9.0519388593e-01
-3.9788111500e-01 2.7835503736e+00 -3.3391661476e-01
-2.6625896675e+00 1.1236959334e+00 7.5245390701e-02
6.3255049994e-01 -2.4992393821e+00 -3.9912332853e-01
-4.8128589652e-02 1.4384508818e+00 1.2251429770e+00
-3.7907909949e+00 -1.0513890542e+00 2.9904023576e-01
1.4908317459e+00 2.2716793171e+00 6.2902181915e-01
-2.5811413179e+00 -9.5481295373e-01 3.2200306723e-01
2.8589812077e+00 -1.9767006233e+00 -4.9246314801e-01
-1.5385696048e+00 3.2373232300e+00 9.1802248734e-02
-8.7262623278e-01 4.0000000000e+00 -2.9268342980e-02
9.6223979420e-01 -2.3169791651e+00 -7.4389582084e-01
-3.9930954476e+00 -3.0050698282e+00 1.0876291173e-01
-4.6450546300e-01 -2.0322213561e+00 8.8290516474e-01
-1.0022331581e+00 -1.0785699664e+00 1.1788063840e+00
-4.0000000000e+00 3.2111504105e+00 -2.2573574209e-01
7.5041296679e-01 -3.9478159699e+00 2.3381070739e-02
3.0131970692e+00 -7.7474218395e-01 -6.5107007803e-01
6.8633161200e-01 -2.0833781337e+00 -3.1343454449e-01
-1.4844277018e+00 2.5778453221e+00 2.4861711777e-01
3.5221028666e+00 5.9357408376e-01 1.9373599535e-01
2.3281059772e+00 2.4550118215e+00 9.8482246990e-01
1.1074723506e-01 2.2721379196e+00 8.5564126060e-02
-3.5971365593e+00 2.2566165137e+00 -2.5598640220e-01
-4.0000000000e+00 9.5513810590e-01 3.2064368471e-01
2.9637401989e+00 -1.1823120889e+00 -6.8092466947e-01
2.0309166293e+00 -3.0955779997e+00 -5.3250477148e-01
-2.1462208288e+00 2.7366689482e+00 1.7983628052e-01
6.7361813509e-01 -1.1089126912e+00 4.9766844734e-01
-3.0690750099e+00 -2.4365261600e+00 9.2011549170e-02
-3.8370919711e+00 1.8247287893e+00 -1.9457663562e-01
-6.1718842573e-01 -1.6258283185e+00 1.1184790473e+00
1.1863276901e-01 -4.0000000000e+00 2.0989653814e-01
2.7297227161e+00 3.5494166304e-01 8.6313525901e-02
-1.5886415416e+00 -2.2934008913e+00 3.7409506594e-01
-7.8742247364e-01 1.9943151498e+00 7.0518686823e-01
2.4785507278e+00 3.6885617403e-01 3.4514124947e-01
-2.9103313112e+00 -1.1971090915e+00 1.7938633529e-01
-4.0000000000e+00 3.0092747416e+00 -2.8780133560e-01
3.7366227790e-01 2.8893755812e+00 -3.8092570363e-01
3.0067403153e+00 -9.1232875219e-01 -6.6554606255e-01
9.8377318022e-01 7.6359944460e-01 2.3596811034e+00
-2.4032779014e+00 -2.1080458922e+00 5.4404508687e-02
8.7030007910e-01 -2.0341035255e+00 -5.6538985623e-01
2.8606675659e+00 8.6297216957e-01 2.8975475574e-01
-1.8173338869e+00 -1.8360133200e+00 4.1948285346e-01
3.3234036950e+00 3.2328334339e+00 2.5897012778e-01
-2.4185852996e+00 3.6071382405e+00 1.1247997948e-02
1.7309968233e+00 2.9572615297e+00 5.6409684113e-01
3.4902853768e-01 1.9436497038e+00 5.8139755334e-01
6.2198937893e-02 3.8528202745e+00 -1.0106685345e-01
5.0186565719e-01 -1.2915638408e+00 5.3547876817e-01
3.5313097408e+00 3.0523083198e+00 2.1669536258e-01
3.7421021114e+00 -3.6978938106e+00 -1.6585599244e-02
-2.9529240261e+00 1.2552548067e+00 -5.2765525027e-02
-2.4963770436e+00 -3.2380857081e+00 1.1124520228e-01
9.8956975338e-01 -2.4750107598e+00 -7.7307964521e-01
-2.7932842235e+00 1.3536014217e+00 -3.0726625581e-02
2.3447879779e+00 -2.5888325256e+00 -6.4778590775e-01
-2.1635899775e+00 -2.9491504790e+00 1.7943625147e-01
-2.8138537009e+00 1.9975990362e+00 -6.8248433636e-02
-1.1543097824e+00 -2.3008351566e+00 6.1661087589e-01
4.0000000000e+00 2.0083650312e+00 8.5084943062e-02
-2.3020693798e+00 2.5415393152e+00 1.4998721899e-01
1.7130426512e+00 1.6476175198e+00 1.2341336854e+00
-3.1634370319e+00 -3.1109004534e+00 1.8389718114e-02
-2.8558227926e+00 2.2417068447e+00 -6.6111586820e-02
7.4307948198e-01 -2.2071092236e+00 -4.4428930570e-01
2.3775457091e+00 -2.5153615655e-01 -1.9244951938e-01
-3.3310383810e+00 -3.3165921956e+00 2.1668301147e-02
-2.5115879365e+00 3.1912249432e+00 7.1510969041e-02
-1.0518920754e+00 -1.3875170644e+00 1.1078648098e+00
3.3866795153e-01 6.6729635711e-01 2.3102031248e+00
-2.7815478301e+00 3.1677899100e+00 -4.0360197870e-02
-1.3043025727e+00 -2.5820609354e+00 4.2219818943e-01
-2.6990924143e+00 3.5706380275e+00 -5.7049349034e-02
2.9420192453e+00 1.7377608352e+00 5.8368515737e-01
-3.9116066981e+00 1.1758802296e+00 1.3594850313e-01
6.5632393549e-01 -2.6292190099e+00 -4.4494357119e-01
2.2408840583e+00 9.2377920828e-01 9.8869648692e-01
1.0765989608e+00 4.0000000000e+00 2.0753969611e-01
-2.0546289287e+00 3.0932286541e+00 1.7318826996e-01
-2.8357816782e+00 -1.4448978234e+00 1.1838094102e-01
-1.8505371058e+00 -1.0858491895e+00 7.4651480494e-01
2.6113976822e-02 5.3927100138e-01 2.1231513211e+00
1.0827984335e+00 -2.4397476684e+00 -8.6333029069e-01
-3.4350008844e+00 -7.9359288471e-01 3.3983490038e-01
3.2079509398e+00 -1.9941753958e+00 -1.8782393389e-01
-1.2136327999e-04 -2.7387324019e+00 1.4723620675e-01
3.4661475219e+00 3.1708793009e+00 2.1823583127e-01
-2.7235141865e+00 -3.9459538507e-01 5.5557470200e-01
1.9102054674e-01 -6.4738951234e-01 1.3505109007e+00
1.2393190042e+00 2.8923139378e+00 1.4347492720e-01
-2.2095176162e+00 2.4137449065e+00 1.9967507255e-01
2.2377645321e+00 4.0000000000e+00 2.0275274226e-01
-2.9624833439e-01 -2.6628464114e+00 3.6968931157e-01
-4.4667150250e-01 -7.6491104827e-01 1.2719360324e+00
2.8459766669e-02 -8.2924125693e-01 1.2324367460e+00
-2.1090122722e+00 1.7387821821e+00 6.1003809880e-01
1.4920109114e+00 1.6469653263e-01 1.6680853682e+00
1.9823726198e+00 3.4808541469e+00 5.5575881988e-01
2.4190726028e+00 -1.7282394025e+00 -1.1381407725e+00
2.1625901446e+00 2.7049350704e+00 8.8428757524e-01
3.0805633096e+00 -2.6575536037e+00 -1.2980294022e-01
-3.9137983729e-01 -3.0419945289e+00 2.8971888400e-01
3.0242394178e+00 1.8401972638e+00 5.9448246652e-01
1.5371184473e+00 -1.5744745362e+00 -1.2763668450e+00
2.6019678837e+00 1.7067666426e+00 7.8089144516e-01
2.6876730731e+00 2.2645315189e+00 8.8783973055e-01
-1.7122844688e+00 -4.0000000000e+00 1.3806032997e-01
1.8330462909e+00 2.5102936406e+00 7.6613348305e-01
2.2694758908e+00 3.0656694424e+00 7.7962031460e-01
-1.6937122914e+00 2.5529490394e+00 2.8561366825e-01
-7.5613113307e-01 -4.3883442966e-01 1.4284738115e+00
-3.1387506506e+00 2.6996464769e+00 -1.5857297869e-01
-1.6591951830e+00 2.5810108272e+00 2.6950492335e-01
-2.2781707484e+00 2.9326242463e+00 1.4929642133e-01
-2.2717201442e+00 -1.7442146309e-01 8.5154144844e-01
-9.2394830755e-01 -2.7858934982e+00 4.4002388452e-01
3.0716042245e+00 -2.4039491972e+00 -1.5344475176e-01
2.4028392844e+00 -2.1226904104e+00 -9.2405778020e-01
-6.7472565613e-01 -1.1595751525e+00 1.2096176584e+00
-2.8327503523e+00 6.2795908583e-01 1.5982359797e-01
-1.2241790106e+00 -3.2251808748e+00 3.7599525713e-01
3.5871460473e+00 1.2218200510e+00 2.3673434529e-01
2.7532971776e+00 1.5274401204e+00 5.8106406556e-01
-2.9846183709e+00 -1.4692311066e+00 1.3972887008e-01
2.0097504874e-01 -3.0136680399e+00 -4.7660519489e-02
2.6821614006e+00 2.5032030800e-01 1.5051039278e-02
3.2994093995e+00 2.8974972294e+00 3.7616605061e-01
1.8675111820e+00 1.3535110533e-01 1.0498075236e+00
-7.3640628539e-01 -1.7564892661e+00 1.0692518086e+00
-1.9082287867e+00 -1.0633636481e+00 7.1561072655e-01
8.2545782413e-01 -1.5681693336e+00 -2.1877969237e-01
-1.7082661194e+00 -2.6939514195e+00 2.5410070196e-01
-1.4790279108e+00 2.1771849411e+00 6.3476099344e-01
3.1424907116e+00 -1.7645602921e+00 -3.2614280535e-01
7.6438269687e-01 -3.7956359392e+00 -5.0521632109e-02
-2.2213530429e+00 -1.4304998366e+00 2.8834609577e-01
1.5611417714e+00 2.3968700327e+00 6.0520145423e-01
3.0377356679e+00 1.4691794687e+00 4.0907539514e-01
-1.2038380796e+00 3.2531057030e+00 -5.6762979456e-02
-1.6406151572e+00 -2.8236652297e-01 1.2572944714e+00
2.4422930348e+00 3.6409188803e+00 4.2612266559e-01
7.1604200499e-01 -1.5602178050e+00 -2.8140099886e-02
-2.6211231889e+00 1.6908098515e+00 3.3677823812e-02
4.0000000000e+00 5.2729450810e-01 3.4496239819e-01
2.7922442730e+00 7.0347891423e-01 2.8496961051e-01
-1.4398015028e+00 -1.6391028172e+00 8.1095877926e-01
2.7683881727e+00 2.9743941636e+00 6.6968531626e-01
-3.0816502511e+00 -1.1567252105e+00 2.1225198695e-01
3.9824011456e+00 -2.5456071552e+00 -4.1666443350e-02
2.5250442600e+00 2.2357430806e+00 9.6557062618e-01
-1.6519540887e+00 -2.0505290827e+00 4.3974220712e-01
1.3122906112e+00 -2.6728523898e+00 -9.3254373218e-01
1.2709689277e+00 -3.1017741666e-01 1.2011186305e+00
-6.9962645957e-01 -1.8699465379e+00 1.0159818055e+00
3.5016869516e+00 -2.8796557319e+00 -5.2615772669e-02
-2.6919975769e+00 2.3286423569e+00 -5.3011700379e-03
-3.5205418845e+00 2.5066455221e+00 -2.6421222712e-01
-1.2886562856e+00 -3.8812896634e+00 2.7625868118e-01
6.6633435177e-01 3.9749724662e-01 2.4909085608e+00
2.4077541325e+00 -4.0000000000e+00 -2.9361949373e-01
2.9007571380e+00 -1.5819147195e+00 -6.3770641528e-01
3.6081407777e+00 -1.5143560373e+00 -1.4513598173e-01
1.7369404403e-01 -1.4801560258e+00 7.7940657947e-01
-1.6590182968e+00 -1.1417751237e+00 8.5780953584e-01
3.0452646492e+00 1.7840843671e+00 5.6026017237e-01
-4.0000000000e+00 2.1687539938e+00 -3.5004696715e-01
-4.0000000000e+00 9.7839805749e-01 3.0231258299e-01
4.0000000000e+00 -2.4178886033e+00 -6.0807877096e-02
-2.9882059724e+00 -2.8473721186e+00 6.0481800962e-02
3.4650272405e+00 4.1393762321e-01 1.1788820756e-01
1.9106464249e-01 2.9521889453e+00 -4.4192753716e-01
1.9031056863e+00 1.8771014375e+00 1.0979671281e+00
-3.1101149129e+00 -1.6661819553e-01 5.8418246982e-01
-1.0715153719e+00 -1.6578384613e+00 1.0243674450e+00
1.8104039249e+00 -3.2364074157e-01 4.7938045690e-01
8.3978576166e-01 4.3379702513e-01 2.4864106717e+00
2.7427372187e+00 2.8003995647e+00 7.5830479347e-01
-3.0372266360e+00 -1.5574931629e+00 1.3983796840e-01
3.2301983012e+00 -3.5719300052e-02 -2.6954795221e-01
-3.2123453670e+00 1.1694820066e+00 -1.4481418569e-02
-1.3838898978e+00 -1.0025042005e+00 1.0778939814e+00
-2.8357668706e+00 -3.3817876301e+00 3.2260764617e-02
-2.1489722897e+00 3.1031503038e+00 1.6662713206e-01
-2.7692937151e-01 -3.8592983680e+00 2.6862142517e-01
1.9164562751e+00 -3.8879267427e+00 -2.8461513834e-01
6.6929888308e-01 -3.1712011314e+00 -3.2418762213e-01
3.1065545501e+00 -3.1966376887e+00 -1.5928242190e-01
-1.9577531747e+00 -1.4972271543e+00 4.5396348445e-01
7.4449639895e-01 1.3650713809e+00 1.5017899868e+00
2.7714871680e+00 1.3107006033e-02 -2.7250681810e-01
-2.9721394835e+00 9.0706610643e-01 3.1002443050e-02
-3.7803181720e+00 2.3837165926e-01 6.3358964983e-01
2.6599271301e+00 2.0946479089e+00 8.8201222550e-01
-2.0827662525e+00 -1.1621791981e+00 5.2147465615e-01
2.8613475500e+00 2.2361164922e+00 7.8786960825e-01
1.1194586131e+00 1.6186434526e+00 1.1779706530e+00
9.9464391489e-02 1.4784992880e+00 1.2061706483e+00
1.8724865832e+00 8.2349931412e-01 1.5273250960e+00
-5.0546906129e-01 2.0026520318e+00 5.7303675355e-01
-8.7033466070e-01 -2.0920526086e+00 8.5301298560e-01
6.0047790067e-01 -2.0187343647e+00 -1.5266838743e-01
3.8079448546e-01 -3.4757504793e+00 -4.0296618119e-02
8.2110719251e-01 1.7797857640e+00 8.9265243854e-01
-1.2187144161e+00 4.0000000000e+00 -2.5888615439e-02
2.9072193876e+00 3.2978024420e+00 4.2874236850e-01
1.2845302466e+00 2.8594923437e+00 1.8688199701e-01
6.0892477480e-01 -8.2054478145e-01 9.5178028669e-01
-2.1849447987e+00 2.0682203773e+00 3.2667037006e-01
1.3184787212e+00 -2.6020199502e+00 -9.7199783068e-01
2.2577698000e-02 -1.5319428167e+00 8.8863882296e-01
1.2144228719e+00 3.1585917326e+00 1.4347112602e-01
3.0324891096e+00 2.7502275341e-02 -2.8845925794e-01
1.1265616266e+00 -2.5497440182e+00 -8.7644877485e-01
-2.5834786987e+00 1.8208154856e+00 4.7543092781e-02
-3.1540615179e+00 -2.8144569579e+00 4.8098734762e-02
2.6781403895e+00 2.9927352609e-01 6.8384078704e-02
1.5222695819e+00 -1.7720332675e+00 -1.3423206783e+00
-3.4919564916e+00 6.5649055113e-01 3.2148775595e-01
3.9956459849e+00 -2.4176674829e+00 -6.0028722302e-02
3.0773833115e+00 2.9829661484e-01 -5.5932172760e-02
-4.0593784937e-01 2.3411289153e+00 6.8422853729e-02
-8.2217752602e-01 2.7260654864e+00 -1.2944887069e-01
-2.7187341200e+00 -6.0270928487e-01 4.6159722608e-01
-4.0000000000e+00 5.6027186872e-01 5.8778617644e-01
-3.9702928051e+00 -8.8736410860e-01 3.3154870601e-01
2.7849010435e+00 -2.2028709789e+00 -4.4032086558e-01
2.1886947987e+00 3.0213748782e+00 7.8555319617e-01
1.0638157973e+00 -2.5213479042e+00 -8.3343347496e-01
4.0000000000e+00 -1.0502464931e+00 -6.0006848486e-02
1.5442815655e-01 7.6959579830e-01 2.0724010756e+00
-2.5896087168e+00 3.7956735743e+00 -7.3838515123e-02
1.2881616620e+00 2.4350476594e+00 3.5234039042e-01
-4.0000000000e+00 3.9019500256e+00 -1.5201618784e-01
-6.8820704730e-01 -4.9002627218e-01 1.4006532054e+00
2.5221693097e+00 2.5165471008e+00 9.3879597808e-01
-1.2011385100e-01 -3.4463168963e+00 1.8313540515e-01
3.3214910017e-01 1.5759408920e+00 1.1224955037e+00
5.9824875725e-01 -8.6615522183e-01 8.9845164481e-01
6.2446442602e-01 -1.0918141391e+00 5.8240134548e-01
1.3527658816e+00 3.4965351724e+00 2.9225937249e-01
-2.1275204623e+00 -2.9528573254e+00 1.8668083546e-01
3.6658858562e+00 -3.7438309199e+00 -3.0190820951e-02
8.6212375066e-01 -7.2954137576e-01 8.5925062805e-01
-3.4144370216e+00 1.6493727269e+00 -1.0780671927e-01
1.7350504479e-01 2.7084871016e+00 -3.4090670260e-01
-4.5888275887e-01 -1.4761028154e+00 1.1421033162e+00
-1.7954749157e+00 -9.1060677479e-01 8.9444842097e-01
1.8168438401e+00 2.8572745042e-01 1.3231973448e+00
-2.5056840743e+00 1.5450912206e+00 1.5890261388e-01
-1.0141331691e+00 -1.6186904585e+00 1.0597798373e+00
-1.6638275342e+00 -3.7344310420e+00 2.4033183254e-01
-1.8287343525e+00 -1.4384051621e+00 5.8496006242e-01
-3.0615016417e+00 -2.0608514759e+00 1.1316325835e-01
-3.0422195305e+00 2.1571113684e+00 -1.1717309110e-01
1.6598688947e+00 -4.0000000000e+00 -2.1794987808e-01
8.6314560454e-01 -3.6241705959e-01 1.4805000144e+00
-2.8835274311e+00 -4.9838433710e-01 4.6897546685e-01
-5.2338519323e-01 -1.4936654575e+00 1.1476668164e+00
-2.9368859434e+00 -8.7092519298e-01 2.8742532876e-01
-2.8010629501e+00 2.3584787067e+00 -4.1178891030e-02
-2.3555848928e+00 -6.2287505291e-01 6.6811695497e-01
2.5646935401e+00 4.6563284481e-01 3.3502228756e-01
2.4513050493e+00 2.9214171938e-01 2.9940981764e-01
2.6649094744e+00 2.6820605922e+00 8.3913605445e-01
2.8529506481e+00 1.0886241110e+00 3.3934382906e-01
-2.7874567503e+00 2.1460181932e+00 -5.1569396596e-02
-2.2650780307e+00 3.5333251684e-02 8.2074420752e-01
-2.1750679687e+00 2.6493387161e+00 1.8105528596e-01
1.3373590978e+00 -3.5978760291e+00 -3.0471151255e-01
-1.8539751519e+00 -1.7683456668e+00 4.2074730717e-01
1.6628896251e+00 1.9575235533e+00 9.8375854587e-01
2.3619475544e-01 -3.2113344689e+00 -4.1086222441e-02
2.2206151083e+00 4.0000000000e+00 2.0437711169e-01
1.4085437225e+00 -2.8663424178e+00 -8.3308807928e-01
-3.0481545827e+00 -3.1610975671e+00 2.1703590941e-02
1.7015613256e+00 2.4831041016e+00 6.7705603937e-01
-2.0753884922e+00 3.6561809152e+00 5.4173218889e-02
-1.5025781027e+00 3.2059760410e+00 7.7980003086e-02
-3.3740007834e+00 1.9882763538e+00 -1.6540640033e-01
-2.2647678177e+00 -2.6342587553e+00 1.1918480829e-01
-3.3959495267e+00 3.1245633420e-01 5.0853146320e-01
-2.5614810656e+00 -2.2003294827e+00 5.3292988020e-02
5.0730420392e-01 2.1601971884e+00 2.7414935294e-01
1.6989012799e+00 3.5346086082e+00 4.5673194238e-01
-3.3104633784e+00 3.5653562946e+00 -1.6706958878e-01
-2.6406906493e-01 -2.5315260826e-01 1.7232120497e+00
2.4560546427e-01 1.2441278203e+00 1.5418520329e+00
-2.7771028979e+00 -4.1578837119e-01 5.3016472470e-01
3.0673224418e+00 3.1180994277e+00 4.2542861191e-01
1.0925137442e+00 1.6031403039e+00 1.1948623814e+00
3.8759467976e+00 3.1016531768e+00 9.3299784426e-02
2.7821198177e+00 3.0600011071e+00 6.1969778284e-01
9.3500689401e-01 -2.2926832927e+00 -7.0990828711e-01
-3.3460970873e+00 -2.2570072754e+00 1.0684709080e-01
3.8221299780e+00 9.0906542821e-01 2.5324617551e-01
-1.1346346834e+00 -4.9649862829e-01 1.3382215551e+00
4.0000000000e+00 6.5898021382e-01 3.2350520355e-01
-2.9771756760e+00 -9.2402393483e-01 2.6744101644e-01
9.9021431567e-01 1.3361422309e+00 1.5687904422e+00
-2.4330099300e+00 -1.5796436968e+00 1.2790647837e-01
1.6729814993e+00 -3.3548449053e+00 -4.6033760307e-01
2.8076883610e-01 1.5941100957e+00 1.0890404664e+00
-2.4968216602e+00 1.8091610648e+00 1.1983081683e-01
-1.7497122823e+00 -2.4397802370e+00 2.5324595106e-01
1.1929892619e+00 -1.7874530367e-01 1.4986777068e+00
-3.1074834233e-01 -6.8518390837e-01 1.3155031320e+00
-9.8211867500e-01 -2.3113237917e+00 6.7155262764e-01
3.9632288970e+00 1.8647291684e+00 1.3877809627e-01
2.5251528875e+00 9.8829456781e-01 6.1102374708e-01
-2.2200277380e+00 -2.5976605308e+00 1.2030556030e-01
-4.4678298264e-02 -2.3297758045e+00 4.1747320887e-01
1.7419677270e+00 -2.6594632498e+00 -9.7401140611e-01
-2.1422477722e+00 -1.9989378241e+00 1.4965662167e-01
2.9750986962e-01 -2.2041327034e+00 1.4931766859e-01
2.2434663207e+00 1.2355303674e+00 1.0055309362e+00
-2.6426867642e-01 3.2884366220e+00 -4.2647980959e-01
6.5799450525e-01 3.0792300561e+00 -2.7074786969e-01
1.2768383692e+00 2.7277544919e+00 2.0692070186e-01
1.6805786246e+00 -3.3141344706e+00 -4.8419136613e-01
-3.5610374615e+00 6.9355640886e-01 3.2815952703e-01
-2.1858947984e+00 -4.8752053090e-01 8.5740831008e-01
-1.0646566834e+00 -1.1042208150e+00 1.1597380260e+00
-1.4179581051e+00 3.7259324764e+00 1.4161766367e-02
-3.5684314692e+00 4.2822967260e-01 4.9588044291e-01
2.1498413673e+00 5.7819923263e-01 1.0207124786e+00
3.6882254648e+00 -2.5177458183e+00 -2.5533038811e-02
2.1135969232e+00 1.8252348521e+00 1.0966468356e+00
2.6285321617e+00 2.3730627572e+00 9.1593812332e-01
1.1786538250e+00 2.7936887674e+00 1.0591302645e-01
2.3921106231e+00 -2.9519974049e+00 -4.2761212899e-01
-2.0014673878e+00 -1.1344790223e+00 6.0078013416e-01
-1.8743121295e+00 -1.9691165917e+00 3.1920717789e-01
2.3675730435e+00 -3.5251687377e+00 -3.1205663404e-01
-9.7789889961e-01 4.0000000000e+00 -2.7016018100e-02
-3.6397790035e+00 2.0317470447e+00 -2.2163623036e-01
1.2958552844e+00 9.6149705072e-01 2.0219819322e+00
-1.9539162870e+00 -1.4416811140e+00 4.8182739305e-01
-1.3657260367e+00 3.3891104281e+00 2.4069819860e-02
2.0636948085e+00 -2.5404376165e+00 -9.0635918125e-01
-3.8238219623e+00 -3.1254070519e+00 8.7147534603e-02
-1.9613577998e+00 -2.5911162409e+00 1.7544264849e-01
4.2756663244e-01 -2.9975305542e+00 -2.2146041783e-01
-1.0258096901e+00 -3.8609903106e+00 3.1230970107e-01
-2.1617906912e+00 1.7812332945e+00 5.1594891641e-01
-3.0280557445e+00 1.5981596783e+00 -1.0159335037e-01
-2.1967124213e+00 -2.0491401258e+00 1.1495150046e-01
-2.1126509084e+00 -3.4874275668e+00 1.8389543754e-01
2.3596113379e+00 4.1279429060e-01 5.5309477457e-01
-2.8839515981e+00 1.2233317932e+00 -3.8526745505e-02
1.3646360612e+00 1.2397218249e+00 1.6732362520e+00
1.2624371809e+00 -2.9478585269e-02 1.6609202500e+00
-3.7689363803e+00 -1.4160156646e+00 2.2331567258e-01
4.0000000000e+00 -2.6530220967e+00 -2.6736282081e-02
4.6401137841e-01 -9.0615625482e-01 9.6477677222e-01
3.6358393540e+00 2.4523453074e+00 2.6769476308e-01
-2.5196059332e+00 -2.1806327019e+00 5.0483384004e-02
2.1318396213e+00 -2.1717152191e-01 1.6468640144e-01
-2.6503925680e-01 -1.4259061672e+00 1.1022301569e+00
-3.6129445747e+00 5.3064421401e-01 4.5155803266e-01
-2.1102332464e+00 1.5556726000e+00 6.9831521251e-01
-2.4075929547e+00 3.1940901603e+00 1.0806323032e-01
-1.4307083511e+00 -2.2383030207e+00 4.9799628337e-01
2.5330140920e+00 1.5340000773e+00 7.6729224295e-01
-5.5540444462e-01 -3.1535770893e+00 3.3056717296e-01
1.2026878036e+00 2.5290332959e+00 2.2728322045e-01
1.7179183356e+00 -2.9126034311e+00 -7.7992351865e-01
3.0303459987e-01 1.4336493819e+00 1.3095630824e+00
-1.9469723070e+00 -1.9448085298e+00 2.7990124086e-01
-1.4249557903e-01 3.3367481988e+00 -4.2117621009e-01
5.2246595781e-01 -2.5016009015e+00 -2.7599213186e-01
-1.0260319765e+00 -2.3116015075e+00 6.5832137106e-01
3.7741283190e+00 3.2740705007e+00 1.1795849742e-01
2.7530990151e+00 -2.1359485546e-01 -4.4594507045e-01
-3.9174206064e+00 -7.9438727901e-01 3.5538362648e-01
2.0492381835e+00 -2.1689080577e+00 -1.2073610356e+00
2.6147423884e+00 -3.1474852885e+00 -2.8802529565e-01
3.8354309775e-01 -3.1928099551e+00 -1.3946282113e-01
-3.9414501595e+00 -2.4236017820e-01 5.6632230684e-01
-3.5939390252e+00 -1.6588725116e+00 1.8669549998e-01
-3.4044307465e+00 -1.6439642554e+00 1.8571897915e-01
-1.5487345736e+00 2.7755695250e+00 1.5908743951e-01
-3.8352913918e-02 -3.1271318209e+00 1.1469159601e-01
-3.0645745145e+00 1.3664853835e+00 -7.3378344574e-02
-2.8515382903e-01 2.1213503019e+00 3.3543457897e-01
-4.0000000000e+00 3.6725571079e+00 -1.5693540253e-01
-1.2035291730e+00 -3.1203562530e+00 3.7824351480e-01
2.8316888016e+00 2.6755936326e+00 7.4877072560e-01
2.8648542529e+00 -5.3147282858e-01 -6.3293190982e-01
-2.8353079202e+00 -2.0144133715e+00 7.8253064023e-02
-2.4668924179e+00 1.0626036299e-01 6.5481477503e-01
3.6539243744e+00 1.4147315849e+00 2.5731049517e-01
-2.5411925869e+00 9.5846297964e-02 6.1846383537e-01
-1.7328706153e+00 -2.0541727924e+00 3.8005810504e-01
-2.0838244754e+00 3.1413914179e+00 1.7156692494e-01
6.4350555333e-01 3.8392508189e+00 3.8032390651e-02
-2.2623082054e+00 -1.8531217020e+00 1.2848425700e-01
-1.9235085761e+00 -2.0904382234e+00 2.4236406768e-01
-2.9992215540e+00 3.8108304044e+00 -1.0403973509e-01
-2.6130434691e+00 -2.7253111240e+00 1.0222783470e-01
3.6367982699e+00 2.8715890845e+00 1.9929040307e-01
-2.3145342472e+00 5.9540571196e-01 5.2571376364e-01
-3.1368522376e+00 2.5583021495e+00 -1.5221921300e-01
-9.3746482485e-01 -3.3773347058e+00 3.7294820552e-01
-4.9010618144e-01 -1.9896440058e+00 9.1926453737e-01
-3.8962387655e+00 2.8290513951e+00 -3.2690084309e-01
2.1205498559e+00 -2.8271567811e+00 -6.5998152155e-01
3.4229305903e+00 1.1152098253e-01 -7.0547177606e-02
-3.9562749060e+00 9.7250039125e-01 2.9388414754e-01
-3.4069565883e+00 3.0475231802e+00 -2.4418482477e-01
-5.5950593864e-02 -4.0000000000e+00 2.4419138933e-01
1.9420717419e+00 2.4396721554e+00 8.6477967859e-01
-1.9497806975e+00 -2.5985936294e-01 1.0744901121e+00
1.2054000557e+00 9.2921438617e-01 2.1011859961e+00
-8.1124563962e-01 -2.2482903688e+00 7.4991368078e-01
-1.6951287628e+00 -1.3448241902e+00 7.3558908065e-01
-3.7589104333e+00 -2.6272602474e+00 4.3017539432e-02
4.0000000000e+00 -2.1821300187e+00 -8.0605200838e-02
8.0499795564e-01 1.4978417255e+00 1.3101712508e+00
-6.6440604446e-01 -5.7303993315e-01 1.3456340145e+00
-3.7168205128e+00 -2.3342117254e+00 6.2434231433e-02
-2.7739989639e+00 1.1228578134e+00 1.1027296994e-02
-3.3813820784e+00 -5.6603430720e-02 6.1979113850e-01
-3.9736530220e+00 1.6860684260e+00 -1.5572678378e-01
6.2374969715e-01 -2.1127515181e+00 -2.3679031390e-01
2.0271090227e+00 2.2709524189e+00 9.6802269318e-01
-2.3233385505e+00 2.3724223228e+00 1.5204127025e-01
-2.9312069238e+00 -8.2866850881e-01 3.0513893303e-01
1.1010696588e+00 2.7285915273e+00 6.0664798385e-02
2.3373625635e+00 -2.8607529889e+00 -5.0051580135e-01
2.8087967957e+00 1.7375350906e+00 6.5280515305e-01
6.0131502971e-01 5.7054762588e-01 2.4967737093e+00
-2.5112061017e+00 -3.5797368096e+00 6.9811313662e-02
1.0175498104e+00 3.9333595561e+00 1.8419991035e-01
3.3718528358e+00 4.8182665178e-01 1.2052993422e-01
3.2684219753e+00 1.4948375215e+00 3.5594767989e-01
2.6336830422e+00 -3.5326457488e-01 -4.9192829709e-01
-2.6372151364e-01 -2.9389855993e+00 2.5168016085e-01
-2.6627780089e+00 -2.7604466591e+00 9.9849199985e-02
-3.9944613666e-01 -1.0067982906e+00 1.2242045997e+00
-1.3530992280e+00 -3.2367300851e+00 3.6233803103e-01
-2.1279372207e-01 -2.4047327898e+00 4.8523040244e-01
2.3327012617e+00 -1.3144399921e-01 -1.4567210137e-02
-2.6940938832e+00 1.1584007014e+00 4.8489601558e-02
-1.9259351899e+00 2.0932943690e+00 5.2998870719e-01
3.9941008437e+00 5.9989047215e-01 3.3157228886e-01
3.9255161548e+00 -1.6714564460e+00 -7.3025117848e-02
1.9608118023e+00 1.9716024820e+00 1.0621510446e+00
-4.0000000000e+00 -5.6015538873e-01 4.2827909339e-01
1.6354146925e+00 2.7200344593e+00 5.3375189351e-01
-2.7055873294e+00 4.6298738137e-01 2.9887776465e-01
1.1012468308e+00 5.9436105614e-01 2.3964715904e+00
-3.6963942368e-01 1.4487292218e+00 1.1930520913e+00
2.1187791958e-01 -1.5212210270e+00 7.1384657488e-01
-4.3185626038e-01 2.1851833735e+00 2.8066060695e-01
-2.0201104814e+00 -1.9632401678e+00 2.2687951959e-01
3.1419351337e+00 1.1510919839e+00 2.5728793850e-01
-1.3756320478e+00 -4.1292633798e-01 1.3236075260e+00
-2.7417406749e+00 -1.2768688631e+00 1.5147573200e-01
7.3336262021e-01 -1.3493585844e+00 1.3885239704e-01
-1.5170675224e+00 2.7172384721e+00 1.7592524897e-01
1.0611119078e+00 -3.7337167463e+00 -1.7028948703e-01
3.0168137268e+00 -1.8766610774e-02 -3.2681458640e-01
-1.0042519217e+00 -1.2390398956e+00 1.1514409205e+00
-3.5427227737e+00 2.7508453727e+00 -2.7934599524e-01
-2.9209954227e+00 -1.8593863942e+00 9.5183794703e-02
-8.7428759923e-01 -1.8311248882e+00 1.0147599650e+00
-4.0000000000e+00 -2.1948187482e+00 2.2958140469e-02
-2.1690577555e+00 1.8542900478e+00 4.6568790100e-01
2.4387671732e+00 2.4232874900e+00 9.7826256574e-01
-3.5757947143e+00 -2.1296350476e+00 1.0923770769e-01
1.0600407134e+00 9.9817453242e-01 2.0614065835e+00
3.2417231037e+00 1.3468808598e+00 3.0355430353e-01
-1.2651041218e+00 -3.2868167649e+00 3.7118605532e-01
7.8469388381e-01 -3.5379840511e-01 1.5439689797e+00
4.0000000000e+00 1.7400926277e+00 1.4224068755e-01
-6.1223298693e-02 2.8436122028e+00 -4.2258079484e-01
9.7311891413e-01 -3.5720861549e+00 -2.3164885608e-01
-2.1607791583e+00 8.0993474475e-02 8.8470447141e-01
2.9706904483e+00 4.2871256814e-01 5.4701429508e-02
-7.2366253797e-01 -1.6889897895e+00 1.0965921166e+00
8.5850932035e-01 -2.0615622621e-01 1.7240812418e+00
-2.0000930698e+00 -1.4375844398e+00 4.4704302823e-01
-3.5026027424e+00 2.4793059607e+00 -2.5719188968e-01
-3.3314569223e+00 2.7664361428e+00 -2.2493558799e-01
8.1594556755e-01 -2.3148691827e+00 -5.7006652232e-01
-1.2018917559e+00 -2.0039811249e+00 7.8348009033e-01
2.1860471857e+00 1.9931768759e+00 1.0606400994e+00
4.0000000000e+00 7.5187318601e-01 3.0699835014e-01
1.2522350563e-01 -3.1381179352e+00 1.6209354466e-02
2.1883946328e+00 -6.7728268630e-01 -5.0950237227e-01
-2.5244832777e+00 -2.4028701429e+00 7.1854777090e-02
3.1266413501e-01 2.5695138401e+00 -2.1786827712e-01
1.1236343677e+00 2.4152301927e+00 2.4272016114e-01
-3.5288282014e+00 1.1042767376e+00 8.6484878495e-02
-8.1517784706e-02 1.9485925487e+00 5.6909823453e-01
-2.1615690894e+00 -9.4741082235e-01 5.9685086413e-01
-2.3093370782e+00 -1.1092562869e+00 3.8673087640e-01
2.1347743957e-01 1.9304548316e+00 5.9332851678e-01
-1.9579935822e+00 -4.0000000000e+00 7.6838907782e-02
6.9915177048e-01 2.4639894412e-01 2.3806101884e+00
9.1292986814e-02 -2.9964293069e+00 3.0698027695e-02
7.7311405567e-01 2.6087582559e+00 -9.2407788486e-02
-2.9231227296e+00 -2.0370970679e+00 9.3247338490e-02
-1.5632070031e+00 1.9967267939e+00 8.6286157563e-01
3.4162746247e+00 -9.4557827095e-01 -3.8153293585e-01
6.1817420748e-01 2.4897063810e+00 -6.9679267897e-02
1.3451101741e+00 -2.3967474492e-02 1.5774887124e+00
2.7554475713e+00 -4.1378763767e-01 -5.7218239984e-01
2.9100636495e+00 -8.3104958039e-01 -7.1493573955e-01
3.8074088772e+00 -2.1413596551e+00 -4.3812878599e-02
8.6884498848e-01 -2.4389574909e+00 -6.5026119694e-01
-4.0000000000e+00 1.1513177595e+00 1.6889797753e-01
-3.7154591627e+00 1.3406392554e+00 1.4417463700e-02
-2.7492942298e+00 8.5486766523e-01 8.0596648602e-02
-1.4039954236e+00 -2.1894281712e+00 5.4137542679e-01
1.8793829893e-01 -1.8050399282e-01 1.9116495288e+00
5.6937801302e-01 -7.6064244732e-01 1.0663058264e+00
-2.3638555433e+00 -8.4649287617e-01 5.1856184327e-01
-2.2824552668e-01 -1.7483438904e+00 9.5345688047e-01
-3.4588906793e+00 2.7090487209e+00 -2.5841606426e-01
-2.3703470309e+00 2.4756822027e+00 1.2663822178e-01
-1.3476608327e+00 -1.7308808362e+00 8.3872865236e-01
1.1595374473e+00 2.8896192423e+00 7.5500978695e-02
-1.4218809359e+00 3.9188661914e+00 -1.7329496270e-02
1.3858472433e+00 3.3553494395e+00 3.1066981499e-01
-1.6169042350e+00 -6.8813356132e-01 1.1288686023e+00
9.8166319472e-01 -3.3981721221e+00 -3.3639570845e-01
1.3444034291e+00 2.4646992274e+00 3.8098938760e-01
3.7514529923e+00 1.5991222247e+00 2.5297205393e-01
1.2959740585e+00 2.8871844001e+00 1.9413743521e-01
1.8531875081e+00 -3.6661643958e+00 -3.2337465979e-01
-2.9168329572e-01 3.7591403307e+00 -1.8036329354e-01
2.3944992575e-02 -2.3051953033e+00 3.7505496919e-01
-2.2261323842e+00 -9.1886346475e-01 5.6824859302e-01
-2.0640376218e+00 2.4406027806e+00 2.5462991684e-01
2.9836545461e+00 2.7356624034e+00 6.3273883749e-01
2.9397329500e+00 4.0000000000e+00 1.8346972653e-01
6.3189265448e-01 1.9076634266e+00 6.6945951515e-01
-1.4066012860e+00 2.1622829358e+00 6.5441207230e-01
2.8275891784e-01 1.7226116576e-01 2.2698878131e+00
3.8839109952e+00 2.9862762954e+00 8.6942130592e-02
-1.4563320297e+00 -1.1155710440e+00 9.9792528338e-01
-1.2293937153e+00 3.1215273297e+00 -4.9674552829e-02
-3.5505143562e+00 -3.3337507781e+00 4.9501606189e-02
-8.5304051094e-01 -3.1880386811e+00 3.7744594853e-01
-1.1261943350e+00 -1.9549709620e+00 8.5448833509e-01
1.6046429730e-01 9.3314429051e-01 1.8973432837e+00
-1.9397463219e+00 -4.0000000000e+00 8.1070222280e-02
5.8734469663e-01 1.3259871340e+00 1.5327270311e+00
2.4871110736e+00 -7.3417583267e-01 -7.3445909430e-01
-5.2895791612e-02 -8.4426846567e-01 1.2375616507e+00
3.8990329579e-01 8.6729506649e-01 2.1342618173e+00
-1.0236327465e-01 -1.7487890748e+00 8.7171496223e-01
-2.4272487321e+00 -1.8843798023e+00 6.8732501291e-02
-3.1234234916e+00 3.2624588067e-02 5.8070983356e-01
1.9220973895e+00 1.1632657419e+00 1.3769319604e+00
1.4294665258e+00 -3.0745705955e+00 -6.6879535471e-01
-1.9446506134e+00 -6.2273408222e-01 9.7142970619e-01
-2.1902842057e+00 1.5449876711e+00 5.8159952196e-01
-3.6094139808e+00 2.5929310167e+00 -2.9187219324e-01
4.0000000000e+00 -6.7723981346e-02 2.9673875445e-01
2.5387447585e+00 1.7892080029e+00 8.6210016473e-01
-1.4960240380e+00 -2.8141454084e+00 3.1896477606e-01
-6.5938848813e-01 1.3521266959e+00 1.3148453846e+00
2.5693783124e+00 -2.1464453714e+00 -7.1332619628e-01
-3.3878898635e+00 -5.4638680345e-01 4.3115650113e-01
3.4371002648e+00 -3.4773258546e-01 -3.0788125626e-01
1.3045441652e+00 7.4755522091e-02 1.7719098816e+00
5.9442498839e-01 -2.6148592093e+00 -3.8049908731e-01
1.3096673078e+00 1.4430309100e+00 1.4333684104e+00
-4.0000000000e+00 1.0566100956e+00 2.4093462081e-01
-3.3097981426e-01 -2.4752723458e+00 5.0055350401e-01
2.0468577529e+00 4.0000000000e+00 2.2249764993e-01
-1.3340315098e+00 2.5324833175e+00 2.4272594688e-01
2.0235265867e+00 2.4778117959e+00 8.9594080422e-01
-8.3175669536e-01 -1.2399512183e+00 1.1860290032e+00
-6.0661774359e-01 -1.6947780142e+00 1.0937610467e+00
-1.0140823806e+00 -1.1490724717e+00 1.1643640270e+00
6.2772665177e-01 3.8445645591e+00 3.5550078046e-02
1.1132297233e+00 -2.2255988253e+00 -9.1150313396e-01
4.0000000000e+00 -1.2288325660e+00 -6.6428083120e-02
1.2690133698e+00 1.8842144255e-01 1.9677448821e+00
-3.9248323435e+00 6.3756549048e-01 5.1703099623e-01
-1.3019917647e+00 -1.2205731064e+00 1.0433350505e+00
3.8171255246e+00 -9.1681971501e-01 -1.4708529819e-01
-1.9741551697e+00 -3.0885292233e+00 2.3387573233e-01
3.8029892719e+00 -1.7101295655e+00 -7.2702844609e-02
-4.1465194005e-01 -3.2665683726e+00 2.8421517376e-01
-2.0302115609e+00 -2.2819184969e+00 1.5091976742e-01
-1.5148330441e+00 -1.9175841641e+00 6.1697813920e-01
-1.9987299534e+00 2.6815808784e+00 2.1122488091e-01
-2.9159677433e+00 -1.3173658390e+00 1.5287293388e-01
-2.6300993912e+00 -9.9494195301e-01 2.8156925898e-01
-3.1631062169e+00 -8.4881414245e-02 5.9818294920e-01
-3.0446212408e+00 1.3043939737e+00 -6.3347837727e-02
-4.6132767361e-01 -2.4202600824e+00 5.9127262106e-01
-3.4397108322e+00 1.4534650716e+00 -5.7867563612e-02
3.4267269076e+00 9.8943098808e-01 2.1527263402e-01
-9.5206619448e-01 -1.5316123366e+00 1.1048916252e+00
3.1063757571e+00 -2.9856296349e+00 -1.4083996867e-01
3.6588614673e+00 -2.3793964627e+00 -2.5385142351e-02
3.2704593148e+00 3.6757649432e+00 1.9779121621e-01
-6.6912749203e-01 -1.4615400014e+00 1.1628410655e+00
-4.4019133774e-01 3.7449558499e+00 -1.7676282909e-01
3.1741946069e-01 -2.6342729991e+00 -9.9551718687e-02
-2.3882628972e+00 -1.1346060395e+00 3.2305019507e-01
2.2554114966e+00 -4.0000000000e+00 -3.0364664069e-01
3.6360064799e+00 1.3972473087e+00 2.5759231882e-01
-3.3514176035e+00 3.1258167995e+00 -2.3040531209e-01
2.3921167471e+00 -9.0491772067e-01 -8.8996249389e-01
-3.4234805308e-01 2.6186849342e+00 -2.3445632977e-01
7.2496071952e-01 1.6698861741e+00 1.0431412980e+00
1.9374787198e-01 2.9651746561e+00 -4.4404659724e-01
-2.3764589037e+00 -1.1778380002e+00 3.0766946146e-01
3.7218657475e-01 1.1171197397e+00 1.7718756029e+00
-1.8522883586e+00 -7.1257225936e-01 9.8291369471e-01
-1.6461435512e-01 -1.2988231354e+00 1.1038657007e+00
-3.0567838232e+00 3.6087233233e+00 -1.3207760080e-01
-1.6914232667e+00 2.0899330372e+00 6.8625591773e-01
1.5605485282e+00 9.2821106092e-01 1.8622275249e+00
-2.6978530226e+00 -7.9787390404e-01 3.6380616297e-01
-2.7366362874e+00 -4.0000000000e+00 3.1465693219e-02
-3.7168925690e-01 -1.4685317226e+00 1.1240306096e+00
2.7110532583e+00 1.2060122798e-01 -1.3806765449e-01
-2.4614409733e+00 -2.6182113678e+00 9.9809792590e-02
-1.8040769754e+00 2.0540774330e+00 6.5958684686e-01
2.2962409213e+00 2.5947648810e+00 9.4790705406e-01
-3.2845699061e+00 -1.8323686769e+00 1.5415061897e-01
-3.4470150215e+00 -2.8479838501e+00 3.3929473249e-02
-2.4693657312e+00 -2.1556821625e+00 4.9651555391e-02
2.3263000807e+00 -3.8982985922e-01 -2.7677610678e-01
4.2203025588e-01 8.4166264161e-01 2.1856603716e+00
1.6299425071e+00 2.6039716058e+00 5.6711539422e-01
3.5216131174e+00 -1.4072470687e+00 -2.0779049407e-01
2.0345587793e+00 2.4139427720e+00 9.2272421114e-01
1.2215919175e+00 -3.0907544482e+00 -6.2114464297e-01
3.6937289284e+00 2.2707755371e+00 2.5483104774e-01
-4.7570240873e-01 -1.0243502306e+00 1.2248706502e+00
1.1549282338e+00 9.5173710081e-01 2.0949605806e+00
-2.2482936520e-01 2.8918434342e+00 -4.2446419104e-01
2.0687067839e+00 3.2069873107e+00 6.9458556832e-01
-3.8711533257e-01 -1.1370953277e+00 1.2016982040e+00
1.1296060341e+00 -2.7316065302e+00 -8.1275401725e-01
2.4240946127e+00 7.7307135613e-03 1.7368767669e-02
-2.4270624223e+00 2.6886626293e+00 1.0945118662e-01
-2.3907516326e+00 1.3685200727e+00 3.3411539934e-01
-2.9419419543e+00 3.2217046741e-01 3.9127210798e-01
2.6877231166e+00 3.1139221746e+00 6.4188328051e-01
3.1608797231e+00 -1.2148805207e-01 -3.5473839672e-01
-2.4833046621e+00 -5.3797429050e-01 6.2047373266e-01
-1.8574128560e-02 3.2185637719e+00 -4.6354208456e-01
2.9136378150e+00 -1.8789247600e-01 -4.5322327631e-01
3.1302158768e+00 -4.0000000000e+00 -1.0537931975e-01
2.0659886995e+00 3.2280531603e+00 6.8649528389e-01
-3.0546274533e+00 1.1875055050e+00 -3.9901854912e-02
1.9806170435e+00 5.1155944445e-01 1.2595055416e+00
1.2628402524e+00 1.6202533162e+00 1.2043890860e+00
2.4900253457e+00 2.4003629104e+00 9.6818586889e-01
2.6968332031e+00 -4.1366646776e-01 -5.5784527185e-01
1.9260969030e+00 1.7021431501e+00 1.1744498449e+00
-1.0074145543e+00 -2.3746289414e+00 6.2391123949e-01
-1.2699868408e+00 -2.7193663307e+00 3.9740738845e-01
-2.1149618257e-01 4.0000000000e+00 -2.6254044872e-02
-3.4953305109e+00 7.6752601188e-01 2.5489346177e-01
-1.8856941286e-02 -3.7425752538e-01 1.6480007095e+00
3.6881279669e-01 -1.0686278122e+00 8.8432756873e-01
-6.6532556628e-01 -1.9791916903e+00 9.5001497844e-01
-7.4635536666e-01 -7.1947121450e-01 1.2713330440e+00
2.3954897343e-01 -2.0906045283e+00 2.9810351952e-01
-2.9556537975e+00 -4.2799814846e-01 4.9319374564e-01
-6.6775056067e-01 2.3537040462e+00 1.4749744349e-01
-2.6407686705e-01 -9.9236904230e-01 1.2154763835e+00
-3.4119108788e-02 -2.7862614401e+00 1.5582204943e-01
3.6788277477e+00 -8.5117953400e-01 -2.3113762339e-01
3.0013063155e+00 -4.6264640902e-01 -5.7575624531e-01
-1.1200053508e+00 -1.5141048424e+00 1.0493182172e+00
2.9393065910e+00 2.2295382946e+00 7.4189805581e-01
-1.6114392436e+00 -1.2214123140e+00 8.5417166931e-01
7.5822820096e-01 3.8925613542e-01 2.4808051319e+00
3.3768236525e+00 2.2010418404e+00 4.7332164345e-01
2.5221151632e+00 -3.7209452522e+00 -2.8085604280e-01
1.4760799042e+00 2.4074139893e+00 5.2742898228e-01
-1.1177497774e+00 -2.9276219878e+00 3.9376895983e-01
4.9337353051e-01 -8.8614036508e-01 9.6411590075e-01
1.3813621633e+00 2.4786172711e+00 4.0479835192e-01
8.8944987620e-01 2.5763255016e+00 -1.1346324743e-02
-1.2333142264e+00 -1.8734700519e+00 8.4336491272e-01
2.3662424603e+00 -6.7850466847e-01 -6.2789193194e-01
3.1487921505e+00 -2.3768556524e+00 -1.2114850305e-01
-1.6433876774e+00 -2.2991640309e+00 3.3948364577e-01
1.4247372252e+00 -1.3339807852e-01 1.3106194857e+00
1.7671377054e+00 -2.8458833046e+00 -8.2013674065e-01
-2.3447466697e-01 -3.1024575578e-01 1.6715376038e+00
2.5510740625e+00 -2.2636721322e+00 -6.5302125914e-01
-2.6053512165e+00 4.0000000000e+00 -1.1845786242e-01
-2.2754060001e+00 -2.4392014551e+00 9.0549690736e-02
-3.1399756668e-01 -2.7126286084e+00 3.5371022911e-01
-3.7620652055e+00 1.1179469966e-01 6.4904759953e-01
1.4133438798e+00 3.1920444821e+00 3.1494409414e-01
-1.0884596371e+00 -5.5617916372e-01 1.3156874963e+00
3.3079928917e-01 2.3902414875e+00 -4.0955527115e-02
2.0540762167e+00 6.0788985962e-01 1.1958711980e+00
2.6789368342e+00 -2.1940406155e+00 -5.5685360765e-01
5.9930017302e-01 -1.5092080507e+00 2.0310952630e-01
-4.0000000000e+00 3.2357652032e+00 -2.1884123660e-01
2.1590413065e-01 3.8497511193e-01 2.3159869781e+00
2.0831349994e+00 3.3031876843e+00 6.5971986488e-01
2.1150123448e+00 1.8964776544e-01 6.9781605901e-01
-2.1401958296e+00 -1.1870135789e+00 4.6375752337e-01
2.0618692760e+00 3.3652436241e-01 9.5882116733e-01
3.3326189643e+00 4.0000000000e+00 1.6180607303e-01
6.3565040998e-01 -1.4628717579e-01 1.9144026481e+00
-1.0202735561e+00 -9.9608378083e-01 1.1894266992e+00
-3.2422331409e-02 1.6198844832e+00 1.0190081747e+00
2.9427551070e+00 2.0995820934e+00 7.2274449699e-01
1.8280935826e+00 -4.1146917337e-01 3.1387925457e-01
2.9332022385e+00 2.7607249022e-01 -7.0796659881e-02
-5.8864879020e-01 2.5903772939e+00 -1.3019141664e-01
2.6475324230e+00 -1.5979162408e+00 -9.2065142587e-01
-2.9063866603e+00 1.1231782539e+00 -2.3953271179e-02
-2.7988407713e+00 -1.8616822973e+00 7.2749964719e-02
-1.2432523483e+00 -1.8854627975e+00 8.3056068424e-01
-1.4035167954e+00 -1.9411697280e+00 6.8853730767e-01
-3.2745673346e+00 -2.3577860633e+00 9.6088062437e-02
-7.8243243327e-01 -2.9387555849e+00 3.9822833344e-01
-2.4020065544e+00 -1.8794174895e+00 7.5047965230e-02
-1.1523619499e+00 4.0000000000e+00 -2.5346106317e-02
-2.5196246958e+00 2.4242507452e+00 6.6897802816e-02
-1.9519694160e+00 -2.3617485824e+00 1.7600084405e-01
4.3542877842e-01 -2.9777033235e+00 -2.3129262140e-01
-2.9745523564e+00 -2.3022369453e+00 9.7103485710e-02
2.8441315812e+00 1.6853035907e+00 6.0602456187e-01
-3.0694715428e+00 2.2846087674e+00 -1.2415041085e-01
3.0267824289e+00 -2.1458187303e+00 -2.5290389668e-01
-3.2762481782e+00 3.5284905630e+00 -1.7117056333e-01
2.8888104378e+00 -5.7949375398e-01 -6.4805953073e-01
-5.0438047554e-01 3.3311798965e+00 -3.5464185615e-01
3.1080923442e+00 -1.2824777713e+00 -5.3056249009e-01
2.6453068635e+00 1.4193918263e+00 6.1570970863e-01
-3.4363699459e+00 -2.4845609047e+00 7.0263538673e-02
4.0000000000e+00 -8.6359567318e-01 -4.9610668226e-02
4.2019743080e-01 1.9418899936e+00 5.9078077851e-01
-2.1830359971e+00 3.5493835486e+00 7.9793964637e-02
-1.0417102272e+00 -2.3071267977e+00 6.5610549022e-01
7.6486643299e-01 6.9839522313e-01 2.4469659862e+00
6.8686161912e-01 -2.3403517863e+00 -4.1740971738e-01
-3.4657071994e+00 -7.5030618487e-01 3.5438867056e-01
1.1187154035e+00 -2.1979175623e+00 -9.1862642225e-01
2.6469873153e+00 -2.8787989962e-01 -4.5215749988e-01
1.2179888681e+00 3.0061503250e+00 1.2358907395e-01
1.3104140501e+00 2.7744350835e-01 2.0316950352e+00
-2.5651882591e+00 1.7702767413e+00 6.7482233731e-02
5.6475589347e-01 3.4894021805e+00 -1.7240246997e-01
1.4953634405e-02 -1.7710002520e+00 7.6182266574e-01
-6.5333216670e-01 -1.7242177015e+00 1.0845229787e+00
-2.6503720118e+00 2.0239657540e+00 -3.4002330305e-03
2.9097331544e+00 -4.6430508050e-01 -5.9774293636e-01
-2.0116098324e+00 2.8226730373e+00 1.8848772886e-01
-3.0199575095e+00 5.7025952899e-01 2.1042547296e-01
-3.4682985720e+00 1.2719155102e+00 3.6721197220e-03
-7.0422921649e-01 2.1903590739e+00 3.7575367820e-01
3.2625319673e+00 -2.0840202383e+00 -1.2980825044e-01
-1.9068772502e-01 -2.9558701004e+00 2.1095701608e-01
2.3848587549e+00 -3.4815923738e+00 -3.1337335760e-01
2.5948389928e+00 -6.1384582396e-01 -6.6123115305e-01
-1.9858886034e+00 1.9002925633e+00 6.4777338301e-01
-1.7690946633e+00 -1.4265805494e+00 6.3913225226e-01
-3.4994671617e+00 -2.3049217888e+00 9.0235577358e-02
-2.1156650587e+00 2.9529486700e+00 1.7222420614e-01
-3.1998363701e+00 9.1061043156e-01 7.2677998754e-02
2.7888383009e+00 2.4176108909e+00 8.2688659823e-01
-2.5973782891e-01 -2.6335299933e+00 3.6623918621e-01
-1.7104265012e+00 4.0000000000e+00 -5.6900132735e-02
-7.0136401053e-01 3.0388722830e+00 -3.0990519786e-01
8.1199076385e-01 -1.2106457336e+00 1.7115755549e-01
3.0193647065e+00 -4.0000000000e+00 -1.3587314612e-01
1.2356792835e+00 2.9729530119e+00 1.3762030409e-01
1.7181518104e+00 2.7552583699e+00 5.9429039627e-01
1.0782988431e+00 3.8333633361e+00 1.8431989791e-01
-2.1944667278e+00 -3.8923458941e+00 6.4555930754e-02
3.4990326231e+00 -9.3174666202e-01 -3.3086478690e-01
-3.5768447366e+00 3.1922331032e+00 -2.5141619134e-01
-1.1903526684e+00 -2.7533574554e+00 4.1060639704e-01
-7.6305524646e-01 -3.7091145573e+00 3.3432334396e-01
2.3815028112e+00 -4.5380812533e-01 -3.9616159964e-01
1.4577644238e+00 2.5900171723e+00 4.1887262747e-01
9.2133007107e-01 -1.6564332732e-01 1.7450586898e+00
3.4859537628e+00 -2.9134794274e+00 -5.7260453598e-02
-3.4413163203e+00 6.7767427190e-01 2.8663207943e-01
5.1424316367e-01 2.7017655154e+00 -2.5568768308e-01
-4.0000000000e+00 -8.9387809176e-01 3.2889812342e-01
-4.0000000000e+00 -2.0059856194e+00 4.9411001949e-02
1.9795142449e+00 1.1375187020e+00 1.3216690095e+00
8.8030790735e-01 1.8163850877e+00 8.4867486468e-01
-2.7715132610e+00 -6.9609497507e-01 3.9468699997e-01
1.5312419153e+00 -2.9534370657e+00 -7.7138033004e-01
2.9155358602e-01 -2.3092019061e+00 8.8548283151e-02
7.6307835574e-01 -1.8492427782e+00 -3.1144325870e-01
1.2621630979e+00 2.4595324262e+00 3.1579229877e-01
2.4253770212e+00 -2.9891646209e+00 -3.9669904362e-01
3.9017590757e+00 -1.9263549859e+00 -6.4359849495e-02
4.6430466100e-01 1.8785502677e+00 6.9476682464e-01
1.3019541683e+00 -2.7643598607e+00 -8.7590192908e-01
4.0000000000e+00 2.8809809876e+00 3.8737342206e-02
-1.5334944760e+00 2.0914231439e+00 7.3969734773e-01
-3.6586054247e+00 -1.8917950877e+00 1.4063762895e-01
2.0840201380e+00 2.1782268575e+00 1.0151572099e+00
3.8951840834e+00 2.8904514446e+00 8.0905659863e-02
2.4443666579e+00 -1.3504380058e-01 -1.5411728679e-01
-3.9569129901e+00 1.6926317723e+00 -1.5645005304e-01
-2.4924987711e+00 2.2458141214e+00 7.4806425307e-02
-3.4162801172e+00 1.3716609226e+00 -3.7212952563e-02
-8.6085075544e-01 2.7146124014e+00 -1.0336888656e-01
-1.5805524757e+00 -4.0000000000e+00 1.7251038857e-01
-3.4609746870e+00 -4.0000000000e+00 1.1526072327e-01
1.4658570154e-01 1.6716199784e+00 9.6710482327e-01
-2.9777152496e+00 -3.9741556604e-01 5.0534278907e-01
-1.7514314736e+00 3.7579873497e+00 3.2567373716e-02
-4.0000000000e+00 1.3633395255e+00 2.3967954493e-02
-3.1677803645e+00 -3.0685867710e+00 2.1154037779e-02
2.1640729622e+00 1.5372375166e+00 1.0948910487e+00
-1.1480004953e+00 -1.5758621600e+00 1.0177058286e+00
3.3565591849e+00 1.1537843225e+00 2.3484672503e-01
-3.5485931136e+00 2.1646186508e+00 -2.2860641187e-01
-3.7058726639e+00 6.5750206794e-01 4.1330110902e-01
-2.7205819660e+00 4.0000000000e+00 -1.1011461312e-01
2.2154138091e+00 6.9259308812e-01 9.7308214752e-01
-7.2490665508e-01 -8.0006691130e-01 1.2507325669e+00
3.5117493658e+00 2.1031105861e+00 3.9190353903e-01
-1.8475685985e+00 2.3544421958e+00 3.7719131398e-01
3.1199574549e+00 -3.2349832979e+00 -1.5836665710e-01
3.5703642959e-01 -1.8609151605e+00 3.0432038867e-01
3.3945791087e+00 1.6391788961e+00 3.7452103488e-01
-1.1778372668e+00 -7.2845656542e-01 1.2343637326e+00
3.9808910465e+00 -2.6747407321e+00 -2.2699054750e-02
8.4087993863e-01 1.3956564173e+00 1.4676809025e+00
-2.1967810045e+00 -8.5038691909e-01 6.3915924194e-01
4.0000000000e+00 2.4489744769e+00 2.8317043189e-02
1.7451964247e-01 -2.4729263022e+00 1.1843189619e-01
7.4417436718e-01 -1.6429597598e+00 -1.4111071794e-01
2.4715052550e+00 -4.0000000000e+00 -2.8449016464e-01
1.3391944265e+00 1.8654470586e+00 9.2800023275e-01
-1.1759931484e+00 2.1273457912e+00 6.6214358797e-01
3.1965098410e+00 3.9179048891e+00 1.8397562966e-01
-1.2870840144e+00 -4.9055955039e-01 1.3143210821e+00
-2.6931461862e+00 -2.3578567996e+00 7.6877032806e-02
2.1555429858e+00 7.2011163487e-01 1.0778339719e+00
-3.6048071666e-02 -1.8769734851e+00 7.4071022750e-01
3.7340209315e+00 4.0000000000e+00 7.7913965265e-02
-4.0000000000e+00 -1.4621701630e+00 1.8286792607e-01
5.9819750489e-01 -8.4191878949e-01 9.3152811874e-01
-6.3709530651e-01 -1.3766818229e+00 1.1797086455e+00
-1.0768422266e+00 -5.3495771185e-01 1.3273501513e+00
3.9876650204e-01 -1.4719212139e+00 5.2298173590e-01
-2.4876652047e-01 -3.6787502769e+00 2.4923202820e-01
1.9699782368e-02 1.3367874485e-01 2.1324058278e+00
1.2403208006e+00 3.5832474267e+00 2.2989858140e-01
-7.1473753389e-01 -2.4908234299e+00 5.8657617645e-01
-1.7978143474e+00 -1.4733413091e-01 1.1801607339e+00
-1.6474159692e+00 -1.6467865979e+00 6.4230704568e-01
2.3633041975e+00 3.1147445813e+00 7.5464945066e-01
2.3424756315e+00 -7.6584487260e-01 -7.2143527086e-01
-1.1943631187e+00 -8.9500546663e-01 1.1769026868e+00
-3.3113212986e+00 7.9659370579e-01 1.6475248717e-01
-2.0306969939e+00 3.2486124293e+00 1.6857995418e-01
3.0168902687e+00 5.2581725537e-01 1.1566672729e-01
1.4405138623e+00 2.0232292676e+00 8.0809934025e-01
4.0000000000e+00 2.8235928183e+00 3.4398188982e-02
-1.2497642092e-01 2.1986741861e+00 1.9867034155e-01
1.4801028242e+00 7.2139008035e-01 2.0440290750e+00
2.9774093362e+00 8.7986586721e-01 2.4522142544e-01
-2.7967923190e+00 2.1411307720e+00 -5.4854582069e-02
-3.5364028672e+00 5.1103839180e-01 4.3284184559e-01
-8.3220277938e-01 -2.6314199373e+00 5.0654281734e-01
-2.1234432442e+00 2.2494435616e+00 2.9156656707e-01
-3.1927005132e+00 5.7450679191e-01 2.5626483475e-01
-1.6632381262e+00 -1.3189321009e+00 7.7207720917e-01
-1.5701505741e+00 2.4527845401e+00 3.5201198781e-01
1.6669277307e+00 -2.9570947236e+00 -7.5405604309e-01
-2.9582132698e+00 -1.8594084234e+00 1.0243190083e-01
-3.5114675898e+00 4.0000000000e+00 -7.3627110491e-02
-9.6361080356e-02 -1.3424931877e+00 1.0556727679e+00
-4.0000000000e+00 -3.9372125977e-01 4.9714460659e-01
-2.6277743550e+00 7.8435655915e-01 1.6862923204e-01
-1.3888572957e-01 -1.6935520571e+00 9.2666941186e-01
1.1942869079e+00 9.9145254759e-01 2.0315088638e+00
2.0397970968e+00 3.8401402465e-01 1.0463944045e+00
3.9357371113e+00 -1.4689141575e+00 -7.8015448114e-02
8.0952229663e-01 -2.7010894478e+00 -5.8637312292e-01
1.4190849325e+00 2.3061534369e+00 5.4734549153e-01
1.0052274831e-01 4.1136880359e-02 2.1128518975e+00
-8.0750487114e-01 -2.0446127104e+00 8.9725493900e-01
-4.0000000000e+00 1.3903155370e+00 7.0484121675e-03
3.1332652946e+00 -3.5660527950e+00 -1.5341888544e-01
3.9849636732e+00 2.1939410970e+00 6.1926975361e-02
3.4357372034e+00 1.9693614416e+00 4.3255716834e-01
3.3822615423e+00 -2.3243621327e+00 -5.0879550308e-02
-1.6299082374e+00 -4.0000000000e+00 1.5963258430e-01
2.7288552940e-01 7.1268702022e-02 2.1885079729e+00
6.2793701132e-01 9.8301389428e-01 2.0733339708e+00
-1.4392464732e+00 -2.7410889532e+00 3.4092374579e-01
3.1353970466e+00 1.0808602498e+00 2.4274833983e-01
6.0001460553e-01 -3.1695120989e+00 -2.8393189770e-01
-7.0218147292e-01 3.0964470783e+00 -3.1491454898e-01
-2.1390778056e+00 1.8058121494e+00 5.3156631290e-01
6.3570509501e-01 6.9075521730e-01 2.4364794782e+00
-2.7781625452e+00 6.7126975141e-01 1.4528463427e-01
-2.8331476670e-01 -4.0000000000e+00 2.7815999922e-01
-4.6167208582e-01 -1.0914379002e+00 1.2153423275e+00
3.7792727923e+00 -5.0330404620e-01 -1.1601808258e-01
3.1173108697e+00 -1.8611321635e+00 -3.0533437297e-01
-3.2871101124e+00 -2.6815686480e+00 5.4538136013e-02
3.6397741845e+00 1.5639912965e+00 2.8313235312e-01
-2.7493040044e+00 -3.4616280732e+00 3.9733863271e-02
9.8671240896e-01 -3.1286143607e+00 -5.1147019341e-01
4.0000000000e+00 -1.7006627034e+00 -7.7497271371e-02
-1.8698180963e+00 -2.0921297477e-01 1.1314879422e+00
3.9804832619e+00 1.1960608438e+00 2.2801214439e-01
9.3578683284e-01 3.2667149147e+00 -4.2275086968e-02
1.7770626296e+00 7.5618316020e-01 1.6676552115e+00
-1.5324523160e+00 -1.7536755372e+00 6.8751312909e-01
1.6157378274e+00 3.4377147875e-01 1.7068171499e+00
-3.5613984282e+00 -8.3990197849e-01 3.3584295128e-01
-2.8968671909e+00 1.2912777868e-01 5.1911684272e-01
-3.3075337062e+00 1.3757370649e+00 -5.3114394729e-02
1.2775413226e+00 8.3446140287e-01 2.1556425730e+00
3.3773601074e+00 -3.4261605821e+00 -9.8855052440e-02
-1.7546611977e+00 -2.1690821637e-01 1.2031331402e+00
-1.8380581050e-01 -2.5858554127e+00 3.4861087812e-01
-2.7255302561e+00 1.5715816973e+00 -2.1838397842e-02
3.1592214763e+00 3.3279411768e+00 2.9952914817e-01
-3.8445477459e+00 -2.1759153366e+00 5.9626805687e-02
-9.0354274543e-01 -1.0497976575e+00 1.2004258444e+00
7.6308543873e-01 -2.6295545307e+00 -5.4957639321e-01
1.2030593366e+00 3.1477031800e+00 1.3161953264e-01
2.4342132993e+00 2.7894465471e+00 8.8102871279e-01
-2.1961665084e+00 1.1139339576e+00 6.6013953523e-01
3.6999175328e+00 -3.7542157078e+00 -2.5507574057e-02
3.3174467683e-01 -1.4471016887e+00 6.2585558377e-01
-1.1670542427e+00 -3.8790849353e+00 2.9479259697e-01
-1.5778137124e+00 -3.5964198925e+00 2.9245972738e-01
-1.5008912153e+00 3.6383111615e+00 4.2920733320e-02
2.2504520802e+00 2.4425461710e+00 9.8229692067e-01
2.1361909256e+00 1.5591359644e-01 6.2110139278e-01
-9.4517242756e-01 -2.4407977041e+00 5.9826498400e-01
9.6041104576e-01 -3.4519334604e+00 -2.9687119625e-01
-2.6863425535e+00 2.4657962529e+00 6.7668108057e-03
3.6147170216e+00 -1.8867654946e+00 -6.7680105906e-02
2.5576704223e-01 -1.7643642359e+00 5.0380927000e-01
4.5628686303e-01 1.1019578578e+00 1.8306456632e+00
1.2884786393e-02 2.1346529605e+00 2.7902277426e-01
-2.2079003014e+00 -2.6386631767e+00 1.2816265387e-01
3.8080210089e+00 1.5299389033e+00 2.3318909300e-01
-2.4363874540e+00 2.5532486585e+00 1.0275611462e-01
2.8864183453e+00 -3.2842002265e+00 -2.1452426668e-01
1.9930926822e+00 1.6662977700e+00 1.1681409446e+00
-4.0000000000e+00 2.4751549482e-01 6.6685863290e-01
-3.9768201307e+00 -1.2796249874e+00 2.3455994955e-01
9.9694654300e-01 -6.0630886281e-02 1.8503774223e+00
8.0317362587e-01 1.4466830306e+00 1.3865333502e+00
-3.6212133515e+00 1.3288998082e-01 6.3056025502e-01
3.7176121338e+00 -1.0696264044e+00 -1.8265988812e-01
1.0818585698e-01 -2.4036826728e+00 2.2676999045e-01
7.7451404223e-01 -2.5212955079e+00 -5.5697506775e-01
3.4012480069e+00 3.4540381828e-01 5.9502613966e-02
7.5327462435e-01 2.0797738930e+00 4.3548601265e-01
3.3419324905e+00 2.9250712038e+00 3.4317643227e-01
3.6301009339e+00 3.0172436030e+00 1.8115875615e-01
-2.3004528723e+00 -1.6010885711e+00 1.7903554698e-01
3.2348257382e+00 -3.5329659450e-01 -4.3526491684e-01
1.0929216792e+00 1.1176938500e+00 1.8854103507e+00
4.0921143385e-01 -1.1228795818e+00 7.9733001813e-01
-3.9040351693e-01 -1.5687868469e+00 1.0980803947e+00
4.6808426027e-01 -2.7939662417e+00 -2.7353688659e-01
-8.8775011382e-01 2.4749925665e+00 1.1145547322e-01
-2.2458496022e+00 2.1631540914e+00 2.3834719835e-01
1.6720028022e-01 -9.2594325775e-01 1.1294616405e+00
2.6374071609e-01 -2.6801962891e+00 -6.1253860468e-02
2.0706115277e+00 -2.5217751705e+00 -9.1592931516e-01
-2.7891321471e+00 3.3898517686e+00 -6.6639438356e-02
9.3190743726e-01 5.3846723059e-01 2.4827809522e+00
6.9741982554e-01 -1.9072532242e+00 -2.3930147182e-01
-7.6988304557e-01 -2.8790524360e+00 4.1092198098e-01
-1.6319395361e-01 3.1113878473e+00 -4.7298349684e-01
2.9839284654e-01 -1.8440758254e+00 3.9491832047e-01
1.6187098269e+00 1.0071505549e+00 1.7562597727e+00
-1.4576653873e+00 9.1562901193e-01 1.4459342405e+00
-2.8449720542e+00 -8.2794929930e-01 3.1299082466e-01
6.3612640708e-01 4.0000000000e+00 1.1639725795e-01
-2.6602970471e+00 -2.7360946933e+00 9.9573100684e-02
3.5962023257e+00 -1.6475792823e+00 -1.1928168959e-01
-1.6132309112e+00 -9.7948237535e-01 9.7071830905e-01
-2.1055373218e+00 -2.0786589588e+00 1.4896135847e-01
2.2250441558e+00 -2.7483885306e+00 -6.4156337583e-01
2.9957733252e+00 -1.5374734266e+00 -5.5392752165e-01
-2.6650854586e+00 7.1539907006e-01 1.6997871223e-01
-4.0000000000e+00 6.6064641364e-01 5.3338895066e-01
2.0213214094e+00 -2.0492036388e-01 3.4216196938e-01
3.8557719445e+00 2.1080624393e+00 1.6538271269e-01
-3.8697291192e+00 -9.6984193405e-01 3.1545605869e-01
7.8976336911e-01 2.7074396185e+00 -1.3558859848e-01
-2.6428424646e+00 7.8947975807e-01 1.5692331447e-01
-6.5715530825e-01 -1.8050823236e+00 1.0492546470e+00
4.0000000000e+00 -7.9541278625e-01 -4.1771005894e-02
-2.4785484952e+00 -2.2745752181e+00 5.6964209514e-02
4.0000000000e+00 2.9199796446e+00 4.2137083915e-02
1.3351173499e-01 2.9884073302e+00 -4.5801470345e-01
-2.2174087500e+00 1.7214708497e-01 8.0550781124e-01
2.5715947313e+00 -3.5658401621e+00 -2.7765816272e-01
2.1500528214e+00 2.1992156585e+00 1.0225618003e+00
4.9128897533e-01 -3.5152705019e+00 -7.6212921857e-02
-1.2675652195e+00 -1.0168100103e+00 1.1187592126e+00
-1.8915854586e+00 -3.6008982977e+00 2.1870791555e-01
2.2326713875e+00 1.7309499304e+00 1.0546418872e+00
-2.9095216861e+00 -2.1301537281e+00 9.1561179797e-02
3.8462627256e-01 5.1727754823e-01 2.4173497187e+00
-3.1922424975e+00 5.6677057262e-01 2.6149027641e-01
-3.1397363247e-01 -1.0965423004e+00 1.1996241842e+00
-2.6330350793e+00 -1.5161892981e+00 1.0014604235e-01
-3.5328959392e+00 -2.3216125147e+00 8.4834838550e-02
3.8613834174e-01 1.8804782155e+00 6.8387501606e-01
-2.9644632766e+00 1.2583810717e+00 -5.4089604038e-02
2.2012928287e+00 -2.2794845397e+00 -1.0031724392e+00
4.3378319502e-01 -2.2414858189e-01 1.8549891818e+00
-3.7977716272e+00 -5.4349516852e-01 4.3925999589e-01
-3.2188289576e+00 1.7738252912e+00 -1.2523022065e-01
4.7853288219e-01 -8.5590247113e-01 1.0111971940e+00
-5.7422882759e-01 -1.9210986659e+00 9.7957832526e-01
1.1071021484e+00 -3.6015149769e+00 -2.5302002792e-01
-3.6288843645e+00 7.0608219511e-01 3.4970151937e-01
2.0975962053e+00 -1.0722311387e-01 3.5206065523e-01
-1.6485381966e+00 -8.1471255260e-01 1.0440067387e+00
1.1370185815e+00 -2.2158163603e+00 -9.3802389922e-01
-1.3615564094e+00 2.5791251171e+00 2.1481721793e-01
2.6939133857e-01 1.1861211625e+00 1.6288347312e+00
6.5508251342e-01 2.5949284869e+00 -1.3653219254e-01
1.4833016480e+00 8.5873983153e-01 1.9778331695e+00
2.2155638233e+00 -2.5365639107e+00 -7.9386470506e-01
2.2202689978e+00 -4.0000000000e+00 -3.0353600715e-01
-1.1720217465e+00 3.1985838180e+00 -7.6933458910e-02
-3.4198567117e+00 -6.5778719044e-01 3.8386668466e-01
3.4334426196e+00 -3.6030295953e+00 -7.9034887557e-02
-1.0615011529e+00 -1.5634624381e+00 1.0592508953e+00
3.5775033368e+00 1.2427763667e+00 2.3992745652e-01
2.3900374210e+00 -2.2352681742e+00 -8.5189942192e-01
-3.3216847089e+00 -8.4530587251e-02 6.1239344842e-01
-1.3962631370e+00 2.9223124173e+00 5.7195045997e-02
3.1984617527e-01 -2.9776394640e-01 1.7682550668e+00
2.3151391553e+00 -1.6841727684e-01 -3.1056373071e-02
2.8989871896e-01 2.5459558787e+00 -2.0167893903e-01
-2.2292776389e+00 1.4833138714e+00 5.4292518734e-01
-1.4067931243e+00 -9.2031666574e-01 1.1018050525e+00
1.8239987963e+00 -2.4174827666e+00 -1.1299039635e+00
-9.7655589797e-02 -1.8468160312e+00 8.1051406392e-01
1.7871117963e+00 1.2836135633e+00 1.4425422268e+00
-1.5304169497e-01 -2.6528128073e+00 2.9267435549e-01
2.5390853096e+00 2.2956352136e+00 9.5930102541e-01
5.3857216311e-01 3.9498692634e-01 2.4734259538e+00
5.6052134191e-01 -3.4633796140e-01 1.6580227239e+00
1.9489764689e+00 -3.2491891664e+00 -4.7339357828e-01
-2.8909543236e+00 1.4394210491e+00 -6.9637448257e-02
8.3363651338e-01 -3.2233485545e+00 -3.8306591626e-01
3.8551101635e-01 7.2068237121e-01 2.2964573443e+00
-9.2473627291e-01 2.9485870578e+00 -1.8237953889e-01
-8.2058697037e-02 2.3620619384e+00 -1.8784211048e-02
-3.1633975205e+00 -7.9263109209e-01 3.2219927648e-01
2.1564383023e+00 2.0522373506e+00 1.0535572299e+00
2.9336189990e+00 2.8944390435e+00 6.0555510833e-01
2.6738107159e+00 4.7705558727e-01 2.3880486653e-01
3.8923404051e+00 1.9643886619e+00 1.6415570415e-01
2.8826905905e+00 -1.8904599162e+00 -5.1497681550e-01
3.5428813281e+00 1.4922230634e-01 2.4113594620e-02
-2.4044871528e+00 -3.0001620455e+00 1.3921075244e-01
3.8639989720e+00 2.7694150216e-01 2.7778721103e-01
2.7628997176e+00 -3.2752112296e+00 -2.4357199570e-01
1.9579506555e-02 -4.7966602537e-01 1.5303657440e+00
-3.4373742274e+00 1.2330411916e+00 1.1431399171e-02
2.9026827522e+00 3.1034542562e+00 5.2758233727e-01
-3.2124947359e-01 3.1021001336e+00 -4.4687544135e-01
-3.4518163850e+00 3.0955366232e+00 -2.4947978652e-01
-1.1055192000e+00 -2.5783560186e+00 4.8927372084e-01
-3.1349812052e+00 2.7361922935e+00 -1.5870328620e-01
-4.5279839647e-01 -2.6075932491e+00 4.6627767136e-01
3.2506417568e+00 2.3163947929e+00 5.4620606025e-01
-1.2745480362e+00 -3.8397781122e+00 2.8945420197e-01
3.8474206876e+00 -1.9793942090e+00 -5.5630245705e-02
1.6924350419e+00 -3.0751205386e+00 -6.5230115184e-01
-1.0954304586e+00 -1.5392717878e+00 1.0526077462e+00
3.0927068694e+00 2.1545390234e+00 6.4619350347e-01
-3.1385025780e+00 6.8538770897e-02 5.7202731851e-01
6.9336164867e-01 3.2166265103e+00 -2.1899941854e-01
-1.1477337975e+00 -1.9702870906e+00 8.3411694378e-01
8.6852597940e-01 -9.1214182874e-01 5.2809194991e-01
1.0941679291e+00 1.1490449884e+00 1.8399798072e+00
3.1620474102e+00 -2.3596018238e+00 -1.1768988951e-01
2.3439226114e+00 8.1652690573e-02 2.0832193573e-01
2.9490260146e+00 2.9457499992e+00 5.7398157178e-01
-2.6070661862e+00 -9.0737323773e-01 3.3768444874e-01
-3.4128155688e+00 2.3375915865e+00 -2.1874061339e-01
-3.1438208534e+00 -2.0582297137e+00 1.2228783879e-01
1.2931278332e+00 2.9381085361e+00 1.8847288952e-01
2.1631511022e+00 -2.1094378443e+00 -1.1698277549e+00
-2.5562112393e+00 2.0367871070e+00 4.6990124380e-02
-3.5256480744e+00 4.1662443130e-02 6.3179285148e-01
2.9251109494e+00 -7.2462549917e-01 -6.8362511817e-01
-7.8278370646e-01 -1.4105213355e+00 1.1652425848e+00
1.2897350135e+00 -2.4458605520e+00 -1.0228498119e+00
7.1191210045e-02 -2.8794013227e+00 5.5728151527e-02
-1.3297780303e+00 -1.0648467451e+00 1.0789569072e+00
1.2634407099e+00 2.3447295909e+00 3.9643752534e-01
2.8321623095e+00 2.6594330063e+00 7.5322357531e-01
2.1122777979e+00 1.1722554665e+00 1.1612060108e+00
-1.3613487682e+00 -3.4945317635e+00 3.4526014624e-01
-1.8813294208e+00 -3.5021930005e+00 2.4076938083e-01
-2.1572935136e+00 3.7382674212e+00 1.0661887567e-02
-4.3736574177e-01 -4.0000000000e+00 2.9324426685e-01
-8.9525008612e-01 2.8362317991e+00 -1.5500901193e-01
2.0373381055e+00 2.5893770350e-01 9.1333343540e-01
1.1337262810e+00 4.0000000000e+00 2.1684852565e-01
-1.5305730864e+00 2.2391797892e+00 5.5723044310e-01
-1.1915419832e+00 2.2559959868e+00 4.9047328436e-01
2.3198028480e+00 -1.1978842572e-02 1.3474410705e-01
1.5779929617e+00 5.7652510573e-01 1.9227897259e+00
1.2264902193e+00 5.7792456342e-01 2.3069461438e+00
3.5196558164e+00 -1.4920994833e+00 -1.8627690556e-01
2.7797573747e+00 -1.0017222119e+00 -8.2419948989e-01
-2.7915324916e+00 -3.6739130928e+00 3.0532743961e-02
1.0624292043e+00 1.4339024858e+00 1.4307238047e+00
1.8576128060e+00 -2.6105096267e+00 -9.6999052173e-01
1.5936555399e+00 2.2121990551e+00 7.4852342317e-01
2.4154445435e+00 1.0801150109e+00 7.6653281749e-01
3.6637257995e+00 1.7599882932e+00 2.9876347788e-01
-2.4361439464e+00 1.2417141733e+00 2.9418794065e-01
-2.4268314180e+00 -4.0000000000e+00 9.5604730784e-03
3.9184509299e-01 1.7815905290e-01 2.3056822148e+00
-3.4252744428e+00 -8.8105524694e-01 3.1660608959e-01
3.2254014336e+00 4.9198911631e-01 9.7403312088e-02
2.6791303390e+00 1.1835654274e-01 -1.1922783691e-01
-2.5677840057e+00 -1.9517563640e+00 4.9560461745e-02
-2.0624325752e-01 3.1796579691e+00 -4.6238160404e-01
-1.9146042657e+00 -8.5809379214e-01 8.4561324253e-01
-4.7842440176e-02 2.1169998825e-01 2.1162312650e+00
1.9379818562e+00 8.6778177173e-01 1.4296749113e+00
1.1512370142e+00 1.5171235927e+00 1.3224599303e+00
-6.1247771082e-01 -8.5565946226e-01 1.2446508647e+00
1.4522994993e+00 1.3479341132e+00 1.5341356694e+00
1.2188963854e-01 -3.2812435774e-01 1.7235250768e+00
2.6237515326e+00 -1.1821853866e+00 -9.6677906484e-01
2.0789739636e+00 -2.6644241533e+00 -8.0225593211e-01
1.7501713646e+00 -2.8311365709e-01 6.2904869158e-01
3.1922528292e+00 4.0000000000e+00 1.7604410408e-01
-8.7359645379e-01 3.3356732290e+00 -2.0671503818e-01
1.5732654586e+00 8.2453310686e-01 1.9068052088e+00
-3.9609377219e+00 2.7835840169e+00 -3.3942150988e-01
3.4649070137e+00 1.8391336181e+00 3.9928880915e-01
-1.4730406107e+00 -7.7610067992e-01 1.1431007795e+00
-3.9886243620e+00 -2.6541667995e+00 4.5269167071e-02
-7.4334598791e-01 2.3849339908e+00 1.4366717798e-01
-8.7444444103e-01 -3.9346140650e+00 3.0720983725e-01
3.8395901012e+00 -3.1026566314e+00 1.2573495411e-02
5.3071853045e-02 -1.5878645103e-01 1.9136362491e+00
8.7895386579e-01 -7.7752507147e-01 7.5473346491e-01
-1.6029549127e-01 -2.2571910834e+00 5.6084536527e-01
-3.3544408122e+00 -6.5061768599e-01 3.8386093645e-01
1.3900175354e+00 1.0003269764e+00 1.9296329240e+00
7.6290128885e-01 2.5265168698e+00 -4.1911237222e-02
-3.5122588032e+00 2.6818346115e-01 5.6420041123e-01
6.8297525143e-01 7.4546010289e-01 2.3968235590e+00
1.6692273306e+00 2.9805888211e+00 5.1351645217e-01
3.5786643863e+00 1.6823712543e+00 3.2296795789e-01
-4.0000000000e+00 -2.3629863459e+00 1.8602751994e-02
-1.0437744611e+00 -2.6623920793e+00 4.6910231999e-01
-1.2600381252e+00 -1.9327633845e+00 7.9256122338e-01
-2.8995062513e+00 1.9794033169e+00 -9.1574471712e-02
-2.6854523980e+00 1.6156668796e-01 5.2481496681e-01
-2.8987377909e+00 -3.5604988476e+00 2.5470498143e-02
-3.3818094725e+00 -1.6944083232e-01 5.9958873563e-01
-6.9652475221e-02 3.4646771421e+00 -3.5935839885e-01
3.4526092849e+00 1.6741305253e+00 3.6580442505e-01
-3.2060036695e+00 1.9858415575e+00 -1.4171755986e-01
-3.3298796484e+00 2.1824486617e+00 -1.8105243860e-01
7.8346993666e-01 1.7502794782e+00 9.3096301903e-01
-3.3918301176e+00 -3.4870441511e+00 4.0953571295e-02
5.1596479683e-01 -1.2082928739e+00 5.9533655185e-01
2.7222407165e+00 2.2134200006e+00 8.6546239199e-01
-5.5193562015e-03 -2.6271054002e+00 1.9933671771e-01
-3.2365345841e+00 1.2863446183e+00 -4.1259044363e-02
6.3421524479e-01 3.0062346477e+00 -2.8760341723e-01
-1.0556175424e+00 -2.9317961786e+00 3.9929426566e-01
-9.7629576361e-01 2.8359332071e+00 -1.1426432270e-01
-1.8483090928e+00 -2.3554425232e+00 2.2038586171e-01
3.9901665790e+00 -3.2409721726e+00 5.9548426048e-02
1.2403453839e-01 2.2542545246e+00 1.0925360080e-01
-1.4864127240e+00 1.7000507866e-01 1.3364840783e+00
3.3821009636e+00 -2.4785005437e+00 -4.8030533500e-02
-1.1872517251e+00 -1.6154943552e+00 9.8452800326e-01
1.8777498886e-01 1.0458923822e+00 1.7739006052e+00
-3.9151397826e+00 -3.6076432063e+00 1.2221070379e-01
-1.2212257734e+00 -2.3137238605e+00 5.7806061997e-01
1.5587980432e+00 1.7018860972e+00 1.1769723859e+00
-3.5402796414e+00 -3.6471259087e+00 7.5318430211e-02
9.2153740556e-01 -3.3506621951e+00 -3.4405614887e-01
2.6372570583e+00 1.7970378746e+00 7.9397152447e-01
2.6178908038e+00 -2.5254219036e+00 -4.3812974968e-01
-2.6874623550e+00 -9.0576389988e-01 3.0896128066e-01
-3.4501933787e+00 2.2895504073e-01 5.6710458631e-01
-3.3840977573e+00 2.3983151063e-01 5.4578506931e-01
1.5341334808e+00 -3.0451117944e+00 -6.9482439373e-01
-1.7620162387e+00 -2.0775369151e-01 1.1994902166e+00
-2.7907089381e+00 -3.3458873293e+00 4.0410446099e-02
2.9418419784e+00 2.3383250781e+00 7.4090291485e-01
4.0000000000e+00 -4.0000000000e+00 -5.7936913262e-02
3.8823161099e+00 4.5109415490e-01 3.0123698323e-01
1.5871684137e-01 1.9122154516e+00 6.1981502671e-01
4.7206915090e-01 -3.5017578013e+00 -7.3102390670e-02
-1.4982274329e+00 -1.1459583766e+00 9.6135138320e-01
1.4501649953e+00 8.1006771630e-01 2.0371170418e+00
-3.8950556518e+00 2.3753056780e+00 -3.4918289543e-01
1.6772739258e+00 -2.5121855671e+00 -1.0945464566e+00
-3.0561059017e+00 1.6389313445e+00 -1.0666710159e-01
1.0456632677e+00 1.9918433348e+00 6.4404859852e-01
2.5489170370e+00 1.2650008210e+00 6.5126030190e-01
-1.7823681167e+00 3.2319438832e+00 1.5473631770e-01
1.4171029791e+00 2.6285474231e+00 3.6658888629e-01
2.1379404292e+00 3.2155097855e+00 7.0596226954e-01
-1.1011928990e+00 -1.0573063662e+00 1.1595512156e+00
4.0000000000e+00 -3.6283789053e+00 3.3510110456e-02
2.9705124369e+00 1.0831244111e+00 2.8489902928e-01
-2.0769859981e+00 2.4739186947e+00 2.4028267636e-01
-4.0000000000e+00 -2.0583431871e-01 5.7583412901e-01
3.6775082757e+00 -1.5817455063e+00 -1.1036653366e-01
-1.3699449277e+00 3.6828612115e+00 1.0236888527e-02
-2.6363624493e+00 1.6009691068e+00 3.2346841595e-02
2.1786390865e+00 -3.4345163014e+00 -3.5544775956e-01
-3.0676407607e+00 6.4062334292e-01 1.7484919550e-01
1.9015974837e+00 6.7761422319e-01 1.4712845872e+00
6.0301430720e-01 1.9074240124e-01 2.3364428086e+00
4.8813704040e-01 -2.2960659274e+00 -1.4651738977e-01
-7.4799317021e-01 4.0000000000e+00 -3.2175007888e-02
3.4328146983e+00 -1.5960084449e+00 -1.9805895179e-01
-2.7557480383e+00 -3.1507380063e-01 5.7268833797e-01
2.7057825358e+00 2.9024103949e+00 7.3653540440e-01
-1.2511616118e+00 -2.6212474791e+00 4.2920791670e-01
-1.5136642801e+00 2.6754765245e+00 1.9617460531e-01
-1.6339540174e+00 -7.2923281612e-01 1.0993197502e+00
-3.6487305845e+00 -1.3450645355e-01 6.1785405173e-01
3.8066283525e+00 -1.5141339242e+00 -9.2945776543e-02
-9.1127653072e-01 -1.8119250351e+00 1.0152921486e+00
6.1445303447e-01 1.9184840196e+00 6.5029258878e-01
1.5005733264e+00 -2.4824612376e+00 -1.1006188418e+00
5.1177896899e-02 3.3235175664e-01 2.1960478593e+00
2.6722496370e+00 -2.7073043232e-01 -4.5275455239e-01
2.6242212602e+00 -1.0897161485e+00 -9.4270247867e-01
-4.0000000000e+00 2.2788796403e+00 -3.6806891504e-01
-5.3024420007e-01 -4.7814758433e-01 1.4346391102e+00
1.7268201132e+00 -2.7700199075e+00 -8.9237623296e-01
2.9425612922e+00 -5.1009201031e-02 -3.5789180423e-01
3.2886791724e+00 6.4012415077e-01 1.6483295567e-01
-6.5251341522e-01 -2.0004238165e+00 9.3554043715e-01
1.5573407036e+00 -2.6637426587e+00 -9.9298449914e-01
1.9665471296e+00 3.0372372333e+00 7.0025172452e-01
3.7425037127e+00 3.1395948368e+00 1.3045446525e-01
5.9088723511e-01 3.1749258324e+00 -2.8944091889e-01
1.6357177207e+00 2.3339031537e+00 7.0145145543e-01
-6.9053438730e-01 9.4022472370e-01 1.4615550212e+00
-9.3814591634e-01 2.9853234075e+00 -1.8494330082e-01
2.7085427511e-01 3.5904150440e+00 -2.2873400751e-01
1.4743475492e+00 1.1231032468e+00 1.7590978193e+00
-2.9410548745e+00 -2.6345271629e+00 8.2998696510e-02
-2.3953867421e+00 -1.9791552435e+00 6.3809985977e-02
9.9013772601e-01 1.5290940490e+00 1.2861975562e+00
9.8101378519e-01 2.2089480555e+00 3.5170695520e-01
2.9893471621e+00 2.3681020534e+00 7.0944444708e-01
3.6837344490e+00 3.5825583908e+00 1.1817755425e-01
-2.1525717624e+00 -2.1873643382e-01 9.3533585281e-01
-2.9117841408e+00 1.8697175827e+00 -9.6922969643e-02
-2.8373440019e+00 4.2219229944e-01 3.0669603747e-01
-9.8367715352e-01 2.7508133987e+00 -6.5828869304e-02
1.9255379750e+00 2.3757832586e+00 8.7978890727e-01
-3.2684569767e+00 1.5004594039e+00 -8.4130488326e-02
4.1319097692e-01 -2.1859250991e+00 1.3374998901e-02
1.2475622647e+00 -3.0887586312e+00 -6.2920494112e-01
1.2457430915e-01 -1.1954937491e+00 9.8891338279e-01
-2.1360867619e+00 2.3857392613e+00 2.3951850923e-01
2.6745560746e-01 -1.6152877390e-01 1.9411362662e+00
2.6905509113e+00 -3.5960665994e+00 -2.5473076262e-01
-3.7706138738e+00 -1.6583689642e+00 1.7266677281e-01
-1.7671920519e+00 2.6457235550e+00 2.4023414962e-01
-2.4486616121e+00 -1.8060132648e+00 7.5705003951e-02
2.9296368617e+00 2.6191167289e+00 7.0304338459e-01
-3.7258699617e+00 -3.7087759095e+00 9.8009814097e-02
8.1525686062e-01 2.1508305041e+00 3.5790809921e-01
2.6180562038e+00 -2.6393205847e+00 -3.9110684063e-01
-2.1720687587e+00 1.3436978473e+00 6.6945552095e-01
-3.4519278943e+00 3.5365578843e+00 -1.8171648075e-01
-1.7608532349e+00 -3.9204949449e+00 1.5579459356e-01
-2.6654409083e+00 2.8727474571e+00 2.8854067783e-02
2.7192635370e+00 3.2263824977e+00 5.6346596234e-01
-1.4725042108e+00 4.0000000000e+00 -3.6028834784e-02
-2.2699365868e+00 -2.7385367539e+00 1.3384735349e-01
1.3534054452e-01 2.3943418467e+00 -6.3460797199e-02
-5.3065028056e-01 2.8615165471e+00 -3.2921716829e-01
-2.2425561101e+00 -3.3383430547e+00 1.6895942722e-01
-2.0002088506e+00 -3.5740517635e+00 1.9681133100e-01
3.0359237761e+00 2.2994998169e+00 6.8440108760e-01
-2.6791059780e-01 -1.9195272317e+00 8.7659676648e-01
1.7758790807e-01 -1.7726759968e+00 5.9226766591e-01
-1.1613359131e+00 2.1877007823e+00 5.7179647279e-01
3.3902517299e+00 -1.2136795216e+00 -3.3626004436e-01
-2.8636096289e+00 -6.4375048570e-01 3.9992896655e-01
-3.2367769988e+00 3.6370800479e+00 -1.4683611881e-01
1.5342688619e+00 -4.0000000000e+00 -1.8534276194e-01
3.6065370194e+00 -1.7635411455e+00 -9.2048784538e-02
1.4612560158e+00 4.5079391206e-01 2.0124405631e+00
-3.8197096854e+00 5.7690428162e-01 5.0894858468e-01
-1.4945404295e+00 2.6898181377e+00 1.8365248765e-01
8.8063439405e-01 1.5519945192e+00 1.2390268553e+00
-1.5578552862e+00 2.1881091598e+00 6.1280722120e-01
1.4776398268e+00 2.0414398172e-01 1.7393845948e+00
1.2346652871e+00 1.2530175331e+00 1.6790497414e+00
9.4798901516e-01 2.5208663456e+00 5.7629637093e-02
-8.7682879916e-01 -1.9891025989e+00 9.2197759620e-01
2.3754409021e+00 1.4631991807e+00 8.9870628342e-01
-2.7896460293e+00 -3.0054566398e+00 7.1611269127e-02
-9.2749761260e-02 4.0000000000e+00 -1.7061020527e-02
-3.4811448433e+00 -1.0998550445e+00 2.7693632428e-01
-8.2546964591e-01 3.4241577353e+00 -2.0597179401e-01
1.4106793588e+00 -2.6289939617e+00 -9.9169750820e-01
-1.0215542619e+00 -1.0407242379e+00 1.1812462080e+00
-3.1791965947e+00 1.5622532371e+00 -9.9033296752e-02
1.1227342774e-01 1.7273039648e+00 8.8903205622e-01
-3.1773219450e+00 -4.0000000000e+00 1.0006478130e-01
-5.7080714641e-01 2.6568947544e+00 -1.9131501359e-01
-1.0931562873e+00 -3.1722641702e+00 3.8429822103e-01
3.2459050874e+00 1.8151362653e+00 4.8897321758e-01
-2.9990062264e+00 3.1615527165e+00 -1.2983448769e-01
-4.0000000000e+00 8.3906378997e-01 4.1055979144e-01
-3.2439008511e+00 1.6372842094e+00 -1.0828791173e-01
2.0635663986e-01 1.7503694280e+00 8.6355630392e-01
-2.1696878606e+00 -1.4749057285e+00 3.0477851897e-01
3.9074839704e-01 -3.5706421003e+00 -9.9373906087e-03
-4.0000000000e+00 -2.3677169986e+00 1.8729582532e-02
4.0000000000e+00 1.2321984607e+00 2.2201441476e-01
3.3139378058e+00 -2.1035095996e+00 -1.0269838792e-01
2.9901262789e+00 -4.3746684266e-01 -5.6920712037e-01
-1.3139719315e+00 -3.5234302164e+00 3.4717372197e-01
8.2276114717e-01 1.9441943169e+00 6.4710709647e-01
-1.3487221019e-02 -3.2894744596e+00 1.1514446232e-01
2.4891782296e+00 1.4190961435e+00 7.6775720779e-01
-3.8036071610e+00 7.9432909599e-01 3.6655147912e-01
6.0367372398e-01 -1.6721526192e+00 6.7698461261e-02
3.3551642613e+00 -4.7851608545e-02 -2.0937538719e-01
2.4363522860e+00 7.8695628652e-01 6.7862926353e-01
-2.1358739458e+00 -3.2036842831e+00 2.0292306256e-01
-1.9100513130e+00 -3.7375303664e+00 1.7855343599e-01
-3.1909911690e+00 1.2248753819e+00 -3.2891236694e-02
-3.2986024427e+00 -1.8064931405e+00 1.5807801872e-01
2.3928376311e+00 1.9081348555e+00 9.8972051138e-01
3.9425530598e+00 2.0717418203e+00 1.1172227206e-01
1.1299230562e+00 -2.5045979540e+00 -8.9069649201e-01
-1.4928058583e+00 2.4696075407e+00 3.3148650776e-01
5.5266608944e-01 -4.3492775201e-01 1.5348592290e+00
-1.1995439590e+00 2.6005155310e+00 1.3827379170e-01
3.0256899939e+00 -1.6692346343e+00 -4.7157743656e-01
2.7776775134e+00 2.3843966347e+00 8.3614145546e-01
1.4906614597e-01 3.1365025451e+00 -4.5980914797e-01
-1.6136624622e+00 -2.9623920652e-01 1.2678584608e+00
-3.9011185129e+00 7.8004387869e-01 4.1542057103e-01
-3.3796735974e+00 1.2542081624e+00 -7.3062694255e-03
4.1455419716e-02 4.0000000000e+00 -1.6196419368e-03
2.7454154371e+00 1.9114823290e+00 7.7222407351e-01
-3.7198900223e+00 1.0032585187e+00 1.9870068550e-01
1.4985740729e+00 2.7394168800e+00 4.0583001404e-01
1.5730645670e+00 4.0000000000e+00 2.5378625069e-01
-3.5070425679e+00 7.0431853389e-01 2.9821293300e-01
1.8043460897e-01 5.3030368854e-01 2.2645368187e+00
2.9104068535e+00 -2.5275146795e+00 -2.2053365843e-01
3.9014767573e-01 -1.7034539269e+00 3.6703115112e-01
-2.3041901482e+00 -1.0984866704e+00 3.9636201858e-01
3.2074345130e+00 2.9511498777e+00 4.1230270533e-01
1.6742405434e+00 2.6701809727e+00 5.8227074793e-01
-2.3087522649e+00 2.5088154619e+00 1.4907271926e-01
4.8141415380e-01 -9.8340026881e-01 8.6456081440e-01
-3.2602077319e+00 3.4922756768e+00 -1.7588412749e-01
-2.4343245823e+00 1.5310485576e+00 2.4373222485e-01
-4.0991708457e-01 1.9818985497e+00 5.7481180028e-01
1.5354629489e+00 1.2569697213e+00 1.6013805430e+00
-1.7546102781e+00 -7.4641487629e-01 1.0239066680e+00
2.8375565085e-01 -3.7386384538e+00 9.0210841078e-02
2.2855189963e+00 5.0570116713e-01 7.4977970384e-01
-1.3775477730e+00 2.3049710052e+00 4.7591557194e-01
1.8003210017e+00 8.4293850448e-01 1.6251183144e+00
-2.3808592284e+00 7.7418856694e-01 4.1077751311e-01
2.3116431797e+00 2.7689601845e+00 8.9459387980e-01
-7.9874779429e-03 3.4708546048e+00 -3.5277004335e-01
-8.8944697736e-02 -3.1814877565e-01 1.6997964308e+00
3.3577333642e+00 1.4023461670e+00 3.0301854882e-01
2.9220748653e+00 -1.8594805995e+00 -4.8903779274e-01
-4.2119013184e-01 -2.4407374844e+00 5.6285813624e-01
-3.2774644721e+00 -2.1248325278e+00 1.2388652448e-01
3.1470534443e+00 -1.7851432844e-01 -3.9369542502e-01
-1.6052591314e+00 -5.3244759743e-01 1.2035457994e+00
-1.1823004865e-01 -3.1523470383e+00 1.5896603523e-01
-3.5730047741e+00 -1.1612361846e-01 6.2162669026e-01
3.0553702700e+00 -3.9812421721e+00 -1.2836914666e-01
-2.6653961341e+00 -3.7369418804e+00 3.4171997618e-02
2.6777582636e+00 -2.3088740965e+00 -4.9024240825e-01
4.0000000000e+00 3.0001996556e-01 3.6696597925e-01
4.0000000000e+00 1.0691868315e+00 2.4886806943e-01
3.7066857124e+00 -1.4318088018e+00 -1.2891550034e-01
1.0581766619e+00 8.2731178874e-01 2.2729818878e+00
2.5904759676e+00 -3.3807305553e+00 -2.8122388409e-01
-2.4663071641e-01 -4.0000000000e+00 2.7358160755e-01
1.5475654900e+00 3.4348709545e+00 4.1087083721e-01
6.3867309820e-01 -3.5412213251e+00 -1.2767458119e-01
-2.1677636789e+00 -9.6645740753e-02 9.1993243841e-01
-1.1975108239e+00 2.8377077695e+00 -4.9237612344e-03
-2.4962935768e+00 4.0537743824e-01 4.5217325731e-01
2.8423909282e+00 2.2026634347e+00 7.9587307461e-01
3.0862969559e+00 3.5930814967e+00 2.5727178819e-01
-1.9184961672e+00 2.7401719599e+00 2.0697348506e-01
2.2037247571e-02 2.1598701318e+00 2.4190456860e-01
-3.5820667045e+00 9.9620879699e-01 1.5763449515e-01
-4.0000000000e+00 1.8396716108e+00 -2.3422084867e-01
-1.6529855315e+00 -2.9560548847e+00 2.8626056468e-01
-4.8856840340e-01 -2.8423141258e+00 3.6929217108e-01
-1.2622431692e+00 -2.1723781218e+00 6.4025827394e-01
-4.1414758552e-01 -2.7915259135e+00 3.6237544237e-01
-3.0031337861e+00 -1.3649297675e+00 1.5885481071e-01
-4.0000000000e+00 1.6510703167e+00 -1.4171137684e-01
-2.8329977852e-01 -1.0103592543e+00 1.2137414727e+00
5.5786998347e-01 2.6544347903e+00 -2.1241011207e-01
8.5306934975e-01 3.2749958818e+00 -9.6817974609e-02
-9.5821728924e-01 -6.6663445465e-01 1.2786643980e+00
-2.1860092544e+00 -2.6747694682e+00 1.3697716043e-01
6.1640179440e-01 4.0000000000e+00 1.1192539116e-01
3.4315649108e-04 2.7281767053e+00 -3.6241023966e-01
-5.2481682522e-01 2.3239956430e+00 1.2750227042e-01
-3.3419995776e+00 2.1631774540e+00 -1.8160392276e-01
3.4787434436e+00 2.8123354013e+00 2.9555476431e-01
8.9051867153e-01 4.9945060861e-01 2.4925922399e+00
-2.6630157667e+00 -1.5579200836e+00 9.0373333436e-02
2.0308363791e+00 2.4756389914e+00 9.0033145575e-01
1.3712169665e+00 1.8364160514e+00 9.7558989363e-01
1.5348425464e+00 -3.2661295346e+00 -5.2368852254e-01
7.7471029305e-01 1.4015198650e-01 2.2471523741e+00
2.1742931023e+00 1.2788681901e+00 1.0861830705e+00
3.7335939223e-01 -1.6603558322e-01 1.9360081690e+00
-3.5495333712e+00 1.0769076912e+00 1.0549701214e-01
2.7697365885e+00 -3.6722631375e-01 -5.4791354302e-01
-2.1545747672e+00 -3.0367618119e+00 1.9088661209e-01
2.2195545198e+00 -3.4869945974e+00 -3.3857389902e-01
2.6833809843e+00 -5.6369848311e-01 -6.4686162708e-01
1.9781704880e+00 2.9799087440e+00 7.1977589435e-01
2.8030667017e+00 -1.7440109875e-03 -2.9735531917e-01
-1.0827399333e+00 -8.8520657790e-01 1.2015113476e+00
1.1653413724e+00 -3.4291669650e+00 -3.6954925992e-01
2.8222292416e+00 -2.6400762278e+00 -2.5112190392e-01
-7.1954067999e-01 2.9777670923e+00 -2.8994241880e-01
-3.2452556934e+00 4.9318234416e-01 3.3321520005e-01
3.9273722548e+00 3.3605205544e+00 9.0022725682e-02
3.4888341108e+00 -2.3557403035e+00 -3.2890821034e-02
1.4882261888e+00 -2.4996666582e+00 -1.0876760778e+00
1.4475290942e+00 1.3192601571e+00 1.5656856298e+00
2.2231434241e-02 -1.5445338511e+00 8.8235277019e-01
-1.2408245015e+00 -2.5289759971e+00 4.6551689180e-01
-2.8670569804e+00 -7.2730660833e-02 5.8607979264e-01
1.5387897634e+00 -3.7569348135e+00 -2.6433574194e-01
2.5918218517e-01 2.0760864047e-01 2.2829941407e+00
-2.0674952610e+00 -1.0613386893e+00 5.9338995739e-01
2.2073907289e+00 7.7299293419e-01 1.0122413362e+00
1.6981456867e+00 2.7421697435e+00 5.8120307500e-01
5.0693146857e-01 -2.3193736379e+00 -1.8213407980e-01
9.3266027694e-01 -1.9054198934e+00 -6.1177168178e-01
-2.6412147572e+00 -7.4375253830e-01 4.1737198110e-01
3.9513650253e+00 1.5561360449e+00 1.8919102342e-01
-2.0695074642e+00 2.7780948331e+00 1.8783882651e-01
-4.0000000000e+00 2.0401964577e+00 -3.1516858399e-01
-2.0661552218e+00 -1.8738137157e+00 2.2878569150e-01
-4.0000000000e+00 1.3210615564e-01 6.6387444256e-01
7.7037655315e-01 1.1418130425e-01 2.2168058498e+00
-2.6523612800e+00 -3.3520252196e+00 6.4645135556e-02
2.9186084158e-01 3.0617360431e+00 -4.2969180341e-01
2.6072510246e+00 -3.1293497605e-01 -4.4794602069e-01
-3.1318650944e+00 -3.7260857433e+00 4.7843675918e-02
7.9222170263e-01 -1.8187312806e+00 -3.4112567003e-01
2.9105229484e+00 4.0000000000e+00 1.8325376956e-01
-3.1885322241e+00 -2.5599297160e+00 7.4987879551e-02
9.8353343444e-01 2.1282128802e+00 4.4608373850e-01
1.1852929781e+00 1.6649765784e+00 1.1285606018e+00
-2.6488250637e-01 -9.8473220694e-01 1.2173114658e+00
-2.6673336844e+00 1.1673150321e+00 6.5623994492e-02
3.6192398923e+00 -4.6603026398e-01 -2.2202301844e-01
-2.2366260080e+00 1.1883933659e+00 5.9227266456e-01
1.3040616834e+00 -3.8082369400e+00 -1.9622210795e-01
-2.8844899904e+00 -2.2120997346e+00 8.9310789493e-02
3.8417495977e+00 -2.8544243093e+00 -7.9490037115e-03
7.6197916221e-01 -9.4398341921e-01 6.0945699376e-01
2.6072246175e+00 2.2520641055e+00 9.2872439939e-01
-1.0254685806e+00 4.0000000000e+00 -2.6225363299e-02
3.8450824800e+00 -3.7071644309e+00 -1.7455420081e-03
4.0000000000e+00 8.3413811225e-01 2.9185175283e-01
2.2360418486e+00 1.8369016278e+00 1.0561909008e+00
-1.9943372975e+00 2.0340562484e+00 5.2332158392e-01
-1.6157227749e+00 2.9228271113e+00 1.3465064492e-01
1.9880398123e+00 -2.4188725183e+00 -1.0502306767e+00
1.2183779497e+00 2.2782073538e+00 4.1827392871e-01
-3.0832241138e+00 -4.3460057476e-01 4.8323382295e-01
3.9260929876e+00 6.7482149068e-01 3.0120340430e-01
3.5591563771e-01 3.5964246280e+00 -1.9856441221e-01
-2.8105960413e+00 1.4193646703e+00 -4.5168322570e-02
1.6551205077e+00 -1.3505016551e-01 9.9620761949e-01
3.7655943301e+00 1.8424024146e+00 2.5121535087e-01
-8.4796082204e-02 -2.8381115388e+00 1.7472144718e-01
-3.0037738391e-01 -2.3043150561e+00 6.1013452019e-01
2.5686506976e+00 -1.5995947749e+00 -1.0095190955e+00
2.1964446007e-03 1.4078645441e+00 1.2686294161e+00
2.3145423894e+00 2.3002712516e+00 1.0137593567e+00
5.1164251805e-01 -2.5912719770e+00 -2.8940195056e-01
-3.1696524618e+00 -1.3391082699e+00 1.9414132006e-01
2.7337775078e-02 -2.8107754378e+00 1.0358357506e-01
-1.7566777492e+00 -1.3272908287e+00 6.9478908647e-01
3.2168780570e+00 -1.1570143862e+00 -4.7503952887e-01
3.8349471348e-02 1.5546609976e+00 1.1043523517e+00
-9.3626126630e-01 -2.4121512907e+00 6.1758499851e-01
1.2792629616e+00 -2.9156715570e-01 1.2234054778e+00
-3.4853939644e+00 1.8236239728e+00 -1.4863606868e-01
-3.0011086843e+00 -3.4440374648e+00 1.9015758752e-02
-1.6221209153e+00 2.8341824680e+00 1.5764072636e-01
-1.8009599773e+00 -1.1863015627e+00 7.2946231302e-01
2.7417490774e+00 -1.2784180253e+00 -8.7475921418e-01
-3.8681070397e+00 -3.0159006248e+00 8.3278771137e-02
1.2749570144e+00 2.6315357222e+00 2.3838145677e-01
-2.0601492389e+00 -1.2318780931e+00 5.0068569511e-01
2.6348384211e+00 -7.8022326541e-01 -7.8264388548e-01
-3.2045692179e+00 -3.9758183901e+00 9.8061669675e-02
8.2766692722e-01 1.8897001300e+00 7.2927565326e-01
-3.0115747948e+00 -3.2130204514e+00 2.1541507856e-02
8.3380878017e-01 2.3112451004e+00 1.7959352224e-01
-9.6691287830e-02 2.6313753142e+00 -2.8782959170e-01
2.5326704359e+00 4.5845498982e-01 3.6493334727e-01
2.3977181478e-01 -4.0000000000e+00 1.8251250290e-01
1.0000001950e+00 2.0705053659e-01 2.2186055687e+00
1.7158312907e+00 4.0000000000e+00 2.5106579079e-01
-2.3462477559e-01 -3.2169673280e+00 2.1565378674e-01
2.0462659653e+00 2.3663160155e+00 9.4376738101e-01
2.9968681380e+00 -2.5349509006e+00 -1.7242495804e-01
6.3791343894e-01 -4.0000000000e+00 7.8204360642e-02
4.9601637694e-01 -1.1338747900e+00 6.9265112003e-01
-1.4829688219e-01 -1.4222332045e+00 1.0517537548e+00
-2.2086849587e+00 3.0345781893e-01 7.5388127574e-01
-2.4718378808e-01 -2.8451069755e+00 2.6792718010e-01
-2.4637443823e+00 -2.6466120151e+00 1.0320365443e-01
-3.9984711044e+00 -5.4656666198e-01 4.3361058931e-01
4.4012158896e-01 3.7296111787e-01 2.4349385622e+00
2.0069924957e+00 -3.6815228454e+00 -3.2143455394e-01
2.3150087497e+00 2.2888891613e-01 4.2222672647e-01
5.6290505497e-01 -2.5310900046e+00 -3.2978355562e-01
8.9367358095e-01 1.0294431109e+00 2.0346566408e+00
1.1419140818e+00 1.9173409841e+00 7.7907748972e-01
5.6166075615e-01 7.4366865554e-01 2.3652922448e+00
4.0000000000e+00 2.5987012649e+00 2.5736800401e-02
3.1937014285e+00 1.9365251219e+00 5.5045492229e-01
3.3460682287e-01 -2.2061626847e+00 1.0185519062e-01
-1.9120229407e+00 -2.6584920540e+00 1.9372376564e-01
-2.6508307697e+00 2.1963563459e+00 1.5933474015e-03
2.5460686618e+00 -1.4845838550e+00 -1.0527781520e+00
-3.5391781478e+00 1.1496962447e+00 6.8341548204e-02
-1.9649726988e-02 -2.0720777713e+00 5.8859872583e-01
-6.0373596853e-01 3.1566800362e+00 -3.5624972957e-01
-4.6204071072e-01 -2.6449450411e+00 4.4841809981e-01
-3.3505399135e+00 -3.1581255924e+00 1.9093821649e-02
-3.7225318864e-01 2.3012708480e+00 1.0882872033e-01
3.8839867890e-01 2.3486582027e+00 1.5070335324e-02
-1.2831290407e+00 -9.7029811728e-01 1.1281694170e+00
-2.5360881732e+00 -2.4085363591e+00 7.2844073622e-02
-9.5649326836e-01 2.1717070524e+00 5.1504187343e-01
4.0000000000e+00 -1.9602827481e+00 -8.2630904132e-02
2.0135459915e+00 3.4017703762e+00 6.0111348611e-01
3.6431002519e+00 -1.0030662473e+00 -2.3233305892e-01
2.4808297629e-01 -3.2810266183e+00 -3.1259891391e-02
3.6485780508e+00 -4.0000000000e+00 -3.6612497712e-02
1.0866338892e+00 -1.5346533051e-01 1.6373052033e+00
2.6529542243e+00 2.9855466880e+00 7.2479164120e-01
2.8480640288e+00 7.0629263016e-01 2.5431608946e-01
2.0042888179e-01 -3.8791768881e+00 1.5858383802e-01
6.1407762952e-01 8.4942889700e-01 2.2599644941e+00
-1.7489242983e+00 -2.0061561739e+00 3.9110644731e-01
-2.3240589339e+00 -1.5110288088e+00 1.9646603102e-01
-2.2097686227e+00 3.2604811429e+00 1.4896587659e-01
-7.0406119334e-01 -2.8787882341e+00 4.0418303078e-01
2.6107435964e+00 -2.9418928124e+00 -3.1386709131e-01
-1.8323682964e+00 3.2807367802e+00 1.5817940510e-01
-1.3858971292e+00 -1.8699449669e+00 7.4204659172e-01
-4.0153320710e-01 -2.8215642251e+00 3.4620361994e-01
2.9938024047e+00 -3.2587864183e+00 -1.8869618396e-01
-1.6266001253e-01 2.3774007476e+00 -2.7311551129e-02
-1.4773826572e-01 -5.2249871691e-01 1.4624051962e+00
7.3886613826e-01 1.4418883966e+00 1.3852746747e+00
-4.0000000000e+00 -1.6141538023e-01 5.9274642282e-01
-3.1485208639e+00 2.0079026245e-01 5.1224097995e-01
3.9410564667e+00 1.0156552081e-01 3.0066116746e-01
-2.7319351716e+00 -1.1692123406e+00 1.8562188350e-01
-3.0638667021e+00 1.6912464650e+00 -1.1120996066e-01
1.2207757207e+00 -3.4349114343e+00 -3.7819353103e-01
4.4694381907e-01 2.1545297730e-02 2.1594770218e+00
3.8176711026e-01 -3.2167979960e+00 -1.3084971004e-01
-2.3304892405e-02 -1.6026824336e+00 8.8898321999e-01
-3.4805171485e+00 5.4030462563e-01 3.9125379810e-01
-3.6527971485e+00 1.8278888784e+00 -1.6758800639e-01
8.6474336703e-01 -5.1368933661e-01 1.2338145812e+00
-5.6318613679e-01 -2.6260807152e+00 4.8654052924e-01
-4.0000000000e+00 -1.9443714027e+00 6.1911634357e-02
5.5535677961e-01 6.3091762530e-01 2.4546685105e+00
3.1423512462e+00 2.9895508399e+00 4.3644767191e-01
2.9630364498e+00 2.3241381316e+00 7.2851768327e-01
3.3406154602e+00 5.6035474028e-01 1.4625656950e-01
-3.6298919694e+00 2.8219767491e+00 -2.9498428532e-01
-3.7527913569e+00 2.0518794351e+00 -2.5263890189e-01
-2.7333686542e+00 -3.3269825956e+00 5.1231012998e-02
2.6420700820e+00 4.3243972401e-01 2.2798212348e-01
1.8060645171e+00 2.6974684115e+00 6.8067602310e-01
1.9718618895e+00 3.2668382098e+00 6.4615304613e-01
-1.3376957260e+00 2.9348776394e+00 2.8171085919e-02
4.0825810650e-02 -4.0000000000e+00 2.2598482781e-01
8.8319299219e-01 1.2471603253e+00 1.6970171422e+00
-2.3772093105e+00 -9.0636560502e-01 4.6834468575e-01
1.0930974821e+00 -2.7761253471e+00 -7.7134603950e-01
-3.2770877507e+00 7.2130227502e-03 6.0602695639e-01
-2.8980938327e+00 -1.5442671390e+00 1.1362104778e-01
-2.4972067489e+00 1.9333110203e+00 9.8279905331e-02
1.9828570805e+00 -2.2758898154e+00 -1.1646406819e+00
-2.6745119893e+00 1.3330787957e+00 3.7562953109e-02
3.5612919943e+00 2.0529352109e+00 3.6267542014e-01
-4.0000000000e+00 2.2215948060e+00 -3.5997764711e-01
2.3010294796e+00 2.4024306071e+00 9.9566419681e-01
3.6245413345e+00 -2.8134387858e+00 -3.3000050146e-02
2.4928600382e+00 -2.4586782332e+00 -5.9006423542e-01
-3.4070092787e+00 -5.5780117808e-01 4.2632157789e-01
-2.6691959076e+00 1.9109719240e+00 -1.1570189548e-02
1.5484457326e+00 2.8098933061e+00 4.3489974435e-01
3.7444108752e+00 3.2582625602e+00 1.2493395873e-01
3.2942110774e+00 -1.6021350163e+00 -2.7671769490e-01
-3.3945728894e-01 4.0000000000e+00 -3.2248138422e-02
-2.1337800244e+00 3.3092438533e+00 1.5231393502e-01
1.2727575294e+00 2.7025638341e+00 2.1089269347e-01
-6.4513581762e-01 2.2008039740e+00 3.3589415042e-01
3.4518790963e-01 6.9931072782e-02 2.2016650211e+00
1.9783160495e+00 1.2331649013e+00 1.2980808350e+00
-2.8304364586e+00 -2.3621812398e+00 8.7611963949e-02
2.2480491062e+00 -5.8603103693e-01 -4.2978608268e-01
-2.7081344946e+00 2.3502391665e+00 -9.5221995397e-03
3.3101653256e+00 1.8795415573e+00 4.7980954660e-01
2.5947568253e-01 3.2747814536e+00 -3.9753156783e-01
2.6264069577e+00 -3.8049644901e+00 -2.6008506583e-01
2.7601086097e+00 -2.2841303224e+00 -4.2197692955e-01
-2.8180573319e+00 -1.3463762711e+00 1.3569942441e-01
2.6041161324e-01 -2.3170946492e+00 1.1980963359e-01
2.5799040627e+00 -1.9098627572e+00 -8.6201946503e-01
3.3877207499e+00 2.9840463361e+00 3.0116857945e-01
4.8654991994e-01 -2.6806794109e+00 -2.8104522412e-01
-2.4458145552e+00 7.0890317467e-02 6.8365141554e-01
-2.0128243819e+00 -2.3959768371e+00 1.5260214620e-01
-1.8413452917e+00 -2.2499830304e-01 1.1488503616e+00
-1.8554107643e+00 3.0829741788e+00 1.6580352283e-01
-1.8721138599e+00 3.9996702025e+00 -7.5336716457e-02
3.1191990822e+00 1.5386413932e+00 4.1615257887e-01
9.8268698362e-02 -4.0000000000e+00 2.1422667653e-01
-3.3199806962e+00 -1.0134590291e+00 2.7664823256e-01
2.2086454052e+00 2.4305894970e+00 9.7786841349e-01
-3.1328894144e+00 1.2082118686e+00 -3.6966540034e-02
-1.3765433419e+00 3.3093139300e+00 2.7774108218e-02
-9.6138861491e-01 4.0000000000e+00 -2.7331370138e-02
1.5662203194e-01 -2.3588735079e+00 2.0684226570e-01
-4.0000000000e+00 1.5687628306e+00 -9.7492214922e-02
3.9534880261e+00 1.2772856529e+00 2.1878378269e-01
-5.5316105779e-01 2.5444514305e+00 -1.0258551893e-01
-2.4591288276e+00 1.8561355738e+00 1.4490204371e-01
-2.1290277780e+00 2.4770443652e+00 2.2053908592e-01
-2.6582165064e+00 -8.0244111304e-01 3.7636173619e-01
-1.1681307167e+00 2.8814353022e+00 -3.6533842976e-02
2.5705296873e-01 -1.3034644685e+00 8.0900242450e-01
4.0000000000e+00 5.3355684279e-01 3.4400950109e-01
1.6153657960e+00 2.9953345355e-01 1.6598629580e+00
-1.5966060838e+00 2.9543199993e+00 1.2353681662e-01
6.7085731598e-01 2.2241105637e+00 2.2493957002e-01
5.3960687544e-01 -2.3350027016e+00 -2.3069952327e-01
3.2790502568e-02 2.8038809054e+00 -4.0502545670e-01
2.1875587361e+00 -2.1223022023e+00 -1.1396142130e+00
7.2937383513e-01 2.5842116862e+00 -9.7496172429e-02
-2.4268797453e+00 -7.4017661491e-01 5.4556897189e-01
-3.1844512101e-01 -2.3934793212e-01 1.7194962216e+00
8.9889142396e-01 -3.5246474905e+00 -2.3428622833e-01
3.3256730441e+00 3.0734531839e+00 3.0589128700e-01
-9.6552634386e-01 -2.9035640473e+00 4.0897123506e-01
2.8838497151e+00 2.4296589418e+00 7.6888786928e-01
-2.6167430299e+00 2.0157023828e+00 1.3746431316e-02
5.0028403828e-01 3.7720866143e-01 2.4566585856e+00
1.2044753849e+00 2.4098438196e+00 3.0405538339e-01
8.5758419793e-01 1.8959505368e+00 7.2608685099e-01
3.2427461903e+00 2.1437590359e+00 5.5690397488e-01
9.8502689245e-01 1.4503931819e+00 1.4004144965e+00
-4.5452376093e-01 -1.4183604298e+00 1.1557160730e+00
2.7036841917e+00 -3.7878669215e+00 -2.4446268333e-01
-2.4323699694e+00 4.0000000000e+00 -1.2282971514e-01
2.6211906595e+00 3.5825549006e+00 4.1034522255e-01
5.3623707234e-01 7.2534488405e-01 2.3732303585e+00
1.7676219991e+00 2.0429341710e+00 9.6702382470e-01
-1.2786840274e+00 -4.0000000000e+00 2.4381688747e-01
-2.2134837187e+00 -3.5121897338e+00 1.5300094153e-01
3.7707981780e+00 2.9493046189e+00 1.3027738444e-01
-3.4407126829e+00 -3.2046467742e-01 5.4329891529e-01
3.5238599249e-01 9.2028652561e-01 2.0417679096e+00
1.0979465842e+00 -4.0000000000e+00 -5.6572301103e-02
-1.5568569084e+00 -3.7620784712e+00 2.5691261444e-01
-3.2126971924e+00 3.4405170578e+00 -1.7749436373e-01
1.8458913894e+00 -2.8265228436e+00 -8.0653114401e-01
-2.1386408995e+00 -1.1414252845e+00 4.9064704137e-01
-2.2246873045e+00 -3.0050721091e+00 1.7390923820e-01
-1.1622731320e+00 -1.3199897874e+00 1.0812052230e+00
2.8301296198e+00 7.1571277331e-01 2.6705410838e-01
-3.2452534917e+00 2.2058468050e+00 -1.6409174577e-01
1.6182084797e+00 3.7221573144e-02 1.3090889164e+00
-3.7546120821e-01 -1.8096484572e-01 1.7533916557e+00
2.1979108603e+00 4.0000000000e+00 2.0659444091e-01
-1.5579519654e+00 -6.2349939282e-01 1.1844528164e+00
5.5133230655e-01 2.0458596775e+00 4.4599809781e-01
-2.0195204463e+00 2.3451651537e+00 3.0921024644e-01
1.5843184195e+00 -2.6824642235e-01 8.8449026051e-01
-1.2946534991e-01 -2.6214902010e+00 2.9337694931e-01
1.7003628676e+00 -2.4046112115e+00 -1.1662687185e+00
2.0925807829e+00 1.2307351270e+00 1.1782041318e+00
3.8049157345e+00 -1.2674413926e+00 -1.2077798413e-01
-2.7129368576e+00 6.0154425939e-01 2.0352446276e-01
2.5692445129e-01 -4.0000000000e+00 1.7842564136e-01
1.4019551095e-01 1.5103829171e+00 1.1745252023e+00
-8.8766548055e-01 -2.2467886240e+00 7.3864001207e-01
1.5001958523e+00 4.0000000000e+00 2.5233921060e-01
3.8987978447e-02 -4.5919730491e-01 1.5558947887e+00
-3.5860161666e+00 3.5002936217e+00 -1.9250417919e-01
7.0750359756e-01 -2.0183706230e+00 -3.1394642921e-01
-6.9877734873e-01 -3.5352729924e+00 3.4069879556e-01
7.6984137479e-01 -2.9700724803e+00 -4.7985770884e-01
-9.9002518941e-01 2.4602533829e+00 1.7365234287e-01
3.6814645548e+00 1.5006790304e+00 2.6339238092e-01
-1.9639788729e+00 -3.1171834088e+00 2.3862352674e-01
2.6235440735e+00 2.8472237051e+00 7.9954348672e-01
2.5030020499e+00 -2.2478954042e+00 -7.1746849305e-01
-2.8743061215e+00 -4.0000000000e+00 5.3826848176e-02
-3.1966272953e+00 4.0000000000e+00 -6.7441983998e-02
2.2031937956e+00 2.9103235155e-01 6.7023944018e-01
2.0402868007e-01 -3.7550154278e+00 1.2279995082e-01
3.6868563380e+00 3.1937046914e+00 1.4293664460e-01
4.6484270965e-01 -2.8135196827e+00 -2.7088107221e-01
-8.9966606360e-01 -1.7043263245e+00 1.0642296588e+00
-8.0202874096e-01 -2.9541932315e+00 3.9689148582e-01
1.4435963500e+00 -3.0443285273e+00 -6.9443499393e-01
3.7174602043e+00 -1.0715648540e+00 -1.8246163833e-01
-2.7776772860e+00 1.9013434868e+00 -5.9249054244e-02
-2.2287087837e+00 -1.3980244075e+00 2.9723069560e-01
-1.8046774112e+00 3.0286342424e+00 1.6109905535e-01
1.3125431491e-01 5.3176197793e-01 2.2218138764e+00
-3.0959664731e+00 -1.5440122295e+00 1.5319823743e-01
1.0065539769e-01 -1.4935516527e+00 8.4172753491e-01
2.5564737527e+00 -7.9168329814e-01 -7.9337211193e-01
-1.9978106340e+00 -4.4978132244e-01 1.0049166650e+00
2.2507182205e+00 1.2734079486e+00 1.0003045148e+00
3.1041126690e+00 7.6239498301e-01 1.9603515262e-01
-2.6540499152e+00 -3.6008200322e+00 4.4018120751e-02
1.1052807775e+00 -3.8495722863e+00 -1.2573256129e-01
1.5433358766e+00 4.0000000000e+00 2.5342904784e-01
2.8558146727e+00 -3.0189927397e+00 -2.1162497951e-01
-2.6553759274e+00 -1.8003980042e+00 6.0016876821e-02
3.3370339121e-01 8.5888445650e-01 2.1093321178e+00
3.0049602794e-01 2.6623597711e+00 -2.9045385659e-01
-1.0724026683e+00 -4.0000000000e+00 2.7755683292e-01
2.8881496548e+00 1.5705755209e+00 5.2303104523e-01
-6.7031848141e-01 -2.5711057226e+00 5.3465290439e-01
-3.8471274405e+00 -2.5482093541e+00 3.9411085395e-02
-2.3651025225e+00 -3.5983035638e+00 9.8995231530e-02
7.4647386160e-01 2.4677732918e+00 -2.7059166352e-03
2.1528859850e+00 -2.4249556912e+00 -9.2925317670e-01
9.4099150838e-01 -7.7288990863e-01 6.9410697337e-01
2.3949485870e+00 -2.5449714269e+00 -6.3049239346e-01
1.5783880489e+00 -3.4481117650e-01 7.6394319225e-01
-7.4929837984e-02 -4.4007311703e-01 1.5621889552e+00
-1.5044526197e+00 2.0445142388e+00 8.1060390866e-01
1.4627572962e+00 2.0671688973e+00 7.7913869889e-01
1.6875533558e-02 -2.6237568591e+00 1.8293503458e-01
-2.2226426814e+00 -1.5229219874e+00 2.5092652504e-01
3.5394379475e+00 -2.6021769983e+00 -3.3241648698e-02
-2.3760698173e+00 3.0742276878e+00 1.2445740979e-01
-3.1387626607e+00 3.2095700764e+00 -1.7803530507e-01
1.8860844267e+00 1.0209008726e+00 1.4660877761e+00
2.4949390816e+00 2.0036455406e+00 9.5370825979e-01
-4.0000000000e+00 6.8761472033e-01 5.1668192120e-01
-3.5294770357e+00 -9.9513249727e-01 3.0079273993e-01
-2.8285957873e+00 1.9377126724e+00 -7.4909275792e-02
-2.2325312301e+00 1.7553369972e+00 4.3575247777e-01
4.0000000000e+00 6.9949813477e-01 3.1641119972e-01
2.0421707624e+00 -3.4912261575e-01 1.1844746519e-01
1.6715439277e+00 1.7228050601e+00 1.1753654070e+00
2.9878571116e+00 -2.8503156429e+00 -1.6328565856e-01
-2.4262599231e+00 -6.9350124070e-01 5.7535660914e-01
2.2476663771e+00 2.3172327503e+00 1.0097251315e+00
3.9155068098e+00 -3.4879969264e-01 6.8552735839e-02
8.6851829682e-01 -2.4129165101e+00 -6.4757143865e-01
-1.9264870736e+00 -3.5219815045e-01 1.0768344111e+00
-3.7895745878e+00 -3.2598638494e+00 9.1340006194e-02
1.8333222803e-01 -4.0000000000e+00 1.9560490363e-01
2.3648391235e+00 -5.2068102897e-02 2.8527810273e-02
2.6708211618e+00 -2.3033932696e-01 -4.2277035567e-01
-2.6915204583e+00 -3.0497532724e+00 8.4226151692e-02
1.2572505346e+00 2.0970506379e+00 6.1985271975e-01
-2.8611311675e-01 -1.3705944228e+00 1.1264033378e+00
4.0000000000e+00 -2.6804260923e-01 1.9012703207e-01
-8.7851485750e-01 -7.7294094080e-01 1.2494454103e+00
-5.4387183131e-01 -2.0963359823e+00 8.5572519083e-01
-1.0618935042e+00 -3.0196821934e+00 3.9106141573e-01
-6.2517118863e-01 2.3706074712e+00 1.0965678400e-01
-2.1569309104e+00 1.4572511577e+00 6.6260122556e-01
-3.2304197253e+00 -1.2654317280e+00 2.1628190033e-01
-3.0186833378e+00 -3.3141047321e-02 5.8357096234e-01
-2.3761858597e+00 2.3884862645e-01 6.4625479237e-01
2.5633382979e+00 -1.5086509352e+00 -1.0324208065e+00
2.5547375433e+00 -2.1640050965e+00 -7.1792276115e-01
9.0923421561e-01 3.2212265068e-01 2.3878204595e+00
2.1059838369e+00 2.3359184518e+00 9.7564283032e-01
3.3171646681e+00 1.2287216396e+00 2.5492169759e-01
-9.5358086764e-01 -3.9379422505e+00 3.0239474515e-01
2.6934975588e+00 1.6610087835e+00 6.9037059191e-01
5.0196954511e-01 -4.0000000000e+00 1.1559654847e-01
-2.2870885529e+00 2.2114529151e+00 1.9665792179e-01
-3.7287628569e+00 -3.2232989277e+00 7.4988398968e-02
-1.8828669032e+00 -3.5751454357e+00 2.2651637914e-01
2.0648196378e+00 2.5726125472e-01 8.6417105280e-01
-3.2271590223e+00 2.5571354622e+00 -1.8204198732e-01
-3.5415817859e+00 -2.6862282132e+00 4.4220202378e-02
-1.9785401831e+00 -3.0193286183e+00 2.2505143293e-01
2.9874842462e+00 2.6146430706e+00 6.6647117787e-01
3.5615010536e+00 -1.4822913186e+00 -1.7064252276e-01
2.7625202387e+00 -3.3151447461e+00 -2.4386304611e-01
2.9468105966e+00 1.3666411564e+00 3.9439608527e-01
7.4947986864e-01 1.6931238148e+00 1.0116872488e+00
3.3305225560e+00 -7.0794544336e-01 -4.5932974637e-01
3.4711002472e+00 1.4575426336e+00 2.9935848580e-01
-2.9282821121e+00 2.4612759605e+00 -7.9411177545e-02
-1.8033957740e+00 -8.4346780653e-01 9.3261811640e-01
-2.9214954009e+00 -2.0026441937e+00 9.3045984042e-02
-2.4246927224e-01 2.7446245773e+00 -3.4786072565e-01
-2.0761426124e+00 3.4301269365e+00 1.3093587941e-01
-2.6026542979e+00 2.6163755336e+00 4.6606395534e-02
7.2675167893e-01 -1.5751612385e+00 -5.8285046061e-02
-2.3716908747e-01 -2.2262654469e+00 6.3479290125e-01
1.8817718695e+00 1.2324006940e+00 1.3906735063e+00
-4.0000000000e+00 -6.9458614660e-01 3.8197178408e-01
2.4870356630e+00 2.2441209729e+00 9.8045445719e-01
1.0651190325e+00 -2.1120227553e+00 -8.5232551590e-01
-1.7526395136e-01 -6.3612722276e-01 1.3594163683e+00
-1.1030442599e+00 -1.8543790938e+00 9.2390606040e-01
-2.9735231951e-01 -1.1613657393e+00 1.1826767416e+00
-2.5275793104e+00 -2.1602391906e+00 4.9627153429e-02
2.1704553530e+00 1.1785164657e+00 1.0911373091e+00
9.7550928467e-01 2.3982734956e+00 1.6541506784e-01
1.1079654524e-01 -2.7708237511e+00 4.8810233748e-02
-1.8821331762e+00 -4.0000000000e+00 9.4853171128e-02
1.7411972359e+00 -2.9042859946e+00 -7.8059858686e-01
-2.4040113545e+00 -1.1240460751e+00 3.1945814354e-01
-8.9886990596e-01 -3.2634077004e+00 3.7699972297e-01
4.0000000000e+00 -1.0761806999e+00 -6.1059089200e-02
-1.1860944974e+00 -7.1968770661e-01 1.2363558499e+00
-2.2490718206e+00 -2.4982008642e+00 1.0201280055e-01
-1.6556872563e+00 -1.5023810499e+00 6.9818173984e-01
-1.4564860806e-01 3.0285708498e+00 -4.6975645381e-01
-2.9779397941e+00 3.1068702465e+00 -1.1752793083e-01
3.0544441690e-01 2.7688722053e-01 2.3387811992e+00
-2.4229829858e+00 -5.7790678231e-01 6.4271471120e-01
3.4295996550e+00 1.6254523073e+00 3.5929695096e-01
4.0000000000e+00 3.5030188991e+00 7.2498181413e-02
4.0127649385e-01 -9.9053021501e-02 2.0184048654e+00
3.2806407289e+00 1.7056702181e+00 4.3606986984e-01
1.0330574914e+00 -2.7200999969e-01 1.4955793590e+00
-1.5639198616e+00 -5.7183020461e-01 1.2044767712e+00
-3.4287895916e+00 8.6511259213e-01 1.7274363408e-01
2.2583564814e+00 -3.9602428513e+00 -3.0321345877e-01
3.6072775120e+00 -3.5720583448e+00 -4.0516003824e-02
1.9501560519e-01 -2.8182296115e+00 -3.2545706234e-02
1.4838272369e+00 4.0000000000e+00 2.5174868640e-01
-2.5626736585e+00 -2.7413008443e+00 1.0636062214e-01
2.9741631067e+00 4.2773489734e-01 5.3375197481e-02
1.6784321610e+00 1.6091373134e+00 1.2650319758e+00
3.3543801518e-01 2.7770207415e-01 2.3522128361e+00
3.0297656583e+00 1.1473926386e+00 2.8195357014e-01
-2.3126662856e+00 3.1246620313e+00 1.3893358860e-01
1.0760345119e-01 7.1985210866e-01 2.0774508886e+00
2.8490091574e+00 1.2495349550e+00 3.9205420134e-01
-2.6525406076e+00 1.5603511541e+00 2.5164864975e-02
-5.8210819963e-01 -1.0195771656e+00 1.2263784999e+00
2.8667231329e+00 -2.8051251234e+00 -2.0868411554e-01
-3.6298904872e+00 1.8262902078e+00 -1.6425644707e-01
-3.0494855288e+00 -4.0080034332e-01 5.0021882773e-01
3.0230969357e+00 -2.5127539120e-01 -4.7458852406e-01
6.1772571937e-01 -1.3812693372e+00 2.8773963747e-01
2.2456560803e+00 5.4209652337e-01 8.4085736811e-01
-3.7855059662e+00 -1.4047149032e+00 2.2450973994e-01
2.2920429415e+00 4.0000000000e+00 1.9795651229e-01
-5.6604737773e-01 -9.9805677467e-01 1.2287398466e+00
-2.1302289120e+00 -2.8224731135e+00 1.6800907337e-01
-1.9423108096e+00 -8.3767913297e-01 8.3957419321e-01
2.4913695015e+00 -1.3150052546e+00 -1.0931859673e+00
-2.1623051463e+00 -8.8010051560e-01 6.4405886771e-01
1.1397550552e+00 1.0365830022e+00 1.9897547956e+00
-2.6612077185e+00 -2.9026929132e+00 9.8570232515e-02
2.9380396092e+00 2.6099536073e+00 7.0001111746e-01
1.0368861330e+00 -2.2839178230e+00 -8.2635026126e-01
3.4954611629e+00 -3.1374013831e+00 -6.6694322292e-02
1.0553730641e+00 2.6571305997e+00 5.3177936693e-02
-1.3728235654e+00 -1.6671097960e+00 8.4839664334e-01
4.0000000000e+00 -1.7435006128e+00 -7.8343092877e-02
1.3682022129e+00 -3.5216701398e-02 1.5329947352e+00
3.7394449121e+00 -4.3624915180e-01 -1.1916557494e-01
-9.5974403815e-01 -3.1679230998e+00 3.8458692831e-01
6.6832821425e-01 1.8434236834e+00 7.7362634772e-01
-3.4757618824e+00 -1.7283916382e+00 1.7701051899e-01
-4.0000000000e+00 6.6933816426e-01 5.2809215251e-01
-1.9790824780e-01 -1.8015325229e+00 9.0700287146e-01
-1.3348167401e+00 -7.7926677134e-01 1.1841672116e+00
5.8614581743e-01 -3.9745994925e+00 8.2285037349e-02
2.2031974128e+00 1.9406901933e+00 1.0629650647e+00
3.4775756688e+00 2.8155042165e+00 2.9548228027e-01
4.7582656881e-01 3.2029475295e+00 -3.3895279163e-01
1.7349392889e+00 -3.3591584682e-01 5.6574801538e-01
1.2793064628e+00 1.5620247788e+00 1.2813958598e+00
2.5545200160e+00 -2.8548972136e-01 -3.9094800018e-01
2.8430627796e+00 -2.4968613764e+00 -2.7080685788e-01
-1.0672443924e+00 2.2013693329e+00 5.1918795319e-01
-1.0365168692e+00 -2.1354545176e+00 7.7377645474e-01
4.4527136463e-01 1.1652300537e+00 1.7311095662e+00
2.4705508931e+00 1.8224671530e+00 9.2175297967e-01
3.4497519397e+00 3.4544037690e-01 7.8736669094e-02
-3.7041853607e+00 2.8942021747e+00 -3.0027936547e-01
2.5104878181e-01 -1.3017557396e+00 8.1607799694e-01
3.3846709417e+00 3.2652881161e+00 2.2791921165e-01
-2.3889658516e-01 -7.6557347775e-01 1.2811171545e+00
-3.8709782264e+00 8.6573397224e-01 3.4358123836e-01
1.8373958366e+00 2.2581465345e+00 8.8067796947e-01
2.0776638304e+00 8.5767150654e-01 1.2244162047e+00
2.8214022053e+00 -8.0905232488e-01 -7.5037126054e-01
-3.8202142893e+00 -8.9383467348e-01 3.3226462757e-01
2.2306637728e+00 -1.3097379192e-02 2.6369482537e-01
-1.1310055837e+00 2.7106072884e+00 3.0266551776e-02
2.8114069126e+00 -3.5121087355e+00 -2.3172995479e-01
3.3795149860e+00 1.7877252510e+00 4.2491392686e-01
2.1866604957e+00 2.3520357728e+00 9.9295976627e-01
1.3848192620e+00 1.5815180369e+00 1.2743780690e+00
7.4423493655e-01 1.7802146209e+00 8.8031558217e-01
-2.6439545639e+00 1.0801652187e+00 9.5503254840e-02
2.2081440154e+00 2.2221780466e+00 1.0247430697e+00
-2.7576269393e+00 -2.7638580400e+00 9.1964972050e-02
-1.4252811753e+00 -3.6538296189e+00 3.0906085474e-01
6.1719363938e-03 -3.9850690712e+00 2.2996582996e-01
-9.4920573553e-01 2.3295039970e+00 3.0278968550e-01
-1.7797087987e+00 -2.6522367941e+00 2.3124888289e-01
-2.0364416585e+00 -3.0625950884e+00 2.1804297165e-01
2.0235796526e+00 -4.0000000000e+00 -2.8889342427e-01
3.9205014418e+00 -2.4103603988e+00 -4.8013048804e-02
3.2878726376e+00 1.0985825977e+00 2.2917097481e-01
-2.5649444543e+00 1.6701118364e+00 8.1235394537e-02
-3.2523762999e-01 2.1642392033e+00 2.8218507033e-01
3.9078906619e-01 -2.2830374076e+00 -1.6131060369e-02
-1.9342171174e+00 2.0886924139e+00 5.2755047992e-01
-3.3764833197e-01 -1.5683803889e+00 1.0811756863e+00
9.5416859336e-01 -3.1980995233e+00 -4.5258442086e-01
2.2768457847e+00 3.0561191685e+00 7.8385003955e-01
2.5164125635e+00 -4.8443879391e-01 -5.2533877583e-01
-4.9331866236e-01 -2.9058637925e+00 3.5144904462e-01
1.3112545512e+00 2.1521459750e+00 5.9806155850e-01
-3.1427880930e+00 2.7000607247e+00 -1.6003890476e-01
-3.8291344660e+00 -3.3115250836e-01 5.3494158409e-01
-3.7407616534e+00 -1.1489679061e+00 2.7917783020e-01
-2.8754942499e+00 -3.1535301660e+00 4.2356312340e-02
5.4506369055e-01 2.2925615880e+00 1.1154428055e-01
3.6885623369e-01 1.6695495893e+00 9.9663734026e-01
4.9245785502e-01 -1.4545615362e+00 4.0830587820e-01
-7.8087483539e-01 2.4367909008e+00 1.0246273726e-01
-2.5540535003e+00 -3.3231133223e+00 8.9318426817e-02
-6.5053398113e-01 -5.3527974327e-01 1.3724968080e+00
2.6306329786e+00 -3.2880343089e+00 -2.7583625867e-01
1.8457416235e+00 1.4421050978e+00 1.3221440164e+00
2.9646875777e-01 3.0582921822e+00 -4.2833610675e-01
4.0000000000e+00 2.2719008125e+00 4.1491660812e-02
2.9016430860e-01 1.0660497829e+00 1.8043320231e+00
3.9536508468e+00 1.0362796711e+00 2.5098547361e-01
-2.9720356088e+00 7.8169833964e-01 8.1043116839e-02
-3.8287807246e+00 -1.1843154977e+00 2.6965147561e-01
2.5127708878e-02 -2.0217327416e+00 5.8365437386e-01
-2.4905667189e+00 -2.0933011711e+00 4.7975872649e-02
2.4592951462e+00 -2.0508044794e+00 -9.1271505442e-01
-2.6601945029e+00 -1.4301167066e+00 1.1698557840e-01
-2.0394983306e-01 1.6991890183e+00 9.2414462695e-01
2.0943186292e+00 -2.6388697963e-01 1.5936313214e-01
-1.8535050542e-01 -2.7341904995e+00 2.7469781885e-01
-3.7844180049e+00 -3.7169145466e+00 1.0283223001e-01
-3.3893773749e+00 4.0000000000e+00 -6.6829888573e-02
5.7896806113e-01 3.1949971780e+00 -2.9023927524e-01
-7.4028849203e-01 -2.3573155679e+00 6.7671307562e-01
-1.9525019180e+00 -1.0109417812e+00 7.1429871512e-01
5.6977835113e-01 -2.5431247170e+00 -3.4037456204e-01
2.4468204903e+00 -8.1525801904e-01 -8.0504102661e-01
3.4516728223e-01 2.5362130562e+00 -1.8333110187e-01
-1.3536711069e+00 -2.8940389133e+00 3.5449899467e-01
-2.5288365445e-02 -6.1737426778e-01 1.3857954611e+00
1.3170823794e-01 2.6592485102e+00 -3.1142937041e-01
2.7820923097e+00 -3.6720437504e-01 -5.5004162411e-01
-7.8281597025e-01 -1.1329010946e+00 1.2051750283e+00
-3.7756761119e+00 -3.1859385242e+00 8.2152048228e-02
-1.5636110750e+00 -7.7436294576e-01 1.1077549432e+00
6.5133516430e-01 -6.0728526852e-01 1.2344487197e+00
-3.2186531943e+00 3.0602149521e+00 -1.9838625624e-01
1.3367906407e+00 2.0576728431e+00 7.1006047745e-01
-1.7201748066e+00 3.3811808081e+00 1.3019760242e-01
4.9332486564e-01 -1.0357285947e+00 7.9663154042e-01
3.1488242227e+00 2.4157478744e+00 6.0068196181e-01
-1.8541736534e+00 -3.4546120898e-01 1.1247486514e+00
-3.6524415254e+00 -1.7107907664e+00 1.7436064265e-01
2.6292915141e+00 1.2218178913e+00 5.5355658410e-01
4.1946201767e-02 -1.6162811604e+00 8.2668231154e-01
-1.6303753386e+00 -8.9140151803e-01 1.0097800584e+00
-1.9912732728e+00 1.6142601187e+00 8.4432141867e-01
-1.9289881555e+00 1.9543252207e+00 6.5771974822e-01
-5.5715224638e-01 -2.8165685722e+00 3.9731923167e-01
-3.0816090710e+00 -4.0000000000e+00 8.7917281971e-02
2.4507441695e+00 -1.6394519251e-01 -1.8895050756e-01
-2.8761335447e+00 1.3927670029e-01 5.1310211697e-01
-1.1080207908e+00 -1.3385593103e+00 1.0985072893e+00
-2.1006804607e+00 -5.5907486351e-01 8.9113463556e-01
-2.0034407866e+00 -1.1009046956e+00 6.1899970899e-01
4.0469378461e-01 1.1510349301e+00 1.7361867988e+00
-1.5692125787e+00 -1.7658618340e+00 6.5198795804e-01
-2.5446713759e+00 -1.4948558315e-01 6.8038756324e-01
-7.7787213866e-01 -1.6201178905e+00 1.1148715631e+00
2.2691357097e-01 1.4736615114e+00 1.2388816461e+00
1.9950390721e+00 2.3527378071e+00 9.2522217284e-01
-3.8819786315e+00 1.5345229603e+00 -7.1757453011e-02
1.3071811989e+00 4.0000000000e+00 2.3927778269e-01
2.2607866830e+00 -3.0824673759e+00 -4.4148314209e-01
-1.3270829879e+00 -8.9858143193e-01 1.1391550051e+00
-6.4949959206e-01 4.0000000000e+00 -3.4067493765e-02
-2.6689767651e+00 2.9025379493e+00 2.6897795350e-02
1.5253418499e+00 -2.7178188410e+00 -9.5347700057e-01
-2.1650005803e+00 2.0506061578e+00 3.5404487670e-01
2.5945430098e+00 -3.2337753979e+00 -2.8809473126e-01
-1.4952791142e-01 -3.3678970019e+00 1.8712770788e-01
1.8638199187e+00 1.8765921257e+00 1.0943976132e+00
-1.1601764237e+00 -3.2464986210e+00 3.7973237526e-01
7.7907844761e-01 -8.1682372715e-01 7.9359613745e-01
2.7847987061e+00 1.0899359419e+00 3.8249748818e-01
-1.7014066190e+00 -4.0000000000e+00 1.4090256891e-01
5.8727226645e-01 -1.5713038853e+00 1.7127831380e-01
3.6347289258e+00 -1.4776861370e+00 -1.4376039611e-01
7.3556592280e-01 -2.1732798423e+00 -4.2163403589e-01
6.1211603806e-01 9.5075380589e-01 2.1174247579e+00
1.2195810765e+00 -2.8665062767e+00 -7.8192357303e-01
1.4651117845e-01 7.1455218848e-01 2.1162363018e+00
-3.9507286829e+00 1.1054810183e+00 1.9280331284e-01
-2.3449360378e+00 -1.4670659290e+00 2.0110790209e-01
1.1196649903e+00 3.2829074498e+00 9.8442250998e-02
-2.7559807490e+00 -1.9782851738e-01 5.9863240518e-01
1.0050091650e+00 1.4187474640e+00 1.4483619515e+00
-1.5011494843e+00 -3.7331737258e-01 1.2964292806e+00
-2.1279319260e+00 1.9829383902e+00 4.3127089615e-01
-1.0066681447e+00 -1.8626666705e+00 9.5955512150e-01
-2.3256511277e-01 -2.7118788777e+00 3.1185385195e-01
3.4041246596e+00 -1.3174228125e-01 -2.2625270064e-01
-2.6747564713e+00 2.5920132956e+00 1.8830841622e-02
2.0087467633e+00 2.8777564317e+00 7.6291325367e-01
6.2118196147e-01 2.0007423976e-01 2.3445332502e+00
1.2725771137e+00 2.5081609006e+00 2.9564560031e-01
7.2594626151e-01 4.0000000000e+00 1.3663430198e-01
-1.0827538713e-01 1.8214837949e+00 7.5880573106e-01
-4.0000000000e+00 -2.3664991273e+00 1.8695755030e-02
-8.1448758375e-01 2.2470781892e+00 3.4754732113e-01
-1.2346705589e+00 -2.2063729928e+00 6.3473182606e-01
5.6979888419e-01 1.3252037252e+00 1.5300087626e+00
-1.9076634202e+00 -6.4718626833e-01 9.8356623857e-01
-1.8471730829e-01 -2.6637643261e+00 3.0706304886e-01
2.7742169796e+00 9.8280203083e-01 3.6674689597e-01
-7.3302341824e-01 2.3678564597e+00 1.5902978751e-01
-1.2489140204e+00 -1.7102694517e+00 9.1275112192e-01
-3.8592181073e-01 -2.1505339208e+00 7.6824325235e-01
-4.3458291082e-01 2.1443433793e+00 3.3942002851e-01
1.3563006545e+00 -2.3458137123e-01 1.2303299907e+00
2.2848744479e-01 -3.8374908343e+00 1.3852868089e-01
-2.1912018105e+00 1.9381036126e+00 3.9156511656e-01
1.2151740803e+00 1.0687090038e+00 1.9259676676e+00
4.3516107406e-01 -2.9715133948e+00 -2.3218141953e-01
4.0000000000e+00 -2.6445347778e+00 -2.8127554555e-02
-4.0000000000e+00 -3.8137094557e+00 1.0006636946e-01
-7.2066754426e-02 -1.1532720784e+00 1.1177802279e+00
-3.1616121947e+00 -2.5834634304e+00 7.3811465365e-02
-2.8186791311e+00 3.6366773766e-02 5.6344470797e-01
9.7044493060e-01 -2.0908530834e+00 -7.2388042617e-01
-2.5805177091e+00 3.8179683089e+00 -7.7745696351e-02
-4.0000000000e+00 -2.4936173709e+00 2.6279743746e-02
-4.0000000000e+00 1.0686347827e+00 2.3160280102e-01
-2.7200255518e+00 -1.4768951111e+00 1.0469818981e-01
-4.6447176318e-01 -1.7164816187e+00 1.0627711806e+00
3.0855544524e+00 1.0763652847e+00 2.5121947103e-01
7.2774388123e-02 -2.4389049455e+00 2.3820726794e-01
4.0000000000e+00 -1.8900854349e+00 -8.1360850535e-02
1.8085764336e+00 5.1974939165e-01 1.5520724308e+00
3.8451137304e+00 -6.7774850080e-01 -1.1977634528e-01
-1.6953626502e+00 2.1692641696e+00 5.9449412867e-01
-2.3772466249e+00 -1.7728769232e-01 7.7967614126e-01
2.2470744479e+00 3.2976227259e+00 6.7436059450e-01
2.5429306565e+00 8.5217498020e-01 5.6050385997e-01
7.2886408772e-01 6.0382681360e-01 2.5030647347e+00
-9.0629158654e-01 -3.9594582780e+00 3.0140437067e-01
1.9540907309e-01 -2.6757582579e+00 4.5793418825e-03
-8.0568845583e-01 -2.0088153997e+00 9.2189535355e-01
-1.7496101199e+00 2.1675506094e+00 5.7191377624e-01
1.7969877541e+00 -2.5265133828e+00 -1.0578230517e+00
3.2341855737e+00 -2.9961836706e+00 -1.1306672762e-01
1.3779077355e+00 1.4893654001e+00 1.3806452370e+00
1.6917819039e+00 3.6500965065e+00 4.1187351584e-01
7.3677212804e-01 1.1670598419e+00 1.8059589614e+00
2.6620663923e+00 -4.0000000000e+00 -2.4315470029e-01
3.6187142980e+00 8.5874933127e-01 2.2891950348e-01
-2.1484812583e+00 -2.8411296682e+00 1.6749860650e-01
1.6069015053e+00 2.1014157645e+00 8.3979380464e-01
1.4758013346e+00 -2.3328699059e+00 -1.1705290023e+00
2.2400797798e+00 2.3402391263e+00 1.0042620631e+00
8.4618632077e-01 1.6922487335e+00 1.0266699813e+00
2.3773979446e+00 -2.7198509050e+00 -5.4397866028e-01
8.8635758591e-01 -3.1783208231e+00 -4.3475656291e-01
-2.1712929009e+00 3.7719120462e-01 7.5667827593e-01
1.5375246786e+00 -8.3579894771e-02 1.2411699032e+00
4.8813415886e-01 1.2574153142e+00 1.6090811245e+00
9.5991790740e-01 1.6413918063e+00 1.1188165435e+00
2.2009921335e+00 -4.0464635220e-02 2.7574432267e-01
1.8986174451e+00 1.0473310371e+00 1.4424412892e+00
1.8989476187e+00 2.3875531288e+00 8.5936056047e-01
8.2111833198e-01 -1.5679596098e+00 -2.1123653009e-01
-6.5390102967e-01 -7.0014892851e-01 1.2824797035e+00
2.0624927390e+00 1.3137755028e+00 1.1987844679e+00
2.3758722503e+00 -2.3768841817e+00 -7.6194936813e-01
2.5616292370e+00 1.9638141822e+00 9.0553174585e-01
2.1243321928e-01 1.9004467114e+00 6.4011450704e-01
-1.2828851962e+00 -2.1158046725e+00 6.6340565867e-01
-1.7343998413e+00 4.0000000000e+00 -5.9518121794e-02
-8.7521767249e-01 -2.2783527574e+00 7.1869905784e-01
4.0841538275e-02 -1.8879897035e+00 6.6222727511e-01
-3.5047982004e+00 -2.7449802740e+00 4.0632275128e-02
9.3606458447e-01 2.6642615088e+00 -3.0371438110e-02
-2.5326699880e+00 -3.6497987411e+00 5.6927956621e-02
-3.0322577657e+00 -4.0000000000e+00 8.0537048044e-02
9.8907984354e-02 1.4744478192e+00 1.2109743318e+00
3.0121194397e+00 1.0816789475e+00 2.7097708221e-01
2.9291178735e+00 -2.2604509539e+00 -2.8358938960e-01
-2.7584254493e+00 -3.2756539628e+00 5.0912428706e-02
-2.7432327274e+00 -3.3986084574e+00 4.4384057835e-02
-2.5148790480e+00 1.2790450968e+00 1.9255469222e-01
-4.0000000000e+00 -2.4684576539e+00 2.4170698722e-02
-1.9630986095e+00 -2.4503804074e+00 1.6933733103e-01
-3.3697652772e+00 5.5671259302e-02 6.1040796744e-01
2.1695983319e+00 -3.4536040660e+00 -3.5276681050e-01
1.4544930763e+00 1.5954988569e+00 1.2684562408e+00
-1.0063537627e+00 -1.7245908373e+00 1.0242979434e+00
-1.3921773218e-01 -7.2156508112e-01 1.3056673831e+00
2.2751426633e+00 2.8674183947e+00 8.5626644938e-01
-2.6535703056e+00 -1.1022937339e+00 2.2494120801e-01
-2.3208153526e+00 2.2260193510e+00 1.7223157080e-01
2.3082568103e+00 -3.1895195463e+00 -3.8518268588e-01
-2.2005802650e+00 -1.5793253660e+00 2.4408950457e-01
-3.4229971648e+00 -5.4067073057e-01 4.3491249918e-01
-3.3968859052e+00 -4.0000000000e+00 1.1472954472e-01
-6.3454896434e-01 -3.1602332340e+00 3.4821253842e-01
-4.0000000000e+00 -1.1257019601e+00 2.7174936941e-01
-2.9358002130e+00 3.5938589360e+00 -1.1356496496e-01
7.1822712045e-01 3.0355543535e+00 -2.3997468079e-01
2.6536101388e+00 3.0656523183e+00 6.8445455171e-01
2.1945376717e+00 2.9687181945e-01 6.9103344448e-01
-7.8639761924e-01 -2.0153323370e+00 9.2003104604e-01
-3.3000986726e+00 -1.1218181732e+00 2.5227568293e-01
2.2263089757e+00 -2.7440865056e+00 -6.4339555636e-01
2.3238307099e+00 -4.2682132755e-01 -3.1356021591e-01
-9.4892524138e-01 2.0979654135e+00 6.1995817081e-01
1.9891697019e+00 9.6197755479e-01 1.3467625415e+00
-3.6832406049e+00 4.0000000000e+00 -9.2414002094e-02
1.4933394366e+00 -1.9442920826e-01 1.1256605593e+00
-1.2143984926e+00 -7.1610029067e-01 1.2333876321e+00
4.0000000000e+00 -2.5508616497e+00 -4.2789570967e-02
1.1734783123e+00 -2.5226156808e-01 1.3995144629e+00
-1.6009593153e+00 -1.2194352356e+00 8.6247240655e-01
3.6595262319e+00 -2.7875191454e+00 -2.8812826666e-02
-1.4672190333e+00 2.7954088941e+00 1.2641702533e-01
2.4410430198e+00 2.1897353368e+00 9.9674207285e-01
-2.2722732198e+00 -2.4704343671e+00 9.4900214340e-02
2.6131347951e+00 -8.1011932960e-01 -8.0437577648e-01
-4.8869628735e-01 3.7537815570e+00 -1.6630572943e-01
3.4880555192e+00 -1.5753922457e+00 -1.7780588406e-01
-3.6542371242e+00 -2.2291919338e+00 8.4219719762e-02
1.7850195791e+00 -1.8545485203e-01 7.2766414304e-01
1.6837705600e+00 1.3199728835e+00 1.4817603372e+00
1.1790597569e+00 3.6830421741e+00 2.0636631254e-01
-2.8089174925e-02 1.3732897931e+00 1.2998480720e+00
-1.7421361898e+00 2.1281865454e+00 6.1676055457e-01
-4.0000000000e+00 -2.4143406298e+00 2.0618397886e-02
3.0390963021e+00 6.1956190874e-01 1.6045810571e-01
6.2566068465e-02 -3.0361447593e+00 5.0155155799e-02
-2.5766520315e+00 -1.9188895010e+00 5.1029624702e-02
1.8733039102e+00 4.5782614682e-01 1.3996354546e+00
3.2213757230e+00 -9.6669866405e-01 -5.1091588698e-01
-6.3819312281e-01 -1.4666596592e+00 1.1618229579e+00
6.8707905652e-01 1.7886632382e+00 8.5965966200e-01
2.3352407282e+00 -1.7367536144e-01 -6.2425190383e-02
9.5151187805e-01 1.1822111231e-01 2.1362129010e+00
-4.0000000000e+00 1.8319755281e+00 -2.3068174598e-01
-3.0834929845e+00 1.3096383183e+00 -6.2754137591e-02
-1.6980228971e+00 -1.3439793436e+00 7.3368882167e-01
-5.3888281656e-02 -2.2681081190e+00 4.7088291417e-01
3.6063303723e+00 -2.0045752818e+00 -5.0640224812e-02
6.7813871304e-02 -4.5349514941e-03 2.0662357949e+00
-2.0079243559e+00 2.9371827395e+00 1.7887689941e-01
3.4536462826e+00 -1.2151020675e+00 -2.9603007111e-01
-6.6975852774e-01 -2.5324106391e+00 5.5778996258e-01
-1.0575809014e+00 3.2969170309e+00 -1.2523372644e-01
7.0083806194e-01 3.6235905304e+00 -4.2340285118e-02
-2.7952633203e+00 -1.8257152095e+00 7.3328162086e-02
3.5321727438e+00 -2.6470467851e+00 -3.5883410897e-02
3.4337057886e+00 -2.3749269169e+00 -3.9740540985e-02
-1.8621071588e+00 2.0317962816e+00 6.3953418396e-01
-8.9429147383e-01 -1.4455189336e+00 1.1396553289e+00
1.2135470056e+00 5.9926717306e-01 2.3170108008e+00
2.0443012436e+00 2.8700583086e+00 7.8307459006e-01
-1.2291039599e+00 2.9850198167e+00 -3.5456844830e-02
4.5016307787e-01 -3.2694121536e+00 -1.5404057716e-01
1.4754469854e+00 -3.6348652174e+00 -3.0686299368e-01
-2.7560886119e+00 -1.0385831255e+00 2.3156575261e-01
-8.8746969081e-01 2.2991892025e+00 3.1280257465e-01
7.3117963845e-01 3.4216378758e-01 2.4550264056e+00
2.7100940941e+00 -4.0000000000e+00 -2.3013664815e-01
1.0468305677e+00 2.6451911147e+00 5.2327889171e-02
-1.9886342209e+00 1.7529085388e+00 7.6111520482e-01
6.3858432278e-01 -1.5177143449e+00 1.3386065151e-01
-3.6498636819e+00 3.0136855933e+00 -2.8113927313e-01
-9.7007810230e-01 3.4519762689e+00 -1.3913809648e-01
-5.2244804887e-01 2.2572229053e+00 2.1208863528e-01
4.3922277065e-01 -1.7297059733e+00 2.7837709770e-01
-8.8504871877e-02 -4.7296669493e-02 1.9757804154e+00
-1.0060760972e+00 3.4744546905e+00 -1.1987592482e-01
2.0654451620e+00 2.5278089290e+00 9.0002654026e-01
6.3472494272e-01 -5.5767433839e-01 1.3187866872e+00
-2.4546413434e+00 -7.1602007216e-02 7.2199237654e-01
2.6399240190e+00 1.6009742396e+00 7.0296808851e-01
1.1268496563e+00 2.5525166281e-01 2.1823157258e+00
-3.7056354450e+00 -2.9266435910e+00 4.8654115211e-02
-2.3304127288e+00 -2.6441634930e-01 8.0657493538e-01
-1.1780754984e+00 3.6050932865e+00 -4.0088174728e-02
3.4770450122e+00 -2.4498358196e+00 -3.4103607736e-02
7.1972933109e-01 -3.6077002445e+00 -1.2659510271e-01
-2.5496306365e+00 1.0922159365e+00 1.7913174966e-01
-1.2759622319e+00 -3.0788397172e+00 3.6972012625e-01
-2.9761377452e+00 1.4261912861e+00 -7.9728778907e-02
1.0111019772e+00 -3.4581585364e+00 -3.0938958060e-01
2.9845910138e+00 3.0884272886e+00 4.8685886734e-01
-1.1199426673e+00 -2.5710547810e+00 4.8845081435e-01
5.7788791176e-01 1.4482615665e+00 1.3500162377e+00
2.2299445660e+00 1.5051331761e+00 1.0418963254e+00
3.5714878964e-01 -2.3870758941e-01 1.8433654254e+00
-3.1264018084e+00 -1.0733219572e+00 2.3782146905e-01
-1.3221988125e+00 2.9657780236e+00 1.3748561593e-02
-3.8512219425e-01 2.4530044760e+00 -6.5705089144e-02
-3.2548674520e+00 -1.7421992793e+00 1.6000249987e-01
-2.4217499542e+00 -1.8660058137e+00 7.2467258200e-02
2.8550846835e+00 -1.1760765389e+00 -7.7784848315e-01
9.6273658397e-02 1.3375929737e+00 1.3735063929e+00
-4.0000000000e+00 8.1865869836e-01 4.2582279555e-01
3.0060517374e+00 1.9200643195e+00 6.3564281889e-01
-2.9126515402e+00 1.9977117519e+00 -9.3821437331e-02
2.0277852769e+00 3.4149193806e+00 5.9708977011e-01
2.3144820249e+00 3.4574398120e-01 5.5288581152e-01
-1.5982332916e-01 -2.5016112277e+00 3.8469324193e-01
-1.0346926646e+00 -3.6313971696e+00 3.5010051048e-01
2.5356451251e+00 2.0390233816e+00 9.3915117698e-01
3.2055764571e+00 -2.3807245937e+00 -9.7957764937e-02
8.7129797492e-02 -1.3269663390e-01 1.9494907390e+00
-3.2593128058e+00 -5.6147796662e-01 4.2046490644e-01
-2.8027218181e+00 -2.8279301702e+00 8.4540321146e-02
2.0347177622e+00 -2.8547133824e+00 -6.9162350089e-01
-2.5409347329e+00 1.3723504152e+00 1.4995531633e-01
-1.0749421521e+00 -9.0227534900e-01 1.1987731806e+00
-1.6707040516e-01 -3.3505006851e+00 1.9305393525e-01
4.0427420697e-01 1.6073088526e+00 1.0904866865e+00
2.6674629536e+00 -3.6117593920e+00 -2.5876217975e-01
-4.0000000000e+00 -1.5948848389e+00 1.4767811627e-01
2.3272515837e+00 -5.6546796217e-01 -4.7004806913e-01
6.2868759672e-01 -1.7980465863e+00 -6.1258585041e-02
-2.0797044818e+00 4.0000000000e+00 -9.9559736638e-02
3.8519901608e-02 -1.8516833534e+00 6.8864069077e-01
2.4623626719e+00 3.0246400116e+00 7.7754129127e-01
2.3388514584e-01 -1.8607514832e+00 4.6584830562e-01
3.6456820128e+00 3.2109621266e+00 1.5297674946e-01
3.5110640718e-01 -9.6303996452e-03 2.1212549760e+00
3.5283810564e+00 -2.8729030772e+00 -4.8127564980e-02
1.3894611434e+00 1.7081365894e-01 1.8079648442e+00
3.3125450294e-01 8.2021214728e-01 2.1542606265e+00
-1.4378568832e-01 -3.2006441574e+00 1.7323056296e-01
1.1924968182e+00 1.3657399910e+00 1.5311096905e+00
-2.9994789647e+00 -2.7201100191e-01 5.5388194815e-01
3.0454771066e+00 5.4245193863e-01 1.2194280396e-01
2.9389720374e+00 8.2827436001e-01 2.4831015221e-01
6.6841466231e-01 -4.0000000000e+00 6.9626013467e-02
-2.2589946572e+00 -1.4001709623e+00 2.7673387218e-01
1.5130958685e-01 2.5662128950e-01 2.2508494503e+00
-1.0635189420e+00 2.8682500887e+00 -8.4041179458e-02
1.4376731917e+00 2.1095502059e+00 7.2344859924e-01
-3.0584767650e+00 2.9588284598e+00 -1.3963966211e-01
2.4258688297e-01 1.2848619474e+00 1.4875098910e+00
1.6799233719e+00 2.5679330266e+00 6.2360565359e-01
-2.0645313481e+00 2.7616314515e+00 1.9023485725e-01
-1.8426758028e+00 -2.3077039938e+00 2.3049264338e-01
-3.7369002907e+00 1.8194603271e+00 -1.7640334082e-01
-2.5422271211e+00 2.7809001519e+00 7.4275347717e-02
2.6668373219e+00 -1.6599141288e+00 -8.7779687517e-01
1.2251739369e+00 6.9154982699e-01 2.2845046968e+00
-1.9169342939e+00 -4.0000000000e+00 8.6454895165e-02
2.5856159045e+00 -4.0000000000e+00 -2.6194871800e-01
-2.8977780778e+00 3.1236992946e+00 -8.6088826130e-02
-1.5135109987e+00 -3.2121575662e+00 3.3715816918e-01
-1.5571310183e+00 -3.5773739970e+00 3.0028713164e-01
3.1907397571e+00 -3.8966329982e+00 -1.0595790291e-01
7.6017729488e-01 1.8768179063e+00 7.3640516095e-01
7.8488005089e-01 -1.1473018911e+00 2.9212645833e-01
2.8057918203e+00 1.3590588618e+00 4.6452546294e-01
1.4283103182e+00 -2.1142146757e-01 1.1810494642e+00
-2.9194238883e+00 7.5591589260e-01 8.9537848425e-02
2.7626535533e+00 -1.2427751328e+00 -8.5704202527e-01
-3.0727283420e+00 4.0000000000e+00 -7.4742397553e-02
2.7025829029e+00 1.3793396952e+00 5.4912430976e-01
2.2677521232e+00 -5.3461704607e-01 -3.8249189213e-01
-2.9958947646e+00 -5.9402233896e-01 4.0833545919e-01
-1.1115980448e+00 -1.4257236337e+00 1.0764709606e+00
-1.8556453365e+00 -9.1858828612e-01 8.4707231138e-01
1.5199969825e+00 -3.3123160323e+00 -4.9200664331e-01
2.9066221526e+00 -2.7174326897e+00 -1.9697675456e-01
4.0000000000e+00 4.8809790790e-01 3.5068312811e-01
3.9484216677e+00 -2.6886745109e-01 1.4310201609e-01
-3.6706846975e-01 -1.6304752357e+00 1.0685179313e+00
-9.6691161544e-01 -1.9767841108e+00 9.0547293949e-01
-2.9185295734e-01 -3.0848975924e+00 2.4458259637e-01
-2.0180211885e+00 -2.0559399521e+00 1.9913748801e-01
-1.7673212882e+00 1.0740783311e+00 1.2699113092e+00
-1.7054235380e+00 -2.7989047161e+00 2.5883470678e-01
2.0927759505e+00 2.1759269682e+00 1.0177756391e+00
4.0215426413e-01 -7.3766719492e-01 1.1942057630e+00
-2.9132613036e+00 -2.5267611548e+00 8.9288342812e-02
-1.6205551629e+00 -8.7781134364e-01 1.0229443532e+00
2.5016458555e+00 -8.7919969516e-01 -8.6534387720e-01
3.1555881475e+00 -1.6738029365e+00 -3.5246839217e-01
-1.5021261549e-01 2.2244151491e+00 1.6626252793e-01
2.9671833156e+00 2.2204230720e-01 -1.2393424264e-01
2.4889197182e+00 -1.3816074730e+00 -1.1052541276e+00
1.8215675777e+00 5.6997067594e-01 1.5593479090e+00
4.0000000000e+00 3.8092468374e-01 3.6286232028e-01
2.9321959929e+00 -3.1132429247e+00 -1.9518169888e-01
-3.2682313476e+00 2.1834585865e+00 -1.6747077080e-01
-3.8156555739e+00 -3.4293733309e+00 1.0639510691e-01
8.5826924287e-01 1.6179475858e+00 1.1384339000e+00
2.0037421233e+00 2.2311317397e-01 9.2830229974e-01
1.6843779495e-01 -1.1021727569e+00 1.0147210843e+00
-3.1804592925e+00 2.9341611620e+00 -1.8269806593e-01
2.6008868528e+00 1.8214293186e+00 8.2983013911e-01
-2.3539755377e+00 -2.6455261015e+00 1.1078688297e-01
-3.7498533082e-01 3.3782097746e+00 -3.7110109127e-01
7.9084991655e-01 9.6972946585e-01 2.1221176977e+00
-2.6512546408e+00 3.4005052220e-01 4.1190227379e-01
2.2154671236e+00 1.2890413003e+00 1.0411800744e+00
-4.0000000000e+00 -1.4098164841e+00 1.9685317642e-01
1.5442511682e+00 1.9224038683e+00 9.6180054762e-01
2.9703680092e-01 2.7785332040e+00 -3.5915910148e-01
-3.2649173536e+00 -1.0640002947e+00 2.5905113841e-01
4.9539997670e-01 2.9177768086e+00 -3.4364447322e-01
1.4608405854e+00 2.0083858568e+00 8.3470485635e-01
-3.8203257027e+00 4.0000000000e+00 -1.1471402335e-01
-6.2241722238e-01 -2.1190544384e+00 8.4966749340e-01
2.9719954413e+00 -1.5243856390e+00 -5.8301501614e-01
-2.7643723292e+00 2.0205849082e-01 4.8156974857e-01
-1.4245033917e+00 -2.5967397296e+00 3.6987151148e-01
3.3937925249e+00 2.2336493705e+00 4.6020328226e-01
1.1619015062e+00 8.3929089842e-01 2.2169176252e+00
6.8517113595e-01 -1.5722253188e+00 1.2946961672e-02
-2.5996727121e+00 -1.5499280603e+00 9.6576213496e-02
-3.3623476629e+00 4.0000000000e+00 -6.6080971226e-02
5.6319331476e-01 2.8360326048e+00 -2.9449044328e-01
-3.7169252516e+00 -1.1255645846e+00 2.8383311201e-01
-2.8735091488e+00 6.1931724379e-01 1.6265864401e-01
-2.9140531118e+00 -3.1655807354e+00 3.5748555416e-02
2.3003480473e+00 2.5338503866e+00 9.6486482305e-01
-3.9424910831e+00 -3.4176505381e+00 1.3527377989e-01
4.0000000000e+00 2.7303073471e+00 2.9122943391e-02
2.3585234207e+00 2.4510357802e+00 9.8460248959e-01
3.7603142968e+00 3.2556617532e-01 2.2462455381e-01
2.7895845968e-01 -9.4713474300e-01 1.0550562738e+00
6.5346676448e-01 8.5429954076e-01 2.2642163239e+00
3.7357349737e+00 -3.3758270831e+00 -7.9625597162e-03
-3.9574942864e+00 -2.5141603878e+00 3.1208587375e-02
2.3828561004e+00 1.0016522097e+00 7.9788715311e-01
2.6393875710e-02 -3.2605155917e+00 9.0405839140e-02
3.0774534773e+00 -1.4474047797e+00 -5.0679272494e-01
3.9133889532e+00 7.4921430541e-01 2.8851754800e-01
6.7807892667e-01 -2.4523598900e-01 1.7589153466e+00
-3.2020478657e+00 1.8038956406e+00 -1.2740523859e-01
-2.6750107075e+00 -7.1551842377e-01 4.1850622997e-01
-2.0835692041e+00 -2.0477680504e+00 1.6676549092e-01
1.2949695259e+00 6.6364178862e-03 1.6809742236e+00
-1.3405696249e-01 1.8978850918e+00 6.5035234956e-01
-1.8295294705e+00 3.9520477414e+00 -4.9206830794e-02
2.5593311280e-01 9.8171383355e-01 1.8995545194e+00
1.9260488153e+00 3.4667776577e+00 5.5178735014e-01
3.1280304502e+00 -4.4541752395e-01 -5.2186102988e-01
1.4110004647e+00 2.5515373550e-01 1.8884254691e+00
1.5204140014e+00 -3.3849417442e+00 -4.4524099817e-01
-1.2290611282e-01 2.2320747833e+00 1.5233993321e-01
6.2126133651e-01 -1.7589901446e+00 -2.2778769810e-02
2.5871598704e+00 8.3688638420e-01 5.0587771135e-01
1.6644907047e+00 1.5451486416e+00 1.3166054481e+00
-3.2426203022e+00 2.1615460088e+00 -1.6017758561e-01
9.1569678715e-02 -2.2886920765e+00 3.2175889331e-01
2.9034085512e+00 -1.2706176691e+00 -7.2208148380e-01
1.1113089697e+00 2.2670303706e+00 3.5999028059e-01
8.3785644658e-01 -8.4544771528e-02 1.9153171648e+00
6.8628328332e-01 1.9372028453e+00 6.3206681142e-01
-4.0000000000e+00 -1.6478069035e+00 1.3386461974e-01
-4.0000000000e+00 -1.6986123778e+00 1.2078663928e-01
-2.2961871162e+00 9.0439803098e-01 5.1127543700e-01
3.0370774552e+00 -1.5676597411e+00 -5.0145393111e-01
-2.3467173181e+00 1.3710968716e+00 3.9565494714e-01
1.3704235400e+00 1.3289382321e-01 1.7790963151e+00
-1.5221773899e+00 -1.2707833236e+00 8.9539035074e-01
9.1512114084e-01 1.3142392383e+00 1.5972391040e+00
-4.0267840575e-01 -5.3606978952e-01 1.4073095632e+00
2.3618778341e+00 1.6461328481e+00 9.5540377349e-01
-3.9896786595e+00 -2.7927888802e-01 5.4691410642e-01
-2.4141166827e+00 -3.0660089742e+00 1.3831328362e-01
-1.4768142254e+00 -4.3491597839e-01 1.2856810978e+00
1.2252393652e+00 -2.4093243843e-01 1.3654920878e+00
1.0226342485e+00 -2.1965143678e+00 -8.0573328591e-01
-2.6577376206e+00 -1.6984015116e+00 6.9843505160e-02
2.5245541788e+00 -3.5818362191e+00 -2.8493842647e-01
-1.5288635239e+00 -1.8259133842e+00 6.5495479677e-01
3.6270547149e+00 -1.4099295979e+00 -1.6100540388e-01
-6.5061847695e-01 -2.2558732343e+00 7.4924654812e-01
-3.6264005833e-01 -1.2647197706e+00 1.1728568885e+00
-1.6688009841e-01 2.5615423751e+00 -2.1969378262e-01
-1.9004791936e+00 -1.7771297465e-01 1.1123749419e+00
3.0117454341e+00 8.2062698439e-01 2.2463534542e-01
1.0179462339e+00 -2.6561676486e+00 -7.6578088596e-01
2.4033118838e+00 8.0395548627e-01 7.2942423887e-01
-2.2817860596e+00 7.5767282331e-01 5.3637261040e-01
-2.3687535732e+00 9.4559420477e-02 7.2435465333e-01
1.1434369601e+00 7.5256851603e-01 2.3009727151e+00
-2.5376149992e+00 -9.3829952866e-01 3.5191638897e-01
-2.9507816140e+00 7.8050686073e-01 7.9757666477e-02
-3.6220226273e-02 -3.2719585425e+00 1.2466467149e-01
1.8463688326e-01 3.5775065908e+00 -2.5900965869e-01
2.1456684292e+00 -2.5438918152e+00 -8.4401467635e-01
1.2112567966e+00 -3.1127809031e+00 -6.0179535907e-01
2.5033631517e+00 -1.0602764201e+00 -9.9121687130e-01
8.1408151103e-01 2.5461030141e+00 -3.1653234129e-02
-3.1105605547e+00 -1.6874730833e+00 1.4224985495e-01
-1.1145674836e+00 3.2535409504e+00 -1.0178151817e-01
5.5260820858e-01 -1.5034390110e+00 2.7976234702e-01
-2.0882572970e-01 1.2689348751e+00 1.3602901078e+00
8.5842570099e-01 1.7946564389e+00 8.7683275643e-01
1.8100440108e+00 -2.2206713330e-01 6.3546982751e-01
9.1732481636e-01 -7.2044260187e-01 8.1892469253e-01
6.4211131950e-02 3.4513346794e+00 -3.5580971701e-01
2.7717611254e+00 -2.4453306356e+00 -3.4095221430e-01
-3.4856074510e+00 -1.9598921669e-03 6.3013736888e-01
1.0646086208e+00 3.8504421406e-02 1.9461590728e+00
2.2605187142e+00 -6.4683703359e-02 1.5899560921e-01
3.2060096090e+00 2.6310453079e+00 5.1584578951e-01
2.5863386856e+00 -4.2497494113e-01 -5.1891858495e-01
1.2226927419e+00 -3.1270117389e+00 -5.9401696320e-01
1.7899711892e+00 4.3002310086e-01 1.5150143245e+00
4.7481064764e-01 -2.0107839260e+00 3.7053849474e-02
2.8441350962e+00 -1.2322154583e-01 -4.0470589949e-01
1.7170434074e+00 -2.3271629533e+00 -1.2168693656e+00
-4.0000000000e+00 1.2762856842e+00 8.0780426442e-02
-1.5131428289e+00 -2.4125438512e+00 3.7715167195e-01
3.3215369891e-01 -2.6542228749e+00 -1.2045309423e-01
-1.8948651307e+00 3.1996715558e+00 1.6889077338e-01
-2.5437322479e+00 1.2960717682e+00 1.5848102495e-01
2.4203024510e+00 3.9912594499e-01 4.5269547283e-01
-2.9799473106e+00 4.0000000000e+00 -8.3079383108e-02
3.6867057966e+00 -2.0486846009e+00 -4.1605118650e-02
1.5036826524e+00 -3.1404586493e-01 9.1449450624e-01
-2.7582115543e+00 3.0330841485e+00 -1.7222148736e-02
-4.0000000000e+00 3.6577009714e-01 6.5274327427e-01
-2.9682645773e+00 -6.7496351553e-01 3.7155752265e-01
3.2033880054e+00 1.4822816295e+00 3.6678742265e-01
7.7656940223e-01 -3.1654512709e+00 -3.8694053404e-01
4.0000000000e+00 8.6152469339e-02 3.4656117036e-01
-6.9199563190e-02 -1.2648238458e+00 1.0725487221e+00
1.6836933179e+00 1.4334476216e+00 1.3980197315e+00
-3.9032229097e+00 -6.9652960572e-01 3.8281818416e-01
-4.1127424915e-01 3.1015611065e+00 -4.2386852667e-01
-3.1165445138e+00 3.2312553612e+00 -1.7166862009e-01
-2.7737534251e+00 -1.6066709734e-01 5.9845537724e-01
-2.1670662379e+00 4.0000000000e+00 -1.0837227581e-01
-2.0432372924e+00 2.9079027807e+00 1.7937098114e-01
2.8253093430e+00 -3.0553391887e-01 -5.2026172724e-01
2.4610754656e+00 3.4417630542e+00 5.4758193645e-01
-4.8013905295e-01 2.2157233600e+00 2.5344879476e-01
-3.3152075297e+00 7.3259089960e-01 2.0199238190e-01
2.1677398401e+00 2.7470565980e+00 8.7254476138e-01
-3.2921391443e+00 2.5700927053e+00 -2.0332407534e-01
5.5197917761e-01 -2.4796069191e+00 -3.0240251597e-01
-6.1040630487e-01 2.7888294573e+00 -2.6230576682e-01
-3.3408948669e+00 -1.6607491477e+00 1.7839651237e-01
-2.6442044020e+00 -3.3452599638e+00 6.6941901623e-02
2.4324343630e+00 1.3701457414e+00 8.1294595231e-01
5.6227574243e-01 1.6211418319e+00 1.0940450269e+00
2.3977901645e+00 7.8110418527e-01 7.3036919061e-01
9.2626900150e-01 3.5127691503e+00 3.3472248571e-02
9.5337949337e-01 1.8704200755e+00 7.8539455615e-01
-3.9140916369e+00 -8.3576204649e-01 3.4513068668e-01
-1.8761689003e+00 -1.7323575153e+00 4.1872538168e-01
2.0446991000e+00 -3.0479944010e+00 -5.5573555410e-01
-3.1100283146e+00 1.2377400733e+00 -4.6236326816e-02
3.2063204082e+00 -8.1917497620e-01 -5.3643843450e-01
-2.4897194790e+00 4.8008537969e-01 4.0958593577e-01
-2.5821694571e+00 1.4159186828e-01 5.7491788170e-01
-3.7473107443e+00 1.1700515711e+00 1.0701387866e-01
3.1566672111e+00 -1.9977421076e+00 -2.1907769973e-01
2.6087199503e+00 -2.7078635286e+00 -3.7390002237e-01
3.3897064991e+00 -1.9466097443e+00 -1.1375765641e-01
-2.6473737868e-01 6.6901454007e-01 1.7760742479e+00
-3.0454177799e+00 -4.0000000000e+00 8.2569429910e-02
-2.8369693207e+00 -1.9757354330e+00 7.8193964524e-02
-2.8572653355e+00 -2.0319942310e+00 8.2182039238e-02
3.8308585857e+00 5.5902959036e-01 2.8095210734e-01
2.7219322148e+00 5.8490720544e-01 2.7720666112e-01
-1.8366511667e+00 -1.4109288560e-01 1.1551113026e+00
8.3893685359e-01 1.7965049145e+00 8.7069133593e-01
2.9427625507e-01 -6.8844964962e-02 2.0514195658e+00
-1.5414100872e+00 -1.1918660576e+00 9.1497840720e-01
-2.5751033995e+00 6.0246694462e-01 2.7763422327e-01
-4.0000000000e+00 -2.1054541716e+00 3.2895640203e-02
-4.1050902604e-01 -3.5749813472e+00 2.8562913683e-01
-2.9184250326e+00 2.0089968083e+00 -9.4653163134e-02
9.2618485487e-01 2.9647316809e+00 -1.0727271151e-01
-4.0000000000e+00 3.2656361807e+00 -2.1103997609e-01
1.9619579154e+00 2.6370736059e+00 8.0810555489e-01
9.0687276220e-01 2.9513662526e+00 -1.2043068334e-01
-4.7869263011e-01 -7.7526734937e-01 1.2670993663e+00
-4.0910366020e-01 -1.6465294314e+00 1.0757497793e+00
2.7074477260e+00 9.9653494370e-01 4.2239950046e-01
4.6028833527e-01 1.9111148073e+00 6.4332755342e-01
-1.3530311840e+00 -1.6097873207e+00 8.8520661834e-01
-2.0116431046e-03 -2.3635629328e+00 3.5668971969e-01
-1.3831250099e+00 2.5179903317e+00 2.6900909962e-01
3.0661798446e+00 1.8063586819e-01 -1.5652532376e-01
1.9351713748e+00 3.0792424181e+00 6.7560479983e-01
-3.1274733231e+00 -4.0000000000e+00 9.4125315628e-02
-2.7839479678e+00 1.1613973544e+00 6.2562357075e-04
-1.7709953676e+00 -8.5644077051e-01 9.4555788199e-01
-6.9064674472e-01 -1.5267732738e+00 1.1471964390e+00
2.5757034181e+00 1.3106018487e+00 6.3872419337e-01
2.8126973362e+00 -2.1980449338e+00 -4.1540203569e-01
5.1635284155e-01 3.6797036171e+00 -9.2234611135e-02
8.3167458335e-01 -2.2820670125e+00 -5.8202277261e-01
3.4967347190e+00 -3.6427050115e+00 -6.3179072997e-02
-2.4089676117e+00 -2.2551435501e-01 7.5732783300e-01
-4.0000000000e+00 2.3733934545e+00 -3.7577330684e-01
-3.7342639755e+00 -2.0616078973e+00 9.8532809482e-02
1.2207005486e+00 2.8816717139e+00 1.2821433294e-01
2.5079844729e+00 -3.5115839838e+00 -2.9074732135e-01
2.4027673384e+00 -2.8902596208e+00 -4.4565798269e-01
-2.3479812185e+00 -1.3869922775e+00 2.2973983166e-01
4.0000000000e+00 2.8371969180e-01 3.6711825296e-01
3.5579675023e+00 3.6928990438e+00 1.3652627731e-01
2.5150616185e-01 2.9184585014e+00 -4.2166101699e-01
-1.8897845661e+00 -5.0223385042e-01 1.0599095294e+00
-7.1510504521e-01 4.0000000000e+00 -3.2874669133e-02
3.6042273906e-01 2.0303961369e+00 4.4659424800e-01
3.6359002572e+00 4.0000000000e+00 1.0401325901e-01
-8.5379532929e-02 5.2826808002e-02 2.0411927746e+00
-3.2095917780e+00 -2.6814320929e+00 5.9330151751e-02
8.3828930163e-01 -8.4135553579e-02 1.9156778974e+00
-3.7212375642e+00 2.2274835521e+00 -2.8353778098e-01
-1.7742943502e+00 -1.6568026372e+00 5.3330837225e-01
-1.1252906649e+00 -1.1134993261e+00 1.1408677623e+00
-3.9767973218e+00 2.5677120225e+00 -3.6799355331e-01
1.9652144440e+00 1.6898081549e+00 1.1693712144e+00
-2.4345542979e+00 -6.6437421749e-01 5.8706030294e-01
2.0425804051e+00 2.2489195451e+00 9.8113002031e-01
2.3201121423e+00 1.5093173073e-01 3.2388827626e-01
-2.8398060110e-01 -3.3832931136e+00 2.4081664249e-01
7.4146780126e-01 2.5690028434e+00 -8.1796826703e-02
4.0000000000e+00 -1.8393586217e+00 -8.0293721698e-02
1.1202694765e+00 2.3891723691e+00 2.6023660053e-01
3.8457733085e-01 1.6407802386e+00 1.0398926900e+00
-2.6119076090e+00 6.8305162150e-01 2.1577158116e-01
2.6728698102e+00 -8.6943382141e-01 -8.2739986879e-01
2.2960611687e+00 4.0000000000e+00 1.9762517885e-01
8.8195854774e-01 2.3371981710e+00 1.7401063173e-01
2.6404692018e-01 1.0405381887e+00 1.8251182935e+00
3.3316585910e+00 1.0959899514e+00 2.2642482593e-01
2.2971187324e+00 -1.9540894056e+00 -1.1578803194e+00
3.4182558531e+00 2.9646081442e+00 2.9063627459e-01
3.3820808011e+00 -1.3486462030e+00 -3.0277294222e-01
-1.2519113929e+00 3.7650309865e+00 -1.7998173266e-02
-3.6256912601e+00 2.4000432250e+00 -2.8225594866e-01
2.9546965132e+00 3.3305710967e+00 3.9091483216e-01
2.8994492856e+00 1.1556213150e+00 3.3333004298e-01
3.8546462970e+00 2.4310465551e+00 1.2507609199e-01
2.8939597190e+00 3.3542946795e+00 4.0991898215e-01
3.8682119851e+00 -2.8640439196e+00 -4.1298169564e-03
2.3345844379e+00 2.4571733159e+00 9.8428065388e-01
3.4976201251e+00 -1.5700915480e-01 -1.7404360645e-01
1.7552718909e+00 -3.6143113830e+00 -3.3710212234e-01
1.3877473226e+00 1.4640952312e+00 1.4102495443e+00
4.7327008209e-01 3.2642230360e+00 -3.1952541445e-01
1.9211325145e-01 -2.4815482018e+00 9.5722220072e-02
-3.1633814393e+00 -1.9958163978e+00 1.2835735938e-01
3.1218656800e+00 -4.0000000000e+00 -1.0751408778e-01
5.4728838422e-01 -1.7528529108e+00 9.8726827633e-02
-3.9177605369e+00 8.6703364928e-01 3.5985997092e-01
-1.1874357618e+00 -9.5043837311e-01 1.1626759128e+00
-1.8613024479e+00 -3.0692339570e+00 2.5576476491e-01
-2.5064808731e+00 -1.8428035249e+00 6.1212678818e-02
-3.5295544538e+00 2.7809598689e+00 -2.7634837436e-01
3.4222668450e+00 1.6911406385e+00 3.8116381446e-01
-2.6192073757e+00 3.4664819108e+00 -1.5357260505e-02
-7.3631853202e-01 -3.2533037852e+00 3.6030984693e-01
2.6366536178e+00 -1.5585195839e+00 -9.4353559374e-01
-1.7464722529e+00 -2.0646416933e+00 3.6583612829e-01
1.9851440634e+00 2.1593052694e+00 9.9317185445e-01
3.1838223404e+00 -9.0135411257e-01 -5.4554818746e-01
1.1339627419e+00 8.0661248472e-01 2.2613678672e+00
1.9665044834e+00 5.9476408693e-01 1.3344136034e+00
-3.5253959614e+00 -6.3724193882e-01 3.9610059268e-01
-3.6793510583e+00 -2.8464965947e+00 4.3101920799e-02
-2.5967240481e+00 -2.4327137005e+00 7.7850572934e-02
3.6065118049e+00 -1.6550011377e+00 -1.1466874589e-01
-3.8028763084e-01 3.7227413046e+00 -1.9533045164e-01
3.4451689006e+00 -2.2951246054e+00 -4.0811095210e-02
-3.1781046239e+00 1.6780319058e+00 -1.1372780497e-01
1.5322956220e+00 9.9191758413e-01 1.8398781583e+00
2.4277464600e+00 1.4739647771e+00 8.4878956990e-01
-3.3895244126e+00 2.4184927572e+00 -2.2052834672e-01
6.2773148849e-01 -5.3702506347e-01 1.3532939757e+00
1.8047948404e-01 -2.0173739876e+00 4.2060381712e-01
4.0000000000e+00 -1.4642568056e+00 -7.2626212754e-02
8.7367197985e-02 -1.9420970070e+00 5.7760920588e-01
4.9633211529e-01 1.1091261637e+00 1.8351591018e+00
2.0706247456e+00 2.0421422007e+00 1.0516121977e+00
9.6261336006e-01 1.0339569688e+00 2.0243336203e+00
2.1442880570e-01 2.5834457051e+00 -2.4428658050e-01
-2.6195028199e-01 2.8692776810e+00 -4.0879840540e-01
2.8619780727e+00 2.1236245224e-01 -1.1517258463e-01
-1.6306298832e+00 3.1791489611e+00 1.2135090428e-01
-3.0596044530e+00 -7.1839543496e-01 3.4842905591e-01
3.4302592758e+00 -2.5445262082e+00 -4.2420859408e-02
-3.7943489844e+00 3.2152268533e+00 -2.4551905453e-01
1.6152745907e-01 3.0215637885e+00 -4.5794565863e-01
-1.8468898379e+00 4.0000000000e+00 -7.2488844607e-02
-1.7618306599e+00 3.6994773022e-01 1.1353282189e+00
-2.4523249239e+00 -3.5952044280e+00 7.9816583908e-02
1.8313571516e+00 1.1192136927e+00 1.4884513613e+00
2.7464601681e+00 4.0000000000e+00 1.8166829890e-01
-2.2372675119e+00 3.3674844883e+00 1.2379409414e-01
3.7901466778e+00 -2.2737646914e+00 -3.6587105982e-02
2.6309125564e+00 6.5841943945e-02 -1.3641394066e-01
-1.4394138232e+00 2.6760881510e+00 1.7530506256e-01
1.6797484881e+00 1.5788789125e+00 1.2883541001e+00
2.6232459452e-01 -1.9767146520e+00 3.4963324185e-01
-1.2749579970e+00 -4.8648459095e-01 1.3184622935e+00
-2.4335453058e+00 -2.2801499958e+00 5.8327995539e-02
1.3860257154e-02 4.0000000000e+00 -5.2648117291e-03
-3.4109686484e+00 -2.1753095900e+00 1.1530110581e-01
7.3171704111e-01 1.6300432608e+00 1.1034762437e+00
-4.0000000000e+00 -7.4927185207e-01 3.6601969952e-01
-2.2388579356e+00 1.6680797288e+00 4.6397056866e-01
-1.1573245339e+00 2.1601139692e+00 6.0915872083e-01
-2.8405081750e+00 3.3159981321e-01 3.7919557336e-01
3.7271353232e+00 -3.3079812706e-01 -8.0174964648e-02
1.5701123786e+00 1.4536509658e+00 1.4090215235e+00
-1.5386412821e+00 3.2348680203e+00 9.1816334985e-02
6.0365409016e-01 -1.5225913826e+00 1.8513029167e-01
-1.7866847344e+00 -1.4974457196e+00 5.9300843245e-01
6.3873366687e-01 2.5933319203e+00 -1.4199423158e-01
1.6267657306e+00 -1.2776078972e-01 1.0482067641e+00
3.0715753736e+00 -8.7119554618e-01 -6.2239765552e-01
5.9364798217e-01 -2.5179087093e+00 -3.6038996638e-01
3.2461372915e+00 -1.8496002774e+00 -2.1773808789e-01
1.2583936582e+00 -3.4174840474e+00 -3.9658711010e-01
-2.9663511116e+00 1.2415053875e+00 -5.1268602471e-02
2.1954776207e+00 1.5483684917e-01 5.2263361983e-01
1.4706649209e+00 -2.6118307187e+00 -1.0170093903e+00
6.0061590712e-01 -1.5320170551e+00 1.8210993838e-01
2.0681609085e+00 -1.4659708943e-01 3.4728128623e-01
-1.4814529282e+00 -2.7540959628e+00 3.2608832216e-01
-1.2233977835e+00 3.1562349942e+00 -5.2443405662e-02
-3.6745137013e+00 1.3737558170e+00 -5.0099008195e-03
-2.3851319452e+00 3.5125094967e+00 4.8495298618e-02
-1.3592575094e+00 3.5608983320e+00 1.6708902186e-02
-2.7265383724e+00 1.9410577816e+00 -3.8691091550e-02
1.9557249517e+00 -2.4441166978e+00 -1.0493545419e+00
-1.1489510728e+00 2.7831003828e+00 -2.6688316313e-03
-1.8418102342e+00 -2.9338773576e+00 2.4134646886e-01
-1.9739567085e+00 -1.0762297108e+00 6.5688635764e-01
3.2271425476e+00 -1.8319782283e+00 -2.3667001761e-01
-3.3494461234e+00 -2.6326340936e+00 5.6900783821e-02
3.5979495400e+00 1.3244668033e+00 2.5086556636e-01
2.5828528901e+00 3.3260129466e+00 5.7173421547e-01
1.2742239148e+00 -2.9913549280e-01 1.2162184807e+00
1.7875485162e+00 -3.7247199338e+00 -3.0412138303e-01
-2.5577563202e+00 -3.9465507727e+00 1.8706396058e-02
3.5839867613e-01 1.7516249594e+00 8.7650169558e-01
3.0437701141e-01 2.0663263841e+00 3.8667096370e-01
2.0961647579e+00 4.0000000000e+00 2.1718405869e-01
-2.8599531281e+00 1.8559424095e+00 -8.5152195163e-02
-1.3700850771e-02 -3.7456882494e+00 1.9083222490e-01
3.6677326127e+00 3.9477792682e+00 9.9049261920e-02
2.4692029993e+00 -1.4430629879e+00 -1.1270595038e+00
-8.0530518311e-01 2.3059156170e+00 2.6705784509e-01
-1.0745567098e+00 3.7883365295e+00 -4.9756059143e-02
1.4217264098e+00 3.5176931865e-01 1.9797268372e+00
4.2024624255e-01 2.9552281799e-01 2.3931851905e+00
4.0000000000e+00 -2.0184950285e+00 -8.3229580336e-02
1.5106861969e+00 -4.0000000000e+00 -1.7888076784e-01
2.5953634383e-01 1.0470490883e+00 1.8136919819e+00
-3.7631674023e+00 -1.8629118202e+00 1.3171236306e-01
-2.2981904951e+00 1.9533511243e+00 2.7163926849e-01
4.0619140237e-01 -6.8983686934e-01 1.2484908545e+00
2.5389169608e+00 3.1816091562e+00 6.7235868764e-01
1.9650069130e+00 5.9309156615e-01 1.3360498167e+00
-1.6037211295e+00 -2.4205938875e+00 3.2692922130e-01
3.4770016917e+00 -1.6497109452e+00 -1.6185234368e-01
-3.2574241440e+00 7.2686877466e-01 1.8343308099e-01
2.1105538698e+00 3.0593517927e+00 7.5258593635e-01
3.4528498375e-01 3.1737049171e+00 -4.0014632179e-01
-1.8751586911e+00 -2.9514728661e+00 2.3682956483e-01
-2.2206782170e+00 1.1596057451e-01 8.2570828014e-01
7.8756629618e-01 1.2123653107e+00 1.7419089819e+00
-1.7976036632e+00 2.7863914086e+00 1.9589332812e-01
2.1355612733e+00 -3.8056027680e-01 -4.4907805428e-02
2.2769396166e+00 3.3689024438e+00 6.3234873606e-01
-3.0550698419e+00 -9.1419791768e-01 2.7476991632e-01
-2.1370477254e+00 1.8197895634e+00 5.2586670961e-01
3.0006432999e+00 -2.2868466104e+00 -2.2199390321e-01
-3.2148960530e+00 -4.0000000000e+00 1.0393951450e-01
-5.7977323243e-01 -4.0000000000e+00 3.0081289067e-01
1.9460988573e+00 2.4455318204e+00 8.6495827398e-01
6.1771927978e-01 3.0239415832e+00 -2.9617632353e-01
-2.5797078181e-01 3.2306425633e+00 -4.4453408952e-01
-1.6490915118e+00 -1.3714030976e+00 7.5992065357e-01
-3.1962279768e-01 -2.2224664237e+00 6.8303062316e-01
-3.8472178946e+00 -2.5321592465e+00 3.9149536944e-02
-1.1041414945e-01 2.3609823596e+00 -1.4504458899e-02
-1.8651901226e+00 -4.0000000000e+00 9.9014037138e-02
-4.1064315948e-01 -3.7823946321e+00 2.8927066681e-01
3.4075958301e+00 1.8925801489e+00 4.3623525904e-01
3.0038180183e+00 -1.5908940355e+00 -5.2539321916e-01
2.5426986872e+00 -3.1541397514e+00 -3.1137897643e-01
-1.7140971051e+00 2.4534375656e+00 3.4505295107e-01
3.9915934246e+00 -8.5358884997e-02 2.8111845963e-01
7.7487545002e-01 -2.3389752954e+00 -5.2556635773e-01
-3.2960477424e+00 -2.8462851590e+00 3.6365636433e-02
2.2296558397e+00 3.3402314587e+00 6.5180243306e-01
-9.7903751433e-01 -1.6314402187e+00 1.0674296733e+00
2.3227362561e+00 2.2401492237e+00 1.0209649783e+00
-1.9838859307e+00 3.0113948585e+00 1.7540970669e-01
1.9271433824e+00 -2.5532823750e+00 -9.8029374527e-01
-3.3557474195e+00 2.6609408056e+00 -2.2776513127e-01
-2.0072071785e+00 -3.9123857128e+00 9.7856831650e-02
-2.5662407469e+00 -2.1914570974e+00 5.2964981976e-02
-2.8572344941e+00 4.9497734890e-01 2.4885691649e-01
3.4846384669e+00 1.6912828684e+00 3.5897955167e-01
4.1917143256e-01 -3.5061660624e+00 -4.7007596845e-02
8.3474535816e-01 4.0000000000e+00 1.6047100692e-01
1.2652391507e+00 7.7112254616e-01 2.2116629833e+00
1.4185191068e+00 -3.7986284267e+00 -2.2581046304e-01
-3.6153267451e+00 4.7990188822e-01 4.8289983369e-01
2.8563510347e+00 -1.9917519260e+00 -4.8666104520e-01
2.9810899137e+00 -1.6331944768e+00 -5.3159447474e-01
3.3409688367e+00 -2.7874022285e+00 -7.1902494630e-02
4.0000000000e+00 -2.0355235187e+00 -8.3288610581e-02
-3.5067309899e+00 -1.1304723941e+00 2.7350831808e-01
3.4518263563e+00 -2.1499344597e+00 -5.3494702315e-02
2.9141596297e-02 -2.4337018256e-02 2.0371665808e+00
1.4275762642e+00 -9.9441595760e-02 1.3605073937e+00
-2.4881792184e+00 1.3610766854e+00 2.1064850019e-01
-2.1588182244e+00 -1.2495427271e-01 9.2910442051e-01
-3.2619011983e+00 1.3493733485e-02 6.0314401247e-01
-2.3467509610e+00 2.4205902683e-01 6.6736361090e-01
2.7093533317e+00 1.5029480110e+00 6.0123832925e-01
2.7756683509e+00 -2.2334362210e-02 -3.0564073174e-01
2.0256142324e+00 4.6807827315e-01 1.1487089997e+00
5.8771601694e-01 1.2038647747e+00 1.7174734260e+00
2.7251829603e+00 1.0316505872e+00 4.1475314456e-01
2.9944926089e-01 1.7488474595e+00 8.7430072281e-01
-2.5968000445e+00 3.2583396255e+00 2.8202092265e-02
-3.3345752274e+00 -2.6392739734e+00 5.6909363124e-02
3.0386563327e+00 4.0977230057e-01 3.3016940911e-02
8.4843896266e-01 2.4568946058e+00 5.1858140081e-02
3.0909112012e+00 3.4059682371e+00 3.0421583277e-01
2.9717428140e+00 2.4051347338e+00 7.1690786768e-01
4.6116285935e-01 1.1987148428e+00 1.6870966041e+00
3.5248276412e+00 3.6944124041e+00 1.4315548951e-01
1.0644514477e+00 2.4308454065e-01 2.2167139407e+00
2.0875677885e+00 2.7245376671e+00 8.4811957353e-01
-3.4862536110e+00 6.5616377756e-01 3.1924545451e-01
-5.3756035078e-01 3.1864510483e+00 -3.7852198865e-01
3.6490507484e+00 4.2403062501e-01 1.9425199860e-01
1.6824613132e+00 3.0499381281e+00 5.1858583790e-01
1.1699577067e+00 1.4748074554e+00 1.3822135886e+00
-3.4262789012e+00 -1.1398661180e+00 2.6433316614e-01
3.6648545662e-01 -6.3902858924e-01 1.3229409319e+00
2.3369508766e+00 4.0000000000e+00 1.9446153529e-01
8.7906149913e-01 -3.4065647401e+00 -2.9471817374e-01
1.1266416156e-01 -1.7512457189e+00 6.7762141801e-01
-1.5791147178e-01 -9.7848371367e-01 1.2034072328e+00
-3.5736552562e+00 -4.0170046250e-01 5.0604064232e-01
-2.6809256889e+00 -1.8266951827e+00 5.9758292061e-02
-1.1826084372e+00 3.4855529933e+00 -4.6844731801e-02
3.9755277808e+00 -1.6713635832e+00 -7.5158648725e-02
1.9036182387e+00 3.4227814602e+00 5.6600357523e-01
3.8650728708e+00 -1.4906228013e+00 -8.5751276881e-02
-2.1560124793e+00 3.2929393360e+00 1.5227264216e-01
3.7408486921e+00 1.5759397917e+00 2.5481693758e-01
-1.9115674305e+00 -2.7195553995e+00 1.9935229207e-01
-3.0757908770e+00 2.5074045880e+00 -1.2986015325e-01
-2.1951492233e+00 3.5114007565e+00 9.0639895398e-02
1.2505159527e+00 1.7831222947e+00 9.9365647973e-01
-2.6144645370e-01 -7.2774845238e-01 1.2973816800e+00
3.5420290009e+00 -3.0887666249e+00 -5.4710020782e-02
-2.2637307283e+00 5.5365140201e-01 5.9457919889e-01
3.2300886559e+00 2.6306844667e+00 4.9982555228e-01
1.9356119114e+00 1.9262715501e+00 1.0782913612e+00
-1.9882345822e+00 -8.7070087317e-01 7.8277198302e-01
2.5029335649e+00 1.4787657774e+00 7.7509401682e-01
-9.1866293674e-01 3.6473563711e+00 -1.1376844127e-01
1.2964348040e+00 8.3071810073e-01 2.1461608445e+00
-3.7314409905e+00 -3.9001811228e+00 9.9762287273e-02
2.8127341983e+00 -1.7517998309e+00 -6.6585846523e-01
-3.3657640063e+00 -4.0000000000e+00 1.1385219226e-01
1.5519978479e+00 8.7878421963e-01 1.9010409755e+00
-1.5144588097e+00 -1.7818284195e+00 6.8843811084e-01
4.0000000000e+00 -1.5244961445e+00 -7.3942548810e-02
-2.5736033385e+00 -2.2976987353e+00 6.2314087651e-02
2.5924063081e-01 3.0680926422e+00 -4.3875993100e-01
-1.2407679126e+00 2.4549978759e+00 2.8173480731e-01
1.7996797322e+00 2.3206005183e+00 8.2647342864e-01
2.8060758272e+00 7.4271876404e-01 2.8988623707e-01
-1.4687942568e+00 2.4908863274e+00 3.1032920746e-01
1.5778456585e+00 5.4813648963e-02 1.3934221692e+00
-3.0661933199e+00 1.5938832377e-01 5.2031939918e-01
-1.0318973435e+00 3.1407227943e+00 -1.5238603758e-01
-3.9806415723e+00 -3.3682949547e-01 5.2313097556e-01
-1.7534844401e+00 -2.8236592890e+00 2.4831718402e-01
2.3967689288e+00 2.6025980121e+00 9.4522837605e-01
8.0109645387e-01 2.7334062997e+00 -1.4029319771e-01
-3.3382739665e+00 -3.0443150495e-01 5.4772623432e-01
-3.6294446554e+00 1.4189765584e+00 -2.7962642085e-02
1.2663734210e-01 -2.6037725542e+00 9.7198558687e-02
-2.8733029122e+00 2.2169130160e-01 4.6122236443e-01
2.0948499794e+00 2.4554890265e-01 7.9910613575e-01
-3.0389444820e+00 1.5932048989e+00 -1.0175002652e-01
2.8888126653e+00 -1.0031028899e+00 -7.5081058329e-01
-2.8516312587e+00 2.1380014861e+00 -7.1300412448e-02
9.6379370007e-01 -4.2776152485e-01 1.2979114468e+00
2.7239235744e+00 1.3804066914e+00 5.3253675449e-01
1.6258166579e-02 3.6743386920e+00 -2.2639970791e-01
-1.4846826564e+00 -2.5984855803e+00 3.4453059260e-01
9.2695645142e-01 -2.4157231185e+00 -7.1102076437e-01
-3.9999410775e+00 -2.5488289784e+00 3.1838211548e-02
4.3336536629e-01 2.8648850586e+00 -3.5402303268e-01
-2.5013166421e+00 -2.3091016963e-01 7.0027778300e-01
2.7573820714e+00 1.9653257041e+00 7.8629028119e-01
-2.3335919586e+00 -3.6661340227e+00 9.3252531393e-02
2.0202056020e+00 -2.3626067672e+00 -1.0743321613e+00
4.0000000000e+00 -2.9363148695e-01 1.7483256747e-01
1.4748619856e+00 8.8970966559e-01 1.9645158980e+00
-2.6445186652e+00 -4.3598616143e-01 5.7184764445e-01
2.3368864503e+00 -4.9470777201e-01 -3.9914008306e-01
-1.9297452194e-02 -3.2226009537e+00 1.1064116120e-01
2.2645462008e+00 -3.0085779894e-01 -1.1012942328e-01
-3.8181550291e+00 1.2097724149e+00 9.8109651590e-02
-1.1253624695e+00 -8.0138291647e-01 1.2177080916e+00
-2.8438699189e+00 1.1214101838e+00 -1.2143782410e-02
3.7296684426e+00 3.1717067459e+00 1.3254008654e-01
8.6798147439e-01 2.3270313976e+00 1.7784240397e-01
1.2525551024e+00 2.7178786028e+00 1.8849986332e-01
3.6538993129e-02 -1.9235279156e+00 6.4219443814e-01
1.9736096200e+00 4.0000000000e+00 2.3029154314e-01
-3.0018139621e+00 -9.5473531972e-01 2.5799304690e-01
-1.9183062631e+00 -4.1513933632e-01 1.0680738071e+00
-3.1704358157e+00 2.6587075552e+00 -1.6803281970e-01
3.0858745758e+00 2.8079867585e-01 -6.9646149926e-02
-1.3106400589e+00 -1.1929586923e+00 1.0473371922e+00
1.9841708187e+00 2.9117164828e-01 1.0425298610e+00
-2.5806432191e+00 -4.0659071019e-02 6.4992839266e-01
2.9838085264e+00 3.1325379934e+00 4.6599646949e-01
-2.7270489768e+00 7.6293681793e-01 1.2113438021e-01
-2.4106639032e+00 2.6392217441e+00 1.1346743604e-01
6.7301952407e-01 -1.1096295171e-01 1.9506818322e+00
-3.6446629133e+00 -9.3999513732e-01 3.1848666396e-01
1.7631565599e+00 6.5911838616e-01 1.6805706556e+00
3.0817526341e+00 2.1487149302e+00 6.5198532547e-01
-4.8516569971e-01 2.5396761277e+00 -1.2234436699e-01
3.5237190969e+00 1.1466841230e+00 2.2923126586e-01
-2.4661204249e+00 3.1962877143e+00 8.7899087822e-02
-2.6758663139e-01 2.8763146221e+00 -4.1056175308e-01
-1.6697298812e+00 -2.2942220601e+00 3.2576729226e-01
1.3155430474e+00 -3.3274974091e+00 -4.6560438190e-01
3.8124425399e+00 -3.0901120587e+00 5.5284475063e-03
4.3410039023e-01 2.9509602104e+00 -3.7346084314e-01
-4.0000000000e+00 2.4791651508e+00 -3.7679991270e-01
3.0741875603e-01 -3.6078879895e-01 1.6862891881e+00
-2.8515773021e+00 -1.3134614245e+00 1.4583576993e-01
1.4785645084e+00 -2.5142771444e+00 -1.0768259957e+00
2.5067342254e+00 -6.2767739476e-01 -6.4282963372e-01
3.1925689074e+00 1.0759390675e+00 2.3380172039e-01
3.0526892020e+00 -2.9874962527e+00 -1.5421404692e-01
4.0000000000e+00 -1.2939735582e+00 -6.8353942563e-02
-2.5169528950e-01 -1.1384377149e+00 1.1785392561e+00
2.9457249682e+00 2.0665442747e-01 -1.3627173171e-01
-2.5255549534e+00 -1.6632675498e-01 6.9041885232e-01
9.9701188702e-01 3.3282884056e-02 1.9886980722e+00
9.2840052423e-02 2.7261800040e-01 2.2191030460e+00
3.6590775663e+00 -1.8888535494e+00 -6.1741214377e-02
1.3453265108e-01 1.9348033412e-01 2.2178954031e+00
2.9865386029e-01 3.0614276541e+00 -4.2769405180e-01
3.3649813913e-01 2.1683554770e+00 2.3966045279e-01
-1.5109211699e+00 -3.3267306737e+00 3.3715283944e-01
1.3458691500e+00 1.7421613480e+00 1.0765041487e+00
2.2197938729e+00 -2.7007395652e+00 -6.7631102694e-01
2.8861262156e+00 -2.2892590592e+00 -3.0707411672e-01
-4.2683224865e-03 4.7573365563e-02 2.0757744270e+00
-2.7372907482e-01 -2.8811844423e+00 2.7064334298e-01
-3.7712380126e+00 -1.3715945177e+00 2.3244358221e-01
-2.8294929651e+00 3.0882468536e+00 -5.3216659978e-02
1.9696965541e+00 2.4722026607e+00 8.6889745834e-01
1.6850182859e+00 1.9041479291e+00 1.0345341969e+00
2.7726666263e+00 1.5331857423e-02 -2.7097551953e-01
1.9562099867e+00 1.5751474520e+00 1.2119496195e+00
2.3726805478e+00 1.3829272520e+00 8.8192201710e-01
1.5465629993e+00 1.5175279943e+00 1.3517057802e+00
-2.4271595522e+00 -1.2357431313e+00 2.5239813926e-01
-1.5000967033e+00 -2.5195669710e+00 3.5430558406e-01
-3.1498469825e+00 2.1112348398e+00 -1.3865730331e-01
1.8442388868e+00 -1.8682487381e-02 8.7658879382e-01
1.9997559190e+00 2.0564006971e+00 1.0359866672e+00
5.3730113928e-01 2.1077550027e+00 3.5287146441e-01
6.2928355564e-01 -2.7329949087e-01 1.7379018852e+00
-4.2764656252e-01 4.0000000000e+00 -3.4383534523e-02
-2.1334250779e+00 -1.4239381355e+00 3.5206881030e-01
7.7915455669e-01 7.0664675156e-01 2.4404666493e+00
-2.0239958994e+00 -2.7392563525e+00 1.7639884084e-01
1.5829602006e+00 -4.3465904093e-02 1.2394202648e+00
1.1420990864e+00 2.5114465920e+00 1.9126653062e-01
1.5694642372e+00 -3.2856041681e+00 -5.0951820726e-01
1.3149066860e+00 3.9930323600e+00 2.4089934515e-01
-3.3292733527e+00 5.6073396474e-01 3.1643160269e-01
-1.7398279366e+00 -2.9129860170e+00 2.6111813654e-01
8.9096971706e-02 -4.0000000000e+00 2.1614969690e-01
2.4860186185e+00 -1.7415142172e-01 -2.3514177876e-01
-3.8637685888e-02 -1.6800050826e+00 8.6028779725e-01
1.2149411726e+00 -2.8287527600e+00 -8.0361023591e-01
2.1112513646e+00 -3.0135660237e+00 -5.4610645031e-01
2.3135175980e+00 3.2289400358e+00 7.0546476356e-01
2.4933447320e-02 -1.5074161480e+00 8.9942223979e-01
1.3436452009e+00 1.8263462597e+00 9.7599235550e-01
1.1861370992e+00 2.3681264827e+00 3.2167347980e-01
1.4646619829e+00 -2.8437630900e+00 -8.5688321739e-01
-2.7263305166e+00 -3.4683242241e+00 4.2603939463e-02
-3.5575239438e+00 4.0000000000e+00 -7.7625653375e-02
-4.0000000000e+00 3.4620697356e+00 -1.7473984169e-01
-1.8464111846e+00 -2.9296235629e+00 2.3975294311e-01
2.7279167474e+00 1.7391701501e+00 7.0446823399e-01
-4.0000000000e+00 2.3184326685e+00 -3.7211855055e-01
-2.3689897189e+00 4.0000000000e+00 -1.2161462770e-01
-1.3383462183e+00 -2.0624510627e+00 6.6101305632e-01
-3.4556162159e-01 -2.2452681741e-01 1.7246289981e+00
-3.9654029221e+00 -1.3761229617e+00 2.1120602204e-01
3.3455068948e+00 -3.6936996154e+00 -9.3183027340e-02
-4.0000000000e+00 -3.1355470716e+00 1.3308732046e-01
-1.3258554797e+00 -2.7166308026e+00 3.8104910659e-01
-2.3147756331e+00 7.9771556244e-01 4.9070921302e-01
-3.0766366984e+00 -1.8181085255e+00 1.2666990595e-01
3.5710974894e+00 -9.7144062184e-01 -2.7949609866e-01
2.8224691022e+00 -1.5640712026e+00 -7.3149931120e-01
-2.8501549702e+00 -1.7602418772e+00 8.5731524870e-02
1.4466009209e-01 5.4739087878e-01 2.2266431985e+00
1.6217616074e+00 4.8025442324e-01 1.8144524642e+00
1.5706549601e+00 -3.3896552108e+00 -4.4310924138e-01
3.3651430299e+00 4.0556983885e-01 8.0451303285e-02
-2.9970579457e+00 3.8241926263e+00 -1.0250468626e-01
1.4687358177e+00 1.6238217775e+00 1.2401951647e+00
-2.5982989162e+00 -4.2520037444e-01 5.9898098096e-01
-2.8039911011e+00 -2.6699773985e+00 9.0418580201e-02
-2.6339295567e+00 -1.4192368491e+00 1.2244356363e-01
2.7560443702e+00 2.5833645766e+00 8.1772100877e-01
-2.0425788684e+00 2.1378818046e-02 9.9154113575e-01
3.8276619133e+00 1.5301949125e+00 2.2773849454e-01
-2.1192422092e+00 -9.2542471525e-01 6.4457151751e-01
9.4882251042e-01 6.3204412601e-01 2.4585230393e+00
4.0000000000e+00 1.4377557797e+00 1.9130001274e-01
-6.7049861016e-01 2.5372997354e+00 -4.8382038311e-02
1.6092067474e+00 2.6886915504e+00 5.2001608938e-01
8.4531973306e-01 2.3559336883e-01 2.3304273721e+00
7.8086488588e-01 1.3658186981e+00 1.5055973034e+00
-3.5827551894e+00 2.2886752718e-01 5.9717123401e-01
1.7723039898e+00 2.0228222051e+00 9.8203269355e-01
8.0297351782e-02 -3.1814656807e+00 4.9372014836e-02
1.3465385802e+00 -3.4937815465e+00 -3.6423718583e-01
1.9525761343e+00 -2.5035201848e+00 -1.0049657033e+00
-2.8230607645e-02 -1.4518505294e+00 9.6676437615e-01
4.0000000000e+00 -7.0894917830e-02 2.9536777583e-01
1.5410368374e+00 -2.8597577924e+00 -8.4720002164e-01
1.8243405308e+00 -3.6021922283e+00 -3.4207069145e-01
-4.8122000802e-01 -7.3080349002e-01 1.2814565308e+00
1.0949814361e+00 7.0870555041e-01 2.3563686503e+00
-1.4070335126e+00 2.2712456562e+00 5.1859277909e-01
-3.3624022974e+00 4.0127983787e-01 4.4058508711e-01
2.7897812222e+00 7.9691176602e-01 3.1588428586e-01
5.9436992169e-01 -2.8290036560e+00 -3.8391554572e-01
5.0793476314e-01 1.0555566609e+00 1.9219816285e+00
8.5878076078e-02 1.3022087244e+00 1.4117387598e+00
4.7165627631e-02 -3.1899361477e+00 6.9945512951e-02
4.0000000000e+00 2.0151614618e+00 8.3613188301e-02
2.6162613336e+00 -3.5569638152e+00 -2.6999486067e-01
-2.2323853800e+00 -1.7161129881e+00 1.8017781598e-01
7.5345216091e-01 2.6619676775e-01 2.3889916841e+00
2.3177085061e+00 1.1597676552e+00 9.0572565413e-01
3.2532317021e+00 -4.0000000000e+00 -7.7486211125e-02
-3.2873549344e+00 -3.9289255080e-03 6.0865048769e-01
5.9782256489e-01 -2.6293298967e-01 1.7637295935e+00
1.6861434893e+00 3.8522288173e+00 3.2359989043e-01
-5.1246369170e-01 2.6112940840e+00 -1.7657039513e-01
-3.1426635179e+00 -1.4002012327e+00 1.8022643867e-01
-1.7819727260e+00 2.4007065332e+00 3.6714127167e-01
-2.1939170605e+00 -2.6515920845e+00 1.3229942960e-01
1.6944737667e+00 1.5831844825e-01 1.3634255046e+00
-3.7522765500e+00 -1.0798844045e-01 6.2467165774e-01
-1.6801891290e+00 -8.1690877844e-01 1.0252492887e+00
1.1503988200e+00 5.6519091035e-02 1.9001003306e+00
-4.0000000000e+00 -1.0571319983e+00 2.8914153967e-01
3.5844604118e+00 2.5847933762e+00 2.7866469690e-01
-2.5869162509e+00 1.2412492366e+00 1.2288278820e-01
-1.7231852567e+00 -2.1624982359e+00 3.3974323504e-01
-2.5560212463e+00 -2.5600754010e+00 9.0796204862e-02
3.9165763275e+00 -1.0703062266e+00 -9.3014087734e-02
2.3180465304e+00 1.1172006521e+00 9.0020318106e-01
5.9244533581e-01 3.2451890882e-01 2.4464936379e+00
1.1385096836e+00 1.2643116171e+00 1.6720762934e+00
-4.0000000000e+00 -4.2037976575e-01 4.8570795345e-01
-3.6321402545e+00 -2.3375784944e+00 7.2382931135e-02
-2.5468487568e+00 1.7899197682e+00 7.9755668285e-02
2.9122913071e+00 -1.3311429276e+00 -7.0133778663e-01
-1.5051045972e+00 -3.8563132395e+00 2.4046804471e-01
-3.9447758393e+00 -1.5068069734e+00 1.8121953678e-01
-1.0504996855e+00 8.6051686068e-01 1.4641816488e+00
-1.3822579405e+00 -3.7368010245e+00 2.9760615638e-01
4.9858154018e-01 -1.1487684969e+00 6.7486282776e-01
1.3805170151e+00 3.6587567037e+00 2.9792058924e-01
4.0000000000e+00 -2.0854317684e+00 -8.3075853655e-02
-2.8710417945e+00 1.5853858389e+00 -7.8624435911e-02
2.9628930452e+00 -1.6560490520e+00 -5.4105191212e-01
-9.5112492184e-02 1.8929130218e+00 6.5448156849e-01
1.9856718096e-01 -8.6188063010e-01 1.1621850324e+00
2.3920479973e+00 -3.0499264207e+00 -3.9372011924e-01
2.6791497190e-01 8.2510986879e-01 2.1034929905e+00
3.2358485918e+00 -1.7840351495e+00 -2.4913311205e-01
4.0000000000e+00 1.4993101606e+00 1.8207678371e-01
-3.6871944697e+00 3.0997140354e+00 -2.7086364133e-01
9.8209930751e-01 2.0290286884e+00 5.7178317964e-01
3.1330233367e+00 -2.0458455637e+00 -2.1631937356e-01
3.6683491838e+00 -3.8994058544e+00 -3.3555655824e-02
-3.7422893180e+00 -2.5530440299e+00 4.4812947006e-02
-3.3049734422e+00 -3.7811695272e+00 7.1453836780e-02
1.9730143485e+00 1.0901071755e+00 1.3412843585e+00
-3.2544557348e+00 -2.6341715354e+00 6.2128803136e-02
-2.2203111569e+00 2.7615956916e+00 1.6387553062e-01
-1.8126486272e+00 4.0000000000e+00 -6.8452201888e-02
-1.2166310951e+00 -2.2469105962e+00 6.1949554896e-01
4.8283386671e-01 -3.6559241981e+00 -1.4530798683e-02
-3.6118622738e+00 4.0000000000e+00 -8.3331127383e-02
4.3136477812e-01 1.6527911202e+00 1.0294204867e+00
2.6402730400e+00 1.9264577657e+00 8.4408673059e-01
3.9027965071e+00 3.0056675330e+00 8.1216887615e-02
7.1633153539e-01 -1.9906777225e+00 -3.1369349641e-01
2.6599065574e+00 5.2229976712e-01 2.8638365386e-01
1.3021534669e+00 5.5184731097e-01 2.2360739591e+00
2.0262809191e+00 3.2847121441e+00 6.5537730734e-01
5.4329006204e-01 1.0097953776e+00 2.0054371748e+00
7.0921078088e-01 -3.0897494624e+00 -3.8683046618e-01
-2.3809338246e+00 1.2215859118e+00 3.7202522450e-01
3.4873781415e+00 -3.3255223767e-01 -2.6613617201e-01
3.2977625845e-01 -7.9284654153e-02 2.0418286740e+00
1.8145732867e+00 2.9589011310e-01 1.3386534127e+00
1.8423280919e+00 2.4506743592e+00 7.9660956739e-01
3.4753972687e-01 -1.4850804348e+00 5.7910822790e-01
1.8449689738e+00 3.7780559469e-01 1.3747616469e+00
-3.9189886743e+00 -2.2067991924e+00 4.0421882741e-02
2.0189105284e-01 5.0889833901e-01 2.2897651033e+00
-2.6199317553e+00 -1.1191277598e+00 2.2687447294e-01
1.4009211657e+00 2.6213941029e+00 3.5464582132e-01
-3.3563352273e+00 2.6690196837e+00 -2.2833186989e-01
2.5687693898e+00 3.2154822819e+00 6.4121560057e-01
3.5957062320e+00 -2.2797225748e+00 -2.7434488872e-02
1.4370536669e+00 -4.0000000000e+00 -1.5812389267e-01
1.3687128096e-01 2.2786950359e+00 7.7401963542e-02
3.6298562727e+00 -2.8383239545e+00 -3.2875492606e-02
2.5934657212e+00 2.5375321475e+00 9.0815090625e-01
-4.0000000000e+00 -1.7595349881e-01 5.8732743663e-01
-2.6731105943e+00 3.3765066484e+00 -2.0859242409e-02
2.8096888454e+00 1.3863542386e+00 4.7462210878e-01
1.2874910597e+00 8.3773613595e-01 2.1464126915e+00
3.0467554349e+00 2.5461712965e+00 6.4395900623e-01
2.2721539516e+00 9.2009417329e-01 9.4286001475e-01
-1.8049421478e-01 -2.0078584051e+00 7.6272729654e-01
-3.0986093938e-01 -1.0349303088e+00 1.2117011469e+00
3.6454772364e+00 -1.4652938812e+00 -1.4261091906e-01
-3.3978802026e+00 -2.8663852525e+00 3.2583598547e-02
1.9240306809e+00 2.6515542395e+00 7.7930789652e-01
-4.0000000000e+00 8.8448388237e-01 3.7587036118e-01
1.3609264462e+00 2.9654787743e-02 1.6404979048e+00
-3.0519496986e+00 2.0061000028e+00 -1.1977567134e-01
3.8974627875e+00 -1.1103391407e+00 -9.9361204728e-02
2.7473461079e+00 -2.2097687583e-02 -2.9355093249e-01
9.8710395289e-01 -3.4918206003e-01 1.4086857501e+00
2.6817544815e+00 -2.5595658901e+00 -3.7087439843e-01
3.0558555621e+00 -1.6409374762e+00 -4.5420124450e-01
9.4120758856e-01 2.1006315344e+00 4.6397209325e-01
3.8452962273e+00 -3.5404277163e+00 1.3372334371e-02
9.4492141866e-01 2.4654654061e-01 2.2961623588e+00
1.7652316869e+00 -1.8404185740e+00 -1.4636483402e+00
-5.5548631141e-02 2.5284834695e+00 -2.0087171220e-01
-3.1965302296e+00 -1.4031594676e+00 1.8964380112e-01
2.6649621059e+00 -1.1914699233e+00 -9.3713420417e-01
2.7289877255e+00 -3.2827345120e+00 -2.5180433379e-01
8.3101988008e-01 2.6981529309e+00 -1.0858533673e-01
3.9716128190e+00 -2.4379962548e+00 -5.3531120934e-02
-1.8176360943e+00 -1.1986445603e+00 7.1002509387e-01
-1.4561208974e+00 2.1673073027e+00 6.4825583462e-01
-2.6520206158e+00 3.2437974122e+00 6.8359639259e-03
8.2480482231e-01 2.1931189067e-01 2.3206499498e+00
-1.6990726946e+00 -3.5596968332e+00 2.7360266534e-01
-1.8758812031e+00 -1.3593506244e+00 5.8327738050e-01
-1.5821934630e+00 -3.7270703401e+00 2.6092544581e-01
-1.7042055522e+00 3.5514284137e+00 9.3289414643e-02
9.9808427289e-01 8.3079402733e-01 2.2881212798e+00
-6.9182196824e-02 1.4889136070e+00 1.1667983214e+00
3.9137563865e+00 2.0232518396e+00 1.4000546443e-01
2.7518042585e+00 -3.3882089637e+00 -2.4617312119e-01
1.4857352662e+00 2.9258866053e+00 3.6238857389e-01
-2.8803868777e+00 -2.7061373785e+00 8.3454552627e-02
3.6079802301e+00 2.6071153115e+00 2.5980429615e-01
-1.5197634184e+00 -3.3218062079e+00 3.3580981597e-01
-7.6067262764e-01 -4.0000000000e+00 3.0118189346e-01
5.8807475165e-01 3.2394593996e+00 -2.7114555072e-01
-2.0842266551e+00 -2.4250492953e+00 1.3107916510e-01
2.3529961778e+00 5.4495073295e-01 6.7686869585e-01
-1.4036927034e+00 2.2469528635e+00 5.4704967835e-01
-2.5130554651e-01 1.9847003598e+00 5.3506602580e-01
2.0998669688e+00 -6.1273445781e-01 -3.3353524856e-01
1.1487553135e+00 -2.6143932678e+00 -8.7159264331e-01
-2.0249801522e-01 -4.2653655883e-01 1.5525549593e+00
2.4549203342e+00 1.5894165332e+00 8.5951181883e-01
2.5109517517e+00 -2.7181655587e+00 -4.4188154195e-01
2.2922797459e-02 -1.2504876825e+00 1.0272535595e+00
-2.6772140123e+00 3.5202247731e+00 -4.3510800935e-02
1.1410756655e+00 2.7001889462e+00 1.0128282056e-01
-7.3946869617e-01 2.3956641991e+00 1.2960686990e-01
2.6891769144e+00 -8.5646627215e-01 -8.1598480154e-01
-3.1351044427e+00 2.3502901052e+00 -1.4379376278e-01
-2.4153723155e+00 -1.7651978702e+00 9.1064623494e-02
-2.5026393515e+00 1.5775104337e+00 1.5633335978e-01
-2.9409624985e+00 -2.7941575929e+00 7.1030016763e-02
1.1837069575e-01 -4.6142992690e-01 1.5594329843e+00
1.5951825885e+00 7.5924539769e-01 1.9042796498e+00
1.9854663926e+00 6.9583438395e-01 1.3425069308e+00
5.3797331407e-01 -7.1273120072e-01 1.1525538416e+00
2.8848693703e+00 -1.5427373249e+00 -6.6938559603e-01
-1.0186303654e+00 -1.5707552330e+00 1.0729971054e+00
-1.6308990413e+00 -2.7152638135e+00 2.7870606652e-01
2.8303016422e+00 -1.6036630681e+00 -7.0839569275e-01
2.3160989589e+00 5.2165639159e-01 7.1506006736e-01
-5.1239544088e-01 2.7652176641e+00 -2.8645886255e-01
4.6352632666e-01 8.3529396809e-02 2.2272065235e+00
1.3323105600e+00 2.5585893627e+00 3.2061751961e-01
-3.2032994871e+00 -2.1971918526e+00 1.1483712903e-01
4.0000000000e+00 -1.9121139539e+00 -8.1800734849e-02
-3.8249629726e+00 2.4136249487e+00 -3.3433753981e-01
-2.6237084320e-01 -3.2097964383e+00 2.2752970002e-01
1.8219165981e+00 2.7593382797e-01 1.3032899644e+00
-3.2652038005e+00 6.9341197073e-01 2.0594934893e-01
4.1011785887e-01 3.6111836775e-01 2.4189019508e+00
-2.9642631711e+00 2.0454666465e+00 -1.0301603161e-01
-1.7920161785e+00 2.2043608859e+00 5.1595114031e-01
-8.3536740974e-01 -2.3743756195e+00 6.5823879217e-01
2.4705542277e+00 -5.4755123399e-01 -5.5237459090e-01
6.3947404427e-01 -3.4734448153e+00 -1.6066824326e-01
2.8012998266e+00 -7.2011134378e-02 -3.5587980525e-01
-3.9959062485e+00 -3.5621589363e+00 1.3923336164e-01
3.3398603102e+00 1.0404835718e+00 2.1904362229e-01
-2.7487350870e+00 -1.1185397250e+00 2.0171472429e-01
4.7793716781e-01 -1.7355885328e-01 1.9155183721e+00
-2.1806056648e+00 -4.0000000000e+00 3.2632408547e-02
3.3898053557e-01 -9.0242221437e-01 1.0571758846e+00
-8.6615113254e-01 -2.7625131234e+00 4.5001040848e-01
-3.4188665061e+00 -2.8598507526e+00 3.3032558584e-02
1.8369935581e+00 1.2754525223e+00 1.4094653417e+00
-3.9755710746e+00 2.5881367947e+00 -3.6625439187e-01
3.4486251159e+00 -2.4756180946e+00 -3.7925009350e-02
3.3937459588e+00 4.0000000000e+00 1.5309252933e-01
3.0045847692e+00 -1.8540459323e+00 -4.0825655973e-01
3.9802412182e-03 -3.9386019050e+00 2.2176564595e-01
2.3213000636e+00 -2.3822625219e+00 -8.1229007105e-01
-1.0008499044e+00 3.7441414387e+00 -7.1707052290e-02
-5.2314364608e-01 2.0993103235e+00 4.3385023682e-01
2.7982180472e-01 6.7268215218e-02 2.1865910084e+00
9.7750510316e-01 1.6237510527e+00 1.1471471164e+00
1.4042118240e+00 -2.4362990849e+00 -1.0901634283e+00
-1.3242747826e+00 -3.1243569427e+00 3.6430976354e-01
-3.1717015165e-01 -3.3555361648e+00 2.5160587254e-01
-2.4984807666e+00 9.0987797962e-02 6.4358991023e-01
1.0182652208e+00 1.6926376172e+00 1.0550424954e+00
1.3575591951e+00 -4.0000000000e+00 -1.3490307227e-01
-2.6812514550e+00 -1.5472790800e+00 9.1842299595e-02
-1.1140647561e+00 -2.8121833755e+00 4.1246171998e-01
1.1169514279e-01 8.9749067936e-01 1.9030828634e+00
3.3614248121e+00 2.1231499414e+00 4.8462578888e-01
1.0549950283e-01 4.1196869791e-01 2.2330652913e+00
3.3364790403e+00 3.2603915377e+00 2.4686639541e-01
1.3857061444e+00 4.0000000000e+00 2.4618278525e-01
2.2485311346e+00 -3.0270681639e+00 -4.7157072445e-01
-2.7471605209e+00 -2.5096576704e+00 8.9387450298e-02
-4.2484291790e-01 2.0951350656e+00 4.0845846995e-01
-6.9202597162e-02 1.8316485956e+00 7.4236004734e-01
-3.2750955269e+00 -1.4770490156e-01 5.9858600743e-01
6.5053437227e-01 -2.8966713511e-01 1.7061216119e+00
-3.3111075040e+00 -4.0000000000e+00 1.1133495334e-01
7.1663828806e-01 -3.1757132242e+00 -3.4882287217e-01
-1.0844829939e+00 -1.6998654820e+00 1.0031256700e+00
-2.3806155665e+00 -3.4372560113e+00 1.2039789910e-01
1.0531037672e+00 4.2097825791e-01 2.3836363990e+00
1.3095691006e-01 -3.1012038557e+00 8.3626542322e-03
2.5205378846e+00 1.3664190171e+00 7.1640714188e-01
3.4617520329e-02 -1.5944253182e+00 8.4517885513e-01
-3.1015015144e+00 3.3078101653e+00 -1.6607085268e-01
3.9326329788e-01 1.8141960881e+00 7.8672149172e-01
2.0769963235e+00 -3.0160363253e+00 -5.6094492207e-01
-8.8685171021e-02 -3.0330890362e+00 1.4474567740e-01
-2.5223677406e+00 1.3066570871e+00 1.8006126856e-01
1.4977333306e+00 3.3102656887e+00 3.8814714872e-01
1.0570764177e+00 -3.5282470587e+00 -2.8136053468e-01
-2.8970847239e+00 -4.0483080827e-01 5.1026356025e-01
3.3650501446e+00 1.7198377418e+00 4.1047313624e-01
-3.6242247352e+00 -2.6970831960e+00 4.2656236142e-02
3.7491651179e+00 -2.6845637076e+00 -2.3322151164e-02
-9.6649225870e-01 -3.0929762813e+00 3.8855889450e-01
1.6409399196e+00 3.0099624487e+00 4.8878777778e-01
2.2661010343e+00 -3.8012349666e+00 -3.0501010364e-01
2.0832446203e-01 -1.0799809399e-01 1.9980522624e+00
-2.5598059732e+00 1.5270927191e+00 1.0703811211e-01
-7.9664259987e-01 3.3533094263e+00 -2.3691380104e-01
-2.9520130296e+00 1.5009825822e+00 -8.5824775986e-02
-4.2426294201e-01 -3.6367089688e-01 1.5642146048e+00
-2.9547153655e+00 -1.4980973045e+00 1.3007253366e-01
-2.8201119599e+00 -7.9478076940e-01 3.3281398442e-01
-1.5333926861e+00 -2.2493056336e+00 4.2642025971e-01
-2.7450605774e+00 4.7624541227e-01 2.7755692887e-01
8.4902750714e-01 -2.0884533698e+00 -5.5240648150e-01
4.2400486815e-01 -2.2200528326e+00 -2.1318916147e-02
-3.9029214855e+00 -7.6665522699e-01 3.6276822825e-01
-1.4672839611e+00 2.4527653458e+00 3.4200527045e-01
-1.2252124718e-01 -2.0429287816e+00 6.9564398495e-01
2.7438302814e+00 3.3336141978e+00 4.9306013817e-01
1.5524899786e-01 3.2973876376e+00 -4.1515868208e-01
3.3194247345e+00 -3.4204226961e-01 -3.8211982514e-01
-2.3914276396e+00 -1.9788575038e+00 6.4629673386e-02
7.6484939256e-01 2.9097278511e+00 -2.0791987997e-01
1.8983313168e-02 1.6343100943e-01 2.1439464672e+00
1.6675136358e+00 4.0000000000e+00 2.5280085018e-01
1.4569639938e+00 -2.6868394740e+00 -9.6658839473e-01
1.3344922863e+00 3.0715987666e-01 2.0375055429e+00
1.7919637072e+00 2.5403796488e+00 7.2405864384e-01
-3.2305300132e+00 -2.8753267210e+00 3.6383447726e-02
3.9075314295e-02 7.9266281480e-02 2.1138154274e+00
-1.4584904547e+00 -1.6422341100e+00 7.9549496886e-01
7.9175865689e-01 2.7814536380e+00 -1.6298229325e-01
-1.9707223710e+00 4.7680254739e-01 9.3022073239e-01
4.5974759932e-01 -1.3837113989e+00 5.1171054452e-01
1.5840488634e+00 2.4739704147e+00 5.8364657407e-01
2.7020087474e-01 -1.8900621950e+00 3.9986526099e-01
-8.6290727491e-01 -2.9476895297e+00 4.0138760367e-01
-2.8170332292e+00 -3.6167149434e+00 2.9438033205e-02
-2.4155926687e+00 1.9717468533e+00 1.5698823372e-01
1.1153911164e+00 -2.6081640901e+00 -8.5100607120e-01
-3.0202020880e-01 3.1609358646e+00 -4.4861170254e-01
4.0000000000e+00 -1.8022626644e+00 -7.9524468501e-02
-2.9180456647e+00 -9.3414871636e-01 2.6280156994e-01
1.0079420288e+00 3.0380368011e+00 -4.3839992192e-02
-1.8438450577e+00 -2.0952787788e+00 2.8906202894e-01
-3.7571294324e-01 -1.1839356858e+00 1.1915677405e+00
2.7685500452e+00 5.3114649500e-01 2.1012212315e-01
1.5427334593e-01 3.2952078915e+00 -4.1624803277e-01
-2.9244678285e-01 -3.0450826143e+00 2.4853384160e-01
2.8405302487e+00 -2.8702375542e+00 -2.1656447552e-01
2.4061488758e-01 -1.0458050366e+00 1.0040334448e+00
2.6952184126e+00 4.0000000000e+00 1.8169426005e-01
2.9726580257e+00 5.9637606735e-01 1.6254905673e-01
-2.3602890946e+00 1.8181130139e+00 2.5553408919e-01
-2.3712689962e+00 4.7874016268e-01 5.1421690946e-01
-2.7048866988e+00 -3.7273654348e+00 3.2706334695e-02
1.8746063721e+00 -4.0000000000e+00 -2.6512519382e-01
-5.6602477237e-01 -2.2364076142e+00 7.5423375568e-01
4.0000000000e+00 1.5974856696e+00 1.6678422871e-01
-7.6375281423e-01 2.5145470778e+00 1.4738559650e-02
-3.5976944995e+00 2.3887778055e-01 5.9677300909e-01
-1.8590117951e+00 -1.0136400658e+00 7.8335695723e-01
2.8986123467e-01 -2.2077769914e+00 1.5627843533e-01
1.5099660794e+00 9.8762649599e-01 1.8606592624e+00
1.8848152518e+00 -2.5165020089e+00 -1.0299936081e+00
-4.0000000000e+00 -4.0000000000e+00 5.5436261830e-02
-2.4456968478e+00 -2.1110333344e+00 5.0248678572e-02
-2.8359901695e+00 -3.9135925936e+00 4.0832742368e-02
-1.9057008400e+00 1.8789745643e+00 7.5452689721e-01
1.8871361136e+00 1.3681194033e+00 1.3303000319e+00
2.0491070967e+00 -3.5719905959e+00 -3.4139721016e-01
7.5445225227e-01 1.5372930458e+00 1.2447236687e+00
-2.8774206631e+00 -1.1495684632e+00 1.8951661279e-01
-2.4691074802e+00 1.6303503586e+00 1.8238518447e-01
1.8602153328e+00 1.3934440768e+00 1.3370634308e+00
-2.5519718702e+00 4.1090088257e-01 4.1084378298e-01
-8.0862401333e-01 -3.3215497771e+00 3.6597873892e-01
2.9132664614e+00 5.6667685625e-01 1.6366005099e-01
3.1247576460e+00 2.6253709442e+00 5.7194538301e-01
2.3397900224e+00 -3.0215834987e-01 -2.0052821110e-01
2.2874821173e+00 2.6324740463e+00 9.3599942460e-01
1.1365573682e+00 1.1526992548e+00 1.8290044920e+00
1.9249412664e+00 -4.1944210490e-01 1.7185291895e-01
2.2778274907e+00 1.6339680193e-01 4.0265175519e-01
3.0309475396e+00 -1.3273921417e+00 -5.8755893718e-01
4.0000000000e+00 -1.9516383532e+00 -8.2499537467e-02
4.1670707159e-01 2.4576225357e+00 -9.5765235960e-02
3.0900469899e+00 -5.2881945842e-01 -5.6457688061e-01
3.3977740506e+00 -3.8610187903e+00 -6.8010159317e-02
-4.4059315985e-01 -2.1433629571e+00 7.9382775586e-01
-1.1005534120e+00 -2.8879944135e+00 4.0073025134e-01
-1.5371275059e+00 -4.0000000000e+00 1.8371098389e-01
-2.6269727375e+00 -6.2865771414e-01 4.8889886243e-01
-9.5641570397e-01 -1.6728424633e+00 1.0603031008e+00
-3.8984783294e+00 5.7851289216e-01 5.3956945096e-01
-2.1110339558e+00 -2.3078868562e+00 1.2071367555e-01
1.8964736657e+00 2.1382728236e+00 9.6870681371e-01
6.2928585557e-01 1.6537616936e+00 1.0547426348e+00
2.7230216364e+00 -2.2526815368e-01 -4.4311598460e-01
2.6324368510e+00 -3.0455042936e+00 -2.9040497578e-01
1.0857941493e+00 3.4925870372e+00 1.2525929722e-01
-2.4298200210e+00 1.9495208289e+00 1.5009537733e-01
-3.1397426706e+00 -2.5003180447e+00 8.4079342317e-02
-1.4797123516e+00 -2.6609917165e+00 3.3638880158e-01
1.2180575290e+00 1.9072627452e-02 1.7804169390e+00
-1.2934006502e+00 4.0000000000e+00 -2.7529729660e-02
-4.8507791851e-01 7.4849936562e-01 1.5767531816e+00
2.6919007103e+00 -2.5970562563e+00 -3.4985207836e-01
-2.6829957461e+00 4.0000000000e+00 -1.1323714378e-01
3.9218785602e+00 -1.3471769384e-01 1.9278501609e-01
3.1306328359e+00 -2.7262958619e+00 -1.1518308392e-01
-1.1602548321e-01 -8.4437076917e-01 1.2447026648e+00
2.3716726976e+00 -2.6139482984e+00 -6.0894736659e-01
2.5145754181e+00 6.7575337879e-01 5.3382776493e-01
-2.3035318485e+00 -1.3867723789e+00 2.5502738702e-01
3.3618049512e+00 2.4808773739e+00 4.4614942879e-01
1.3442247284e+00 1.6591511671e+00 1.1749842191e+00
-2.5117371579e+00 -3.7507046030e+00 4.6520720922e-02
-4.0000000000e+00 -1.1325036996e+00 2.7000333468e-01
2.2247915685e+00 2.1993299486e+00 1.0298496662e+00
6.4092231465e-01 -8.6864448782e-01 8.5443382275e-01
8.5892874309e-01 -3.1866591878e+00 -4.1671981493e-01
3.7552558322e+00 -1.1360707921e+00 -1.5591947365e-01
3.1472228761e+00 2.6720512487e+00 5.4373726099e-01
2.6142152111e+00 -1.0446500704e+00 -9.3232811509e-01
-4.0625430097e-01 -3.8579440132e+00 2.8957916018e-01
-3.4897419448e+00 5.1047000471e-01 4.1453727099e-01
2.3875655440e-01 -4.7642570506e-01 1.5415211173e+00
2.3496359264e+00 -1.7724605647e+00 -1.1952742955e+00
-3.5982612259e+00 -6.0958554274e-01 4.0938036847e-01
-3.5202746968e+00 1.6300298307e+00 -1.0239491678e-01
-6.7829913218e-01 -1.5074108772e+00 1.1522630147e+00
1.8400999537e+00 -3.0433239418e-01 4.6697553869e-01
3.3648686114e+00 -9.7835715270e-01 -4.0935486313e-01
8.3549500461e-01 1.6530495888e+00 1.0832456391e+00
-1.9709141282e+00 -1.9554351266e+00 2.6030270052e-01
1.5932252330e+00 1.4211688059e+00 1.4336026602e+00
6.4282151059e-01 -2.3847059045e+00 -3.7807485524e-01
9.1351454536e-01 -2.1581061318e+00 -6.6046570512e-01
2.4267942044e+00 -9.0791012352e-01 -8.9352142719e-01
2.9882331148e+00 -4.0000000000e+00 -1.4515766632e-01
1.8803614104e+00 -4.0092096871e-01 2.6046722016e-01
4.4998253325e-01 1.3844982483e+00 1.4148740506e+00
-4.2170353821e-01 -2.0865899880e+00 8.2982887644e-01
-2.1730323777e-01 -4.0000000000e+00 2.6966160860e-01
2.9257665203e+00 2.3319911255e+00 7.5099257681e-01
-4.0000000000e+00 -1.2661080579e+00 2.3512090667e-01
-5.4229298462e-01 -1.0916286329e+00 1.2183128969e+00
2.1488971817e+00 3.6288937598e+00 4.7607593271e-01
2.4108718227e+00 -3.9917656603e+00 -2.9316803912e-01
-1.4732128882e-01 2.9697746083e+00 -4.5881924252e-01
1.2228351273e+00 1.0584719365e-01 1.9025177261e+00
-2.0937935850e+00 -1.8454460628e+00 2.2113262406e-01
-7.5878642217e-01 -2.1245373473e+00 8.4581497683e-01
4.0000000000e+00 -3.4016112856e-01 1.4685567883e-01
3.7081436141e+00 3.3698952929e+00 1.2667834427e-01
-2.0942788416e+00 3.0592933460e+00 1.7153826038e-01
2.7858232455e-01 1.0648405655e+00 1.7997881590e+00
-2.7879356375e+00 -1.2923857271e+00 1.4690381736e-01
1.0646368445e+00 1.1522422536e+00 1.8385608801e+00
1.6700050239e+00 1.3515906148e-01 1.3701087624e+00
-2.7540670822e+00 -2.7011712509e+00 9.3174566621e-02
-4.0000000000e+00 2.6291622218e+00 -3.6611637738e-01
-2.5275758252e+00 1.2188114589e+00 1.8687671454e-01
1.2970250273e+00 3.1689737743e+00 2.1473499432e-01
4.7886820275e-02 -8.9440213258e-01 1.1914463155e+00
-1.0309638649e+00 2.5711585686e+00 8.7450085591e-02
-3.2768434401e-01 2.8887270236e+00 -4.0224757868e-01
-2.5672899741e+00 2.8385571793e+00 6.6290149747e-02
2.2935178363e+00 3.2368115471e+00 7.0330374224e-01
3.4342561415e+00 3.6310289778e-01 8.1734131381e-02
-2.8913866863e+00 2.5539069519e-01 4.3788502633e-01
2.3825201429e+00 -3.3159650705e+00 -3.3496075161e-01
8.3308408790e-01 -4.0000000000e+00 2.2284624542e-02
-2.4960173193e+00 -1.0989368902e+00 2.8395384249e-01
2.3025991457e+00 9.8855168111e-02 2.8871817600e-01
-1.1398288435e+00 -3.1476735617e+00 3.8274641232e-01
6.9455692617e-01 1.6440605727e+00 1.0776968096e+00
4.0000000000e+00 1.4237124089e+00 1.9338267969e-01
2.7219045313e+00 -3.3263993881e+00 -2.5324861378e-01
1.7825039470e+00 2.7647834925e+00 6.4325796893e-01
-1.3155580349e+00 -1.1216959417e+00 1.0669080855e+00
3.2727484377e-01 -1.9490887264e+00 2.8414032403e-01
-3.5206611817e+00 -2.7089670314e+00 4.2966263972e-02
8.5026689204e-01 2.2950628889e+00 2.0306154830e-01
-2.8389373235e-02 -2.2706316512e+00 4.4731701269e-01
-1.3340004531e+00 -1.1693906387e+00 1.0431484922e+00
1.4714188433e+00 -2.4889966143e-01 1.0651993148e+00
1.6243573122e+00 2.7595108997e+00 5.1356556705e-01
5.0385415102e-01 -1.5757601416e+00 2.9566403454e-01
7.9195670502e-01 9.9034386248e-01 2.0910907355e+00
3.2494945662e+00 2.7113297319e+00 4.6445874473e-01
3.5269491972e+00 3.0384859210e+00 2.2131698440e-01
2.4247566728e+00 7.0150593041e-01 6.6324133431e-01
-1.7542788295e-01 -2.1874099186e+00 6.2496612705e-01
1.8052131377e+00 1.6767151045e+00 1.2073767778e+00
1.0233068842e+00 -3.4987120075e+00 -2.8893407932e-01
2.6087928290e+00 8.7164395232e-01 4.9104661764e-01
-2.4541753767e+00 -3.3236033052e+00 1.1426289171e-01
7.7343521583e-01 -4.0000000000e+00 3.9619622109e-02
-1.7717300189e+00 -2.2152613628e+00 2.9121062983e-01
-3.6365763450e+00 2.0315814991e+00 -2.2091331957e-01
9.1754904038e-01 1.4545345261e+00 1.3877285152e+00
1.9241006417e+00 -3.3628795063e+00 -4.2429780861e-01
1.6187441827e+00 1.2300486188e+00 1.5853049542e+00
-3.3133823398e+00 2.4382062425e+00 -2.0056142799e-01
2.7632327629e+00 -2.4711023664e+00 -3.3834837796e-01
-2.6649655284e-01 -4.8314678986e-01 1.4807418364e+00
-2.1759909758e+00 -2.8829295385e-02 9.0291326720e-01
-1.9190916520e+00 -1.7070723868e+00 3.9587631213e-01
-1.1211385217e+00 -1.5664316688e+00 1.0332141160e+00
-1.1824311145e+00 -6.5241874673e-01 1.2626562320e+00
2.6538203438e-01 2.0703957794e+00 3.7776340560e-01
2.2649192547e-01 2.7008654447e+00 -3.2889400494e-01
-4.0000000000e+00 -2.4701044185e+00 2.4300193486e-02
2.8133949862e+00 -2.0301983126e+00 -5.1060780283e-01
-3.6962965046e+00 2.5455774436e+00 -3.1052056258e-01
-1.6015165585e-01 -6.0019608567e-01 1.3892039353e+00
-2.3481052125e+00 1.4627774251e+00 3.7328763359e-01
-2.5249940275e+00 2.7254044401e-01 5.2308822021e-01
-3.5043562096e-02 1.7960123340e-01 2.1174762604e+00
1.4371042593e+00 3.6160088297e+00 3.2825448026e-01
-1.6798624955e+00 3.0837755439e+00 1.3449163156e-01
3.1700791246e+00 -7.6651441777e-01 -5.5971267205e-01
3.4058992744e+00 -2.6057921721e+00 -4.8706193431e-02
-6.4589104375e-01 -5.1830486073e-01 1.3853079884e+00
8.3172140418e-01 -1.8739501834e+00 -4.3639978561e-01
-2.1340577930e+00 3.8999366067e+00 -5.7950613947e-02
2.9485209908e+00 2.7370516436e+00 6.5526327901e-01
-2.6261751196e+00 1.8581262427e+00 1.5431669823e-02
-2.0749761990e+00 -2.0593300202e+00 1.6823818165e-01
2.3046444649e+00 1.1629897365e+00 9.2285060086e-01
-4.6373880878e-01 -2.0537757817e+00 8.6733623943e-01
3.0931175054e-01 -3.3670060498e+00 -4.0890713211e-02
-2.5704093574e+00 -2.1627265172e+00 5.1486207461e-02
-7.3643053127e-01 2.2527701517e+00 3.0491277774e-01
1.4354941203e-01 -1.8151500252e+00 6.0296527209e-01
-4.5365073453e-01 -2.3599642168e+00 6.3284288015e-01
-3.7672142698e-01 3.2689685382e+00 -4.0988396434e-01
-2.4662904119e+00 -2.8850021955e+00 1.2440037557e-01
-1.1515722415e+00 3.5078729963e+00 -5.7077746847e-02
3.4476476640e+00 -1.1904055322e+00 -3.0608627345e-01
-3.2304919764e+00 2.6135730063e+00 -1.8613227456e-01
7.0794889967e-01 3.3514396664e+00 -1.5945101526e-01
-1.8157211118e+00 -2.8539634031e+00 2.3659659517e-01
6.0403489071e-01 -2.1658907504e+00 -2.3521271759e-01
-1.4077368287e+00 -9.3459350914e-01 1.0953548930e+00
1.3088509109e+00 1.0013710744e+00 1.9716196517e+00
2.1974489242e+00 -4.0515834621e-01 -1.5078905988e-01
1.8101366298e+00 1.1745260389e+00 1.4821477397e+00
-2.6506192303e+00 1.1274941078e+00 8.3671134293e-02
8.5070218473e-01 2.6474995714e-01 2.3583386908e+00
-2.1972205072e+00 2.5111023577e+00 1.8979228907e-01
-1.4817430950e+00 -9.1769731421e-01 1.0711812639e+00
-1.9079317813e+00 3.6012602217e+00 8.6291248788e-02
3.8656500858e+00 2.1289422536e-01 2.6741519337e-01
7.8893472771e-01 -1.4650099761e-01 1.8508875523e+00
-2.5680414219e+00 -1.7589140989e+00 6.5287857797e-02
5.7661941901e-01 -1.5178589238e+00 2.3116069635e-01
6.7603382039e-01 1.1000849496e+00 1.9012863447e+00
2.1744800793e+00 2.4923032695e+00 9.5248680770e-01
-3.1662547433e+00 1.3744167345e-01 5.4892561582e-01
2.2900157532e+00 3.2725932269e+00 6.8504519771e-01
1.9775676287e+00 -2.7144293658e+00 -8.2795188831e-01
1.5538087618e+00 3.1355286516e+00 4.2102678435e-01
1.1179017253e+00 3.5226258402e-01 2.2870874357e+00
1.1434049146e+00 -2.3684614657e+00 -9.2859163064e-01
1.4721739169e-01 -1.0966972733e+00 1.0317784661e+00
-2.4594350637e+00 3.0484830072e-01 5.4471088888e-01
-2.6192166901e+00 2.4936346665e-01 4.9082280894e-01
-1.9627898631e+00 -2.2703390777e+00 1.8040496054e-01
9.0743132263e-01 4.7812863980e-02 2.0659921954e+00
9.6837199765e-01 -4.3833579772e-01 1.2762974323e+00
4.0000000000e+00 -9.6576375491e-01 -5.6243640899e-02
3.2604758794e-01 -1.9940556933e+00 2.5485767350e-01
-3.3538786136e+00 7.3628229320e-01 2.1509494507e-01
7.4890235679e-01 2.1862962506e+00 2.9337666121e-01
2.3521138894e+00 -2.5608947277e+00 -6.5918325894e-01
-1.5615297675e+00 3.0384877720e+00 1.0177505676e-01
-2.8522798398e+00 -2.3719819747e+00 8.9216306706e-02
1.7187690053e-01 1.6965098514e+00 9.3576433229e-01
1.3900240420e+00 -4.3665989783e-03 1.5540814200e+00
3.9531478462e+00 -1.2057838765e+00 -7.8558170653e-02
-3.7713616349e+00 2.0813806548e+00 -2.6507161404e-01
-3.8325081758e+00 6.4411398265e-01 4.7518736620e-01
-2.2779772808e+00 -3.3600824129e+00 1.5733452338e-01
7.8684760227e-01 -2.7159279405e+00 -5.6463392609e-01
2.6379578497e+00 -1.6734911475e+00 -9.0693018867e-01
9.1664494908e-01 2.6963445133e+00 -5.6624349948e-02
1.0442130043e+00 1.5785324647e+00 1.2221461277e+00
-6.7250590826e-04 2.2407151317e+00 1.3001176746e-01
1.3646841758e+00 -3.6188528697e+00 -2.9836703351e-01
2.8801513932e+00 1.6675730660e+00 5.7774422544e-01
2.5171816618e+00 3.0789796820e+00 7.3464678851e-01
-3.4888078540e+00 6.0923571792e-01 3.5009506538e-01
-2.8317423119e+00 -1.1857618255e+00 1.7698272239e-01
1.0914455695e+00 1.6825319790e-01 2.1047440859e+00
1.9694904659e+00 2.6356655174e+00 8.1315802875e-01
-1.2525600484e+00 -1.1441539473e+00 1.0877085925e+00
1.6997203701e-01 4.9539615372e-01 2.2678864975e+00
2.4278421008e+00 -2.2095734243e+00 -8.2977559181e-01
1.4687055951e+00 6.8651334243e-01 2.0639677580e+00
-8.4428868709e-01 2.6992389198e+00 -1.0100114275e-01
2.9304017681e-01 2.2217049596e+00 1.6188368818e-01
-3.8754891866e+00 -3.0566380697e+00 9.0429928769e-02
-2.8763652958e+00 3.4138897550e-01 3.7143974503e-01
-8.6333778367e-01 -1.5284751278e+00 1.1268736660e+00
3.7128335330e-01 -1.8011840522e+00 3.2563650859e-01
-4.0000000000e+00 -3.8851494026e-01 4.9938347039e-01
-3.5709786481e+00 -2.6366982991e+00 4.7065086288e-02
4.6708109701e-01 3.3728496861e+00 -2.7552842219e-01
-2.5693228412e+00 -2.3392635605e+00 6.6353393439e-02
3.0569190325e+00 -2.8563958981e-01 -4.8262951541e-01
2.0137927214e+00 4.0000000000e+00 2.2604837315e-01
7.9941729553e-01 -4.0000000000e+00 3.2092814463e-02
-6.1864090520e-01 2.2742519062e+00 2.2641568568e-01
-3.2617644990e+00 4.0000000000e+00 -6.5701499388e-02
-1.6103328366e+00 -1.0948711143e+00 9.1379215013e-01
-2.9459662016e+00 1.6044350518e+00 -9.4078366865e-02
-1.6394899445e+00 2.8498960149e+00 1.5725826630e-01
-2.7466496943e+00 3.1955714093e+00 -2.8234020233e-02
2.9856140374e+00 -3.2236907942e+00 -1.8893572089e-01
-3.1004223154e+00 8.9856748853e-01 5.2537231547e-02
1.3674064023e+00 -3.3425382793e+00 -4.6214551829e-01
-1.1010307914e+00 -1.3117635671e+00 1.1070252615e+00
3.1998120879e+00 -3.0196543414e+00 -1.2296039547e-01
2.3025866605e+00 -3.0249279529e+00 -4.4577783916e-01
2.7445108661e+00 -1.1803278234e+00 -8.7219747743e-01
3.2513326760e-01 -3.0839012434e-02 2.0960854227e+00
5.6765004329e-01 -2.2413599714e+00 -2.2260509236e-01
-5.7222668102e-01 -1.8172833809e+00 1.0369425847e+00
-2.8459282433e+00 3.1799930583e+00 -6.9574197510e-02
2.1231108403e+00 2.9985107954e+00 7.7577132188e-01
7.4995795405e-01 -4.0000000000e+00 4.6387198310e-02
2.0084097420e+00 1.2722093357e+00 1.2588118296e+00
-1.2564969467e+00 2.9000220165e+00 2.2103676309e-04
3.7414526699e+00 2.7903005887e-01 2.0180181332e-01
3.1813834293e+00 -2.3140046573e+00 -1.1589134107e-01
-4.0000000000e+00 1.2435447266e+00 1.0307659571e-01
8.4601125776e-01 -3.6081863632e+00 -1.7094047060e-01
-1.8227671954e+00 -1.2285080323e+00 6.9056993205e-01
1.5129991422e+00 3.3595478792e-01 1.8452292820e+00
-1.9024802026e+00 -2.0745484105e+00 2.6026638532e-01
-2.0700395122e+00 -2.3424147686e+00 1.3376393095e-01
-1.7606749422e+00 -7.1223828675e-01 1.0401757239e+00
5.6680003148e-02 -1.3413442109e+00 9.5959451517e-01
1.6164137162e+00 1.9371375029e+00 9.8076528372e-01
2.0224527778e+00 1.0748735313e+00 1.2840686172e+00
-1.9498780561e+00 3.3774355603e+00 1.4969620677e-01
-3.0854954336e-01 3.7358990113e+00 -1.9339448978e-01
6.9605340583e-01 3.5093230746e+00 -9.7007405264e-02
-6.8342595457e-01 -1.4472011375e+00 1.1655133555e+00
-9.5218177362e-02 1.7905646350e+00 8.0072709207e-01
-6.3689428414e-01 -3.0980581864e+00 3.5399450182e-01
3.3712924740e+00 -2.6333121158e+00 -5.5682263735e-02
1.8880521516e+00 -2.8299611290e+00 -7.8542993554e-01
-3.2933445809e+00 -1.1299007285e+00 2.4981533054e-01
4.0000000000e+00 2.3991056089e+00 3.0850665526e-02
-3.1971530087e+00 5.5745289503e-01 2.6972117930e-01
2.0341910082e+00 -1.9558139896e-01 3.3522447732e-01
-3.5793878953e-01 2.5094261531e+00 -1.3117026011e-01
3.1412479665e+00 1.0954383854e+00 2.4469240762e-01
1.2340624151e+00 -2.5251011902e+00 -9.5886829556e-01
2.5317713695e-01 -1.9654757530e-01 1.8975111043e+00
-2.3501588278e+00 8.1281410659e-02 7.4292387458e-01
3.1298554759e-01 -3.4254484113e-01 1.7098881035e+00
8.5807718602e-01 1.9725584673e+00 6.1375337944e-01
-8.4705401500e-01 2.4128840945e+00 1.5899995641e-01
9.0439350687e-01 2.5946595207e+00 -1.3647427287e-02
-2.9032190744e+00 -9.5154428891e-01 2.5625501713e-01
-2.2194526838e+00 4.4069764415e-01 6.8269538902e-01
-3.4924219497e-01 -2.4857688760e+00 5.0194126143e-01
2.3561628661e+00 -3.9028006391e+00 -2.9822589179e-01
-6.0449549969e-01 -9.5376827140e-01 1.2326956357e+00
1.9195327077e-01 2.8023611012e+00 -3.9041513250e-01
1.8794140654e+00 2.2589541293e+00 9.0387118738e-01
-1.9804405962e+00 1.7590211730e+00 7.6726432792e-01
1.0877936702e+00 2.5660435307e+00 1.2072534047e-01
1.9228963693e+00 2.0290802153e+00 1.0292190082e+00
2.3545901726e+00 -2.9485940506e+00 -4.5011292479e-01
-2.6440009405e+00 4.0000000000e+00 -1.1607997470e-01
-1.7353382693e+00 -3.6440509785e+00 2.4700168338e-01
-5.2423169850e-02 1.8873762382e+00 6.6006234949e-01
-3.7382768291e-01 -1.3443218634e+00 1.1571525545e+00
2.6320837538e+00 -2.2320519321e+00 -5.8421311890e-01
-3.6735728731e+00 2.4275736232e+00 -2.9735248911e-01
-3.1633556294e+00 -2.3267137075e+00 1.0154500423e-01
3.3247798247e+00 -2.6038859478e+00 -6.2544965476e-02
4.0000000000e+00 -2.6371668305e+00 -2.9327669366e-02
2.3929794547e+00 -2.2579759606e+00 -8.3153951077e-01
-2.6328840642e+00 3.6576722952e+00 -5.3949922519e-02
-2.7957174095e+00 -1.9849193831e+00 7.1334408534e-02
-1.0846091551e+00 -5.5814397524e-01 1.3151982394e+00
3.5237913834e-01 -2.5534119004e+00 -1.0690762136e-01
1.4095261692e+00 1.0026371067e+00 1.9157359571e+00
-3.1529696658e+00 -3.4434493706e+00 1.9225743398e-02
-4.2268401886e-01 3.0539340769e+00 -4.1741191803e-01
-1.6491963052e+00 2.6541901132e+00 2.3101719769e-01
-2.0132527779e+00 2.8620163725e+00 1.8441004106e-01
9.8393317246e-01 3.0831963831e+00 -5.5729818620e-02
3.1992997958e+00 -1.6329877033e+00 -3.3357843355e-01
6.0644654477e-01 1.4418952027e+00 1.3644963998e+00
1.5485208562e+00 1.9612645905e+00 9.2737757121e-01
3.5655082020e+00 -1.6649719871e+00 -1.2480314883e-01
9.5312632149e-01 -2.9547677233e+00 -6.0114492998e-01
-2.6339159736e+00 2.6464430510e+00 3.6656650164e-02
2.3645656190e+00 2.0440255528e+00 1.0178515062e+00
3.5856076343e+00 2.6192800800e+00 2.7162365212e-01
-8.3150363537e-01 -6.3134951526e-01 1.3014719012e+00
-5.3023494359e-01 2.8031623715e+00 -3.0126744960e-01
-2.1005958835e+00 -4.0000000000e+00 4.6666913386e-02
-2.5003889174e+00 -4.5930062507e-01 6.4302567218e-01
3.7532957369e+00 1.8336582523e+00 2.5791241227e-01
2.2027926981e+00 -6.3817426609e-01 -4.6339604061e-01
7.9161625722e-01 3.7983496514e-01 2.4693280534e+00
3.9098117755e+00 -1.5441519195e+00 -7.7835910811e-02
2.2261165422e+00 -3.5388228901e+00 -3.2960844899e-01
6.0078922973e-01 4.0000000000e+00 1.0838438002e-01
2.0909400398e+00 2.9385432633e+00 7.8302666986e-01
-3.9232201856e+00 2.2993943254e+00 -3.4928205057e-01
1.9472661666e+00 3.2933580350e+00 6.2919722808e-01
-3.9032072868e+00 2.0220861205e+00 -2.8209796491e-01
1.6856210355e+00 2.1187642513e+00 8.7401779857e-01
3.1395177970e+00 -7.8216145545e-02 -3.3594534845e-01
1.5143826323e+00 1.4794937510e+00 1.3907006381e+00
-1.0992031473e-01 2.5334845151e+00 -2.0071877756e-01
3.9414412099e-01 -8.1380699193e-01 1.1134956345e+00
-2.5345040900e+00 -2.2711651946e+00 5.7770071830e-02
-1.6389871180e+00 -3.2162359278e+00 3.1353810539e-01
-2.8899561307e+00 1.6823178426e+00 -8.8767595058e-02
1.6973899453e+00 1.0845362122e+00 1.6350761751e+00
2.2760206804e+00 -1.9593112036e+00 -1.1752141357e+00
3.5940890539e-01 -2.1987844765e+00 7.5145746597e-02
2.1590027573e+00 -4.0000000000e+00 -3.0138717424e-01
-4.0000000000e+00 2.0431946975e+00 -3.1615749014e-01
1.8374333015e+00 -2.7435343998e+00 -8.7526152498e-01
1.8533428118e+00 1.1570602972e+00 1.4494457556e+00
-1.0873518667e+00 -1.6225259782e+00 1.0299375833e+00
3.7579075818e-01 -1.4963581609e+00 5.3482690309e-01
-2.9790454286e+00 1.9423950488e+00 -1.0834930031e-01
-5.4027181506e-01 -1.2282076737e+00 1.2005298082e+00
-2.5348271804e+00 4.0831518010e-01 4.2362315631e-01
3.3445686977e+00 2.1000887027e+00 4.9420191073e-01
-3.1236197083e+00 -1.4117789553e+00 1.7499984656e-01
-9.1453294865e-01 -3.2254889819e+00 3.7985913005e-01
-3.4729341833e-01 -2.1361297330e+00 7.6254702163e-01
-1.9275481302e+00 -1.0244070631e+00 7.2482504674e-01
-1.7098572317e+00 1.9311459079e+00 8.7330573582e-01
-2.7476776577e+00 3.0187134579e+00 -1.1598322476e-02
-2.4483807814e+00 -1.7316085609e+00 8.8691859857e-02
1.4886358769e+00 -3.8346432614e+00 -2.2648948089e-01
-1.7950727941e+00 -2.5644030657e+00 2.2613120190e-01
-2.1030530884e+00 2.3379342676e-01 8.7686785184e-01
-1.0605588633e+00 -6.3266216284e-01 1.2841784040e+00
-2.2025689529e+00 1.9472630844e+00 3.7416071720e-01
-3.3255753019e+00 -4.5107633055e-01 4.7683440445e-01
4.3605779453e-01 2.4541890817e+00 -8.8167737541e-02
2.2521371404e-01 -1.8876053380e+00 4.5807155137e-01
2.7670842525e+00 -2.6217530407e+00 -2.8961589991e-01
4.0000000000e+00 1.8105401050e+00 1.2856628527e-01
-2.8669815992e-02 1.1665045344e-01 2.0997424404e+00
3.3167475326e-02 1.9544808593e+00 5.5406555002e-01
1.1923550882e+00 3.6592729859e+00 2.1061557624e-01
6.1908299208e-02 4.8248038388e-01 2.1793903797e+00
-4.0000000000e+00 2.8699359507e+00 -3.2393180324e-01
-3.7358563876e+00 -8.5496503269e-01 3.3965299334e-01
-2.7778570937e+00 1.5143915263e+00 -4.2015382661e-02
-1.5849525688e+00 -2.1751287272e+00 4.2589192799e-01
5.2508171459e-01 1.7528803101e+00 8.9390771938e-01
-2.8435512189e+00 -9.1665468115e-01 2.7317356259e-01
3.6214643018e+00 1.0398024220e+00 2.2640912217e-01
1.8376430255e+00 9.0138271258e-01 1.5623934400e+00
2.6018248866e+00 -2.4046964098e+00 -5.1348287555e-01
-7.3480420411e-02 2.1283652583e+00 2.9420502374e-01
2.6266612361e+00 -1.5114297466e+00 -9.6466113127e-01
-2.2773267726e+00 1.8153475687e+00 3.5305676984e-01
4.0000000000e+00 3.5690299673e+00 6.5570750933e-02
9.6326335769e-01 -8.8785142795e-01 4.4960329588e-01
-2.3104327344e+00 3.8421275267e-01 6.2068941111e-01
-3.3727507663e-01 2.5207330774e+00 -1.4755173091e-01
-1.8206511961e+00 -3.8610457382e+00 1.6176920966e-01
1.5401686025e-01 3.0236424605e-01 2.2642658639e+00
1.0945916033e+00 3.6868050973e+00 1.6752672234e-01
1.2402274182e+00 1.7826770088e+00 9.9066043638e-01
3.0846362538e+00 3.0392425830e+00 4.5020329891e-01
3.7655951368e+00 4.7917898951e-01 2.5294447547e-01
-2.7869643187e+00 -2.1020179115e+00 7.2663822248e-02
1.5371773371e+00 2.7211776175e+00 4.4594173746e-01
1.7388741384e+00 -4.0000000000e+00 -2.3669200166e-01
-2.9120368150e+00 -2.1557552760e+00 9.2109461807e-02
8.3030772596e-02 -3.4218823542e-01 1.7017734376e+00
-2.9981098926e+00 -3.0072736707e+00 4.1172434657e-02
7.5825015404e-01 1.9655349208e+00 6.0204345901e-01
-2.6753717282e+00 -1.8325891742e-01 6.2367335167e-01
-3.8545141711e+00 -2.0824169936e+00 7.1610615566e-02
-9.4243780655e-01 -1.9366869333e+00 9.3812546524e-01
-2.2889593573e+00 5.0695255060e-01 5.8395687983e-01
4.0000000000e+00 2.7381483069e+00 2.9478147196e-02
1.5263106358e+00 -2.5327966035e+00 -1.0760997758e+00
2.1619993660e+00 8.5215560575e-01 1.0970631424e+00
3.9245286104e+00 -6.5650647688e-01 -6.1851939630e-02
1.9305749859e+00 6.7747022050e-01 1.4251945277e+00
-2.5436006368e+00 -4.6321884586e-01 6.1483403435e-01
2.6439526462e+00 1.6482113151e+00 7.2173337976e-01
-1.0704238572e+00 1.3638564707e+00 1.4561340336e+00
1.9560826902e+00 4.6541031164e-02 7.8206948820e-01
3.1016460815e+00 3.0472420991e+00 4.3684407242e-01
-1.6262485790e+00 4.0000000000e+00 -4.8351820175e-02
-2.1524142499e+00 -6.6209011406e-01 7.9900602378e-01
-5.9167327462e-01 2.5846594632e+00 -1.2402445673e-01
6.9882917906e-01 -1.7311097690e+00 -1.2988890102e-01
-1.6840132848e+00 -9.6411924797e-01 9.3553847082e-01
2.2460887707e+00 6.2571530968e-01 8.9310010985e-01
1.3199929457e+00 4.0000000000e+00 2.4054937196e-01
-2.1077851078e+00 1.4004928051e+00 7.5668339217e-01
2.6241282154e+00 1.3071225664e+00 5.8915504220e-01
2.8417916011e+00 -4.0000000000e+00 -1.9086558615e-01
3.0043620028e+00 1.5433448026e-01 -1.8484268668e-01
-2.2145871027e+00 -1.5491629544e+00 2.4624009760e-01
4.8445698156e-01 -4.0000000000e+00 1.2030652905e-01
1.3345826213e+00 2.0521176952e+00 7.1459437460e-01
1.6854210666e+00 -3.1795363620e+00 -5.7390902543e-01
2.4522089900e+00 2.2890954694e-01 2.2857630401e-01
1.4473840749e+00 1.1866671943e+00 1.7062994897e+00
2.5376542467e+00 4.0000000000e+00 1.8427056221e-01
-2.7543560568e+00 -1.7599884364e+00 7.1010239714e-02
3.6937153163e+00 -1.4000210289e+00 -1.3869644652e-01
-1.4542587152e+00 -3.9345398559e+00 2.2684694388e-01
-8.1528704542e-01 2.6902358423e+00 -1.0860187524e-01
-2.8434721471e+00 1.9613968423e+00 -7.8290361406e-02
-1.0996528036e+00 -3.9837513065e+00 2.7799462111e-01
1.9998586351e+00 -2.3554144993e+00 -1.0926813802e+00
4.7564977160e-01 -3.0574902941e+00 -2.4262955949e-01
-3.5514450350e+00 1.9092915001e+00 -1.7594332293e-01
2.7681209390e+00 2.4225291264e+00 8.3826751081e-01
2.6895347193e+00 5.7941825103e-01 2.9968167536e-01
3.6173006292e+00 -1.4854121650e+00 -1.4827481986e-01
-1.7046508234e+00 2.4511662232e+00 3.4773612992e-01
8.0968731793e-01 1.4086035087e+00 1.4445679365e+00
2.8932973884e+00 -6.9490973442e-01 -6.8714193408e-01
2.7557335031e+00 -2.2750447382e+00 -4.3083594104e-01
3.0049026685e+00 -6.1796215340e-01 -6.2397519658e-01
2.6435692481e+00 1.7561161793e+00 7.7145089992e-01
-2.3179186440e+00 9.1150105502e-01 4.8101769408e-01
1.4139559577e-01 6.6772514104e-01 2.1497903222e+00
-1.0931830439e+00 -2.5420499199e+00 5.0874175744e-01
-1.2260717928e+00 -1.2684229836e+00 1.0661822840e+00
-2.7790496505e+00 -1.2190748709e+00 1.6692728232e-01
1.7458332898e-01 2.0852372914e+00 3.5117404803e-01
-2.7291569991e-01 2.4142069343e+00 -5.0292151280e-02
-3.6937662332e-01 -1.4781000286e+00 1.1205856797e+00
8.6427634773e-01 7.3799851160e-01 2.4082113580e+00
-2.2415150798e+00 -2.7468416679e+00 1.3904139367e-01
9.2534924217e-01 1.1055400912e+00 1.9170750047e+00
2.5522442090e+00 -3.3864584607e+00 -2.8906995648e-01
2.0592122654e-01 -3.3775926328e+00 1.7337751289e-02
7.0359213312e-01 2.2042498490e+00 2.5829015748e-01
2.6906301059e+00 1.2175028118e+00 4.9488998626e-01
-3.3572387150e+00 3.3540766799e+00 -2.0955868469e-01
-3.0212326485e+00 8.9860685955e-01 3.8718527977e-02
1.3581904444e-01 -2.5740696144e+00 1.0278492782e-01
-7.7281039712e-01 -2.5999243670e+00 5.2363126225e-01
-2.1013843538e+00 -1.2419522893e+00 4.6358507260e-01
-1.8920244944e+00 -4.9655543279e-01 1.0604663348e+00
-8.7216518491e-04 1.9522164139e+00 5.5874536182e-01
2.9581358540e+00 3.2611574005e+00 4.1923476571e-01
8.5630831890e-01 -3.3811694737e+00 -3.0066506632e-01
-3.1668586683e+00 3.4907171728e+00 -1.6348725072e-01
3.2052735301e+00 1.1618558473e+00 2.5024406186e-01
-2.1951501498e+00 2.4089432622e+00 2.0701772035e-01
1.7034385741e+00 2.3268512278e+00 7.5633712950e-01
4.0000000000e+00 -2.9228624670e-01 1.7563953515e-01
3.9669288868e+00 -1.4388233960e+00 -7.5127808346e-02
1.9919702613e-01 1.2394362591e+00 1.5296388970e+00
6.2577498591e-01 -1.4494809139e+00 2.1324315874e-01
-1.3925755728e+00 -3.7361140161e+00 2.9601824035e-01
-9.1674468447e-01 -1.4962906723e+00 1.1230132442e+00
-4.0000000000e+00 -1.7496233977e+00 1.0788261489e-01
-5.3398796987e-02 1.6508443970e+00 9.8030004443e-01
6.8887755516e-01 -2.6206138118e+00 -4.7686981628e-01
4.0000000000e+00 -3.9390438923e-01 1.1483709539e-01
-5.4966874913e-01 -1.1698110178e+00 1.2088977106e+00
-3.7579737113e+00 -3.5586824352e+00 9.8819238815e-02
1.7326532050e+00 4.0000000000e+00 2.5026955921e-01
1.7189006214e-01 3.2089022626e+00 -4.4166493775e-01
3.7832568176e+00 2.7019426670e+00 1.4299769493e-01
3.7219230536e+00 1.2797795840e+00 2.3532693835e-01
-2.5572309849e-01 -2.1879517849e+00 6.7535039842e-01
2.2422326087e-01 -1.7222093891e+00 5.7045398388e-01
-2.7995668446e-01 2.1130845361e+00 3.4652649569e-01
-2.6876383215e+00 -3.6015282431e+00 3.9922852711e-02
-3.3342289111e-01 1.8998516141e+00 6.7786725530e-01
2.1982609752e+00 2.7552555833e+00 8.7920089689e-01
3.2730568014e+00 -5.2218443019e-01 -4.6877816974e-01
2.3738333771e+00 2.2527288169e+00 1.0120602352e+00
3.8012283924e-01 3.0753529169e+00 -4.0036503935e-01
3.0769929626e-01 -1.3883937672e+00 6.9594180208e-01
1.7048142651e+00 -3.3487118848e+00 -4.6140938772e-01
3.4769186030e+00 8.9313023467e-01 2.1394446672e-01
2.1753411115e+00 3.4070816559e-01 7.7099901751e-01
1.1747227173e+00 3.3176250830e+00 1.4862975084e-01
-2.0015939892e+00 1.7697592244e+00 7.3253528985e-01
-2.5394475816e+00 1.9613892409e+00 6.3842646752e-02
3.1351479078e+00 -4.6930382286e-01 -5.2650195485e-01
-1.4696357766e-01 1.6914383200e+00 9.3058002827e-01
3.5806261924e+00 -1.2791525478e+00 -2.1056573555e-01
-2.3417217745e+00 -1.0726318337e+00 3.8644765847e-01
-8.0984561153e-03 4.9560887652e-01 2.1110195966e+00
-3.4862608950e+00 -3.3058147107e-02 6.2972153113e-01
-5.1594761309e-01 -2.3571463261e+00 6.5276685894e-01
7.6258024985e-01 -3.3381278848e+00 -2.8520166308e-01
1.0539064500e+00 -3.4637199222e+00 -3.1881413209e-01
-4.3747484363e-01 2.2864143058e+00 1.4627023670e-01
-4.0000000000e+00 -1.3948484908e-02 6.3881854179e-01
1.9441180258e-01 -2.5982902032e+00 3.5827078703e-02
1.6154962958e+00 1.0901984467e-01 1.4162340017e+00
-1.4764048068e+00 -2.2306790444e+00 4.7212312565e-01
-1.0116798329e+00 2.1698680390e+00 5.4106309389e-01
2.6781167158e+00 -6.4486555711e-01 -6.9616066421e-01
3.6300468942e+00 1.3868995685e+00 2.5688441918e-01
-2.7772407306e+00 1.9287374003e+00 -5.8606756391e-02
-1.0897067705e+00 2.2094514355e+00 5.1669854165e-01
-3.1982492833e+00 2.2868274587e+00 -1.5797802988e-01
-3.4451387003e-01 -2.2619322207e+00 6.6443782421e-01
-2.6615065823e+00 1.0387719763e+00 8.8712488537e-02
4.0000000000e+00 -1.8474176104e+00 -8.0463966981e-02
-2.8170530247e+00 -6.8380479881e-01 3.8923631272e-01
2.9517639983e+00 2.0131418367e+00 6.9546787103e-01
2.0037173246e+00 1.4714776570e+00 1.2157969039e+00
2.4685487415e+00 1.6289109662e+00 8.6071130847e-01
-3.2763461536e+00 -2.3211401520e+00 1.0070174012e-01
3.8940881501e+00 1.9891794927e+00 1.5886936068e-01
1.4247112737e+00 2.7539310800e+00 3.3427944429e-01
2.5800089057e-01 2.6006338886e+00 -2.5233145654e-01
-1.2405346498e+00 -1.6443456284e+00 9.4409206792e-01
2.6779863268e+00 -5.6270383623e-02 -2.8663593426e-01
2.0321039353e+00 3.3040892996e+00 6.4900638177e-01
-2.7787499301e+00 -1.7986868625e+00 7.2010451944e-02
1.9106072997e-01 1.7246568364e-01 2.2341154256e+00
-2.6422607145e-01 3.7571904177e+00 -1.8262584535e-01
2.7501491487e+00 -2.4792792368e+00 -3.4583205323e-01
4.8424792089e-01 7.1360281849e-01 2.3603473665e+00
-3.2494956047e+00 -2.4360628313e+00 8.7100443983e-02
5.7318787264e-01 -1.8582710130e+00 -1.3136654911e-02
-2.3814173493e+00 3.6967866963e+00 -9.7839453536e-03
4.2513368670e-01 2.0231153398e+00 4.6440575442e-01
2.2215740593e+00 -2.3163899300e+00 -9.5611690516e-01
-1.0937327634e+00 -1.2299644036e+00 1.1267133791e+00
5.6300169597e-01 2.3571988501e+00 4.2541825022e-02
2.6781893436e+00 8.7363585212e-01 4.2273506523e-01
-2.0894433210e+00 -1.3895586122e+00 4.0007001933e-01
-2.6792764132e+00 -3.9197845551e+00 2.6146031531e-02
4.0000000000e+00 -2.6574269327e+00 -2.6010585452e-02
-2.4989156444e+00 -1.3884409213e+00 1.6256011020e-01
3.4461673297e+00 -3.4655698840e+00 -8.0909974551e-02
-9.7397784658e-01 -8.2100674353e-01 1.2305205777e+00
4.0000000000e+00 -1.0049185909e+00 -5.8055778267e-02
3.7716912319e+00 -2.1047578377e+00 -4.1601106262e-02
3.3525259287e+00 -2.0209415795e+00 -1.0828492609e-01
1.4092175502e+00 7.7565956481e-01 2.0930114808e+00
-2.9990641940e-02 3.0710066624e+00 -4.7882555921e-01
-5.8964049512e-01 -3.9116632318e+00 3.0691355628e-01
-3.7501418237e-01 -2.0042483719e+00 8.7106777132e-01
6.4903654509e-01 -1.4583852079e-01 1.9105946190e+00
1.2662793337e+00 1.7454153000e+00 1.0466181717e+00
3.5911902191e+00 -1.0128598726e+00 -2.6022534705e-01
-3.7076524717e+00 4.0000000000e+00 -9.5925117896e-02
-4.0000000000e+00 3.2714552771e+00 -2.0959482306e-01
-1.0174147959e+00 -3.3029217932e+00 3.7989598864e-01
-3.0727448250e+00 1.5809666418e+00 -1.0182357969e-01
2.1447276026e+00 9.0943945221e-01 1.1279184616e+00
2.8474333500e+00 -4.5803662220e-01 -6.0139549924e-01
5.4598531174e-02 -1.3193239607e+00 9.7231704284e-01
2.8045965892e+00 2.8359216805e+00 7.0910302334e-01
3.4652924059e+00 -1.5183006536e+00 -2.0481098480e-01
-9.0560376482e-01 2.9807060606e+00 -2.0042898380e-01
2.5712612970e+00 -7.4340496218e-02 -2.2338252349e-01
-2.7457123960e+00 -2.9390368113e-01 5.8164231749e-01
2.7454686055e+00 4.0000000000e+00 1.8166558109e-01
-2.2804405688e+00 7.3902930663e-01 5.3967929018e-01
2.8348203662e+00 2.4521248659e-01 -7.4672500156e-02
1.9833879570e+00 3.7131090931e-01 1.1308270687e+00
